GDS input file passed, running in LVS mode
Found cell LOOP_FILTER in GDS /foss/designs/unicasss-tools/SG13G2_2.4GHz_LC_VCO_FPLL/gds/blocks/LOOP_FILTER.gds (only top cell)
LVS input schematic not specified (argument --schematic), using dummy schematic
Calling MAGIC
magic -dnull -noconsole -rcfile /foss/pdks/ihp-sg13g2/libs.tech/magic/ihp-sg13g2.magicrc /foss/designs/unicasss-tools/SG13G2_2.4GHz_LC_VCO_FPLL/pex/LOOP_FILTER__LOOP_FILTER/magic_RC/LOOP_FILTER_MAGIC_RC_Script.tcl, output file: /foss/designs/unicasss-tools/SG13G2_2.4GHz_LC_VCO_FPLL/pex/LOOP_FILTER__LOOP_FILTER/magic_RC/LOOP_FILTER_MAGIC_RC_Output.txt

Magic 8.3 revision 681 - Compiled on Tue Aug 25 11:50:23 AM CEST 2026.
Starting magic under Tcl interpreter
Using the terminal as the console.
WARNING: RLIMIT_NOFILE is above 1024 and Tcl_Version<9 this may cause runtime issues [rlim_cur=1048576]
Using NULL graphics device.
Processing system .magicrc file
Switching to WIRING tool.
Switching to NETLIST tool.
Switching to PICK tool.
Switching to BOX tool.
Sourcing design .magicrc for technology ihp-sg13g2 ...
2 Magic internal units = 1 Lambda
Input style sg13g2(): scaleFactor=2, multiplier=2
The following types are not handled by extraction and will be treated as non-electrical types:
    pblock sealcont difffill nemitter hvnemitter hvisodiffres sealvia1 sealvia2 sealvia3 sealvia4 sealvia5 sealvia6 pillar solder seal glass thruvia inductor 
Scaled tech values by 2 / 1 to match internal grid scaling
Loading ihp-sg13g2 Device Generator Menu ...
Loading "/foss/designs/unicasss-tools/SG13G2_2.4GHz_LC_VCO_FPLL/pex/LOOP_FILTER__LOOP_FILTER/magic_RC/LOOP_FILTER_MAGIC_RC_Script.tcl" from command line.
Warning: Calma reading is not undoable!  I hope that's OK.
Library written using GDS-II Release 6.0
Library name: LIB
Reading "$$$CONTEXT_INFO$$$".
Reading "guard_ring$1".
Reading "via_stack$8".
Reading "via_stack$4".
Reading "via_stack$7".
Reading "via_stack$3".
Reading "via_stack$6".
Reading "via_stack$15".
Reading "cmim".
Reading "cmim$2".
Reading "via_stack$13".
Reading "via_stack$9".
Reading "rppd$1".
Reading "LOOP_FILTER".
Extracting LOOP_FILTER into /foss/designs/unicasss-tools/SG13G2_2.4GHz_LC_VCO_FPLL/pex/LOOP_FILTER__LOOP_FILTER/magic_RC/LOOP_FILTER.ext:
Processing LOOP_FILTER
exttosim finished.
Note:  This option has been deprecated and is unused.
Extracting GND
Warning:  Orphaned node "GND" arbitrarily attached to "GND.t0"
Extracting IN
Extracting OUT
Total Nets: 42
Nets extracted: 3 (0.071429)
Nets output: 1 (0.023810)
exttospice finished.
MAGIC succeeded after 16.31s
Report DB saved at: /foss/designs/unicasss-tools/SG13G2_2.4GHz_LC_VCO_FPLL/pex/LOOP_FILTER__LOOP_FILTER/magic_RC/LOOP_FILTER_MAGIC_report.rdb.gz
SPICE netlist saved at: /foss/designs/unicasss-tools/SG13G2_2.4GHz_LC_VCO_FPLL/pex/LOOP_FILTER__LOOP_FILTER/magic_RC/LOOP_FILTER.pex.spice
* NGSPICE file created from LOOP_FILTER.ext - technology: ihp-sg13g2

.subckt LOOP_FILTER OUT GND IN
X0 a_22713_22904# GND.t0 cap_cmim l=48.34u w=48.34u
X1 a_22713_19520# a_30943_18956# GND.t12 rppd l=40.72u w=2u
X2 a_22713_22904# GND.t0 cap_cmim l=48.34u w=48.34u
X3 a_22713_22904# GND.t0 cap_cmim l=48.34u w=48.34u
X4 a_22713_n6529# a_30943_n7093# GND.t40 rppd l=40.72u w=2u
X5 a_22713_22904# a_30943_22340# GND.t7 rppd l=40.72u w=2u
X6 a_22713_22904# GND.t0 cap_cmim l=48.34u w=48.34u
X7 a_22713_18392# a_30943_17828# GND.t18 rppd l=40.72u w=2u
X8 a_22713_n4273# a_30943_n3709# GND.t36 rppd l=40.72u w=2u
X9 a_22713_n5401# a_30943_n4837# GND.t37 rppd l=40.72u w=2u
X10 a_22713_22904# GND.t0 cap_cmim l=48.34u w=48.34u
X11 a_22713_20648# a_30943_20084# GND.t8 rppd l=40.72u w=2u
X12 a_22713_22904# GND.t0 cap_cmim l=48.34u w=48.34u
X13 a_22713_22904# GND.t0 cap_cmim l=48.34u w=48.34u
X14 a_22713_n6529# a_30943_n5965# GND.t38 rppd l=40.72u w=2u
X15 a_22713_22904# GND.t0 cap_cmim l=48.34u w=48.34u
X16 OUT GND.t0 cap_cmim l=18.63u w=18.63u
X17 a_22713_21776# a_30943_21212# GND.t6 rppd l=40.72u w=2u
X18 a_22713_n5401# a_30943_n5965# GND.t19 rppd l=40.72u w=2u
X19 a_22713_22904# GND.t0 cap_cmim l=48.34u w=48.34u
X20 a_22713_20648# a_30943_21212# GND.t10 rppd l=40.72u w=2u
X21 a_22713_21776# a_30943_22340# GND.t5 rppd l=40.72u w=2u
X22 IN a_30943_n2581# GND.t13 rppd l=40.72u w=2u
X23 OUT a_30943_n7093# GND.t15 rppd l=40.72u w=2u
X24 a_22713_n3145# a_30943_n3709# GND.t17 rppd l=40.72u w=2u
X25 OUT GND.t0 cap_cmim l=18.63u w=18.63u
X26 a_22713_n4273# a_30943_n4837# GND.t14 rppd l=40.72u w=2u
X27 OUT GND.t0 cap_cmim l=18.63u w=18.63u
X28 a_22713_19520# a_30943_20084# GND.t16 rppd l=40.72u w=2u
X29 a_22713_22904# GND.t0 cap_cmim l=48.34u w=48.34u
X30 a_22713_22904# GND.t0 cap_cmim l=48.34u w=48.34u
X31 a_22713_n3145# a_30943_n2581# GND.t11 rppd l=40.72u w=2u
X32 a_22713_22904# GND.t0 cap_cmim l=48.34u w=48.34u
X33 OUT GND.t0 cap_cmim l=18.63u w=18.63u
X34 a_22713_22904# GND.t0 cap_cmim l=48.34u w=48.34u
X35 a_22713_22904# GND.t0 cap_cmim l=48.34u w=48.34u
X36 IN a_30943_17828# GND.t39 rppd l=40.72u w=2u
X37 a_22713_22904# GND.t0 cap_cmim l=48.34u w=48.34u
X38 a_22713_18392# a_30943_18956# GND.t9 rppd l=40.72u w=2u
X39 a_22713_22904# GND.t0 cap_cmim l=48.34u w=48.34u
C0 a_22713_n6529# OUT 0.01239f
C1 a_22799_n6529# a_30943_n7093# 0.08028f
C2 a_22799_n5401# a_30943_n5965# 0.08028f
C3 a_22799_n4273# a_30943_n4837# 0.08028f
C4 a_22799_n3145# a_30943_n3709# 0.08028f
C5 a_22799_n2017# a_30943_n2581# 0.08028f
C6 a_22799_18956# a_22799_18392# 0.29833f
C7 a_22799_20084# a_22799_19520# 0.29833f
C8 a_22799_21212# a_22799_20648# 0.29833f
C9 a_22799_22340# a_22799_21776# 0.29833f
C10 a_22713_22904# a_22799_22904# 0.28081f
C11 a_22713_18392# a_22799_18392# 0.08028f
C12 a_22713_19520# a_22799_19520# 0.08028f
C13 a_22713_20648# a_22799_20648# 0.08028f
C14 a_22713_21776# a_22799_21776# 0.08028f
C15 a_22799_n5965# a_22799_n6529# 0.29833f
C16 a_22799_n4837# a_22799_n5401# 0.29833f
C17 a_22713_22904# OUT 0.82322f
C18 a_22799_n3709# a_22799_n4273# 0.29833f
C19 a_22799_n2581# a_22799_n3145# 0.29833f
C20 a_22799_n2017# IN 0.17742f
C21 a_22713_18392# a_22799_18956# 0.08028f
C22 a_22713_19520# a_22799_20084# 0.08028f
C23 a_22713_20648# a_22799_21212# 0.08028f
C24 a_22713_21776# a_22799_22340# 0.08028f
C25 a_22713_n6529# a_22799_n6529# 0.08028f
C26 a_22713_n5401# a_22799_n5401# 0.08028f
C27 a_22713_n4273# a_22799_n4273# 0.08028f
C28 a_22713_n3145# a_22799_n3145# 0.08028f
C29 a_22799_17828# IN 0.17742f
C30 a_30943_18956# a_22799_18956# 0.08028f
C31 a_22799_n7093# OUT 0.45393f
C32 a_30943_20084# a_22799_20084# 0.08028f
C33 a_30943_21212# a_22799_21212# 0.08028f
C34 a_30943_22340# a_22799_22340# 0.08028f
C35 a_22713_n6529# a_22799_n5965# 0.08028f
C36 a_22713_n5401# a_22799_n4837# 0.08028f
C37 a_22713_n4273# a_22799_n3709# 0.08028f
C38 a_22713_n3145# a_22799_n2581# 0.08028f
C39 a_30943_17828# a_22799_17828# 0.08028f
C40 a_22799_19520# a_22799_18956# 0.29833f
C41 a_22799_20648# a_22799_20084# 0.29833f
C42 a_22799_21776# a_22799_21212# 0.29833f
C43 a_22799_22904# a_22799_22340# 0.29833f
C44 a_30943_n5965# a_22799_n5965# 0.08028f
C45 a_30943_n4837# a_22799_n4837# 0.08028f
C46 a_30943_n3709# a_22799_n3709# 0.08028f
C47 a_30943_n2581# a_22799_n2581# 0.08028f
C48 a_22799_18392# a_22799_17828# 0.29833f
C49 a_22799_n6529# OUT 0.0301f
C50 a_30943_n7093# a_22799_n7093# 0.08028f
C51 a_22713_22904# a_22799_22340# 0.03352f
C52 a_22799_n5401# a_22799_n5965# 0.29833f
C53 a_22799_n4273# a_22799_n4837# 0.29833f
C54 a_22799_n3145# a_22799_n3709# 0.29833f
C55 a_22799_n2017# a_22799_n2581# 0.29833f
C56 a_22799_18392# a_30943_17828# 0.08028f
C57 a_22799_19520# a_30943_18956# 0.08028f
C58 a_22713_22904# IN 0.28173f
C59 a_22799_20648# a_30943_20084# 0.08028f
C60 a_22799_21776# a_30943_21212# 0.08028f
C61 a_22799_n6529# a_22799_n7093# 0.29833f
C62 a_22713_22904# a_22713_21776# 0.02172f
C63 a_22799_22904# a_30943_22340# 0.08028f
R0 GND.n167 GND.n2988 1059.97
R1 GND.n167 GND.n2815 17.0005
R2 GND.n192 GND.n167 0.0611322
R3 GND.n192 GND.t36 5.78302
R4 GND.n187 GND.n167 0.0610253
R5 GND.n187 GND.t14 6.92472
R6 GND.n185 GND.t37 5.12016
R7 GND.t37 GND.n184 6.9255
R8 GND.n184 GND.t19 6.23839
R9 GND.n186 GND.t38 7.38173
R10 GND.n167 GND.n188 0.0321094
R11 GND.n169 GND.t15 3.00264
R12 GND.n167 GND.n696 5.64113
R13 GND.n806 GND.n2917 17.0005
R14 GND.n806 GND.n2897 17.0005
R15 GND.n806 GND.n2914 17.0005
R16 GND.n806 GND.n2905 17.0005
R17 GND.n806 GND.n2908 17.0005
R18 GND.n801 GND.n2890 17.0005
R19 GND.n2974 GND.n801 17.0005
R20 GND.n738 GND.n2976 17.0005
R21 GND.n738 GND.n2881 17.0005
R22 GND.n738 GND.n2883 17.0005
R23 GND.n2977 GND.n738 17.0005
R24 GND.n739 GND.n2979 17.0005
R25 GND.n2980 GND.n739 17.0005
R26 GND.n739 GND.n2982 17.0005
R27 GND.n739 GND.n794 5.62663
R28 GND.n788 GND.n2869 17.0005
R29 GND.n788 GND.n2866 17.0005
R30 GND.n788 GND.n793 5.65083
R31 GND.n792 GND.n2863 17.0005
R32 GND.n792 GND.n2825 17.0005
R33 GND.n792 GND.n2857 17.0005
R34 GND.n792 GND.n2830 17.0005
R35 GND.n792 GND.n2853 17.0005
R36 GND.n792 GND.n2843 17.0005
R37 GND.n792 GND.n2844 17.0005
R38 GND.n2987 GND.n792 17.0005
R39 GND.n2851 GND.n736 17.0005
R40 GND.n2972 GND.n736 17.0005
R41 GND.n194 GND.n715 0.0930196
R42 GND.n167 GND.n194 3.35556
R43 GND.n167 GND.n714 5.64436
R44 GND.n167 GND.n712 5.64597
R45 GND.n167 GND.n710 5.64759
R46 GND.n167 GND.n708 5.64921
R47 GND.n167 GND.n706 5.65083
R48 GND.n167 GND.n703 5.62663
R49 GND.n167 GND.n701 5.64921
R50 GND.n167 GND.n699 5.65083
R51 GND.n696 GND.n694 0.0411444
R52 GND.n167 GND.n695 5.64274
R53 GND.n180 GND.n167 0.00410716
R54 GND.n178 GND.n180 0.00376555
R55 GND.n176 GND.n178 0.00423167
R56 GND.n174 GND.n176 0.00355594
R57 GND.n167 GND.n174 0.0463833
R58 GND.n167 GND.n169 0.0323901
R59 GND.n717 GND.n2969 2.42951
R60 GND.n717 GND.n740 0.00271416
R61 GND.n2969 GND.n741 2.42956
R62 GND.n744 GND.n743 0.00216799
R63 GND.n743 GND.n745 0.00172462
R64 GND.n745 GND.n746 0.00170812
R65 GND.n746 GND.n747 0.00166658
R66 GND.n747 GND.n721 0.00149997
R67 GND.n2969 GND.n748 3.40102
R68 GND.n751 GND.n750 0.00216959
R69 GND.n750 GND.n752 0.00170812
R70 GND.n752 GND.n753 0.00166658
R71 GND.n753 GND.n724 0.00149997
R72 GND.n755 GND.n754 0.00216799
R73 GND.n754 GND.n756 0.00172462
R74 GND.n756 GND.n757 0.00170812
R75 GND.n757 GND.n758 0.00166658
R76 GND.n760 GND.n759 0.00216959
R77 GND.n759 GND.n761 0.00170812
R78 GND.n761 GND.n762 0.00166658
R79 GND.n764 GND.n763 0.00216959
R80 GND.n763 GND.n765 0.00170812
R81 GND.n765 GND.n766 0.00166658
R82 GND.n768 GND.n767 0.00216959
R83 GND.n767 GND.n769 0.00170812
R84 GND.n769 GND.n770 0.00166658
R85 GND.n772 GND.n771 0.00216499
R86 GND.n771 GND.n773 0.00173273
R87 GND.n773 GND.n774 0.00172462
R88 GND.n774 GND.n775 0.00170812
R89 GND.n775 GND.n776 0.00166658
R90 GND.n2969 GND.n777 3.40102
R91 GND.n781 GND.n780 0.00215844
R92 GND.n780 GND.n782 0.0017399
R93 GND.n782 GND.n783 0.00173723
R94 GND.n783 GND.n784 0.00173273
R95 GND.n784 GND.n785 0.00172462
R96 GND.n785 GND.n786 0.00170812
R97 GND.n786 GND.n787 0.00166658
R98 GND.n787 GND.n736 0.00149997
R99 GND.n807 GND.n2762 0.0722563
R100 GND.n805 GND.n2777 8.501
R101 GND.n801 GND.n804 5.64436
R102 GND.n738 GND.n800 5.64759
R103 GND.n739 GND.n797 5.65083
R104 GND.n794 GND.n2779 0.062882
R105 GND.n793 GND.n2781 0.0265904
R106 GND.n792 GND.n791 5.64113
R107 GND.n167 GND.n2989 8.48362
R108 GND.n167 GND.n2990 8.48362
R109 GND.n739 GND.n2871 8.48362
R110 GND.n792 GND.n2822 8.48362
R111 GND.n736 GND.n2819 8.47268
R112 GND.n168 GND.n181 2.4648
R113 GND.n168 GND.n167 0.0453036
R114 GND.n181 GND.n180 0.544146
R115 GND.n179 GND.n178 3.30338
R116 GND.n177 GND.n176 1.34089
R117 GND.n179 GND.n177 0.954236
R118 GND.n175 GND.n174 1.97054
R119 GND.n171 GND.n167 0.00840754
R120 GND.n175 GND.n171 1.96553
R121 GND.n2934 GND.n740 8.46995
R122 GND.n2936 GND.n742 8.46995
R123 GND.n2936 GND.n719 0.43438
R124 GND.n2937 GND.n743 8.46995
R125 GND.n2938 GND.n745 8.46995
R126 GND.n2939 GND.n746 8.46995
R127 GND.n2940 GND.n747 8.46995
R128 GND.n722 GND.n721 3.30338
R129 GND.n2942 GND.n749 8.46995
R130 GND.n2944 GND.n750 8.46995
R131 GND.n2945 GND.n752 8.46995
R132 GND.n2946 GND.n753 8.46995
R133 GND.n725 GND.n724 3.30338
R134 GND.n2948 GND.n754 8.46995
R135 GND.n2949 GND.n756 8.46995
R136 GND.n2950 GND.n757 8.46995
R137 GND.n2951 GND.n758 8.46995
R138 GND.n2951 GND.n727 0.43438
R139 GND.n2952 GND.n759 8.46995
R140 GND.n2953 GND.n761 8.46995
R141 GND.n2954 GND.n762 8.46995
R142 GND.n2954 GND.n729 0.43438
R143 GND.n2955 GND.n763 8.46995
R144 GND.n2956 GND.n765 8.46995
R145 GND.n2957 GND.n766 8.46995
R146 GND.n2957 GND.n731 0.43438
R147 GND.n2958 GND.n767 8.46995
R148 GND.n2959 GND.n769 8.46995
R149 GND.n2960 GND.n770 8.46995
R150 GND.n2960 GND.n733 0.43438
R151 GND.n2961 GND.n771 8.46995
R152 GND.n2962 GND.n773 8.46995
R153 GND.n2963 GND.n774 8.46995
R154 GND.n2964 GND.n775 8.46995
R155 GND.n2965 GND.n776 8.46995
R156 GND.n2965 GND.n735 0.43438
R157 GND.n2966 GND.n779 8.46995
R158 GND.n2928 GND.n780 8.46995
R159 GND.n2927 GND.n782 8.46995
R160 GND.n2926 GND.n783 8.46995
R161 GND.n2925 GND.n784 8.46995
R162 GND.n2924 GND.n785 8.46995
R163 GND.n2923 GND.n786 8.46995
R164 GND.n2922 GND.n787 8.46995
R165 GND.n737 GND.n736 0.00223361
R166 GND.n2988 GND.n2987 8.00911
R167 GND.n167 GND.n191 0.0321094
R168 GND.n167 GND.n185 0.0497514
R169 GND.n167 GND.n184 0.0610119
R170 GND.n806 GND.n2892 7.62921
R171 GND.n806 GND.n2894 7.62921
R172 GND.n806 GND.n2921 7.62921
R173 GND.n806 GND.n2895 7.62921
R174 GND.n806 GND.n2899 7.62921
R175 GND.n806 GND.n2901 7.62921
R176 GND.n806 GND.n2904 7.62921
R177 GND.n806 GND.n2911 7.62921
R178 GND.n806 GND.n2907 7.62921
R179 GND.n2970 GND.n806 7.62921
R180 GND.n801 GND.n2973 7.62921
R181 GND.n801 GND.n2887 7.62921
R182 GND.n738 GND.n2885 7.62921
R183 GND.n739 GND.n2876 7.62921
R184 GND.n739 GND.n2878 7.62921
R185 GND.n739 GND.n2870 7.62921
R186 GND.n788 GND.n2865 7.62921
R187 GND.n2983 GND.n788 7.62921
R188 GND.n792 GND.n2986 7.62921
R189 GND.n792 GND.n2823 7.62921
R190 GND.n792 GND.n2827 7.62921
R191 GND.n792 GND.n2860 7.62921
R192 GND.n792 GND.n2829 7.62921
R193 GND.n792 GND.n2832 7.62921
R194 GND.n792 GND.n2835 7.62921
R195 GND.n792 GND.n2837 7.62921
R196 GND.n792 GND.n2839 7.62921
R197 GND.n792 GND.n2841 7.62921
R198 GND.n792 GND.n2849 7.62921
R199 GND.n792 GND.n2846 7.62921
R200 GND.n2821 GND.n736 7.62921
R201 GND.n2845 GND.n736 7.62921
R202 GND.n2847 GND.n736 7.62921
R203 GND.n2848 GND.n736 7.62921
R204 GND.n2852 GND.n736 7.62921
R205 GND.n2838 GND.n736 7.62921
R206 GND.n2836 GND.n736 7.62921
R207 GND.n2834 GND.n736 7.62921
R208 GND.n2831 GND.n736 7.62921
R209 GND.n2856 GND.n736 7.62921
R210 GND.n2859 GND.n736 7.62921
R211 GND.n2858 GND.n736 7.62921
R212 GND.n2826 GND.n736 7.62921
R213 GND.n2862 GND.n736 7.62921
R214 GND.n2985 GND.n736 7.62921
R215 GND.n2984 GND.n736 7.62921
R216 GND.n2864 GND.n736 7.62921
R217 GND.n2868 GND.n736 7.62921
R218 GND.n2873 GND.n736 7.62921
R219 GND.n2872 GND.n736 7.62921
R220 GND.n2981 GND.n736 7.62921
R221 GND.n2875 GND.n736 7.62921
R222 GND.n2877 GND.n736 7.62921
R223 GND.n2978 GND.n736 7.62921
R224 GND.n2880 GND.n736 7.62921
R225 GND.n2884 GND.n736 7.62921
R226 GND.n2975 GND.n736 7.62921
R227 GND.n2886 GND.n736 7.62921
R228 GND.n2889 GND.n736 7.62921
R229 GND.n2971 GND.n736 7.62921
R230 GND.n2891 GND.n736 7.62921
R231 GND.n2910 GND.n736 7.62921
R232 GND.n2909 GND.n736 7.62921
R233 GND.n2913 GND.n736 7.62921
R234 GND.n2903 GND.n736 7.62921
R235 GND.n2900 GND.n736 7.62921
R236 GND.n2898 GND.n736 7.62921
R237 GND.n2916 GND.n736 7.62921
R238 GND.n2920 GND.n736 7.62921
R239 GND.n2919 GND.n736 7.62921
R240 GND.n2893 GND.n736 7.62921
R241 GND.n169 GND.t40 7.411
R242 GND.n167 GND.n186 0.0609647
R243 GND.t11 GND.n166 7.4121
R244 GND.n4942 GND.n4941 7.15088
R245 GND.n739 GND.n2874 7.07443
R246 GND.n166 GND.t13 3.00001
R247 GND.n717 GND.n716 0.00228546
R248 GND.n741 GND.n2932 0.00249991
R249 GND.n2969 GND.n744 1.30786
R250 GND.n2969 GND.n720 5.66778
R251 GND.n748 GND.n2931 0.00229996
R252 GND.n2969 GND.n751 1.54575
R253 GND.n2969 GND.n723 5.66778
R254 GND.n2969 GND.n755 1.30786
R255 GND.n2969 GND.n760 1.54575
R256 GND.n2969 GND.n764 1.54575
R257 GND.n2969 GND.n768 1.54575
R258 GND.n2969 GND.n772 1.13339
R259 GND.n777 GND.n734 0.00229996
R260 GND.n2969 GND.n781 0.894589
R261 GND.n739 GND.n2879 5.6491
R262 GND.n788 GND.n2867 5.6491
R263 GND.n738 GND.n2882 5.64586
R264 GND.n167 GND.n692 5.64414
R265 GND.n801 GND.n2888 5.64263
R266 GND.n167 GND.n2814 5.6394
R267 GND.n167 GND.n2995 5.6394
R268 GND.n806 GND.n2906 5.6394
R269 GND.n792 GND.n2842 5.6394
R270 GND.n167 GND.n2816 5.63778
R271 GND.n167 GND.n2996 5.63778
R272 GND.n806 GND.n2912 5.63778
R273 GND.n792 GND.n2850 5.63778
R274 GND.n167 GND.n2813 5.63616
R275 GND.n167 GND.n2994 5.63616
R276 GND.n806 GND.n2902 5.63616
R277 GND.n792 GND.n2840 5.63616
R278 GND.n167 GND.n2817 5.63455
R279 GND.n167 GND.n2997 5.63455
R280 GND.n806 GND.n2915 5.63455
R281 GND.n792 GND.n2854 5.63455
R282 GND.n167 GND.n2812 5.63293
R283 GND.n167 GND.n2993 5.63293
R284 GND.n806 GND.n2896 5.63293
R285 GND.n792 GND.n2833 5.63293
R286 GND.n167 GND.n2818 5.63131
R287 GND.n167 GND.n2998 5.63131
R288 GND.n806 GND.n2918 5.63131
R289 GND.n792 GND.n2855 5.63131
R290 GND.n167 GND.n2811 5.6297
R291 GND.n167 GND.n2992 5.6297
R292 GND.n806 GND.n807 3.35917
R293 GND.n792 GND.n2828 5.6297
R294 GND.n167 GND.n2999 5.62809
R295 GND.n792 GND.n2861 5.62809
R296 GND.n167 GND.n2991 5.62648
R297 GND.n792 GND.n2824 5.62648
R298 GND.n2933 GND.n716 5.61281
R299 GND.n2935 GND.n2932 5.61281
R300 GND.n719 GND.n718 3.30338
R301 GND.n2941 GND.n2931 5.61281
R302 GND.n2943 GND.n2930 5.61281
R303 GND.n2947 GND.n2929 5.61281
R304 GND.n727 GND.n726 3.30338
R305 GND.n729 GND.n728 3.30338
R306 GND.n731 GND.n730 3.30338
R307 GND.n733 GND.n732 3.30338
R308 GND.n735 GND.n734 3.30338
R309 GND.n778 GND.n2967 5.61281
R310 GND.n2968 GND.n736 4.91849
R311 GND.n2874 GND.n2873 4.59824
R312 GND.n2874 GND.n2872 4.59824
R313 GND.n736 GND.n2820 4.20881
R314 GND.n4910 GND.n4909 4.1381
R315 GND.n2968 GND.n2892 3.99368
R316 GND.n2979 GND.n2977 3.88621
R317 GND.n2976 GND.n2974 3.88621
R318 GND.t19 GND.n186 5.78189
R319 GND.n2921 GND.n2920 3.48868
R320 GND.n2911 GND.n2910 3.48868
R321 GND.n2971 GND.n2970 3.48868
R322 GND.n2887 GND.n2886 3.48868
R323 GND.n2877 GND.n2876 3.48868
R324 GND.n2878 GND.n2875 3.48868
R325 GND.n2872 GND.n2870 3.48868
R326 GND.n2986 GND.n2985 3.48868
R327 GND.n2860 GND.n2859 3.48868
R328 GND.n2848 GND.n2841 3.48868
R329 GND.n2846 GND.n2845 3.48868
R330 GND.n2847 GND.n2846 3.48868
R331 GND.n2849 GND.n2847 3.48868
R332 GND.n2849 GND.n2848 3.48868
R333 GND.n2852 GND.n2841 3.48868
R334 GND.n2839 GND.n2838 3.48868
R335 GND.n2838 GND.n2837 3.48868
R336 GND.n2837 GND.n2836 3.48868
R337 GND.n2836 GND.n2835 3.48868
R338 GND.n2835 GND.n2834 3.48868
R339 GND.n2834 GND.n2832 3.48868
R340 GND.n2832 GND.n2831 3.48868
R341 GND.n2856 GND.n2829 3.48868
R342 GND.n2859 GND.n2829 3.48868
R343 GND.n2860 GND.n2858 3.48868
R344 GND.n2858 GND.n2827 3.48868
R345 GND.n2827 GND.n2826 3.48868
R346 GND.n2862 GND.n2823 3.48868
R347 GND.n2985 GND.n2823 3.48868
R348 GND.n2986 GND.n2984 3.48868
R349 GND.n2984 GND.n2983 3.48868
R350 GND.n2983 GND.n2864 3.48868
R351 GND.n2868 GND.n2865 3.48868
R352 GND.n2873 GND.n2865 3.48868
R353 GND.n2981 GND.n2870 3.48868
R354 GND.n2878 GND.n2877 3.48868
R355 GND.n2978 GND.n2876 3.48868
R356 GND.n2885 GND.n2884 3.48868
R357 GND.n2975 GND.n2885 3.48868
R358 GND.n2889 GND.n2887 3.48868
R359 GND.n2973 GND.n2971 3.48868
R360 GND.n2970 GND.n2891 3.48868
R361 GND.n2907 GND.n2891 3.48868
R362 GND.n2910 GND.n2907 3.48868
R363 GND.n2911 GND.n2909 3.48868
R364 GND.n2913 GND.n2904 3.48868
R365 GND.n2904 GND.n2903 3.48868
R366 GND.n2903 GND.n2901 3.48868
R367 GND.n2901 GND.n2900 3.48868
R368 GND.n2900 GND.n2899 3.48868
R369 GND.n2899 GND.n2898 3.48868
R370 GND.n2916 GND.n2895 3.48868
R371 GND.n2920 GND.n2895 3.48868
R372 GND.n2921 GND.n2919 3.48868
R373 GND.n2919 GND.n2894 3.48868
R374 GND.n2894 GND.n2893 3.48868
R375 GND.n2893 GND.n2892 3.48868
R376 GND.t17 GND.n192 7.3808
R377 GND.n2853 GND.t18 3.31479
R378 GND.n2857 GND.t9 3.31479
R379 GND.t6 GND.n2890 3.31479
R380 GND.n2914 GND.t5 3.31479
R381 GND.t16 GND.n2866 2.85764
R382 GND.t8 GND.n2980 2.85764
R383 GND.n3171 GND.n3167 2.28526
R384 GND.n3276 GND.n3272 2.28258
R385 GND.n3646 GND.n3645 2.26579
R386 GND.n3645 GND.n3644 2.26577
R387 GND.n2768 GND.n2767 2.26568
R388 GND.t0 GND.n3173 2.25226
R389 GND.t0 GND.n3278 2.25212
R390 GND.n152 GND.n153 0.0276859
R391 GND.t0 GND.n153 0.247264
R392 GND.n7370 GND.n197 0.0156729
R393 GND.n197 GND.t0 1.11866
R394 GND.n199 GND.n7372 0.0156729
R395 GND.t0 GND.n199 1.11866
R396 GND.n7373 GND.n200 0.0156729
R397 GND.n200 GND.t0 1.11866
R398 GND.n202 GND.n7375 0.0156729
R399 GND.t0 GND.n202 1.11866
R400 GND.n7376 GND.n203 0.0156729
R401 GND.n203 GND.t0 1.11866
R402 GND.n205 GND.n7378 0.0156729
R403 GND.t0 GND.n205 1.11866
R404 GND.n7379 GND.n206 0.0156729
R405 GND.n206 GND.t0 1.11866
R406 GND.n208 GND.n7381 0.0156729
R407 GND.t0 GND.n208 1.11866
R408 GND.n7382 GND.n209 0.0156729
R409 GND.n209 GND.t0 1.11866
R410 GND.n211 GND.n7384 0.0156729
R411 GND.t0 GND.n211 1.11866
R412 GND.n7385 GND.n212 0.0156729
R413 GND.n212 GND.t0 1.11866
R414 GND.n214 GND.n7387 0.0156729
R415 GND.t0 GND.n214 1.11866
R416 GND.n7388 GND.n215 0.0156729
R417 GND.n215 GND.t0 1.11866
R418 GND.n217 GND.n7390 0.0156729
R419 GND.t0 GND.n217 1.11866
R420 GND.n7391 GND.n218 0.0156729
R421 GND.n218 GND.t0 1.11866
R422 GND.n220 GND.n7393 0.0156729
R423 GND.t0 GND.n220 1.11866
R424 GND.n7394 GND.n221 0.0156729
R425 GND.n221 GND.t0 1.11866
R426 GND.n223 GND.n7396 0.0156729
R427 GND.t0 GND.n223 1.11866
R428 GND.n7397 GND.n224 0.0156729
R429 GND.n224 GND.t0 1.11866
R430 GND.n226 GND.n7399 0.0156729
R431 GND.t0 GND.n226 1.11866
R432 GND.n7400 GND.n227 0.0156729
R433 GND.n227 GND.t0 1.11866
R434 GND.n229 GND.n7402 0.0156729
R435 GND.t0 GND.n229 1.11866
R436 GND.n7403 GND.n230 0.0156729
R437 GND.n230 GND.t0 1.11866
R438 GND.n678 GND.n7405 0.0156729
R439 GND.n678 GND.t0 1.11866
R440 GND.n5077 GND.n232 0.0156729
R441 GND.t0 GND.n232 1.11866
R442 GND.n233 GND.n5076 0.0156729
R443 GND.n233 GND.t0 1.11866
R444 GND.n5068 GND.n235 0.0156729
R445 GND.t0 GND.n235 1.11866
R446 GND.n236 GND.n5067 0.0156729
R447 GND.n236 GND.t0 1.11866
R448 GND.n5059 GND.n238 0.0156729
R449 GND.t0 GND.n238 1.11866
R450 GND.n239 GND.n5058 0.0156729
R451 GND.n239 GND.t0 1.11866
R452 GND.n5050 GND.n241 0.0156729
R453 GND.t0 GND.n241 1.11866
R454 GND.n242 GND.n5049 0.0156729
R455 GND.n242 GND.t0 1.11866
R456 GND.n5041 GND.n244 0.0156729
R457 GND.t0 GND.n244 1.11866
R458 GND.n245 GND.n5040 0.0156729
R459 GND.n245 GND.t0 1.11866
R460 GND.n5032 GND.n247 0.0156729
R461 GND.t0 GND.n247 1.11866
R462 GND.n248 GND.n5031 0.0156729
R463 GND.n248 GND.t0 1.11866
R464 GND.n5023 GND.n250 0.0156729
R465 GND.t0 GND.n250 1.11866
R466 GND.n251 GND.n5022 0.0156729
R467 GND.n251 GND.t0 1.11866
R468 GND.n5014 GND.n253 0.0156729
R469 GND.t0 GND.n253 1.11866
R470 GND.n254 GND.n5013 0.0156729
R471 GND.n254 GND.t0 1.11866
R472 GND.n5005 GND.n256 0.0156729
R473 GND.t0 GND.n256 1.11866
R474 GND.n257 GND.n5004 0.0156729
R475 GND.n257 GND.t0 1.11866
R476 GND.n4996 GND.n259 0.0156729
R477 GND.t0 GND.n259 1.11866
R478 GND.n260 GND.n4995 0.0156729
R479 GND.n260 GND.t0 1.11866
R480 GND.n4987 GND.n262 0.0156729
R481 GND.t0 GND.n262 1.11866
R482 GND.n263 GND.n4986 0.0156729
R483 GND.n263 GND.t0 1.11866
R484 GND.n4978 GND.n681 0.0156729
R485 GND.t0 GND.n681 1.11866
R486 GND.n264 GND.n4977 0.0156729
R487 GND.n264 GND.t0 1.11866
R488 GND.n170 GND.n7369 0.0156729
R489 GND.n152 GND.n160 0.031016
R490 GND.n142 GND.n141 0.0277135
R491 GND.n141 GND.t0 0.247858
R492 GND.n7294 GND.n265 0.0156729
R493 GND.t0 GND.n265 1.11866
R494 GND.n266 GND.n947 0.0156729
R495 GND.n266 GND.t0 1.11866
R496 GND.n7297 GND.n267 0.0156729
R497 GND.t0 GND.n267 1.11866
R498 GND.n268 GND.n943 0.0156729
R499 GND.n268 GND.t0 1.11866
R500 GND.n7300 GND.n269 0.0156729
R501 GND.t0 GND.n269 1.11866
R502 GND.n270 GND.n939 0.0156729
R503 GND.n270 GND.t0 1.11866
R504 GND.n7303 GND.n271 0.0156729
R505 GND.t0 GND.n271 1.11866
R506 GND.n272 GND.n935 0.0156729
R507 GND.n272 GND.t0 1.11866
R508 GND.n7306 GND.n273 0.0156729
R509 GND.t0 GND.n273 1.11866
R510 GND.n274 GND.n931 0.0156729
R511 GND.n274 GND.t0 1.11866
R512 GND.n7309 GND.n275 0.0156729
R513 GND.t0 GND.n275 1.11866
R514 GND.n276 GND.n927 0.0156729
R515 GND.n276 GND.t0 1.11866
R516 GND.n7312 GND.n277 0.0156729
R517 GND.t0 GND.n277 1.11866
R518 GND.n278 GND.n923 0.0156729
R519 GND.n278 GND.t0 1.11866
R520 GND.n7315 GND.n279 0.0156729
R521 GND.t0 GND.n279 1.11866
R522 GND.n280 GND.n919 0.0156729
R523 GND.n280 GND.t0 1.11866
R524 GND.n7318 GND.n281 0.0156729
R525 GND.t0 GND.n281 1.11866
R526 GND.n282 GND.n915 0.0156729
R527 GND.n282 GND.t0 1.11866
R528 GND.n7321 GND.n283 0.0156729
R529 GND.t0 GND.n283 1.11866
R530 GND.n284 GND.n911 0.0156729
R531 GND.n284 GND.t0 1.11866
R532 GND.n7324 GND.n285 0.0156729
R533 GND.t0 GND.n285 1.11866
R534 GND.n286 GND.n907 0.0156729
R535 GND.n286 GND.t0 1.11866
R536 GND.n7327 GND.n287 0.0156729
R537 GND.t0 GND.n287 1.11866
R538 GND.t0 GND.n288 2.2505
R539 GND.n686 GND.t0 1.11866
R540 GND.n686 GND.n7330 0.0156729
R541 GND.t0 GND.n290 1.11866
R542 GND.n7331 GND.n290 0.0156729
R543 GND.n7332 GND.n291 0.0156729
R544 GND.t0 GND.n291 1.11866
R545 GND.n292 GND.n898 0.0156729
R546 GND.n292 GND.t0 1.11866
R547 GND.n7335 GND.n293 0.0156729
R548 GND.t0 GND.n293 1.11866
R549 GND.n294 GND.n894 0.0156729
R550 GND.n294 GND.t0 1.11866
R551 GND.n7338 GND.n295 0.0156729
R552 GND.t0 GND.n295 1.11866
R553 GND.n296 GND.n890 0.0156729
R554 GND.n296 GND.t0 1.11866
R555 GND.n7341 GND.n297 0.0156729
R556 GND.t0 GND.n297 1.11866
R557 GND.n298 GND.n886 0.0156729
R558 GND.n298 GND.t0 1.11866
R559 GND.n7344 GND.n299 0.0156729
R560 GND.t0 GND.n299 1.11866
R561 GND.n300 GND.n882 0.0156729
R562 GND.n300 GND.t0 1.11866
R563 GND.n7347 GND.n301 0.0156729
R564 GND.t0 GND.n301 1.11866
R565 GND.n302 GND.n878 0.0156729
R566 GND.n302 GND.t0 1.11866
R567 GND.n7350 GND.n303 0.0156729
R568 GND.t0 GND.n303 1.11866
R569 GND.n304 GND.n874 0.0156729
R570 GND.n304 GND.t0 1.11866
R571 GND.n7353 GND.n305 0.0156729
R572 GND.t0 GND.n305 1.11866
R573 GND.n306 GND.n870 0.0156729
R574 GND.n306 GND.t0 1.11866
R575 GND.n7356 GND.n307 0.0156729
R576 GND.t0 GND.n307 1.11866
R577 GND.n308 GND.n866 0.0156729
R578 GND.n308 GND.t0 1.11866
R579 GND.n7359 GND.n309 0.0156729
R580 GND.t0 GND.n309 1.11866
R581 GND.n310 GND.n862 0.0156729
R582 GND.n310 GND.t0 1.11866
R583 GND.n7362 GND.n311 0.0156729
R584 GND.t0 GND.n311 1.11866
R585 GND.n312 GND.n858 0.0156729
R586 GND.n312 GND.t0 1.11866
R587 GND.n7365 GND.n313 0.0156729
R588 GND.t0 GND.n313 1.11866
R589 GND.n314 GND.n854 0.0156729
R590 GND.n314 GND.t0 1.11866
R591 GND.n170 GND.t0 1.11866
R592 GND.n147 GND.n182 0.0156729
R593 GND.n142 GND.n144 0.0310593
R594 GND.n7216 GND.n173 0.0156729
R595 GND.n316 GND.n7217 0.0156729
R596 GND.t0 GND.n316 1.11866
R597 GND.n7218 GND.n317 0.0156729
R598 GND.n317 GND.t0 1.11866
R599 GND.n319 GND.n7220 0.0156729
R600 GND.t0 GND.n319 1.11866
R601 GND.n7221 GND.n320 0.0156729
R602 GND.n320 GND.t0 1.11866
R603 GND.n322 GND.n7223 0.0156729
R604 GND.t0 GND.n322 1.11866
R605 GND.n7224 GND.n323 0.0156729
R606 GND.n323 GND.t0 1.11866
R607 GND.n325 GND.n7226 0.0156729
R608 GND.t0 GND.n325 1.11866
R609 GND.n7227 GND.n326 0.0156729
R610 GND.n326 GND.t0 1.11866
R611 GND.n328 GND.n7229 0.0156729
R612 GND.t0 GND.n328 1.11866
R613 GND.n7230 GND.n329 0.0156729
R614 GND.n329 GND.t0 1.11866
R615 GND.n331 GND.n7232 0.0156729
R616 GND.t0 GND.n331 1.11866
R617 GND.n7233 GND.n332 0.0156729
R618 GND.n332 GND.t0 1.11866
R619 GND.n334 GND.n7235 0.0156729
R620 GND.t0 GND.n334 1.11866
R621 GND.n7236 GND.n335 0.0156729
R622 GND.n335 GND.t0 1.11866
R623 GND.n337 GND.n7238 0.0156729
R624 GND.t0 GND.n337 1.11866
R625 GND.n7239 GND.n338 0.0156729
R626 GND.n338 GND.t0 1.11866
R627 GND.n340 GND.n7241 0.0156729
R628 GND.t0 GND.n340 1.11866
R629 GND.n7242 GND.n341 0.0156729
R630 GND.n341 GND.t0 1.11866
R631 GND.n343 GND.n7244 0.0156729
R632 GND.t0 GND.n343 1.11866
R633 GND.n7245 GND.n344 0.0156729
R634 GND.n344 GND.t0 1.11866
R635 GND.n346 GND.n7247 0.0156729
R636 GND.t0 GND.n346 1.11866
R637 GND.n7248 GND.n347 0.0156729
R638 GND.n347 GND.t0 1.11866
R639 GND.n349 GND.n7250 0.0156729
R640 GND.t0 GND.n349 1.11866
R641 GND.n7251 GND.n350 0.0156729
R642 GND.n350 GND.t0 1.11866
R643 GND.n352 GND.n7253 0.0156729
R644 GND.t0 GND.n352 1.11866
R645 GND.n7254 GND.n685 0.0156729
R646 GND.n685 GND.t0 1.11866
R647 GND.t0 GND.n7256 2.2505
R648 GND.n353 GND.n1004 0.0156729
R649 GND.n353 GND.t0 1.11866
R650 GND.n7258 GND.n354 0.0156729
R651 GND.t0 GND.n354 1.11866
R652 GND.n355 GND.n1000 0.0156729
R653 GND.n355 GND.t0 1.11866
R654 GND.n7261 GND.n356 0.0156729
R655 GND.t0 GND.n356 1.11866
R656 GND.n357 GND.n996 0.0156729
R657 GND.n357 GND.t0 1.11866
R658 GND.n7264 GND.n358 0.0156729
R659 GND.t0 GND.n358 1.11866
R660 GND.n359 GND.n992 0.0156729
R661 GND.n359 GND.t0 1.11866
R662 GND.n7267 GND.n360 0.0156729
R663 GND.t0 GND.n360 1.11866
R664 GND.n361 GND.n988 0.0156729
R665 GND.n361 GND.t0 1.11866
R666 GND.n7270 GND.n362 0.0156729
R667 GND.t0 GND.n362 1.11866
R668 GND.n363 GND.n984 0.0156729
R669 GND.n363 GND.t0 1.11866
R670 GND.n7273 GND.n364 0.0156729
R671 GND.t0 GND.n364 1.11866
R672 GND.n365 GND.n980 0.0156729
R673 GND.n365 GND.t0 1.11866
R674 GND.n7276 GND.n366 0.0156729
R675 GND.t0 GND.n366 1.11866
R676 GND.n367 GND.n976 0.0156729
R677 GND.n367 GND.t0 1.11866
R678 GND.n7279 GND.n368 0.0156729
R679 GND.t0 GND.n368 1.11866
R680 GND.n369 GND.n972 0.0156729
R681 GND.n369 GND.t0 1.11866
R682 GND.n7282 GND.n370 0.0156729
R683 GND.t0 GND.n370 1.11866
R684 GND.n371 GND.n968 0.0156729
R685 GND.n371 GND.t0 1.11866
R686 GND.n7285 GND.n372 0.0156729
R687 GND.t0 GND.n372 1.11866
R688 GND.n373 GND.n964 0.0156729
R689 GND.n373 GND.t0 1.11866
R690 GND.n7288 GND.n374 0.0156729
R691 GND.t0 GND.n374 1.11866
R692 GND.n375 GND.n960 0.0156729
R693 GND.n375 GND.t0 1.11866
R694 GND.n7291 GND.n376 0.0156729
R695 GND.t0 GND.n376 1.11866
R696 GND.t0 GND.n182 1.11866
R697 GND.n156 GND.n155 0.0409261
R698 GND.n173 GND.t0 1.11866
R699 GND.n125 GND.t0 0.354104
R700 GND.n6992 GND.t0 2.2505
R701 GND.n7011 GND.t0 2.2505
R702 GND.n7030 GND.t0 2.2505
R703 GND.n7049 GND.t0 2.2505
R704 GND.n7065 GND.t0 2.2505
R705 GND.n7075 GND.t0 2.2505
R706 GND.n7112 GND.t0 2.2505
R707 GND.n7116 GND.t0 2.2505
R708 GND.n7120 GND.t0 2.2505
R709 GND.n7124 GND.t0 2.2505
R710 GND.n7128 GND.t0 2.2505
R711 GND.n7135 GND.t0 2.2505
R712 GND.t0 GND.n377 1.11866
R713 GND.n377 GND.n1140 0.0156729
R714 GND.n7137 GND.n378 0.0156729
R715 GND.n378 GND.t0 1.11866
R716 GND.n380 GND.n7139 0.0156729
R717 GND.t0 GND.n380 1.11866
R718 GND.n7140 GND.n381 0.0156729
R719 GND.n381 GND.t0 1.11866
R720 GND.n383 GND.n7142 0.0156729
R721 GND.t0 GND.n383 1.11866
R722 GND.n7143 GND.n384 0.0156729
R723 GND.n384 GND.t0 1.11866
R724 GND.n386 GND.n7145 0.0156729
R725 GND.t0 GND.n386 1.11866
R726 GND.n7146 GND.n387 0.0156729
R727 GND.n387 GND.t0 1.11866
R728 GND.n389 GND.n7148 0.0156729
R729 GND.t0 GND.n389 1.11866
R730 GND.n7149 GND.n390 0.0156729
R731 GND.n390 GND.t0 1.11866
R732 GND.n392 GND.n7151 0.0156729
R733 GND.t0 GND.n392 1.11866
R734 GND.n7152 GND.n393 0.0156729
R735 GND.n393 GND.t0 1.11866
R736 GND.n395 GND.n7154 0.0156729
R737 GND.t0 GND.n395 1.11866
R738 GND.n7155 GND.n396 0.0156729
R739 GND.n396 GND.t0 1.11866
R740 GND.n398 GND.n7157 0.0156729
R741 GND.t0 GND.n398 1.11866
R742 GND.n7158 GND.n399 0.0156729
R743 GND.n399 GND.t0 1.11866
R744 GND.n401 GND.n7160 0.0156729
R745 GND.t0 GND.n401 1.11866
R746 GND.n7161 GND.n402 0.0156729
R747 GND.n402 GND.t0 1.11866
R748 GND.n404 GND.n7163 0.0156729
R749 GND.t0 GND.n404 1.11866
R750 GND.n7164 GND.n405 0.0156729
R751 GND.n405 GND.t0 1.11866
R752 GND.n407 GND.n7166 0.0156729
R753 GND.t0 GND.n407 1.11866
R754 GND.n7167 GND.n408 0.0156729
R755 GND.n408 GND.t0 1.11866
R756 GND.n410 GND.n7169 0.0156729
R757 GND.t0 GND.n410 1.11866
R758 GND.n7170 GND.n411 0.0156729
R759 GND.n411 GND.t0 1.11866
R760 GND.n413 GND.n7172 0.0156729
R761 GND.t0 GND.n413 1.11866
R762 GND.n7173 GND.n414 0.0156729
R763 GND.n414 GND.t0 1.11866
R764 GND.t0 GND.n7175 2.2505
R765 GND.t0 GND.n689 1.11866
R766 GND.n7176 GND.n689 0.0156729
R767 GND.n415 GND.t0 1.11866
R768 GND.n415 GND.n7178 0.0156729
R769 GND.n416 GND.n1097 0.0156729
R770 GND.n416 GND.t0 1.11866
R771 GND.n7180 GND.n417 0.0156729
R772 GND.t0 GND.n417 1.11866
R773 GND.n418 GND.n1093 0.0156729
R774 GND.n418 GND.t0 1.11866
R775 GND.n7183 GND.n419 0.0156729
R776 GND.t0 GND.n419 1.11866
R777 GND.n420 GND.n1089 0.0156729
R778 GND.n420 GND.t0 1.11866
R779 GND.n7186 GND.n421 0.0156729
R780 GND.t0 GND.n421 1.11866
R781 GND.n422 GND.n1085 0.0156729
R782 GND.n422 GND.t0 1.11866
R783 GND.n7189 GND.n423 0.0156729
R784 GND.t0 GND.n423 1.11866
R785 GND.n424 GND.n1081 0.0156729
R786 GND.n424 GND.t0 1.11866
R787 GND.n7192 GND.n425 0.0156729
R788 GND.t0 GND.n425 1.11866
R789 GND.n426 GND.n1077 0.0156729
R790 GND.n426 GND.t0 1.11866
R791 GND.n7195 GND.n427 0.0156729
R792 GND.t0 GND.n427 1.11866
R793 GND.n428 GND.n1073 0.0156729
R794 GND.n428 GND.t0 1.11866
R795 GND.n7198 GND.n429 0.0156729
R796 GND.t0 GND.n429 1.11866
R797 GND.n430 GND.n1069 0.0156729
R798 GND.n430 GND.t0 1.11866
R799 GND.n7201 GND.n431 0.0156729
R800 GND.t0 GND.n431 1.11866
R801 GND.n432 GND.n1065 0.0156729
R802 GND.n432 GND.t0 1.11866
R803 GND.n7204 GND.n433 0.0156729
R804 GND.t0 GND.n433 1.11866
R805 GND.n434 GND.n1061 0.0156729
R806 GND.n434 GND.t0 1.11866
R807 GND.n7207 GND.n435 0.0156729
R808 GND.t0 GND.n435 1.11866
R809 GND.n436 GND.n1057 0.0156729
R810 GND.n436 GND.t0 1.11866
R811 GND.n7210 GND.n437 0.0156729
R812 GND.t0 GND.n437 1.11866
R813 GND.n438 GND.n1053 0.0156729
R814 GND.n438 GND.t0 1.11866
R815 GND.n7213 GND.n439 0.0156729
R816 GND.t0 GND.n439 1.11866
R817 GND.t0 GND.n156 0.427948
R818 GND.t0 GND.n1278 2.2505
R819 GND.t0 GND.n1283 2.2505
R820 GND.t0 GND.n1273 2.2505
R821 GND.t0 GND.n1287 2.2505
R822 GND.t0 GND.n1271 2.2505
R823 GND.t0 GND.n1290 2.2505
R824 GND.t0 GND.n1267 2.2505
R825 GND.t0 GND.n1298 2.2505
R826 GND.t0 GND.n1264 2.2505
R827 GND.t0 GND.n1302 2.2505
R828 GND.t0 GND.n1260 2.2505
R829 GND.t0 GND.n1304 2.2505
R830 GND.t0 GND.n1258 2.2505
R831 GND.t0 GND.n1309 2.2505
R832 GND.t0 GND.n1256 2.2505
R833 GND.t0 GND.n6981 2.2505
R834 GND.t0 GND.n1254 2.2505
R835 GND.n6024 GND.t0 2.2505
R836 GND.n6023 GND.n95 0.0156729
R837 GND.t0 GND.n95 1.11866
R838 GND.n6800 GND.n97 0.0156729
R839 GND.n97 GND.t0 1.11866
R840 GND.n125 GND.n124 0.031163
R841 GND.t0 GND.n1634 2.2505
R842 GND.t0 GND.n1645 2.2505
R843 GND.t0 GND.n1628 2.2505
R844 GND.t0 GND.n1647 2.2505
R845 GND.t0 GND.n1626 2.2505
R846 GND.t0 GND.n1654 2.2505
R847 GND.t0 GND.n1622 2.2505
R848 GND.t0 GND.n1658 2.2505
R849 GND.t0 GND.n1617 2.2505
R850 GND.t0 GND.n1664 2.2505
R851 GND.t0 GND.n1612 2.2505
R852 GND.t0 GND.n1667 2.2505
R853 GND.t0 GND.n1610 2.2505
R854 GND.n165 GND.t0 1.11866
R855 GND.n6331 GND.n165 0.0156729
R856 GND.n130 GND.n151 0.0156729
R857 GND.t0 GND.n130 1.11866
R858 GND.t0 GND.n2310 2.2505
R859 GND.t0 GND.n2307 2.2505
R860 GND.t0 GND.n2304 2.2505
R861 GND.t0 GND.n2302 2.2505
R862 GND.t0 GND.n2296 2.2505
R863 GND.t0 GND.n2290 2.2505
R864 GND.t0 GND.n2268 2.2505
R865 GND.t0 GND.n2265 2.2505
R866 GND.t0 GND.n2263 2.2505
R867 GND.n6447 GND.n6446 2.2505
R868 GND.n6449 GND.n6448 2.2505
R869 GND.n6450 GND.n1634 2.2505
R870 GND.n6452 GND.n6451 2.2505
R871 GND.n6454 GND.n6453 2.2505
R872 GND.n6456 GND.n6455 2.2505
R873 GND.n6458 GND.n6457 2.2505
R874 GND.n6460 GND.n6459 2.2505
R875 GND.n6462 GND.n6461 2.2505
R876 GND.n6464 GND.n6463 2.2505
R877 GND.n6466 GND.n6465 2.2505
R878 GND.n6468 GND.n6467 2.2505
R879 GND.n6470 GND.n6469 2.2505
R880 GND.n6472 GND.n6471 2.2505
R881 GND.n6474 GND.n6473 2.2505
R882 GND.n6476 GND.n6475 2.2505
R883 GND.n6478 GND.n6477 2.2505
R884 GND.n6480 GND.n6479 2.2505
R885 GND.n6482 GND.n6481 2.2505
R886 GND.n6484 GND.n6483 2.2505
R887 GND.n6486 GND.n6485 2.2505
R888 GND.n6488 GND.n6487 2.2505
R889 GND.n6490 GND.n6489 2.2505
R890 GND.n6492 GND.n6491 2.2505
R891 GND.n6494 GND.n6493 2.2505
R892 GND.n6496 GND.n6495 2.2505
R893 GND.n6498 GND.n6497 2.2505
R894 GND.n6500 GND.n6499 2.2505
R895 GND.n6502 GND.n6501 2.2505
R896 GND.n6503 GND.n1645 2.2505
R897 GND.n6505 GND.n6504 2.2505
R898 GND.n6507 GND.n6506 2.2505
R899 GND.n6508 GND.n1628 2.2505
R900 GND.n6510 GND.n6509 2.2505
R901 GND.n6512 GND.n6511 2.2505
R902 GND.n6513 GND.n1647 2.2505
R903 GND.n6515 GND.n6514 2.2505
R904 GND.n6517 GND.n6516 2.2505
R905 GND.n6518 GND.n1626 2.2505
R906 GND.n6520 GND.n6519 2.2505
R907 GND.n6522 GND.n6521 2.2505
R908 GND.n6524 GND.n6523 2.2505
R909 GND.n6526 GND.n6525 2.2505
R910 GND.n6528 GND.n6527 2.2505
R911 GND.n6530 GND.n6529 2.2505
R912 GND.n6532 GND.n6531 2.2505
R913 GND.n6534 GND.n6533 2.2505
R914 GND.n6536 GND.n6535 2.2505
R915 GND.n6538 GND.n6537 2.2505
R916 GND.n6540 GND.n6539 2.2505
R917 GND.n6542 GND.n6541 2.2505
R918 GND.n6544 GND.n6543 2.2505
R919 GND.n6546 GND.n6545 2.2505
R920 GND.n6548 GND.n6547 2.2505
R921 GND.n6550 GND.n6549 2.2505
R922 GND.n6551 GND.n1654 2.2505
R923 GND.n6553 GND.n6552 2.2505
R924 GND.n6555 GND.n6554 2.2505
R925 GND.n6556 GND.n1622 2.2505
R926 GND.n6558 GND.n6557 2.2505
R927 GND.n6560 GND.n6559 2.2505
R928 GND.n6562 GND.n6561 2.2505
R929 GND.n6564 GND.n6563 2.2505
R930 GND.n6566 GND.n6565 2.2505
R931 GND.n6568 GND.n6567 2.2505
R932 GND.n6569 GND.n1658 2.2505
R933 GND.n6571 GND.n6570 2.2505
R934 GND.n6573 GND.n6572 2.2505
R935 GND.n6575 GND.n6574 2.2505
R936 GND.n6577 GND.n6576 2.2505
R937 GND.n6579 GND.n6578 2.2505
R938 GND.n6581 GND.n6580 2.2505
R939 GND.n6583 GND.n6582 2.2505
R940 GND.n6585 GND.n6584 2.2505
R941 GND.n6586 GND.n1617 2.2505
R942 GND.n6588 GND.n6587 2.2505
R943 GND.n6590 GND.n6589 2.2505
R944 GND.n6592 GND.n6591 2.2505
R945 GND.n6594 GND.n6593 2.2505
R946 GND.n6596 GND.n6595 2.2505
R947 GND.n6598 GND.n6597 2.2505
R948 GND.n6600 GND.n6599 2.2505
R949 GND.n6602 GND.n6601 2.2505
R950 GND.n6604 GND.n6603 2.2505
R951 GND.n6606 GND.n6605 2.2505
R952 GND.n6607 GND.n1664 2.2505
R953 GND.n6609 GND.n6608 2.2505
R954 GND.n6611 GND.n6610 2.2505
R955 GND.n6613 GND.n6612 2.2505
R956 GND.n6615 GND.n6614 2.2505
R957 GND.n6617 GND.n6616 2.2505
R958 GND.n6619 GND.n6618 2.2505
R959 GND.n6621 GND.n6620 2.2505
R960 GND.n6623 GND.n6622 2.2505
R961 GND.n6624 GND.n1612 2.2505
R962 GND.n6626 GND.n6625 2.2505
R963 GND.n6628 GND.n6627 2.2505
R964 GND.n6630 GND.n6629 2.2505
R965 GND.n6632 GND.n6631 2.2505
R966 GND.n6633 GND.n1667 2.2505
R967 GND.n6635 GND.n6634 2.2505
R968 GND.n6637 GND.n6636 2.2505
R969 GND.n6638 GND.n1610 2.2505
R970 GND.n6639 GND.n1668 2.2505
R971 GND.n6641 GND.n6640 2.2505
R972 GND.n1670 GND.n1669 2.2505
R973 GND.n6334 GND.n6333 2.2505
R974 GND.n6332 GND.n2253 2.2505
R975 GND.n6331 GND.n2254 2.2505
R976 GND.n6328 GND.n151 2.2505
R977 GND.n6330 GND.n6329 2.2505
R978 GND.n2255 GND.n94 2.2505
R979 GND.n6318 GND.n6317 2.2505
R980 GND.n2260 GND.n2259 2.2505
R981 GND.n6312 GND.n2315 2.2505
R982 GND.n6314 GND.n6313 2.2505
R983 GND.n2317 GND.n2316 2.2505
R984 GND.n6304 GND.n6303 2.2505
R985 GND.n6302 GND.n6301 2.2505
R986 GND.n6300 GND.n6299 2.2505
R987 GND.n6298 GND.n2321 2.2505
R988 GND.n6291 GND.n6290 2.2505
R989 GND.n6289 GND.n6288 2.2505
R990 GND.n6287 GND.n6286 2.2505
R991 GND.n2325 GND.n2310 2.2505
R992 GND.n6280 GND.n6279 2.2505
R993 GND.n6278 GND.n6277 2.2505
R994 GND.n6276 GND.n6275 2.2505
R995 GND.n2330 GND.n2329 2.2505
R996 GND.n6269 GND.n2307 2.2505
R997 GND.n6268 GND.n6267 2.2505
R998 GND.n6266 GND.n6265 2.2505
R999 GND.n6264 GND.n2334 2.2505
R1000 GND.n6258 GND.n6257 2.2505
R1001 GND.n6256 GND.n2304 2.2505
R1002 GND.n6255 GND.n6254 2.2505
R1003 GND.n2339 GND.n2338 2.2505
R1004 GND.n6248 GND.n2302 2.2505
R1005 GND.n6247 GND.n6246 2.2505
R1006 GND.n6245 GND.n6244 2.2505
R1007 GND.n6243 GND.n2343 2.2505
R1008 GND.n6237 GND.n6236 2.2505
R1009 GND.n6235 GND.n6234 2.2505
R1010 GND.n6233 GND.n6232 2.2505
R1011 GND.n6231 GND.n2347 2.2505
R1012 GND.n6225 GND.n6224 2.2505
R1013 GND.n6223 GND.n6222 2.2505
R1014 GND.n6221 GND.n6220 2.2505
R1015 GND.n2351 GND.n2296 2.2505
R1016 GND.n6214 GND.n6213 2.2505
R1017 GND.n6212 GND.n6211 2.2505
R1018 GND.n6210 GND.n6209 2.2505
R1019 GND.n6201 GND.n2355 2.2505
R1020 GND.n6203 GND.n6202 2.2505
R1021 GND.n6200 GND.n6199 2.2505
R1022 GND.n6198 GND.n6197 2.2505
R1023 GND.n6189 GND.n2359 2.2505
R1024 GND.n6191 GND.n6190 2.2505
R1025 GND.n6188 GND.n6187 2.2505
R1026 GND.n6186 GND.n2290 2.2505
R1027 GND.n2364 GND.n2363 2.2505
R1028 GND.n6180 GND.n6179 2.2505
R1029 GND.n6178 GND.n6177 2.2505
R1030 GND.n6176 GND.n6175 2.2505
R1031 GND.n6174 GND.n2368 2.2505
R1032 GND.n6168 GND.n6167 2.2505
R1033 GND.n6166 GND.n6165 2.2505
R1034 GND.n6164 GND.n6163 2.2505
R1035 GND.n6162 GND.n2372 2.2505
R1036 GND.n6156 GND.n6155 2.2505
R1037 GND.n6154 GND.n6153 2.2505
R1038 GND.n6152 GND.n6151 2.2505
R1039 GND.n6150 GND.n2376 2.2505
R1040 GND.n6144 GND.n6143 2.2505
R1041 GND.n6142 GND.n6141 2.2505
R1042 GND.n6140 GND.n6139 2.2505
R1043 GND.n6138 GND.n2380 2.2505
R1044 GND.n6132 GND.n6131 2.2505
R1045 GND.n6130 GND.n6129 2.2505
R1046 GND.n6128 GND.n6127 2.2505
R1047 GND.n6126 GND.n2384 2.2505
R1048 GND.n6120 GND.n6119 2.2505
R1049 GND.n6118 GND.n6117 2.2505
R1050 GND.n6116 GND.n6115 2.2505
R1051 GND.n6114 GND.n2388 2.2505
R1052 GND.n6108 GND.n6107 2.2505
R1053 GND.n6106 GND.n6105 2.2505
R1054 GND.n6104 GND.n6103 2.2505
R1055 GND.n6102 GND.n2392 2.2505
R1056 GND.n6096 GND.n6095 2.2505
R1057 GND.n6094 GND.n6093 2.2505
R1058 GND.n6092 GND.n6091 2.2505
R1059 GND.n6090 GND.n2396 2.2505
R1060 GND.n6084 GND.n6083 2.2505
R1061 GND.n6082 GND.n6081 2.2505
R1062 GND.n6080 GND.n6079 2.2505
R1063 GND.n6078 GND.n2400 2.2505
R1064 GND.n6072 GND.n6071 2.2505
R1065 GND.n6070 GND.n6069 2.2505
R1066 GND.n6068 GND.n6067 2.2505
R1067 GND.n6066 GND.n2404 2.2505
R1068 GND.n6060 GND.n6059 2.2505
R1069 GND.n6058 GND.n2268 2.2505
R1070 GND.n6057 GND.n6056 2.2505
R1071 GND.n6048 GND.n2408 2.2505
R1072 GND.n6050 GND.n6049 2.2505
R1073 GND.n6047 GND.n6046 2.2505
R1074 GND.n6045 GND.n2265 2.2505
R1075 GND.n2413 GND.n2412 2.2505
R1076 GND.n6039 GND.n6038 2.2505
R1077 GND.n6037 GND.n2263 2.2505
R1078 GND.n6036 GND.n6035 2.2505
R1079 GND.n6027 GND.n2417 2.2505
R1080 GND.n6029 GND.n6028 2.2505
R1081 GND.n6026 GND.n6025 2.2505
R1082 GND.n6024 GND.n2421 2.2505
R1083 GND.n6023 GND.n6022 2.2505
R1084 GND.n2422 GND.n96 2.2505
R1085 GND.n6800 GND.n1412 2.2505
R1086 GND.n6801 GND.n1411 2.2505
R1087 GND.n6803 GND.n6802 2.2505
R1088 GND.n6805 GND.n6804 2.2505
R1089 GND.n6806 GND.n1278 2.2505
R1090 GND.n6808 GND.n6807 2.2505
R1091 GND.n6810 GND.n6809 2.2505
R1092 GND.n6812 GND.n6811 2.2505
R1093 GND.n6814 GND.n6813 2.2505
R1094 GND.n6816 GND.n6815 2.2505
R1095 GND.n6818 GND.n6817 2.2505
R1096 GND.n6820 GND.n6819 2.2505
R1097 GND.n6822 GND.n6821 2.2505
R1098 GND.n6823 GND.n1283 2.2505
R1099 GND.n6825 GND.n6824 2.2505
R1100 GND.n6827 GND.n6826 2.2505
R1101 GND.n6829 GND.n6828 2.2505
R1102 GND.n6831 GND.n6830 2.2505
R1103 GND.n6833 GND.n6832 2.2505
R1104 GND.n6835 GND.n6834 2.2505
R1105 GND.n6837 GND.n6836 2.2505
R1106 GND.n6839 GND.n6838 2.2505
R1107 GND.n6841 GND.n6840 2.2505
R1108 GND.n6843 GND.n6842 2.2505
R1109 GND.n6844 GND.n1273 2.2505
R1110 GND.n6846 GND.n6845 2.2505
R1111 GND.n6848 GND.n6847 2.2505
R1112 GND.n6849 GND.n1287 2.2505
R1113 GND.n6851 GND.n6850 2.2505
R1114 GND.n6853 GND.n6852 2.2505
R1115 GND.n6855 GND.n6854 2.2505
R1116 GND.n6857 GND.n6856 2.2505
R1117 GND.n6858 GND.n1271 2.2505
R1118 GND.n6860 GND.n6859 2.2505
R1119 GND.n6862 GND.n6861 2.2505
R1120 GND.n6864 GND.n6863 2.2505
R1121 GND.n6866 GND.n6865 2.2505
R1122 GND.n6867 GND.n1290 2.2505
R1123 GND.n6869 GND.n6868 2.2505
R1124 GND.n6871 GND.n6870 2.2505
R1125 GND.n6873 GND.n6872 2.2505
R1126 GND.n6875 GND.n6874 2.2505
R1127 GND.n6876 GND.n1267 2.2505
R1128 GND.n6878 GND.n6877 2.2505
R1129 GND.n6880 GND.n6879 2.2505
R1130 GND.n6882 GND.n6881 2.2505
R1131 GND.n6884 GND.n6883 2.2505
R1132 GND.n6886 GND.n6885 2.2505
R1133 GND.n6888 GND.n6887 2.2505
R1134 GND.n6890 GND.n6889 2.2505
R1135 GND.n6892 GND.n6891 2.2505
R1136 GND.n6894 GND.n6893 2.2505
R1137 GND.n6896 GND.n6895 2.2505
R1138 GND.n6898 GND.n6897 2.2505
R1139 GND.n6900 GND.n6899 2.2505
R1140 GND.n6902 GND.n6901 2.2505
R1141 GND.n6904 GND.n6903 2.2505
R1142 GND.n6906 GND.n6905 2.2505
R1143 GND.n6908 GND.n6907 2.2505
R1144 GND.n6909 GND.n1298 2.2505
R1145 GND.n6911 GND.n6910 2.2505
R1146 GND.n6913 GND.n6912 2.2505
R1147 GND.n6914 GND.n1264 2.2505
R1148 GND.n6916 GND.n6915 2.2505
R1149 GND.n6918 GND.n6917 2.2505
R1150 GND.n6920 GND.n6919 2.2505
R1151 GND.n6922 GND.n6921 2.2505
R1152 GND.n6924 GND.n6923 2.2505
R1153 GND.n6926 GND.n6925 2.2505
R1154 GND.n6928 GND.n6927 2.2505
R1155 GND.n6930 GND.n6929 2.2505
R1156 GND.n6931 GND.n1302 2.2505
R1157 GND.n6933 GND.n6932 2.2505
R1158 GND.n6935 GND.n6934 2.2505
R1159 GND.n6937 GND.n6936 2.2505
R1160 GND.n6939 GND.n6938 2.2505
R1161 GND.n6940 GND.n1260 2.2505
R1162 GND.n6942 GND.n6941 2.2505
R1163 GND.n6944 GND.n6943 2.2505
R1164 GND.n6945 GND.n1304 2.2505
R1165 GND.n6947 GND.n6946 2.2505
R1166 GND.n6949 GND.n6948 2.2505
R1167 GND.n6950 GND.n1258 2.2505
R1168 GND.n6952 GND.n6951 2.2505
R1169 GND.n6954 GND.n6953 2.2505
R1170 GND.n6956 GND.n6955 2.2505
R1171 GND.n6958 GND.n6957 2.2505
R1172 GND.n6960 GND.n6959 2.2505
R1173 GND.n6962 GND.n6961 2.2505
R1174 GND.n6964 GND.n6963 2.2505
R1175 GND.n6966 GND.n6965 2.2505
R1176 GND.n6967 GND.n1309 2.2505
R1177 GND.n6969 GND.n6968 2.2505
R1178 GND.n6971 GND.n6970 2.2505
R1179 GND.n6972 GND.n1256 2.2505
R1180 GND.n6974 GND.n6973 2.2505
R1181 GND.n6976 GND.n6975 2.2505
R1182 GND.n6978 GND.n6977 2.2505
R1183 GND.n6980 GND.n6979 2.2505
R1184 GND.n6981 GND.n1313 2.2505
R1185 GND.n5912 GND.n1312 2.2505
R1186 GND.n5911 GND.n5910 2.2505
R1187 GND.n5909 GND.n1254 2.2505
R1188 GND.n2427 GND.n2426 2.2505
R1189 GND.n5902 GND.n127 2.2505
R1190 GND.n128 GND.n129 1.11866
R1191 GND.n129 GND.n1251 0.0156729
R1192 GND.n128 GND.n1250 2.2505
R1193 GND.n126 GND.n124 1.11866
R1194 GND.n126 GND.n1249 0.0156729
R1195 GND.n6982 GND.n1248 2.2505
R1196 GND.n6983 GND.n1247 2.2505
R1197 GND.n6985 GND.n1246 2.2505
R1198 GND.n6986 GND.n1245 2.2505
R1199 GND.n6988 GND.n1244 2.2505
R1200 GND.n6989 GND.n1243 2.2505
R1201 GND.n6991 GND.n1242 2.2505
R1202 GND.n6992 GND.n1241 2.2505
R1203 GND.n6993 GND.n1240 2.2505
R1204 GND.n6995 GND.n1239 2.2505
R1205 GND.n6996 GND.n1238 2.2505
R1206 GND.n6998 GND.n1237 2.2505
R1207 GND.n6999 GND.n1236 2.2505
R1208 GND.n7001 GND.n1235 2.2505
R1209 GND.n7002 GND.n1234 2.2505
R1210 GND.n7004 GND.n1233 2.2505
R1211 GND.n7005 GND.n1232 2.2505
R1212 GND.n7007 GND.n1231 2.2505
R1213 GND.n7008 GND.n1230 2.2505
R1214 GND.n7010 GND.n1229 2.2505
R1215 GND.n7011 GND.n1228 2.2505
R1216 GND.n7012 GND.n1227 2.2505
R1217 GND.n7014 GND.n1226 2.2505
R1218 GND.n7015 GND.n1225 2.2505
R1219 GND.n7017 GND.n1224 2.2505
R1220 GND.n7018 GND.n1223 2.2505
R1221 GND.n7020 GND.n1222 2.2505
R1222 GND.n7021 GND.n1221 2.2505
R1223 GND.n7023 GND.n1220 2.2505
R1224 GND.n7024 GND.n1219 2.2505
R1225 GND.n7026 GND.n1218 2.2505
R1226 GND.n7027 GND.n1217 2.2505
R1227 GND.n7029 GND.n1216 2.2505
R1228 GND.n7030 GND.n1215 2.2505
R1229 GND.n7031 GND.n1214 2.2505
R1230 GND.n7033 GND.n1213 2.2505
R1231 GND.n7034 GND.n1212 2.2505
R1232 GND.n7036 GND.n1211 2.2505
R1233 GND.n7037 GND.n1210 2.2505
R1234 GND.n7039 GND.n1209 2.2505
R1235 GND.n7040 GND.n1208 2.2505
R1236 GND.n7042 GND.n1207 2.2505
R1237 GND.n7043 GND.n1206 2.2505
R1238 GND.n7045 GND.n1205 2.2505
R1239 GND.n7046 GND.n1204 2.2505
R1240 GND.n7048 GND.n1203 2.2505
R1241 GND.n7049 GND.n1202 2.2505
R1242 GND.n7050 GND.n1201 2.2505
R1243 GND.n7052 GND.n1200 2.2505
R1244 GND.n7053 GND.n1199 2.2505
R1245 GND.n7055 GND.n1198 2.2505
R1246 GND.n7056 GND.n1197 2.2505
R1247 GND.n7058 GND.n1196 2.2505
R1248 GND.n7059 GND.n1195 2.2505
R1249 GND.n7061 GND.n1194 2.2505
R1250 GND.n7062 GND.n1193 2.2505
R1251 GND.n7064 GND.n1192 2.2505
R1252 GND.n7065 GND.n1191 2.2505
R1253 GND.n7066 GND.n1190 2.2505
R1254 GND.n7068 GND.n1189 2.2505
R1255 GND.n7069 GND.n1188 2.2505
R1256 GND.n7071 GND.n1187 2.2505
R1257 GND.n7072 GND.n1186 2.2505
R1258 GND.n7074 GND.n1185 2.2505
R1259 GND.n7075 GND.n1184 2.2505
R1260 GND.n7076 GND.n1183 2.2505
R1261 GND.n7078 GND.n1182 2.2505
R1262 GND.n7079 GND.n1181 2.2505
R1263 GND.n7081 GND.n1180 2.2505
R1264 GND.n7082 GND.n1179 2.2505
R1265 GND.n7084 GND.n1178 2.2505
R1266 GND.n7085 GND.n1177 2.2505
R1267 GND.n7087 GND.n1176 2.2505
R1268 GND.n7088 GND.n1175 2.2505
R1269 GND.n7090 GND.n1174 2.2505
R1270 GND.n7091 GND.n1173 2.2505
R1271 GND.n7093 GND.n1172 2.2505
R1272 GND.n7094 GND.n1171 2.2505
R1273 GND.n7096 GND.n1170 2.2505
R1274 GND.n7097 GND.n1169 2.2505
R1275 GND.n7099 GND.n1168 2.2505
R1276 GND.n7100 GND.n1167 2.2505
R1277 GND.n7102 GND.n1166 2.2505
R1278 GND.n7103 GND.n1165 2.2505
R1279 GND.n7105 GND.n1164 2.2505
R1280 GND.n7106 GND.n1163 2.2505
R1281 GND.n7108 GND.n1162 2.2505
R1282 GND.n7109 GND.n1161 2.2505
R1283 GND.n7111 GND.n1160 2.2505
R1284 GND.n7112 GND.n1159 2.2505
R1285 GND.n7113 GND.n1158 2.2505
R1286 GND.n7115 GND.n1157 2.2505
R1287 GND.n7116 GND.n1156 2.2505
R1288 GND.n7117 GND.n1155 2.2505
R1289 GND.n7119 GND.n1154 2.2505
R1290 GND.n7120 GND.n1153 2.2505
R1291 GND.n7121 GND.n1152 2.2505
R1292 GND.n7123 GND.n1151 2.2505
R1293 GND.n7124 GND.n1150 2.2505
R1294 GND.n7125 GND.n1149 2.2505
R1295 GND.n7127 GND.n1148 2.2505
R1296 GND.n7128 GND.n1147 2.2505
R1297 GND.n7129 GND.n1146 2.2505
R1298 GND.n7131 GND.n1145 2.2505
R1299 GND.n7132 GND.n1144 2.2505
R1300 GND.n7134 GND.n1143 2.2505
R1301 GND.n7135 GND.n1142 2.2505
R1302 GND.n157 GND.n3014 2.2505
R1303 GND.t0 GND.n157 2.2505
R1304 GND.n4099 GND.n172 0.0156729
R1305 GND.n172 GND.t0 1.11866
R1306 GND.t0 GND.n561 1.11866
R1307 GND.n561 GND.n3007 0.0156729
R1308 GND.n560 GND.t0 1.11866
R1309 GND.n560 GND.n3008 0.0156729
R1310 GND.t0 GND.n559 1.11866
R1311 GND.n4903 GND.n559 0.0156729
R1312 GND.n558 GND.t0 1.11866
R1313 GND.n558 GND.n4111 0.0156729
R1314 GND.t0 GND.n557 1.11866
R1315 GND.n4900 GND.n557 0.0156729
R1316 GND.n556 GND.t0 1.11866
R1317 GND.n556 GND.n4115 0.0156729
R1318 GND.t0 GND.n555 1.11866
R1319 GND.n4897 GND.n555 0.0156729
R1320 GND.n554 GND.t0 1.11866
R1321 GND.n554 GND.n4119 0.0156729
R1322 GND.t0 GND.n553 1.11866
R1323 GND.n4894 GND.n553 0.0156729
R1324 GND.n552 GND.t0 1.11866
R1325 GND.n552 GND.n4123 0.0156729
R1326 GND.t0 GND.n551 1.11866
R1327 GND.n4891 GND.n551 0.0156729
R1328 GND.n550 GND.t0 1.11866
R1329 GND.n550 GND.n4127 0.0156729
R1330 GND.t0 GND.n549 1.11866
R1331 GND.n4888 GND.n549 0.0156729
R1332 GND.n548 GND.t0 1.11866
R1333 GND.n548 GND.n4131 0.0156729
R1334 GND.t0 GND.n547 1.11866
R1335 GND.n4885 GND.n547 0.0156729
R1336 GND.n546 GND.t0 1.11866
R1337 GND.n546 GND.n4135 0.0156729
R1338 GND.t0 GND.n545 1.11866
R1339 GND.n4882 GND.n545 0.0156729
R1340 GND.n544 GND.t0 1.11866
R1341 GND.n544 GND.n4139 0.0156729
R1342 GND.t0 GND.n543 1.11866
R1343 GND.n4879 GND.n543 0.0156729
R1344 GND.n542 GND.t0 1.11866
R1345 GND.n542 GND.n4143 0.0156729
R1346 GND.t0 GND.n541 1.11866
R1347 GND.n4876 GND.n541 0.0156729
R1348 GND.n540 GND.t0 1.11866
R1349 GND.n540 GND.n4147 0.0156729
R1350 GND.t0 GND.n539 1.11866
R1351 GND.n4873 GND.n539 0.0156729
R1352 GND.n538 GND.t0 1.11866
R1353 GND.n538 GND.n4151 0.0156729
R1354 GND.n537 GND.n4871 0.0156729
R1355 GND.n537 GND.t0 1.11866
R1356 GND.n4869 GND.n683 0.0156729
R1357 GND.t0 GND.n683 1.11866
R1358 GND.t0 GND.n4868 2.2505
R1359 GND.n536 GND.t0 1.11866
R1360 GND.n4866 GND.n536 0.0156729
R1361 GND.t0 GND.n535 1.11866
R1362 GND.n535 GND.n4865 0.0156729
R1363 GND.n533 GND.t0 1.11866
R1364 GND.n4863 GND.n533 0.0156729
R1365 GND.t0 GND.n532 1.11866
R1366 GND.n532 GND.n4862 0.0156729
R1367 GND.n530 GND.t0 1.11866
R1368 GND.n4860 GND.n530 0.0156729
R1369 GND.t0 GND.n529 1.11866
R1370 GND.n529 GND.n4859 0.0156729
R1371 GND.n527 GND.t0 1.11866
R1372 GND.n4857 GND.n527 0.0156729
R1373 GND.t0 GND.n526 1.11866
R1374 GND.n526 GND.n4856 0.0156729
R1375 GND.n524 GND.t0 1.11866
R1376 GND.n4854 GND.n524 0.0156729
R1377 GND.t0 GND.n523 1.11866
R1378 GND.n523 GND.n4853 0.0156729
R1379 GND.n521 GND.t0 1.11866
R1380 GND.n4851 GND.n521 0.0156729
R1381 GND.t0 GND.n520 1.11866
R1382 GND.n520 GND.n4850 0.0156729
R1383 GND.n518 GND.t0 1.11866
R1384 GND.n4848 GND.n518 0.0156729
R1385 GND.t0 GND.n517 1.11866
R1386 GND.n517 GND.n4847 0.0156729
R1387 GND.n515 GND.t0 1.11866
R1388 GND.n4845 GND.n515 0.0156729
R1389 GND.t0 GND.n514 1.11866
R1390 GND.n514 GND.n4844 0.0156729
R1391 GND.n512 GND.t0 1.11866
R1392 GND.n4842 GND.n512 0.0156729
R1393 GND.t0 GND.n511 1.11866
R1394 GND.n511 GND.n4841 0.0156729
R1395 GND.n509 GND.t0 1.11866
R1396 GND.n4839 GND.n509 0.0156729
R1397 GND.t0 GND.n508 1.11866
R1398 GND.n508 GND.n4838 0.0156729
R1399 GND.n506 GND.t0 1.11866
R1400 GND.n4836 GND.n506 0.0156729
R1401 GND.t0 GND.n505 1.11866
R1402 GND.n505 GND.n4835 0.0156729
R1403 GND.n503 GND.t0 1.11866
R1404 GND.n4833 GND.n503 0.0156729
R1405 GND.t0 GND.n502 1.11866
R1406 GND.n502 GND.n4832 0.0156729
R1407 GND.n4831 GND.n193 0.0156729
R1408 GND.n193 GND.t0 1.11866
R1409 GND.t0 GND.n139 0.348626
R1410 GND.n500 GND.t0 1.11866
R1411 GND.n4829 GND.n500 0.0156729
R1412 GND.t0 GND.n499 1.11866
R1413 GND.n499 GND.n4828 0.0156729
R1414 GND.n497 GND.t0 1.11866
R1415 GND.n4826 GND.n497 0.0156729
R1416 GND.t0 GND.n496 1.11866
R1417 GND.n496 GND.n4825 0.0156729
R1418 GND.n494 GND.t0 1.11866
R1419 GND.n4823 GND.n494 0.0156729
R1420 GND.t0 GND.n493 1.11866
R1421 GND.n493 GND.n4822 0.0156729
R1422 GND.n491 GND.t0 1.11866
R1423 GND.n4820 GND.n491 0.0156729
R1424 GND.t0 GND.n490 1.11866
R1425 GND.n490 GND.n4819 0.0156729
R1426 GND.n488 GND.t0 1.11866
R1427 GND.n4817 GND.n488 0.0156729
R1428 GND.t0 GND.n487 1.11866
R1429 GND.n487 GND.n4816 0.0156729
R1430 GND.n485 GND.t0 1.11866
R1431 GND.n4814 GND.n485 0.0156729
R1432 GND.t0 GND.n484 1.11866
R1433 GND.n484 GND.n4813 0.0156729
R1434 GND.n482 GND.t0 1.11866
R1435 GND.n4811 GND.n482 0.0156729
R1436 GND.t0 GND.n481 1.11866
R1437 GND.n481 GND.n4810 0.0156729
R1438 GND.n479 GND.t0 1.11866
R1439 GND.n4808 GND.n479 0.0156729
R1440 GND.t0 GND.n478 1.11866
R1441 GND.n478 GND.n4807 0.0156729
R1442 GND.n476 GND.t0 1.11866
R1443 GND.n4805 GND.n476 0.0156729
R1444 GND.t0 GND.n475 1.11866
R1445 GND.n475 GND.n4804 0.0156729
R1446 GND.n473 GND.t0 1.11866
R1447 GND.n4802 GND.n473 0.0156729
R1448 GND.t0 GND.n472 1.11866
R1449 GND.n472 GND.n4801 0.0156729
R1450 GND.n470 GND.t0 1.11866
R1451 GND.n4799 GND.n470 0.0156729
R1452 GND.t0 GND.n469 1.11866
R1453 GND.n469 GND.n4798 0.0156729
R1454 GND.n467 GND.t0 1.11866
R1455 GND.n4796 GND.n467 0.0156729
R1456 GND.t0 GND.n466 1.11866
R1457 GND.n466 GND.n4795 0.0156729
R1458 GND.n464 GND.t0 1.11866
R1459 GND.n4793 GND.n464 0.0156729
R1460 GND.n684 GND.n4233 0.0156729
R1461 GND.t0 GND.n684 1.11866
R1462 GND.n4791 GND.t0 2.2505
R1463 GND.n463 GND.t0 1.11866
R1464 GND.n463 GND.n4237 0.0156729
R1465 GND.t0 GND.n462 1.11866
R1466 GND.n4788 GND.n462 0.0156729
R1467 GND.n461 GND.t0 1.11866
R1468 GND.n461 GND.n4241 0.0156729
R1469 GND.t0 GND.n460 1.11866
R1470 GND.n4785 GND.n460 0.0156729
R1471 GND.n459 GND.t0 1.11866
R1472 GND.n459 GND.n4245 0.0156729
R1473 GND.t0 GND.n458 1.11866
R1474 GND.n4782 GND.n458 0.0156729
R1475 GND.n457 GND.t0 1.11866
R1476 GND.n457 GND.n4249 0.0156729
R1477 GND.t0 GND.n456 1.11866
R1478 GND.n4779 GND.n456 0.0156729
R1479 GND.n455 GND.t0 1.11866
R1480 GND.n455 GND.n4253 0.0156729
R1481 GND.t0 GND.n454 1.11866
R1482 GND.n4776 GND.n454 0.0156729
R1483 GND.n453 GND.t0 1.11866
R1484 GND.n453 GND.n4257 0.0156729
R1485 GND.t0 GND.n452 1.11866
R1486 GND.n4773 GND.n452 0.0156729
R1487 GND.n451 GND.t0 1.11866
R1488 GND.n451 GND.n4261 0.0156729
R1489 GND.t0 GND.n450 1.11866
R1490 GND.n4770 GND.n450 0.0156729
R1491 GND.n449 GND.t0 1.11866
R1492 GND.n449 GND.n4265 0.0156729
R1493 GND.t0 GND.n448 1.11866
R1494 GND.n4767 GND.n448 0.0156729
R1495 GND.n447 GND.t0 1.11866
R1496 GND.n447 GND.n4269 0.0156729
R1497 GND.t0 GND.n446 1.11866
R1498 GND.n4764 GND.n446 0.0156729
R1499 GND.n445 GND.t0 1.11866
R1500 GND.n445 GND.n4273 0.0156729
R1501 GND.t0 GND.n444 1.11866
R1502 GND.n4761 GND.n444 0.0156729
R1503 GND.n443 GND.t0 1.11866
R1504 GND.n443 GND.n4277 0.0156729
R1505 GND.t0 GND.n442 1.11866
R1506 GND.n4758 GND.n442 0.0156729
R1507 GND.n441 GND.t0 1.11866
R1508 GND.n441 GND.n4281 0.0156729
R1509 GND.t0 GND.n440 1.11866
R1510 GND.n4755 GND.n440 0.0156729
R1511 GND.n1416 GND.n190 0.0156729
R1512 GND.t0 GND.n190 1.11866
R1513 GND.n134 GND.t0 0.546345
R1514 GND.n189 GND.t0 1.11866
R1515 GND.n189 GND.n690 0.0156729
R1516 GND.n608 GND.t0 1.11866
R1517 GND.n608 GND.n1426 0.0156729
R1518 GND.t0 GND.n607 1.11866
R1519 GND.n6786 GND.n607 0.0156729
R1520 GND.n606 GND.t0 1.11866
R1521 GND.n606 GND.n1430 0.0156729
R1522 GND.t0 GND.n605 1.11866
R1523 GND.n6783 GND.n605 0.0156729
R1524 GND.n604 GND.t0 1.11866
R1525 GND.n604 GND.n1434 0.0156729
R1526 GND.t0 GND.n603 1.11866
R1527 GND.n6780 GND.n603 0.0156729
R1528 GND.n602 GND.t0 1.11866
R1529 GND.n602 GND.n1438 0.0156729
R1530 GND.t0 GND.n601 1.11866
R1531 GND.n6777 GND.n601 0.0156729
R1532 GND.n600 GND.t0 1.11866
R1533 GND.n600 GND.n1442 0.0156729
R1534 GND.t0 GND.n599 1.11866
R1535 GND.n6774 GND.n599 0.0156729
R1536 GND.n598 GND.t0 1.11866
R1537 GND.n598 GND.n1446 0.0156729
R1538 GND.t0 GND.n597 1.11866
R1539 GND.n6771 GND.n597 0.0156729
R1540 GND.n596 GND.t0 1.11866
R1541 GND.n596 GND.n1450 0.0156729
R1542 GND.t0 GND.n595 1.11866
R1543 GND.n6768 GND.n595 0.0156729
R1544 GND.n594 GND.t0 1.11866
R1545 GND.n594 GND.n1454 0.0156729
R1546 GND.t0 GND.n593 1.11866
R1547 GND.n6765 GND.n593 0.0156729
R1548 GND.n592 GND.t0 1.11866
R1549 GND.n592 GND.n1458 0.0156729
R1550 GND.t0 GND.n591 1.11866
R1551 GND.n6762 GND.n591 0.0156729
R1552 GND.n590 GND.t0 1.11866
R1553 GND.n590 GND.n1462 0.0156729
R1554 GND.t0 GND.n589 1.11866
R1555 GND.n6759 GND.n589 0.0156729
R1556 GND.n588 GND.t0 1.11866
R1557 GND.n588 GND.n1466 0.0156729
R1558 GND.t0 GND.n587 1.11866
R1559 GND.n6756 GND.n587 0.0156729
R1560 GND.n586 GND.t0 1.11866
R1561 GND.n586 GND.n1470 0.0156729
R1562 GND.t0 GND.n585 1.11866
R1563 GND.n6753 GND.n585 0.0156729
R1564 GND.n6752 GND.t0 2.2505
R1565 GND.n679 GND.n1474 0.0156729
R1566 GND.t0 GND.n679 1.11866
R1567 GND.n6750 GND.t0 2.2505
R1568 GND.n584 GND.t0 1.11866
R1569 GND.n584 GND.n1478 0.0156729
R1570 GND.t0 GND.n583 1.11866
R1571 GND.n6747 GND.n583 0.0156729
R1572 GND.n582 GND.t0 1.11866
R1573 GND.n582 GND.n1482 0.0156729
R1574 GND.t0 GND.n581 1.11866
R1575 GND.n6744 GND.n581 0.0156729
R1576 GND.n580 GND.t0 1.11866
R1577 GND.n580 GND.n1486 0.0156729
R1578 GND.t0 GND.n579 1.11866
R1579 GND.n6741 GND.n579 0.0156729
R1580 GND.n578 GND.t0 1.11866
R1581 GND.n578 GND.n1490 0.0156729
R1582 GND.t0 GND.n577 1.11866
R1583 GND.n6738 GND.n577 0.0156729
R1584 GND.n576 GND.t0 1.11866
R1585 GND.n576 GND.n1494 0.0156729
R1586 GND.t0 GND.n575 1.11866
R1587 GND.n6735 GND.n575 0.0156729
R1588 GND.n574 GND.t0 1.11866
R1589 GND.n574 GND.n1498 0.0156729
R1590 GND.t0 GND.n573 1.11866
R1591 GND.n6732 GND.n573 0.0156729
R1592 GND.n572 GND.t0 1.11866
R1593 GND.n572 GND.n1502 0.0156729
R1594 GND.t0 GND.n571 1.11866
R1595 GND.n6729 GND.n571 0.0156729
R1596 GND.n570 GND.t0 1.11866
R1597 GND.n570 GND.n1506 0.0156729
R1598 GND.t0 GND.n569 1.11866
R1599 GND.n6726 GND.n569 0.0156729
R1600 GND.n568 GND.t0 1.11866
R1601 GND.n568 GND.n1510 0.0156729
R1602 GND.t0 GND.n567 1.11866
R1603 GND.n6723 GND.n567 0.0156729
R1604 GND.n566 GND.t0 1.11866
R1605 GND.n566 GND.n1514 0.0156729
R1606 GND.t0 GND.n565 1.11866
R1607 GND.n6720 GND.n565 0.0156729
R1608 GND.n564 GND.t0 1.11866
R1609 GND.n564 GND.n1518 0.0156729
R1610 GND.t0 GND.n563 1.11866
R1611 GND.n6717 GND.n563 0.0156729
R1612 GND.n562 GND.t0 1.11866
R1613 GND.n562 GND.n1522 0.0156729
R1614 GND.t0 GND.n0 0.236066
R1615 GND.n677 GND.t0 1.11866
R1616 GND.n6712 GND.n677 0.0156729
R1617 GND.t0 GND.n676 1.11866
R1618 GND.n676 GND.n6711 0.0156729
R1619 GND.n674 GND.t0 1.11866
R1620 GND.n6709 GND.n674 0.0156729
R1621 GND.t0 GND.n673 1.11866
R1622 GND.n673 GND.n6708 0.0156729
R1623 GND.n671 GND.t0 1.11866
R1624 GND.n6706 GND.n671 0.0156729
R1625 GND.t0 GND.n670 1.11866
R1626 GND.n670 GND.n6705 0.0156729
R1627 GND.n668 GND.t0 1.11866
R1628 GND.n6703 GND.n668 0.0156729
R1629 GND.t0 GND.n667 1.11866
R1630 GND.n667 GND.n6702 0.0156729
R1631 GND.n665 GND.t0 1.11866
R1632 GND.n6700 GND.n665 0.0156729
R1633 GND.t0 GND.n664 1.11866
R1634 GND.n664 GND.n6699 0.0156729
R1635 GND.n662 GND.t0 1.11866
R1636 GND.n6697 GND.n662 0.0156729
R1637 GND.t0 GND.n661 1.11866
R1638 GND.n661 GND.n6696 0.0156729
R1639 GND.n659 GND.t0 1.11866
R1640 GND.n6694 GND.n659 0.0156729
R1641 GND.t0 GND.n658 1.11866
R1642 GND.n658 GND.n6693 0.0156729
R1643 GND.n656 GND.t0 1.11866
R1644 GND.n6691 GND.n656 0.0156729
R1645 GND.t0 GND.n655 1.11866
R1646 GND.n655 GND.n6690 0.0156729
R1647 GND.n653 GND.t0 1.11866
R1648 GND.n6688 GND.n653 0.0156729
R1649 GND.t0 GND.n652 1.11866
R1650 GND.n652 GND.n6687 0.0156729
R1651 GND.n650 GND.t0 1.11866
R1652 GND.n6685 GND.n650 0.0156729
R1653 GND.t0 GND.n649 1.11866
R1654 GND.n649 GND.n6684 0.0156729
R1655 GND.n687 GND.t0 1.11866
R1656 GND.n6682 GND.n687 0.0156729
R1657 GND.t0 GND.n647 1.11866
R1658 GND.n647 GND.n6681 0.0156729
R1659 GND.n645 GND.t0 1.11866
R1660 GND.n6679 GND.n645 0.0156729
R1661 GND.t0 GND.n644 1.11866
R1662 GND.n644 GND.n6678 0.0156729
R1663 GND.n642 GND.t0 1.11866
R1664 GND.n6676 GND.n642 0.0156729
R1665 GND.t0 GND.n641 1.11866
R1666 GND.n641 GND.n6675 0.0156729
R1667 GND.n639 GND.t0 1.11866
R1668 GND.n6673 GND.n639 0.0156729
R1669 GND.t0 GND.n638 1.11866
R1670 GND.n638 GND.n6672 0.0156729
R1671 GND.n636 GND.t0 1.11866
R1672 GND.n6670 GND.n636 0.0156729
R1673 GND.t0 GND.n635 1.11866
R1674 GND.n635 GND.n6669 0.0156729
R1675 GND.n633 GND.t0 1.11866
R1676 GND.n6667 GND.n633 0.0156729
R1677 GND.t0 GND.n632 1.11866
R1678 GND.n632 GND.n6666 0.0156729
R1679 GND.n630 GND.t0 1.11866
R1680 GND.n6664 GND.n630 0.0156729
R1681 GND.t0 GND.n629 1.11866
R1682 GND.n629 GND.n6663 0.0156729
R1683 GND.n627 GND.t0 1.11866
R1684 GND.n6661 GND.n627 0.0156729
R1685 GND.t0 GND.n626 1.11866
R1686 GND.n626 GND.n6660 0.0156729
R1687 GND.n624 GND.t0 1.11866
R1688 GND.n6658 GND.n624 0.0156729
R1689 GND.t0 GND.n623 1.11866
R1690 GND.n623 GND.n6657 0.0156729
R1691 GND.n621 GND.t0 1.11866
R1692 GND.n6655 GND.n621 0.0156729
R1693 GND.t0 GND.n620 1.11866
R1694 GND.n620 GND.n6654 0.0156729
R1695 GND.n618 GND.t0 1.11866
R1696 GND.n6652 GND.n618 0.0156729
R1697 GND.t0 GND.n617 1.11866
R1698 GND.n617 GND.n6651 0.0156729
R1699 GND.n615 GND.t0 1.11866
R1700 GND.n6649 GND.n615 0.0156729
R1701 GND.t0 GND.n614 1.11866
R1702 GND.n614 GND.n6648 0.0156729
R1703 GND.n612 GND.t0 1.11866
R1704 GND.n6646 GND.n612 0.0156729
R1705 GND.t0 GND.n611 1.11866
R1706 GND.n611 GND.n6645 0.0156729
R1707 GND.n609 GND.t0 1.11866
R1708 GND.n6643 GND.n609 0.0156729
R1709 GND.t0 GND.n195 2.2505
R1710 GND.n4100 GND.n4099 2.2505
R1711 GND.n3010 GND.n3009 2.2505
R1712 GND.n4107 GND.n4106 2.2505
R1713 GND.n3007 GND.n3005 2.2505
R1714 GND.n4906 GND.n4905 2.2505
R1715 GND.n3008 GND.n3006 2.2505
R1716 GND.n4904 GND.n4108 2.2505
R1717 GND.n4903 GND.n4109 2.2505
R1718 GND.n4902 GND.n4110 2.2505
R1719 GND.n4408 GND.n4111 2.2505
R1720 GND.n4901 GND.n4112 2.2505
R1721 GND.n4900 GND.n4113 2.2505
R1722 GND.n4899 GND.n4114 2.2505
R1723 GND.n4405 GND.n4115 2.2505
R1724 GND.n4898 GND.n4116 2.2505
R1725 GND.n4897 GND.n4117 2.2505
R1726 GND.n4896 GND.n4118 2.2505
R1727 GND.n4402 GND.n4119 2.2505
R1728 GND.n4895 GND.n4120 2.2505
R1729 GND.n4894 GND.n4121 2.2505
R1730 GND.n4893 GND.n4122 2.2505
R1731 GND.n4399 GND.n4123 2.2505
R1732 GND.n4892 GND.n4124 2.2505
R1733 GND.n4891 GND.n4125 2.2505
R1734 GND.n4890 GND.n4126 2.2505
R1735 GND.n4396 GND.n4127 2.2505
R1736 GND.n4889 GND.n4128 2.2505
R1737 GND.n4888 GND.n4129 2.2505
R1738 GND.n4887 GND.n4130 2.2505
R1739 GND.n4393 GND.n4131 2.2505
R1740 GND.n4886 GND.n4132 2.2505
R1741 GND.n4885 GND.n4133 2.2505
R1742 GND.n4884 GND.n4134 2.2505
R1743 GND.n4390 GND.n4135 2.2505
R1744 GND.n4883 GND.n4136 2.2505
R1745 GND.n4882 GND.n4137 2.2505
R1746 GND.n4881 GND.n4138 2.2505
R1747 GND.n4387 GND.n4139 2.2505
R1748 GND.n4880 GND.n4140 2.2505
R1749 GND.n4879 GND.n4141 2.2505
R1750 GND.n4878 GND.n4142 2.2505
R1751 GND.n4384 GND.n4143 2.2505
R1752 GND.n4877 GND.n4144 2.2505
R1753 GND.n4876 GND.n4145 2.2505
R1754 GND.n4875 GND.n4146 2.2505
R1755 GND.n4381 GND.n4147 2.2505
R1756 GND.n4874 GND.n4148 2.2505
R1757 GND.n4873 GND.n4149 2.2505
R1758 GND.n4872 GND.n4150 2.2505
R1759 GND.n4378 GND.n4151 2.2505
R1760 GND.n4871 GND.n4152 2.2505
R1761 GND.n4870 GND.n4153 2.2505
R1762 GND.n4869 GND.n4154 2.2505
R1763 GND.n4375 GND.n682 2.2505
R1764 GND.n4868 GND.n4155 2.2505
R1765 GND.n4867 GND.n4156 2.2505
R1766 GND.n4866 GND.n4157 2.2505
R1767 GND.n4372 GND.n534 2.2505
R1768 GND.n4865 GND.n4158 2.2505
R1769 GND.n4864 GND.n4159 2.2505
R1770 GND.n4863 GND.n4160 2.2505
R1771 GND.n4369 GND.n531 2.2505
R1772 GND.n4862 GND.n4161 2.2505
R1773 GND.n4861 GND.n4162 2.2505
R1774 GND.n4860 GND.n4163 2.2505
R1775 GND.n4366 GND.n528 2.2505
R1776 GND.n4859 GND.n4164 2.2505
R1777 GND.n4858 GND.n4165 2.2505
R1778 GND.n4857 GND.n4166 2.2505
R1779 GND.n4363 GND.n525 2.2505
R1780 GND.n4856 GND.n4167 2.2505
R1781 GND.n4855 GND.n4168 2.2505
R1782 GND.n4854 GND.n4169 2.2505
R1783 GND.n4360 GND.n522 2.2505
R1784 GND.n4853 GND.n4170 2.2505
R1785 GND.n4852 GND.n4171 2.2505
R1786 GND.n4851 GND.n4172 2.2505
R1787 GND.n4357 GND.n519 2.2505
R1788 GND.n4850 GND.n4173 2.2505
R1789 GND.n4849 GND.n4174 2.2505
R1790 GND.n4848 GND.n4175 2.2505
R1791 GND.n4354 GND.n516 2.2505
R1792 GND.n4847 GND.n4176 2.2505
R1793 GND.n4846 GND.n4177 2.2505
R1794 GND.n4845 GND.n4178 2.2505
R1795 GND.n4351 GND.n513 2.2505
R1796 GND.n4844 GND.n4179 2.2505
R1797 GND.n4843 GND.n4180 2.2505
R1798 GND.n4842 GND.n4181 2.2505
R1799 GND.n4348 GND.n510 2.2505
R1800 GND.n4841 GND.n4182 2.2505
R1801 GND.n4840 GND.n4183 2.2505
R1802 GND.n4839 GND.n4184 2.2505
R1803 GND.n4345 GND.n507 2.2505
R1804 GND.n4838 GND.n4185 2.2505
R1805 GND.n4837 GND.n4186 2.2505
R1806 GND.n4836 GND.n4187 2.2505
R1807 GND.n4342 GND.n504 2.2505
R1808 GND.n4835 GND.n4188 2.2505
R1809 GND.n4834 GND.n4189 2.2505
R1810 GND.n4833 GND.n4190 2.2505
R1811 GND.n4339 GND.n501 2.2505
R1812 GND.n4832 GND.n4191 2.2505
R1813 GND.n4831 GND.n4192 2.2505
R1814 GND.n4830 GND.n4193 2.2505
R1815 GND.n4336 GND.n183 2.2505
R1816 GND.n138 GND.n4566 0.0156729
R1817 GND.n137 GND.n138 1.11866
R1818 GND.n4567 GND.n150 0.0156729
R1819 GND.n150 GND.n137 1.11866
R1820 GND.n137 GND.n4194 2.2505
R1821 GND.n136 GND.n4195 2.2505
R1822 GND.n4829 GND.n4196 2.2505
R1823 GND.n4575 GND.n498 2.2505
R1824 GND.n4828 GND.n4197 2.2505
R1825 GND.n4827 GND.n4198 2.2505
R1826 GND.n4826 GND.n4199 2.2505
R1827 GND.n4582 GND.n495 2.2505
R1828 GND.n4825 GND.n4200 2.2505
R1829 GND.n4824 GND.n4201 2.2505
R1830 GND.n4823 GND.n4202 2.2505
R1831 GND.n4589 GND.n492 2.2505
R1832 GND.n4822 GND.n4203 2.2505
R1833 GND.n4821 GND.n4204 2.2505
R1834 GND.n4820 GND.n4205 2.2505
R1835 GND.n4596 GND.n489 2.2505
R1836 GND.n4819 GND.n4206 2.2505
R1837 GND.n4818 GND.n4207 2.2505
R1838 GND.n4817 GND.n4208 2.2505
R1839 GND.n4603 GND.n486 2.2505
R1840 GND.n4816 GND.n4209 2.2505
R1841 GND.n4815 GND.n4210 2.2505
R1842 GND.n4814 GND.n4211 2.2505
R1843 GND.n4610 GND.n483 2.2505
R1844 GND.n4813 GND.n4212 2.2505
R1845 GND.n4812 GND.n4213 2.2505
R1846 GND.n4811 GND.n4214 2.2505
R1847 GND.n4617 GND.n480 2.2505
R1848 GND.n4810 GND.n4215 2.2505
R1849 GND.n4809 GND.n4216 2.2505
R1850 GND.n4808 GND.n4217 2.2505
R1851 GND.n4624 GND.n477 2.2505
R1852 GND.n4807 GND.n4218 2.2505
R1853 GND.n4806 GND.n4219 2.2505
R1854 GND.n4805 GND.n4220 2.2505
R1855 GND.n4631 GND.n474 2.2505
R1856 GND.n4804 GND.n4221 2.2505
R1857 GND.n4803 GND.n4222 2.2505
R1858 GND.n4802 GND.n4223 2.2505
R1859 GND.n4638 GND.n471 2.2505
R1860 GND.n4801 GND.n4224 2.2505
R1861 GND.n4800 GND.n4225 2.2505
R1862 GND.n4799 GND.n4226 2.2505
R1863 GND.n4645 GND.n468 2.2505
R1864 GND.n4798 GND.n4227 2.2505
R1865 GND.n4797 GND.n4228 2.2505
R1866 GND.n4796 GND.n4229 2.2505
R1867 GND.n4652 GND.n465 2.2505
R1868 GND.n4795 GND.n4230 2.2505
R1869 GND.n4794 GND.n4231 2.2505
R1870 GND.n4793 GND.n4232 2.2505
R1871 GND.n4659 GND.n4233 2.2505
R1872 GND.n4792 GND.n4234 2.2505
R1873 GND.n4791 GND.n4235 2.2505
R1874 GND.n4790 GND.n4236 2.2505
R1875 GND.n4666 GND.n4237 2.2505
R1876 GND.n4789 GND.n4238 2.2505
R1877 GND.n4788 GND.n4239 2.2505
R1878 GND.n4787 GND.n4240 2.2505
R1879 GND.n4673 GND.n4241 2.2505
R1880 GND.n4786 GND.n4242 2.2505
R1881 GND.n4785 GND.n4243 2.2505
R1882 GND.n4784 GND.n4244 2.2505
R1883 GND.n4680 GND.n4245 2.2505
R1884 GND.n4783 GND.n4246 2.2505
R1885 GND.n4782 GND.n4247 2.2505
R1886 GND.n4781 GND.n4248 2.2505
R1887 GND.n4687 GND.n4249 2.2505
R1888 GND.n4780 GND.n4250 2.2505
R1889 GND.n4779 GND.n4251 2.2505
R1890 GND.n4778 GND.n4252 2.2505
R1891 GND.n4694 GND.n4253 2.2505
R1892 GND.n4777 GND.n4254 2.2505
R1893 GND.n4776 GND.n4255 2.2505
R1894 GND.n4775 GND.n4256 2.2505
R1895 GND.n4701 GND.n4257 2.2505
R1896 GND.n4774 GND.n4258 2.2505
R1897 GND.n4773 GND.n4259 2.2505
R1898 GND.n4772 GND.n4260 2.2505
R1899 GND.n4708 GND.n4261 2.2505
R1900 GND.n4771 GND.n4262 2.2505
R1901 GND.n4770 GND.n4263 2.2505
R1902 GND.n4769 GND.n4264 2.2505
R1903 GND.n4715 GND.n4265 2.2505
R1904 GND.n4768 GND.n4266 2.2505
R1905 GND.n4767 GND.n4267 2.2505
R1906 GND.n4766 GND.n4268 2.2505
R1907 GND.n4722 GND.n4269 2.2505
R1908 GND.n4765 GND.n4270 2.2505
R1909 GND.n4764 GND.n4271 2.2505
R1910 GND.n4763 GND.n4272 2.2505
R1911 GND.n4729 GND.n4273 2.2505
R1912 GND.n4762 GND.n4274 2.2505
R1913 GND.n4761 GND.n4275 2.2505
R1914 GND.n4760 GND.n4276 2.2505
R1915 GND.n4736 GND.n4277 2.2505
R1916 GND.n4759 GND.n4278 2.2505
R1917 GND.n4758 GND.n4279 2.2505
R1918 GND.n4757 GND.n4280 2.2505
R1919 GND.n4743 GND.n4281 2.2505
R1920 GND.n4756 GND.n4282 2.2505
R1921 GND.n4755 GND.n4754 2.2505
R1922 GND.n4753 GND.n1416 2.2505
R1923 GND.n6799 GND.n1417 2.2505
R1924 GND.n6798 GND.n6797 2.2505
R1925 GND.n6796 GND.n133 2.2505
R1926 GND.n135 GND.n1413 0.0156729
R1927 GND.n133 GND.n135 1.11866
R1928 GND.n132 GND.n1415 2.2505
R1929 GND.n6790 GND.n690 2.2505
R1930 GND.n6789 GND.n6788 2.2505
R1931 GND.n1426 GND.n1425 2.2505
R1932 GND.n6787 GND.n1427 2.2505
R1933 GND.n6786 GND.n1428 2.2505
R1934 GND.n6785 GND.n1429 2.2505
R1935 GND.n1889 GND.n1430 2.2505
R1936 GND.n6784 GND.n1431 2.2505
R1937 GND.n6783 GND.n1432 2.2505
R1938 GND.n6782 GND.n1433 2.2505
R1939 GND.n1896 GND.n1434 2.2505
R1940 GND.n6781 GND.n1435 2.2505
R1941 GND.n6780 GND.n1436 2.2505
R1942 GND.n6779 GND.n1437 2.2505
R1943 GND.n1903 GND.n1438 2.2505
R1944 GND.n6778 GND.n1439 2.2505
R1945 GND.n6777 GND.n1440 2.2505
R1946 GND.n6776 GND.n1441 2.2505
R1947 GND.n1910 GND.n1442 2.2505
R1948 GND.n6775 GND.n1443 2.2505
R1949 GND.n6774 GND.n1444 2.2505
R1950 GND.n6773 GND.n1445 2.2505
R1951 GND.n1917 GND.n1446 2.2505
R1952 GND.n6772 GND.n1447 2.2505
R1953 GND.n6771 GND.n1448 2.2505
R1954 GND.n6770 GND.n1449 2.2505
R1955 GND.n1924 GND.n1450 2.2505
R1956 GND.n6769 GND.n1451 2.2505
R1957 GND.n6768 GND.n1452 2.2505
R1958 GND.n6767 GND.n1453 2.2505
R1959 GND.n1931 GND.n1454 2.2505
R1960 GND.n6766 GND.n1455 2.2505
R1961 GND.n6765 GND.n1456 2.2505
R1962 GND.n6764 GND.n1457 2.2505
R1963 GND.n1938 GND.n1458 2.2505
R1964 GND.n6763 GND.n1459 2.2505
R1965 GND.n6762 GND.n1460 2.2505
R1966 GND.n6761 GND.n1461 2.2505
R1967 GND.n1945 GND.n1462 2.2505
R1968 GND.n6760 GND.n1463 2.2505
R1969 GND.n6759 GND.n1464 2.2505
R1970 GND.n6758 GND.n1465 2.2505
R1971 GND.n1952 GND.n1466 2.2505
R1972 GND.n6757 GND.n1467 2.2505
R1973 GND.n6756 GND.n1468 2.2505
R1974 GND.n6755 GND.n1469 2.2505
R1975 GND.n1959 GND.n1470 2.2505
R1976 GND.n6754 GND.n1471 2.2505
R1977 GND.n6753 GND.n1472 2.2505
R1978 GND.n6752 GND.n1473 2.2505
R1979 GND.n1966 GND.n1474 2.2505
R1980 GND.n6751 GND.n1475 2.2505
R1981 GND.n6750 GND.n1476 2.2505
R1982 GND.n6749 GND.n1477 2.2505
R1983 GND.n1973 GND.n1478 2.2505
R1984 GND.n6748 GND.n1479 2.2505
R1985 GND.n6747 GND.n1480 2.2505
R1986 GND.n6746 GND.n1481 2.2505
R1987 GND.n1980 GND.n1482 2.2505
R1988 GND.n6745 GND.n1483 2.2505
R1989 GND.n6744 GND.n1484 2.2505
R1990 GND.n6743 GND.n1485 2.2505
R1991 GND.n1987 GND.n1486 2.2505
R1992 GND.n6742 GND.n1487 2.2505
R1993 GND.n6741 GND.n1488 2.2505
R1994 GND.n6740 GND.n1489 2.2505
R1995 GND.n1994 GND.n1490 2.2505
R1996 GND.n6739 GND.n1491 2.2505
R1997 GND.n6738 GND.n1492 2.2505
R1998 GND.n6737 GND.n1493 2.2505
R1999 GND.n2001 GND.n1494 2.2505
R2000 GND.n6736 GND.n1495 2.2505
R2001 GND.n6735 GND.n1496 2.2505
R2002 GND.n6734 GND.n1497 2.2505
R2003 GND.n2008 GND.n1498 2.2505
R2004 GND.n6733 GND.n1499 2.2505
R2005 GND.n6732 GND.n1500 2.2505
R2006 GND.n6731 GND.n1501 2.2505
R2007 GND.n2015 GND.n1502 2.2505
R2008 GND.n6730 GND.n1503 2.2505
R2009 GND.n6729 GND.n1504 2.2505
R2010 GND.n6728 GND.n1505 2.2505
R2011 GND.n2022 GND.n1506 2.2505
R2012 GND.n6727 GND.n1507 2.2505
R2013 GND.n6726 GND.n1508 2.2505
R2014 GND.n6725 GND.n1509 2.2505
R2015 GND.n2029 GND.n1510 2.2505
R2016 GND.n6724 GND.n1511 2.2505
R2017 GND.n6723 GND.n1512 2.2505
R2018 GND.n6722 GND.n1513 2.2505
R2019 GND.n2036 GND.n1514 2.2505
R2020 GND.n6721 GND.n1515 2.2505
R2021 GND.n6720 GND.n1516 2.2505
R2022 GND.n6719 GND.n1517 2.2505
R2023 GND.n2043 GND.n1518 2.2505
R2024 GND.n6718 GND.n1519 2.2505
R2025 GND.n6717 GND.n1520 2.2505
R2026 GND.n6716 GND.n1521 2.2505
R2027 GND.n2050 GND.n1522 2.2505
R2028 GND.n6715 GND.n1523 2.2505
R2029 GND.n131 GND.n1524 0.0156729
R2030 GND.t0 GND.n131 1.11866
R2031 GND.n2057 GND.n140 0.0156729
R2032 GND.t0 GND.n140 1.11866
R2033 GND.n159 GND.n1527 0.0156729
R2034 GND.t0 GND.n159 1.11866
R2035 GND.n5 GND.t0 1.12023
R2036 GND.n5 GND.n1529 0.0156935
R2037 GND.t0 GND.n4 1.11992
R2038 GND.n2070 GND.n4 0.0156894
R2039 GND.t0 GND.n3 1.11976
R2040 GND.n3 GND.n1532 0.0156873
R2041 GND.n2 GND.n1533 0.0156599
R2042 GND.n2 GND.t0 1.11967
R2043 GND.t0 GND.n1 1.11962
R2044 GND.n1 GND.n1535 0.0156854
R2045 GND.t0 GND.n1536 2.2505
R2046 GND.n6714 GND.n1537 2.2505
R2047 GND.n6713 GND.n1538 2.2505
R2048 GND.n6712 GND.n1539 2.2505
R2049 GND.n2091 GND.n675 2.2505
R2050 GND.n6711 GND.n1540 2.2505
R2051 GND.n6710 GND.n1541 2.2505
R2052 GND.n6709 GND.n1542 2.2505
R2053 GND.n2098 GND.n672 2.2505
R2054 GND.n6708 GND.n1543 2.2505
R2055 GND.n6707 GND.n1544 2.2505
R2056 GND.n6706 GND.n1545 2.2505
R2057 GND.n2105 GND.n669 2.2505
R2058 GND.n6705 GND.n1546 2.2505
R2059 GND.n6704 GND.n1547 2.2505
R2060 GND.n6703 GND.n1548 2.2505
R2061 GND.n2112 GND.n666 2.2505
R2062 GND.n6702 GND.n1549 2.2505
R2063 GND.n6701 GND.n1550 2.2505
R2064 GND.n6700 GND.n1551 2.2505
R2065 GND.n2119 GND.n663 2.2505
R2066 GND.n6699 GND.n1552 2.2505
R2067 GND.n6698 GND.n1553 2.2505
R2068 GND.n6697 GND.n1554 2.2505
R2069 GND.n2126 GND.n660 2.2505
R2070 GND.n6696 GND.n1555 2.2505
R2071 GND.n6695 GND.n1556 2.2505
R2072 GND.n6694 GND.n1557 2.2505
R2073 GND.n2133 GND.n657 2.2505
R2074 GND.n6693 GND.n1558 2.2505
R2075 GND.n6692 GND.n1559 2.2505
R2076 GND.n6691 GND.n1560 2.2505
R2077 GND.n2140 GND.n654 2.2505
R2078 GND.n6690 GND.n1561 2.2505
R2079 GND.n6689 GND.n1562 2.2505
R2080 GND.n6688 GND.n1563 2.2505
R2081 GND.n2147 GND.n651 2.2505
R2082 GND.n6687 GND.n1564 2.2505
R2083 GND.n6686 GND.n1565 2.2505
R2084 GND.n6685 GND.n1566 2.2505
R2085 GND.n2154 GND.n648 2.2505
R2086 GND.n6684 GND.n1567 2.2505
R2087 GND.n6683 GND.n1568 2.2505
R2088 GND.n6682 GND.n1569 2.2505
R2089 GND.n2161 GND.n646 2.2505
R2090 GND.n6681 GND.n1570 2.2505
R2091 GND.n6680 GND.n1571 2.2505
R2092 GND.n6679 GND.n1572 2.2505
R2093 GND.n2168 GND.n643 2.2505
R2094 GND.n6678 GND.n1573 2.2505
R2095 GND.n6677 GND.n1574 2.2505
R2096 GND.n6676 GND.n1575 2.2505
R2097 GND.n2175 GND.n640 2.2505
R2098 GND.n6675 GND.n1576 2.2505
R2099 GND.n6674 GND.n1577 2.2505
R2100 GND.n6673 GND.n1578 2.2505
R2101 GND.n2182 GND.n637 2.2505
R2102 GND.n6672 GND.n1579 2.2505
R2103 GND.n6671 GND.n1580 2.2505
R2104 GND.n6670 GND.n1581 2.2505
R2105 GND.n2189 GND.n634 2.2505
R2106 GND.n6669 GND.n1582 2.2505
R2107 GND.n6668 GND.n1583 2.2505
R2108 GND.n6667 GND.n1584 2.2505
R2109 GND.n2196 GND.n631 2.2505
R2110 GND.n6666 GND.n1585 2.2505
R2111 GND.n6665 GND.n1586 2.2505
R2112 GND.n6664 GND.n1587 2.2505
R2113 GND.n2203 GND.n628 2.2505
R2114 GND.n6663 GND.n1588 2.2505
R2115 GND.n6662 GND.n1589 2.2505
R2116 GND.n6661 GND.n1590 2.2505
R2117 GND.n2210 GND.n625 2.2505
R2118 GND.n6660 GND.n1591 2.2505
R2119 GND.n6659 GND.n1592 2.2505
R2120 GND.n6658 GND.n1593 2.2505
R2121 GND.n2217 GND.n622 2.2505
R2122 GND.n6657 GND.n1594 2.2505
R2123 GND.n6656 GND.n1595 2.2505
R2124 GND.n6655 GND.n1596 2.2505
R2125 GND.n2224 GND.n619 2.2505
R2126 GND.n6654 GND.n1597 2.2505
R2127 GND.n6653 GND.n1598 2.2505
R2128 GND.n6652 GND.n1599 2.2505
R2129 GND.n2231 GND.n616 2.2505
R2130 GND.n6651 GND.n1600 2.2505
R2131 GND.n6650 GND.n1601 2.2505
R2132 GND.n6649 GND.n1602 2.2505
R2133 GND.n2238 GND.n613 2.2505
R2134 GND.n6648 GND.n1603 2.2505
R2135 GND.n6647 GND.n1604 2.2505
R2136 GND.n6646 GND.n1605 2.2505
R2137 GND.n2245 GND.n610 2.2505
R2138 GND.n6645 GND.n1606 2.2505
R2139 GND.n6644 GND.n1607 2.2505
R2140 GND.n6643 GND.n1608 2.2505
R2141 GND.n6445 GND.n195 2.2505
R2142 GND.n3014 GND.n3013 2.2505
R2143 GND.n4101 GND.n4100 2.2505
R2144 GND.n3011 GND.n3010 2.2505
R2145 GND.n4106 GND.n4105 2.2505
R2146 GND.n3005 GND.n3003 2.2505
R2147 GND.n4907 GND.n4906 2.2505
R2148 GND.n3006 GND.n3004 2.2505
R2149 GND.n4412 GND.n4108 2.2505
R2150 GND.n4413 GND.n4109 2.2505
R2151 GND.n4414 GND.n4110 2.2505
R2152 GND.n4409 GND.n4408 2.2505
R2153 GND.n4418 GND.n4112 2.2505
R2154 GND.n4419 GND.n4113 2.2505
R2155 GND.n4420 GND.n4114 2.2505
R2156 GND.n4406 GND.n4405 2.2505
R2157 GND.n4424 GND.n4116 2.2505
R2158 GND.n4425 GND.n4117 2.2505
R2159 GND.n4426 GND.n4118 2.2505
R2160 GND.n4403 GND.n4402 2.2505
R2161 GND.n4430 GND.n4120 2.2505
R2162 GND.n4431 GND.n4121 2.2505
R2163 GND.n4432 GND.n4122 2.2505
R2164 GND.n4400 GND.n4399 2.2505
R2165 GND.n4436 GND.n4124 2.2505
R2166 GND.n4437 GND.n4125 2.2505
R2167 GND.n4438 GND.n4126 2.2505
R2168 GND.n4397 GND.n4396 2.2505
R2169 GND.n4442 GND.n4128 2.2505
R2170 GND.n4443 GND.n4129 2.2505
R2171 GND.n4444 GND.n4130 2.2505
R2172 GND.n4394 GND.n4393 2.2505
R2173 GND.n4448 GND.n4132 2.2505
R2174 GND.n4449 GND.n4133 2.2505
R2175 GND.n4450 GND.n4134 2.2505
R2176 GND.n4391 GND.n4390 2.2505
R2177 GND.n4454 GND.n4136 2.2505
R2178 GND.n4455 GND.n4137 2.2505
R2179 GND.n4456 GND.n4138 2.2505
R2180 GND.n4388 GND.n4387 2.2505
R2181 GND.n4460 GND.n4140 2.2505
R2182 GND.n4461 GND.n4141 2.2505
R2183 GND.n4462 GND.n4142 2.2505
R2184 GND.n4385 GND.n4384 2.2505
R2185 GND.n4466 GND.n4144 2.2505
R2186 GND.n4467 GND.n4145 2.2505
R2187 GND.n4468 GND.n4146 2.2505
R2188 GND.n4382 GND.n4381 2.2505
R2189 GND.n4472 GND.n4148 2.2505
R2190 GND.n4473 GND.n4149 2.2505
R2191 GND.n4474 GND.n4150 2.2505
R2192 GND.n4379 GND.n4378 2.2505
R2193 GND.n4478 GND.n4152 2.2505
R2194 GND.n4479 GND.n4153 2.2505
R2195 GND.n4480 GND.n4154 2.2505
R2196 GND.n4376 GND.n4375 2.2505
R2197 GND.n4484 GND.n4155 2.2505
R2198 GND.n4485 GND.n4156 2.2505
R2199 GND.n4486 GND.n4157 2.2505
R2200 GND.n4373 GND.n4372 2.2505
R2201 GND.n4490 GND.n4158 2.2505
R2202 GND.n4491 GND.n4159 2.2505
R2203 GND.n4492 GND.n4160 2.2505
R2204 GND.n4370 GND.n4369 2.2505
R2205 GND.n4496 GND.n4161 2.2505
R2206 GND.n4497 GND.n4162 2.2505
R2207 GND.n4498 GND.n4163 2.2505
R2208 GND.n4367 GND.n4366 2.2505
R2209 GND.n4502 GND.n4164 2.2505
R2210 GND.n4503 GND.n4165 2.2505
R2211 GND.n4504 GND.n4166 2.2505
R2212 GND.n4364 GND.n4363 2.2505
R2213 GND.n4508 GND.n4167 2.2505
R2214 GND.n4509 GND.n4168 2.2505
R2215 GND.n4510 GND.n4169 2.2505
R2216 GND.n4361 GND.n4360 2.2505
R2217 GND.n4514 GND.n4170 2.2505
R2218 GND.n4515 GND.n4171 2.2505
R2219 GND.n4516 GND.n4172 2.2505
R2220 GND.n4358 GND.n4357 2.2505
R2221 GND.n4520 GND.n4173 2.2505
R2222 GND.n4521 GND.n4174 2.2505
R2223 GND.n4522 GND.n4175 2.2505
R2224 GND.n4355 GND.n4354 2.2505
R2225 GND.n4526 GND.n4176 2.2505
R2226 GND.n4527 GND.n4177 2.2505
R2227 GND.n4528 GND.n4178 2.2505
R2228 GND.n4352 GND.n4351 2.2505
R2229 GND.n4532 GND.n4179 2.2505
R2230 GND.n4533 GND.n4180 2.2505
R2231 GND.n4534 GND.n4181 2.2505
R2232 GND.n4349 GND.n4348 2.2505
R2233 GND.n4538 GND.n4182 2.2505
R2234 GND.n4539 GND.n4183 2.2505
R2235 GND.n4540 GND.n4184 2.2505
R2236 GND.n4346 GND.n4345 2.2505
R2237 GND.n4544 GND.n4185 2.2505
R2238 GND.n4545 GND.n4186 2.2505
R2239 GND.n4546 GND.n4187 2.2505
R2240 GND.n4343 GND.n4342 2.2505
R2241 GND.n4550 GND.n4188 2.2505
R2242 GND.n4551 GND.n4189 2.2505
R2243 GND.n4552 GND.n4190 2.2505
R2244 GND.n4340 GND.n4339 2.2505
R2245 GND.n4556 GND.n4191 2.2505
R2246 GND.n4557 GND.n4192 2.2505
R2247 GND.n4558 GND.n4193 2.2505
R2248 GND.n4337 GND.n4336 2.2505
R2249 GND.n4566 GND.n4565 2.2505
R2250 GND.n4564 GND.n146 2.2505
R2251 GND.n4567 GND.n4335 2.2505
R2252 GND.n4569 GND.n4568 2.2505
R2253 GND.n4570 GND.n4194 2.2505
R2254 GND.n4333 GND.n4195 2.2505
R2255 GND.n4574 GND.n4196 2.2505
R2256 GND.n4576 GND.n4575 2.2505
R2257 GND.n4577 GND.n4197 2.2505
R2258 GND.n4331 GND.n4198 2.2505
R2259 GND.n4581 GND.n4199 2.2505
R2260 GND.n4583 GND.n4582 2.2505
R2261 GND.n4584 GND.n4200 2.2505
R2262 GND.n4329 GND.n4201 2.2505
R2263 GND.n4588 GND.n4202 2.2505
R2264 GND.n4590 GND.n4589 2.2505
R2265 GND.n4591 GND.n4203 2.2505
R2266 GND.n4327 GND.n4204 2.2505
R2267 GND.n4595 GND.n4205 2.2505
R2268 GND.n4597 GND.n4596 2.2505
R2269 GND.n4598 GND.n4206 2.2505
R2270 GND.n4325 GND.n4207 2.2505
R2271 GND.n4602 GND.n4208 2.2505
R2272 GND.n4604 GND.n4603 2.2505
R2273 GND.n4605 GND.n4209 2.2505
R2274 GND.n4323 GND.n4210 2.2505
R2275 GND.n4609 GND.n4211 2.2505
R2276 GND.n4611 GND.n4610 2.2505
R2277 GND.n4612 GND.n4212 2.2505
R2278 GND.n4321 GND.n4213 2.2505
R2279 GND.n4616 GND.n4214 2.2505
R2280 GND.n4618 GND.n4617 2.2505
R2281 GND.n4619 GND.n4215 2.2505
R2282 GND.n4319 GND.n4216 2.2505
R2283 GND.n4623 GND.n4217 2.2505
R2284 GND.n4625 GND.n4624 2.2505
R2285 GND.n4626 GND.n4218 2.2505
R2286 GND.n4317 GND.n4219 2.2505
R2287 GND.n4630 GND.n4220 2.2505
R2288 GND.n4632 GND.n4631 2.2505
R2289 GND.n4633 GND.n4221 2.2505
R2290 GND.n4315 GND.n4222 2.2505
R2291 GND.n4637 GND.n4223 2.2505
R2292 GND.n4639 GND.n4638 2.2505
R2293 GND.n4640 GND.n4224 2.2505
R2294 GND.n4313 GND.n4225 2.2505
R2295 GND.n4644 GND.n4226 2.2505
R2296 GND.n4646 GND.n4645 2.2505
R2297 GND.n4647 GND.n4227 2.2505
R2298 GND.n4311 GND.n4228 2.2505
R2299 GND.n4651 GND.n4229 2.2505
R2300 GND.n4653 GND.n4652 2.2505
R2301 GND.n4654 GND.n4230 2.2505
R2302 GND.n4309 GND.n4231 2.2505
R2303 GND.n4658 GND.n4232 2.2505
R2304 GND.n4660 GND.n4659 2.2505
R2305 GND.n4661 GND.n4234 2.2505
R2306 GND.n4307 GND.n4235 2.2505
R2307 GND.n4665 GND.n4236 2.2505
R2308 GND.n4667 GND.n4666 2.2505
R2309 GND.n4668 GND.n4238 2.2505
R2310 GND.n4305 GND.n4239 2.2505
R2311 GND.n4672 GND.n4240 2.2505
R2312 GND.n4674 GND.n4673 2.2505
R2313 GND.n4675 GND.n4242 2.2505
R2314 GND.n4303 GND.n4243 2.2505
R2315 GND.n4679 GND.n4244 2.2505
R2316 GND.n4681 GND.n4680 2.2505
R2317 GND.n4682 GND.n4246 2.2505
R2318 GND.n4301 GND.n4247 2.2505
R2319 GND.n4686 GND.n4248 2.2505
R2320 GND.n4688 GND.n4687 2.2505
R2321 GND.n4689 GND.n4250 2.2505
R2322 GND.n4299 GND.n4251 2.2505
R2323 GND.n4693 GND.n4252 2.2505
R2324 GND.n4695 GND.n4694 2.2505
R2325 GND.n4696 GND.n4254 2.2505
R2326 GND.n4297 GND.n4255 2.2505
R2327 GND.n4700 GND.n4256 2.2505
R2328 GND.n4702 GND.n4701 2.2505
R2329 GND.n4703 GND.n4258 2.2505
R2330 GND.n4295 GND.n4259 2.2505
R2331 GND.n4707 GND.n4260 2.2505
R2332 GND.n4709 GND.n4708 2.2505
R2333 GND.n4710 GND.n4262 2.2505
R2334 GND.n4293 GND.n4263 2.2505
R2335 GND.n4714 GND.n4264 2.2505
R2336 GND.n4716 GND.n4715 2.2505
R2337 GND.n4717 GND.n4266 2.2505
R2338 GND.n4291 GND.n4267 2.2505
R2339 GND.n4721 GND.n4268 2.2505
R2340 GND.n4723 GND.n4722 2.2505
R2341 GND.n4724 GND.n4270 2.2505
R2342 GND.n4289 GND.n4271 2.2505
R2343 GND.n4728 GND.n4272 2.2505
R2344 GND.n4730 GND.n4729 2.2505
R2345 GND.n4731 GND.n4274 2.2505
R2346 GND.n4287 GND.n4275 2.2505
R2347 GND.n4735 GND.n4276 2.2505
R2348 GND.n4737 GND.n4736 2.2505
R2349 GND.n4738 GND.n4278 2.2505
R2350 GND.n4285 GND.n4279 2.2505
R2351 GND.n4742 GND.n4280 2.2505
R2352 GND.n4744 GND.n4743 2.2505
R2353 GND.n4745 GND.n4282 2.2505
R2354 GND.n4754 GND.n4283 2.2505
R2355 GND.n4753 GND.n4752 2.2505
R2356 GND.n4751 GND.n1417 2.2505
R2357 GND.n6797 GND.n1418 2.2505
R2358 GND.n6796 GND.n6795 2.2505
R2359 GND.n6794 GND.n1413 2.2505
R2360 GND.n6793 GND.n1414 2.2505
R2361 GND.n6792 GND.n1415 2.2505
R2362 GND.n6791 GND.n6790 2.2505
R2363 GND.n6789 GND.n1424 2.2505
R2364 GND.n1883 GND.n1425 2.2505
R2365 GND.n1884 GND.n1427 2.2505
R2366 GND.n1880 GND.n1428 2.2505
R2367 GND.n1888 GND.n1429 2.2505
R2368 GND.n1890 GND.n1889 2.2505
R2369 GND.n1891 GND.n1431 2.2505
R2370 GND.n1878 GND.n1432 2.2505
R2371 GND.n1895 GND.n1433 2.2505
R2372 GND.n1897 GND.n1896 2.2505
R2373 GND.n1898 GND.n1435 2.2505
R2374 GND.n1876 GND.n1436 2.2505
R2375 GND.n1902 GND.n1437 2.2505
R2376 GND.n1904 GND.n1903 2.2505
R2377 GND.n1905 GND.n1439 2.2505
R2378 GND.n1874 GND.n1440 2.2505
R2379 GND.n1909 GND.n1441 2.2505
R2380 GND.n1911 GND.n1910 2.2505
R2381 GND.n1912 GND.n1443 2.2505
R2382 GND.n1872 GND.n1444 2.2505
R2383 GND.n1916 GND.n1445 2.2505
R2384 GND.n1918 GND.n1917 2.2505
R2385 GND.n1919 GND.n1447 2.2505
R2386 GND.n1870 GND.n1448 2.2505
R2387 GND.n1923 GND.n1449 2.2505
R2388 GND.n1925 GND.n1924 2.2505
R2389 GND.n1926 GND.n1451 2.2505
R2390 GND.n1868 GND.n1452 2.2505
R2391 GND.n1930 GND.n1453 2.2505
R2392 GND.n1932 GND.n1931 2.2505
R2393 GND.n1933 GND.n1455 2.2505
R2394 GND.n1866 GND.n1456 2.2505
R2395 GND.n1937 GND.n1457 2.2505
R2396 GND.n1939 GND.n1938 2.2505
R2397 GND.n1940 GND.n1459 2.2505
R2398 GND.n1864 GND.n1460 2.2505
R2399 GND.n1944 GND.n1461 2.2505
R2400 GND.n1946 GND.n1945 2.2505
R2401 GND.n1947 GND.n1463 2.2505
R2402 GND.n1862 GND.n1464 2.2505
R2403 GND.n1951 GND.n1465 2.2505
R2404 GND.n1953 GND.n1952 2.2505
R2405 GND.n1954 GND.n1467 2.2505
R2406 GND.n1860 GND.n1468 2.2505
R2407 GND.n1958 GND.n1469 2.2505
R2408 GND.n1960 GND.n1959 2.2505
R2409 GND.n1961 GND.n1471 2.2505
R2410 GND.n1858 GND.n1472 2.2505
R2411 GND.n1965 GND.n1473 2.2505
R2412 GND.n1967 GND.n1966 2.2505
R2413 GND.n1968 GND.n1475 2.2505
R2414 GND.n1856 GND.n1476 2.2505
R2415 GND.n1972 GND.n1477 2.2505
R2416 GND.n1974 GND.n1973 2.2505
R2417 GND.n1975 GND.n1479 2.2505
R2418 GND.n1854 GND.n1480 2.2505
R2419 GND.n1979 GND.n1481 2.2505
R2420 GND.n1981 GND.n1980 2.2505
R2421 GND.n1982 GND.n1483 2.2505
R2422 GND.n1852 GND.n1484 2.2505
R2423 GND.n1986 GND.n1485 2.2505
R2424 GND.n1988 GND.n1987 2.2505
R2425 GND.n1989 GND.n1487 2.2505
R2426 GND.n1850 GND.n1488 2.2505
R2427 GND.n1993 GND.n1489 2.2505
R2428 GND.n1995 GND.n1994 2.2505
R2429 GND.n1996 GND.n1491 2.2505
R2430 GND.n1848 GND.n1492 2.2505
R2431 GND.n2000 GND.n1493 2.2505
R2432 GND.n2002 GND.n2001 2.2505
R2433 GND.n2003 GND.n1495 2.2505
R2434 GND.n1846 GND.n1496 2.2505
R2435 GND.n2007 GND.n1497 2.2505
R2436 GND.n2009 GND.n2008 2.2505
R2437 GND.n2010 GND.n1499 2.2505
R2438 GND.n1844 GND.n1500 2.2505
R2439 GND.n2014 GND.n1501 2.2505
R2440 GND.n2016 GND.n2015 2.2505
R2441 GND.n2017 GND.n1503 2.2505
R2442 GND.n1842 GND.n1504 2.2505
R2443 GND.n2021 GND.n1505 2.2505
R2444 GND.n2023 GND.n2022 2.2505
R2445 GND.n2024 GND.n1507 2.2505
R2446 GND.n1840 GND.n1508 2.2505
R2447 GND.n2028 GND.n1509 2.2505
R2448 GND.n2030 GND.n2029 2.2505
R2449 GND.n2031 GND.n1511 2.2505
R2450 GND.n1838 GND.n1512 2.2505
R2451 GND.n2035 GND.n1513 2.2505
R2452 GND.n2037 GND.n2036 2.2505
R2453 GND.n2038 GND.n1515 2.2505
R2454 GND.n1836 GND.n1516 2.2505
R2455 GND.n2042 GND.n1517 2.2505
R2456 GND.n2044 GND.n2043 2.2505
R2457 GND.n2045 GND.n1519 2.2505
R2458 GND.n1834 GND.n1520 2.2505
R2459 GND.n2049 GND.n1521 2.2505
R2460 GND.n2051 GND.n2050 2.2505
R2461 GND.n2052 GND.n1523 2.2505
R2462 GND.n1832 GND.n1524 2.2505
R2463 GND.n2056 GND.n1525 2.2505
R2464 GND.n2058 GND.n2057 2.2505
R2465 GND.n2059 GND.n1526 2.2505
R2466 GND.n1830 GND.n1527 2.2505
R2467 GND.n2063 GND.n1528 2.2505
R2468 GND.n2065 GND.n2064 2.2505
R2469 GND.n2066 GND.n1529 2.2505
R2470 GND.n1828 GND.n1530 2.2505
R2471 GND.n2071 GND.n2070 2.2505
R2472 GND.n2072 GND.n1531 2.2505
R2473 GND.n2073 GND.n1532 2.2505
R2474 GND.n1826 GND.n1533 2.2505
R2475 GND.n2078 GND.n2077 2.2505
R2476 GND.n2079 GND.n1534 2.2505
R2477 GND.n2080 GND.n1535 2.2505
R2478 GND.n1824 GND.n1536 2.2505
R2479 GND.n2085 GND.n2084 2.2505
R2480 GND.n2086 GND.n1537 2.2505
R2481 GND.n2087 GND.n1538 2.2505
R2482 GND.n1822 GND.n1539 2.2505
R2483 GND.n2092 GND.n2091 2.2505
R2484 GND.n2093 GND.n1540 2.2505
R2485 GND.n2094 GND.n1541 2.2505
R2486 GND.n1820 GND.n1542 2.2505
R2487 GND.n2099 GND.n2098 2.2505
R2488 GND.n2100 GND.n1543 2.2505
R2489 GND.n2101 GND.n1544 2.2505
R2490 GND.n1818 GND.n1545 2.2505
R2491 GND.n2106 GND.n2105 2.2505
R2492 GND.n2107 GND.n1546 2.2505
R2493 GND.n2108 GND.n1547 2.2505
R2494 GND.n1816 GND.n1548 2.2505
R2495 GND.n2113 GND.n2112 2.2505
R2496 GND.n2114 GND.n1549 2.2505
R2497 GND.n2115 GND.n1550 2.2505
R2498 GND.n1814 GND.n1551 2.2505
R2499 GND.n2120 GND.n2119 2.2505
R2500 GND.n2121 GND.n1552 2.2505
R2501 GND.n2122 GND.n1553 2.2505
R2502 GND.n1812 GND.n1554 2.2505
R2503 GND.n2127 GND.n2126 2.2505
R2504 GND.n2128 GND.n1555 2.2505
R2505 GND.n2129 GND.n1556 2.2505
R2506 GND.n1810 GND.n1557 2.2505
R2507 GND.n2134 GND.n2133 2.2505
R2508 GND.n2135 GND.n1558 2.2505
R2509 GND.n2136 GND.n1559 2.2505
R2510 GND.n1808 GND.n1560 2.2505
R2511 GND.n2141 GND.n2140 2.2505
R2512 GND.n2142 GND.n1561 2.2505
R2513 GND.n2143 GND.n1562 2.2505
R2514 GND.n1806 GND.n1563 2.2505
R2515 GND.n2148 GND.n2147 2.2505
R2516 GND.n2149 GND.n1564 2.2505
R2517 GND.n2150 GND.n1565 2.2505
R2518 GND.n1804 GND.n1566 2.2505
R2519 GND.n2155 GND.n2154 2.2505
R2520 GND.n2156 GND.n1567 2.2505
R2521 GND.n2157 GND.n1568 2.2505
R2522 GND.n1802 GND.n1569 2.2505
R2523 GND.n2162 GND.n2161 2.2505
R2524 GND.n2163 GND.n1570 2.2505
R2525 GND.n2164 GND.n1571 2.2505
R2526 GND.n1800 GND.n1572 2.2505
R2527 GND.n2169 GND.n2168 2.2505
R2528 GND.n2170 GND.n1573 2.2505
R2529 GND.n2171 GND.n1574 2.2505
R2530 GND.n1798 GND.n1575 2.2505
R2531 GND.n2176 GND.n2175 2.2505
R2532 GND.n2177 GND.n1576 2.2505
R2533 GND.n2178 GND.n1577 2.2505
R2534 GND.n1796 GND.n1578 2.2505
R2535 GND.n2183 GND.n2182 2.2505
R2536 GND.n2184 GND.n1579 2.2505
R2537 GND.n2185 GND.n1580 2.2505
R2538 GND.n1794 GND.n1581 2.2505
R2539 GND.n2190 GND.n2189 2.2505
R2540 GND.n2191 GND.n1582 2.2505
R2541 GND.n2192 GND.n1583 2.2505
R2542 GND.n1792 GND.n1584 2.2505
R2543 GND.n2197 GND.n2196 2.2505
R2544 GND.n2198 GND.n1585 2.2505
R2545 GND.n2199 GND.n1586 2.2505
R2546 GND.n1790 GND.n1587 2.2505
R2547 GND.n2204 GND.n2203 2.2505
R2548 GND.n2205 GND.n1588 2.2505
R2549 GND.n2206 GND.n1589 2.2505
R2550 GND.n1788 GND.n1590 2.2505
R2551 GND.n2211 GND.n2210 2.2505
R2552 GND.n2212 GND.n1591 2.2505
R2553 GND.n2213 GND.n1592 2.2505
R2554 GND.n1786 GND.n1593 2.2505
R2555 GND.n2218 GND.n2217 2.2505
R2556 GND.n2219 GND.n1594 2.2505
R2557 GND.n2220 GND.n1595 2.2505
R2558 GND.n1784 GND.n1596 2.2505
R2559 GND.n2225 GND.n2224 2.2505
R2560 GND.n2226 GND.n1597 2.2505
R2561 GND.n2227 GND.n1598 2.2505
R2562 GND.n1782 GND.n1599 2.2505
R2563 GND.n2232 GND.n2231 2.2505
R2564 GND.n2233 GND.n1600 2.2505
R2565 GND.n2234 GND.n1601 2.2505
R2566 GND.n1780 GND.n1602 2.2505
R2567 GND.n2239 GND.n2238 2.2505
R2568 GND.n2240 GND.n1603 2.2505
R2569 GND.n2241 GND.n1604 2.2505
R2570 GND.n1778 GND.n1605 2.2505
R2571 GND.n2246 GND.n2245 2.2505
R2572 GND.n2247 GND.n1606 2.2505
R2573 GND.n2248 GND.n1607 2.2505
R2574 GND.n1776 GND.n1608 2.2505
R2575 GND.n6445 GND.n6444 2.2505
R2576 GND.n6447 GND.n1775 2.2505
R2577 GND.n6449 GND.n1774 2.2505
R2578 GND.n6450 GND.n1773 2.2505
R2579 GND.n6452 GND.n1772 2.2505
R2580 GND.n6453 GND.n1771 2.2505
R2581 GND.n6456 GND.n1770 2.2505
R2582 GND.n6457 GND.n1769 2.2505
R2583 GND.n6460 GND.n1768 2.2505
R2584 GND.n6461 GND.n1767 2.2505
R2585 GND.n6464 GND.n1766 2.2505
R2586 GND.n6465 GND.n1765 2.2505
R2587 GND.n6468 GND.n1764 2.2505
R2588 GND.n6469 GND.n1763 2.2505
R2589 GND.n6472 GND.n1762 2.2505
R2590 GND.n6473 GND.n1761 2.2505
R2591 GND.n6476 GND.n1760 2.2505
R2592 GND.n6477 GND.n1759 2.2505
R2593 GND.n6480 GND.n1758 2.2505
R2594 GND.n6481 GND.n1757 2.2505
R2595 GND.n6484 GND.n1756 2.2505
R2596 GND.n6485 GND.n1755 2.2505
R2597 GND.n6488 GND.n1754 2.2505
R2598 GND.n6489 GND.n1753 2.2505
R2599 GND.n6492 GND.n1752 2.2505
R2600 GND.n6493 GND.n1751 2.2505
R2601 GND.n6496 GND.n1750 2.2505
R2602 GND.n6497 GND.n1749 2.2505
R2603 GND.n6500 GND.n1748 2.2505
R2604 GND.n6502 GND.n1747 2.2505
R2605 GND.n6503 GND.n1746 2.2505
R2606 GND.n6505 GND.n1745 2.2505
R2607 GND.n6507 GND.n1744 2.2505
R2608 GND.n6508 GND.n1743 2.2505
R2609 GND.n6510 GND.n1742 2.2505
R2610 GND.n6512 GND.n1741 2.2505
R2611 GND.n6513 GND.n1740 2.2505
R2612 GND.n6515 GND.n1739 2.2505
R2613 GND.n6517 GND.n1738 2.2505
R2614 GND.n6518 GND.n1737 2.2505
R2615 GND.n6520 GND.n1736 2.2505
R2616 GND.n6521 GND.n1735 2.2505
R2617 GND.n6524 GND.n1734 2.2505
R2618 GND.n6525 GND.n1733 2.2505
R2619 GND.n6528 GND.n1732 2.2505
R2620 GND.n6529 GND.n1731 2.2505
R2621 GND.n6532 GND.n1730 2.2505
R2622 GND.n6533 GND.n1729 2.2505
R2623 GND.n6536 GND.n1728 2.2505
R2624 GND.n6537 GND.n1727 2.2505
R2625 GND.n6540 GND.n1726 2.2505
R2626 GND.n6541 GND.n1725 2.2505
R2627 GND.n6544 GND.n1724 2.2505
R2628 GND.n6545 GND.n1723 2.2505
R2629 GND.n6548 GND.n1722 2.2505
R2630 GND.n6550 GND.n1721 2.2505
R2631 GND.n6551 GND.n1720 2.2505
R2632 GND.n6553 GND.n1719 2.2505
R2633 GND.n6555 GND.n1718 2.2505
R2634 GND.n6556 GND.n1717 2.2505
R2635 GND.n6558 GND.n1716 2.2505
R2636 GND.n6559 GND.n1715 2.2505
R2637 GND.n6562 GND.n1714 2.2505
R2638 GND.n6563 GND.n1713 2.2505
R2639 GND.n6566 GND.n1712 2.2505
R2640 GND.n6568 GND.n1711 2.2505
R2641 GND.n6569 GND.n1710 2.2505
R2642 GND.n6571 GND.n1709 2.2505
R2643 GND.n6572 GND.n1708 2.2505
R2644 GND.n6575 GND.n1707 2.2505
R2645 GND.n6576 GND.n1706 2.2505
R2646 GND.n6579 GND.n1705 2.2505
R2647 GND.n6580 GND.n1704 2.2505
R2648 GND.n6583 GND.n1703 2.2505
R2649 GND.n6585 GND.n1702 2.2505
R2650 GND.n6586 GND.n1701 2.2505
R2651 GND.n6588 GND.n1700 2.2505
R2652 GND.n6589 GND.n1699 2.2505
R2653 GND.n6592 GND.n1698 2.2505
R2654 GND.n6593 GND.n1697 2.2505
R2655 GND.n6596 GND.n1696 2.2505
R2656 GND.n6597 GND.n1695 2.2505
R2657 GND.n6600 GND.n1694 2.2505
R2658 GND.n6601 GND.n1693 2.2505
R2659 GND.n6604 GND.n1692 2.2505
R2660 GND.n6606 GND.n1691 2.2505
R2661 GND.n6607 GND.n1690 2.2505
R2662 GND.n6609 GND.n1689 2.2505
R2663 GND.n6610 GND.n1688 2.2505
R2664 GND.n6613 GND.n1687 2.2505
R2665 GND.n6614 GND.n1686 2.2505
R2666 GND.n6617 GND.n1685 2.2505
R2667 GND.n6618 GND.n1684 2.2505
R2668 GND.n6621 GND.n1683 2.2505
R2669 GND.n6623 GND.n1682 2.2505
R2670 GND.n6624 GND.n1681 2.2505
R2671 GND.n6626 GND.n1680 2.2505
R2672 GND.n6627 GND.n1679 2.2505
R2673 GND.n6630 GND.n1678 2.2505
R2674 GND.n6632 GND.n1677 2.2505
R2675 GND.n6633 GND.n1676 2.2505
R2676 GND.n6635 GND.n1675 2.2505
R2677 GND.n6637 GND.n1674 2.2505
R2678 GND.n6638 GND.n1673 2.2505
R2679 GND.n6639 GND.n1672 2.2505
R2680 GND.n6640 GND.n1671 2.2505
R2681 GND.n6336 GND.n1670 2.2505
R2682 GND.n6335 GND.n6334 2.2505
R2683 GND.n2253 GND.n2252 2.2505
R2684 GND.n6326 GND.n2254 2.2505
R2685 GND.n6328 GND.n6327 2.2505
R2686 GND.n6329 GND.n2256 2.2505
R2687 GND.n6320 GND.n2255 2.2505
R2688 GND.n6319 GND.n6318 2.2505
R2689 GND.n2259 GND.n2258 2.2505
R2690 GND.n6312 GND.n6311 2.2505
R2691 GND.n6313 GND.n2318 2.2505
R2692 GND.n6306 GND.n2317 2.2505
R2693 GND.n6305 GND.n6304 2.2505
R2694 GND.n6301 GND.n2320 2.2505
R2695 GND.n6300 GND.n6297 2.2505
R2696 GND.n2322 GND.n2321 2.2505
R2697 GND.n6292 GND.n6291 2.2505
R2698 GND.n6288 GND.n2324 2.2505
R2699 GND.n6287 GND.n6285 2.2505
R2700 GND.n2326 GND.n2325 2.2505
R2701 GND.n6281 GND.n6280 2.2505
R2702 GND.n6278 GND.n2328 2.2505
R2703 GND.n6275 GND.n6274 2.2505
R2704 GND.n2331 GND.n2330 2.2505
R2705 GND.n6270 GND.n6269 2.2505
R2706 GND.n6268 GND.n2333 2.2505
R2707 GND.n6266 GND.n6263 2.2505
R2708 GND.n2335 GND.n2334 2.2505
R2709 GND.n6259 GND.n6258 2.2505
R2710 GND.n6256 GND.n2337 2.2505
R2711 GND.n6255 GND.n6253 2.2505
R2712 GND.n2340 GND.n2339 2.2505
R2713 GND.n6249 GND.n6248 2.2505
R2714 GND.n6247 GND.n2342 2.2505
R2715 GND.n6245 GND.n6242 2.2505
R2716 GND.n2344 GND.n2343 2.2505
R2717 GND.n6238 GND.n6237 2.2505
R2718 GND.n6234 GND.n2346 2.2505
R2719 GND.n6233 GND.n6230 2.2505
R2720 GND.n2348 GND.n2347 2.2505
R2721 GND.n6226 GND.n6225 2.2505
R2722 GND.n6222 GND.n2350 2.2505
R2723 GND.n6221 GND.n6219 2.2505
R2724 GND.n2352 GND.n2351 2.2505
R2725 GND.n6215 GND.n6214 2.2505
R2726 GND.n6212 GND.n2354 2.2505
R2727 GND.n6209 GND.n6208 2.2505
R2728 GND.n2356 GND.n2355 2.2505
R2729 GND.n6204 GND.n6203 2.2505
R2730 GND.n6200 GND.n2358 2.2505
R2731 GND.n6197 GND.n6196 2.2505
R2732 GND.n2360 GND.n2359 2.2505
R2733 GND.n6192 GND.n6191 2.2505
R2734 GND.n6188 GND.n2362 2.2505
R2735 GND.n6186 GND.n6185 2.2505
R2736 GND.n2365 GND.n2364 2.2505
R2737 GND.n6181 GND.n6180 2.2505
R2738 GND.n6177 GND.n2367 2.2505
R2739 GND.n6176 GND.n6173 2.2505
R2740 GND.n2369 GND.n2368 2.2505
R2741 GND.n6169 GND.n6168 2.2505
R2742 GND.n6165 GND.n2371 2.2505
R2743 GND.n6164 GND.n6161 2.2505
R2744 GND.n2373 GND.n2372 2.2505
R2745 GND.n6157 GND.n6156 2.2505
R2746 GND.n6153 GND.n2375 2.2505
R2747 GND.n6152 GND.n6149 2.2505
R2748 GND.n2377 GND.n2376 2.2505
R2749 GND.n6145 GND.n6144 2.2505
R2750 GND.n6141 GND.n2379 2.2505
R2751 GND.n6140 GND.n6137 2.2505
R2752 GND.n2381 GND.n2380 2.2505
R2753 GND.n6133 GND.n6132 2.2505
R2754 GND.n6129 GND.n2383 2.2505
R2755 GND.n6128 GND.n6125 2.2505
R2756 GND.n2385 GND.n2384 2.2505
R2757 GND.n6121 GND.n6120 2.2505
R2758 GND.n6117 GND.n2387 2.2505
R2759 GND.n6116 GND.n6113 2.2505
R2760 GND.n2389 GND.n2388 2.2505
R2761 GND.n6109 GND.n6108 2.2505
R2762 GND.n6105 GND.n2391 2.2505
R2763 GND.n6104 GND.n6101 2.2505
R2764 GND.n2393 GND.n2392 2.2505
R2765 GND.n6097 GND.n6096 2.2505
R2766 GND.n6093 GND.n2395 2.2505
R2767 GND.n6092 GND.n6089 2.2505
R2768 GND.n2397 GND.n2396 2.2505
R2769 GND.n6085 GND.n6084 2.2505
R2770 GND.n6081 GND.n2399 2.2505
R2771 GND.n6080 GND.n6077 2.2505
R2772 GND.n2401 GND.n2400 2.2505
R2773 GND.n6073 GND.n6072 2.2505
R2774 GND.n6069 GND.n2403 2.2505
R2775 GND.n6068 GND.n6065 2.2505
R2776 GND.n2405 GND.n2404 2.2505
R2777 GND.n6061 GND.n6060 2.2505
R2778 GND.n6058 GND.n2407 2.2505
R2779 GND.n6057 GND.n6055 2.2505
R2780 GND.n2409 GND.n2408 2.2505
R2781 GND.n6051 GND.n6050 2.2505
R2782 GND.n6047 GND.n2411 2.2505
R2783 GND.n6045 GND.n6044 2.2505
R2784 GND.n2414 GND.n2413 2.2505
R2785 GND.n6040 GND.n6039 2.2505
R2786 GND.n6037 GND.n2416 2.2505
R2787 GND.n6036 GND.n6034 2.2505
R2788 GND.n2418 GND.n2417 2.2505
R2789 GND.n6030 GND.n6029 2.2505
R2790 GND.n6026 GND.n2420 2.2505
R2791 GND.n6020 GND.n2421 2.2505
R2792 GND.n6022 GND.n6021 2.2505
R2793 GND.n2423 GND.n2422 2.2505
R2794 GND.n6015 GND.n1412 2.2505
R2795 GND.n6014 GND.n1411 2.2505
R2796 GND.n6803 GND.n1410 2.2505
R2797 GND.n6805 GND.n1409 2.2505
R2798 GND.n6806 GND.n1408 2.2505
R2799 GND.n6808 GND.n1407 2.2505
R2800 GND.n6809 GND.n1406 2.2505
R2801 GND.n6812 GND.n1405 2.2505
R2802 GND.n6813 GND.n1404 2.2505
R2803 GND.n6816 GND.n1403 2.2505
R2804 GND.n6817 GND.n1402 2.2505
R2805 GND.n6820 GND.n1401 2.2505
R2806 GND.n6822 GND.n1400 2.2505
R2807 GND.n6823 GND.n1399 2.2505
R2808 GND.n6825 GND.n1398 2.2505
R2809 GND.n6826 GND.n1397 2.2505
R2810 GND.n6829 GND.n1396 2.2505
R2811 GND.n6830 GND.n1395 2.2505
R2812 GND.n6833 GND.n1394 2.2505
R2813 GND.n6834 GND.n1393 2.2505
R2814 GND.n6837 GND.n1392 2.2505
R2815 GND.n6838 GND.n1391 2.2505
R2816 GND.n6841 GND.n1390 2.2505
R2817 GND.n6843 GND.n1389 2.2505
R2818 GND.n6844 GND.n1388 2.2505
R2819 GND.n6846 GND.n1387 2.2505
R2820 GND.n6848 GND.n1386 2.2505
R2821 GND.n6849 GND.n1385 2.2505
R2822 GND.n6851 GND.n1384 2.2505
R2823 GND.n6852 GND.n1383 2.2505
R2824 GND.n6855 GND.n1382 2.2505
R2825 GND.n6857 GND.n1381 2.2505
R2826 GND.n6858 GND.n1380 2.2505
R2827 GND.n6860 GND.n1379 2.2505
R2828 GND.n6861 GND.n1378 2.2505
R2829 GND.n6864 GND.n1377 2.2505
R2830 GND.n6866 GND.n1376 2.2505
R2831 GND.n6867 GND.n1375 2.2505
R2832 GND.n6869 GND.n1374 2.2505
R2833 GND.n6870 GND.n1373 2.2505
R2834 GND.n6873 GND.n1372 2.2505
R2835 GND.n6875 GND.n1371 2.2505
R2836 GND.n6876 GND.n1370 2.2505
R2837 GND.n6878 GND.n1369 2.2505
R2838 GND.n6879 GND.n1368 2.2505
R2839 GND.n6882 GND.n1367 2.2505
R2840 GND.n6883 GND.n1366 2.2505
R2841 GND.n6886 GND.n1365 2.2505
R2842 GND.n6887 GND.n1364 2.2505
R2843 GND.n6890 GND.n1363 2.2505
R2844 GND.n6891 GND.n1362 2.2505
R2845 GND.n6894 GND.n1361 2.2505
R2846 GND.n6895 GND.n1360 2.2505
R2847 GND.n6898 GND.n1359 2.2505
R2848 GND.n6899 GND.n1358 2.2505
R2849 GND.n6902 GND.n1357 2.2505
R2850 GND.n6903 GND.n1356 2.2505
R2851 GND.n6906 GND.n1355 2.2505
R2852 GND.n6908 GND.n1354 2.2505
R2853 GND.n6909 GND.n1353 2.2505
R2854 GND.n6911 GND.n1352 2.2505
R2855 GND.n6913 GND.n1351 2.2505
R2856 GND.n6914 GND.n1350 2.2505
R2857 GND.n6916 GND.n1349 2.2505
R2858 GND.n6917 GND.n1348 2.2505
R2859 GND.n6920 GND.n1347 2.2505
R2860 GND.n6921 GND.n1346 2.2505
R2861 GND.n6924 GND.n1345 2.2505
R2862 GND.n6925 GND.n1344 2.2505
R2863 GND.n6928 GND.n1343 2.2505
R2864 GND.n6930 GND.n1342 2.2505
R2865 GND.n6931 GND.n1341 2.2505
R2866 GND.n6933 GND.n1340 2.2505
R2867 GND.n6934 GND.n1339 2.2505
R2868 GND.n6937 GND.n1338 2.2505
R2869 GND.n6939 GND.n1337 2.2505
R2870 GND.n6940 GND.n1336 2.2505
R2871 GND.n6942 GND.n1335 2.2505
R2872 GND.n6944 GND.n1334 2.2505
R2873 GND.n6945 GND.n1333 2.2505
R2874 GND.n6947 GND.n1332 2.2505
R2875 GND.n6949 GND.n1331 2.2505
R2876 GND.n6950 GND.n1330 2.2505
R2877 GND.n6952 GND.n1329 2.2505
R2878 GND.n6953 GND.n1328 2.2505
R2879 GND.n6956 GND.n1327 2.2505
R2880 GND.n6957 GND.n1326 2.2505
R2881 GND.n6960 GND.n1325 2.2505
R2882 GND.n6961 GND.n1324 2.2505
R2883 GND.n6964 GND.n1323 2.2505
R2884 GND.n6966 GND.n1322 2.2505
R2885 GND.n6967 GND.n1321 2.2505
R2886 GND.n6969 GND.n1320 2.2505
R2887 GND.n6971 GND.n1319 2.2505
R2888 GND.n6972 GND.n1318 2.2505
R2889 GND.n6974 GND.n1317 2.2505
R2890 GND.n6975 GND.n1316 2.2505
R2891 GND.n6978 GND.n1315 2.2505
R2892 GND.n6979 GND.n1314 2.2505
R2893 GND.n5914 GND.n1313 2.2505
R2894 GND.n5913 GND.n5912 2.2505
R2895 GND.n5911 GND.n2425 2.2505
R2896 GND.n5909 GND.n5908 2.2505
R2897 GND.n2428 GND.n2427 2.2505
R2898 GND.n5903 GND.n5902 2.2505
R2899 GND.n5901 GND.n1252 2.2505
R2900 GND.n5900 GND.n1251 2.2505
R2901 GND.n2430 GND.n1250 2.2505
R2902 GND.n5896 GND.n5895 2.2505
R2903 GND.n5894 GND.n1249 2.2505
R2904 GND.n5893 GND.n1248 2.2505
R2905 GND.n2432 GND.n1247 2.2505
R2906 GND.n5889 GND.n1246 2.2505
R2907 GND.n5888 GND.n1245 2.2505
R2908 GND.n5887 GND.n1244 2.2505
R2909 GND.n2434 GND.n1243 2.2505
R2910 GND.n5883 GND.n1242 2.2505
R2911 GND.n5882 GND.n1241 2.2505
R2912 GND.n5881 GND.n1240 2.2505
R2913 GND.n2436 GND.n1239 2.2505
R2914 GND.n5877 GND.n1238 2.2505
R2915 GND.n5876 GND.n1237 2.2505
R2916 GND.n5875 GND.n1236 2.2505
R2917 GND.n2438 GND.n1235 2.2505
R2918 GND.n5871 GND.n1234 2.2505
R2919 GND.n5870 GND.n1233 2.2505
R2920 GND.n5869 GND.n1232 2.2505
R2921 GND.n2440 GND.n1231 2.2505
R2922 GND.n5865 GND.n1230 2.2505
R2923 GND.n5864 GND.n1229 2.2505
R2924 GND.n5863 GND.n1228 2.2505
R2925 GND.n2442 GND.n1227 2.2505
R2926 GND.n5859 GND.n1226 2.2505
R2927 GND.n5858 GND.n1225 2.2505
R2928 GND.n5857 GND.n1224 2.2505
R2929 GND.n2444 GND.n1223 2.2505
R2930 GND.n5853 GND.n1222 2.2505
R2931 GND.n5852 GND.n1221 2.2505
R2932 GND.n5851 GND.n1220 2.2505
R2933 GND.n2446 GND.n1219 2.2505
R2934 GND.n5847 GND.n1218 2.2505
R2935 GND.n5846 GND.n1217 2.2505
R2936 GND.n5845 GND.n1216 2.2505
R2937 GND.n2448 GND.n1215 2.2505
R2938 GND.n5841 GND.n1214 2.2505
R2939 GND.n5840 GND.n1213 2.2505
R2940 GND.n5839 GND.n1212 2.2505
R2941 GND.n2450 GND.n1211 2.2505
R2942 GND.n5835 GND.n1210 2.2505
R2943 GND.n5834 GND.n1209 2.2505
R2944 GND.n5833 GND.n1208 2.2505
R2945 GND.n2452 GND.n1207 2.2505
R2946 GND.n5829 GND.n1206 2.2505
R2947 GND.n5828 GND.n1205 2.2505
R2948 GND.n5827 GND.n1204 2.2505
R2949 GND.n2454 GND.n1203 2.2505
R2950 GND.n5823 GND.n1202 2.2505
R2951 GND.n5822 GND.n1201 2.2505
R2952 GND.n5821 GND.n1200 2.2505
R2953 GND.n2456 GND.n1199 2.2505
R2954 GND.n5817 GND.n1198 2.2505
R2955 GND.n5816 GND.n1197 2.2505
R2956 GND.n5815 GND.n1196 2.2505
R2957 GND.n2458 GND.n1195 2.2505
R2958 GND.n5811 GND.n1194 2.2505
R2959 GND.n5810 GND.n1193 2.2505
R2960 GND.n5809 GND.n1192 2.2505
R2961 GND.n2460 GND.n1191 2.2505
R2962 GND.n5805 GND.n1190 2.2505
R2963 GND.n5804 GND.n1189 2.2505
R2964 GND.n5803 GND.n1188 2.2505
R2965 GND.n2462 GND.n1187 2.2505
R2966 GND.n5799 GND.n1186 2.2505
R2967 GND.n5798 GND.n1185 2.2505
R2968 GND.n5797 GND.n1184 2.2505
R2969 GND.n2464 GND.n1183 2.2505
R2970 GND.n5793 GND.n1182 2.2505
R2971 GND.n5792 GND.n1181 2.2505
R2972 GND.n5791 GND.n1180 2.2505
R2973 GND.n2466 GND.n1179 2.2505
R2974 GND.n5787 GND.n1178 2.2505
R2975 GND.n5786 GND.n1177 2.2505
R2976 GND.n5785 GND.n1176 2.2505
R2977 GND.n2468 GND.n1175 2.2505
R2978 GND.n5781 GND.n1174 2.2505
R2979 GND.n5780 GND.n1173 2.2505
R2980 GND.n5779 GND.n1172 2.2505
R2981 GND.n2470 GND.n1171 2.2505
R2982 GND.n5775 GND.n1170 2.2505
R2983 GND.n5774 GND.n1169 2.2505
R2984 GND.n5773 GND.n1168 2.2505
R2985 GND.n2472 GND.n1167 2.2505
R2986 GND.n5769 GND.n1166 2.2505
R2987 GND.n5768 GND.n1165 2.2505
R2988 GND.n5767 GND.n1164 2.2505
R2989 GND.n2474 GND.n1163 2.2505
R2990 GND.n5763 GND.n1162 2.2505
R2991 GND.n5762 GND.n1161 2.2505
R2992 GND.n5761 GND.n1160 2.2505
R2993 GND.n2476 GND.n1159 2.2505
R2994 GND.n5757 GND.n1158 2.2505
R2995 GND.n5756 GND.n1157 2.2505
R2996 GND.n5755 GND.n1156 2.2505
R2997 GND.n2478 GND.n1155 2.2505
R2998 GND.n5751 GND.n1154 2.2505
R2999 GND.n5750 GND.n1153 2.2505
R3000 GND.n5749 GND.n1152 2.2505
R3001 GND.n2480 GND.n1151 2.2505
R3002 GND.n5745 GND.n1150 2.2505
R3003 GND.n5744 GND.n1149 2.2505
R3004 GND.n5743 GND.n1148 2.2505
R3005 GND.n2482 GND.n1147 2.2505
R3006 GND.n5739 GND.n1146 2.2505
R3007 GND.n5738 GND.n1145 2.2505
R3008 GND.n5737 GND.n1144 2.2505
R3009 GND.n2484 GND.n1143 2.2505
R3010 GND.n5733 GND.n1142 2.2505
R3011 GND.n7136 GND.n1141 2.2505
R3012 GND.n5730 GND.n1140 2.2505
R3013 GND.n7137 GND.n1139 2.2505
R3014 GND.n7138 GND.n1138 2.2505
R3015 GND.n7139 GND.n1137 2.2505
R3016 GND.n5723 GND.n379 2.2505
R3017 GND.n7140 GND.n1136 2.2505
R3018 GND.n7141 GND.n1135 2.2505
R3019 GND.n7142 GND.n1134 2.2505
R3020 GND.n5716 GND.n382 2.2505
R3021 GND.n7143 GND.n1133 2.2505
R3022 GND.n7144 GND.n1132 2.2505
R3023 GND.n7145 GND.n1131 2.2505
R3024 GND.n5709 GND.n385 2.2505
R3025 GND.n7146 GND.n1130 2.2505
R3026 GND.n7147 GND.n1129 2.2505
R3027 GND.n7148 GND.n1128 2.2505
R3028 GND.n5702 GND.n388 2.2505
R3029 GND.n7149 GND.n1127 2.2505
R3030 GND.n7150 GND.n1126 2.2505
R3031 GND.n7151 GND.n1125 2.2505
R3032 GND.n5695 GND.n391 2.2505
R3033 GND.n7152 GND.n1124 2.2505
R3034 GND.n7153 GND.n1123 2.2505
R3035 GND.n7154 GND.n1122 2.2505
R3036 GND.n5688 GND.n394 2.2505
R3037 GND.n7155 GND.n1121 2.2505
R3038 GND.n7156 GND.n1120 2.2505
R3039 GND.n7157 GND.n1119 2.2505
R3040 GND.n5681 GND.n397 2.2505
R3041 GND.n7158 GND.n1118 2.2505
R3042 GND.n7159 GND.n1117 2.2505
R3043 GND.n7160 GND.n1116 2.2505
R3044 GND.n5674 GND.n400 2.2505
R3045 GND.n7161 GND.n1115 2.2505
R3046 GND.n7162 GND.n1114 2.2505
R3047 GND.n7163 GND.n1113 2.2505
R3048 GND.n5667 GND.n403 2.2505
R3049 GND.n7164 GND.n1112 2.2505
R3050 GND.n7165 GND.n1111 2.2505
R3051 GND.n7166 GND.n1110 2.2505
R3052 GND.n5660 GND.n406 2.2505
R3053 GND.n7167 GND.n1109 2.2505
R3054 GND.n7168 GND.n1108 2.2505
R3055 GND.n7169 GND.n1107 2.2505
R3056 GND.n5653 GND.n409 2.2505
R3057 GND.n7170 GND.n1106 2.2505
R3058 GND.n7171 GND.n1105 2.2505
R3059 GND.n7172 GND.n1104 2.2505
R3060 GND.n5646 GND.n412 2.2505
R3061 GND.n7173 GND.n1103 2.2505
R3062 GND.n7174 GND.n1102 2.2505
R3063 GND.n7175 GND.n1101 2.2505
R3064 GND.n5639 GND.n688 2.2505
R3065 GND.n7176 GND.n1100 2.2505
R3066 GND.n7177 GND.n1099 2.2505
R3067 GND.n7178 GND.n1098 2.2505
R3068 GND.n5632 GND.n1097 2.2505
R3069 GND.n7179 GND.n1096 2.2505
R3070 GND.n7180 GND.n1095 2.2505
R3071 GND.n7181 GND.n1094 2.2505
R3072 GND.n5625 GND.n1093 2.2505
R3073 GND.n7182 GND.n1092 2.2505
R3074 GND.n7183 GND.n1091 2.2505
R3075 GND.n7184 GND.n1090 2.2505
R3076 GND.n5618 GND.n1089 2.2505
R3077 GND.n7185 GND.n1088 2.2505
R3078 GND.n7186 GND.n1087 2.2505
R3079 GND.n7187 GND.n1086 2.2505
R3080 GND.n5611 GND.n1085 2.2505
R3081 GND.n7188 GND.n1084 2.2505
R3082 GND.n7189 GND.n1083 2.2505
R3083 GND.n7190 GND.n1082 2.2505
R3084 GND.n5604 GND.n1081 2.2505
R3085 GND.n7191 GND.n1080 2.2505
R3086 GND.n7192 GND.n1079 2.2505
R3087 GND.n7193 GND.n1078 2.2505
R3088 GND.n5597 GND.n1077 2.2505
R3089 GND.n7194 GND.n1076 2.2505
R3090 GND.n7195 GND.n1075 2.2505
R3091 GND.n7196 GND.n1074 2.2505
R3092 GND.n5590 GND.n1073 2.2505
R3093 GND.n7197 GND.n1072 2.2505
R3094 GND.n7198 GND.n1071 2.2505
R3095 GND.n7199 GND.n1070 2.2505
R3096 GND.n5583 GND.n1069 2.2505
R3097 GND.n7200 GND.n1068 2.2505
R3098 GND.n7201 GND.n1067 2.2505
R3099 GND.n7202 GND.n1066 2.2505
R3100 GND.n5576 GND.n1065 2.2505
R3101 GND.n7203 GND.n1064 2.2505
R3102 GND.n7204 GND.n1063 2.2505
R3103 GND.n7205 GND.n1062 2.2505
R3104 GND.n5569 GND.n1061 2.2505
R3105 GND.n7206 GND.n1060 2.2505
R3106 GND.n7207 GND.n1059 2.2505
R3107 GND.n7208 GND.n1058 2.2505
R3108 GND.n5562 GND.n1057 2.2505
R3109 GND.n7209 GND.n1056 2.2505
R3110 GND.n7210 GND.n1055 2.2505
R3111 GND.n7211 GND.n1054 2.2505
R3112 GND.n5555 GND.n1053 2.2505
R3113 GND.n7212 GND.n1052 2.2505
R3114 GND.n7213 GND.n1051 2.2505
R3115 GND.n7214 GND.n1050 2.2505
R3116 GND.n5548 GND.n810 2.2505
R3117 GND.n155 GND.n1049 2.2505
R3118 GND.n155 GND.n158 1.11866
R3119 GND.n158 GND.n1047 0.0156729
R3120 GND.n5541 GND.n155 2.2505
R3121 GND.n7215 GND.n1046 2.2505
R3122 GND.n7216 GND.n1045 2.2505
R3123 GND.n7217 GND.n1044 2.2505
R3124 GND.n5534 GND.n315 2.2505
R3125 GND.n7218 GND.n1043 2.2505
R3126 GND.n7219 GND.n1042 2.2505
R3127 GND.n7220 GND.n1041 2.2505
R3128 GND.n5527 GND.n318 2.2505
R3129 GND.n7221 GND.n1040 2.2505
R3130 GND.n7222 GND.n1039 2.2505
R3131 GND.n7223 GND.n1038 2.2505
R3132 GND.n5520 GND.n321 2.2505
R3133 GND.n7224 GND.n1037 2.2505
R3134 GND.n7225 GND.n1036 2.2505
R3135 GND.n7226 GND.n1035 2.2505
R3136 GND.n5513 GND.n324 2.2505
R3137 GND.n7227 GND.n1034 2.2505
R3138 GND.n7228 GND.n1033 2.2505
R3139 GND.n7229 GND.n1032 2.2505
R3140 GND.n5506 GND.n327 2.2505
R3141 GND.n7230 GND.n1031 2.2505
R3142 GND.n7231 GND.n1030 2.2505
R3143 GND.n7232 GND.n1029 2.2505
R3144 GND.n5499 GND.n330 2.2505
R3145 GND.n7233 GND.n1028 2.2505
R3146 GND.n7234 GND.n1027 2.2505
R3147 GND.n7235 GND.n1026 2.2505
R3148 GND.n5492 GND.n333 2.2505
R3149 GND.n7236 GND.n1025 2.2505
R3150 GND.n7237 GND.n1024 2.2505
R3151 GND.n7238 GND.n1023 2.2505
R3152 GND.n5485 GND.n336 2.2505
R3153 GND.n7239 GND.n1022 2.2505
R3154 GND.n7240 GND.n1021 2.2505
R3155 GND.n7241 GND.n1020 2.2505
R3156 GND.n5478 GND.n339 2.2505
R3157 GND.n7242 GND.n1019 2.2505
R3158 GND.n7243 GND.n1018 2.2505
R3159 GND.n7244 GND.n1017 2.2505
R3160 GND.n5471 GND.n342 2.2505
R3161 GND.n7245 GND.n1016 2.2505
R3162 GND.n7246 GND.n1015 2.2505
R3163 GND.n7247 GND.n1014 2.2505
R3164 GND.n5464 GND.n345 2.2505
R3165 GND.n7248 GND.n1013 2.2505
R3166 GND.n7249 GND.n1012 2.2505
R3167 GND.n7250 GND.n1011 2.2505
R3168 GND.n5457 GND.n348 2.2505
R3169 GND.n7251 GND.n1010 2.2505
R3170 GND.n7252 GND.n1009 2.2505
R3171 GND.n7253 GND.n1008 2.2505
R3172 GND.n5450 GND.n351 2.2505
R3173 GND.n7254 GND.n1007 2.2505
R3174 GND.n7255 GND.n1006 2.2505
R3175 GND.n7256 GND.n1005 2.2505
R3176 GND.n5443 GND.n1004 2.2505
R3177 GND.n7257 GND.n1003 2.2505
R3178 GND.n7258 GND.n1002 2.2505
R3179 GND.n7259 GND.n1001 2.2505
R3180 GND.n5436 GND.n1000 2.2505
R3181 GND.n7260 GND.n999 2.2505
R3182 GND.n7261 GND.n998 2.2505
R3183 GND.n7262 GND.n997 2.2505
R3184 GND.n5429 GND.n996 2.2505
R3185 GND.n7263 GND.n995 2.2505
R3186 GND.n7264 GND.n994 2.2505
R3187 GND.n7265 GND.n993 2.2505
R3188 GND.n5422 GND.n992 2.2505
R3189 GND.n7266 GND.n991 2.2505
R3190 GND.n7267 GND.n990 2.2505
R3191 GND.n7268 GND.n989 2.2505
R3192 GND.n5415 GND.n988 2.2505
R3193 GND.n7269 GND.n987 2.2505
R3194 GND.n7270 GND.n986 2.2505
R3195 GND.n7271 GND.n985 2.2505
R3196 GND.n5408 GND.n984 2.2505
R3197 GND.n7272 GND.n983 2.2505
R3198 GND.n7273 GND.n982 2.2505
R3199 GND.n7274 GND.n981 2.2505
R3200 GND.n5401 GND.n980 2.2505
R3201 GND.n7275 GND.n979 2.2505
R3202 GND.n7276 GND.n978 2.2505
R3203 GND.n7277 GND.n977 2.2505
R3204 GND.n5394 GND.n976 2.2505
R3205 GND.n7278 GND.n975 2.2505
R3206 GND.n7279 GND.n974 2.2505
R3207 GND.n7280 GND.n973 2.2505
R3208 GND.n5387 GND.n972 2.2505
R3209 GND.n7281 GND.n971 2.2505
R3210 GND.n7282 GND.n970 2.2505
R3211 GND.n7283 GND.n969 2.2505
R3212 GND.n5380 GND.n968 2.2505
R3213 GND.n7284 GND.n967 2.2505
R3214 GND.n7285 GND.n966 2.2505
R3215 GND.n7286 GND.n965 2.2505
R3216 GND.n5373 GND.n964 2.2505
R3217 GND.n7287 GND.n963 2.2505
R3218 GND.n7288 GND.n962 2.2505
R3219 GND.n7289 GND.n961 2.2505
R3220 GND.n5366 GND.n960 2.2505
R3221 GND.n7290 GND.n959 2.2505
R3222 GND.n7291 GND.n958 2.2505
R3223 GND.n7292 GND.n957 2.2505
R3224 GND.n5359 GND.n691 2.2505
R3225 GND.n147 GND.n956 2.2505
R3226 GND.n148 GND.n149 1.11866
R3227 GND.n149 GND.n954 0.0156729
R3228 GND.n5352 GND.n148 2.2505
R3229 GND.n144 GND.n145 1.11866
R3230 GND.n145 GND.n952 0.0156729
R3231 GND.n142 GND.n143 1.11866
R3232 GND.n5345 GND.n143 0.0156729
R3233 GND.n7293 GND.n950 2.2505
R3234 GND.n7294 GND.n949 2.2505
R3235 GND.n7295 GND.n948 2.2505
R3236 GND.n5338 GND.n947 2.2505
R3237 GND.n7296 GND.n946 2.2505
R3238 GND.n7297 GND.n945 2.2505
R3239 GND.n7298 GND.n944 2.2505
R3240 GND.n5331 GND.n943 2.2505
R3241 GND.n7299 GND.n942 2.2505
R3242 GND.n7300 GND.n941 2.2505
R3243 GND.n7301 GND.n940 2.2505
R3244 GND.n5324 GND.n939 2.2505
R3245 GND.n7302 GND.n938 2.2505
R3246 GND.n7303 GND.n937 2.2505
R3247 GND.n7304 GND.n936 2.2505
R3248 GND.n5317 GND.n935 2.2505
R3249 GND.n7305 GND.n934 2.2505
R3250 GND.n7306 GND.n933 2.2505
R3251 GND.n7307 GND.n932 2.2505
R3252 GND.n5310 GND.n931 2.2505
R3253 GND.n7308 GND.n930 2.2505
R3254 GND.n7309 GND.n929 2.2505
R3255 GND.n7310 GND.n928 2.2505
R3256 GND.n5303 GND.n927 2.2505
R3257 GND.n7311 GND.n926 2.2505
R3258 GND.n7312 GND.n925 2.2505
R3259 GND.n7313 GND.n924 2.2505
R3260 GND.n5296 GND.n923 2.2505
R3261 GND.n7314 GND.n922 2.2505
R3262 GND.n7315 GND.n921 2.2505
R3263 GND.n7316 GND.n920 2.2505
R3264 GND.n5289 GND.n919 2.2505
R3265 GND.n7317 GND.n918 2.2505
R3266 GND.n7318 GND.n917 2.2505
R3267 GND.n7319 GND.n916 2.2505
R3268 GND.n5282 GND.n915 2.2505
R3269 GND.n7320 GND.n914 2.2505
R3270 GND.n7321 GND.n913 2.2505
R3271 GND.n7322 GND.n912 2.2505
R3272 GND.n5275 GND.n911 2.2505
R3273 GND.n7323 GND.n910 2.2505
R3274 GND.n7324 GND.n909 2.2505
R3275 GND.n7325 GND.n908 2.2505
R3276 GND.n5268 GND.n907 2.2505
R3277 GND.n7326 GND.n906 2.2505
R3278 GND.n7327 GND.n905 2.2505
R3279 GND.n7328 GND.n904 2.2505
R3280 GND.n5261 GND.n288 2.2505
R3281 GND.n7329 GND.n903 2.2505
R3282 GND.n7330 GND.n902 2.2505
R3283 GND.n5255 GND.n289 2.2505
R3284 GND.n7331 GND.n901 2.2505
R3285 GND.n7332 GND.n900 2.2505
R3286 GND.n7333 GND.n899 2.2505
R3287 GND.n5248 GND.n898 2.2505
R3288 GND.n7334 GND.n897 2.2505
R3289 GND.n7335 GND.n896 2.2505
R3290 GND.n7336 GND.n895 2.2505
R3291 GND.n5241 GND.n894 2.2505
R3292 GND.n7337 GND.n893 2.2505
R3293 GND.n7338 GND.n892 2.2505
R3294 GND.n7339 GND.n891 2.2505
R3295 GND.n5234 GND.n890 2.2505
R3296 GND.n7340 GND.n889 2.2505
R3297 GND.n7341 GND.n888 2.2505
R3298 GND.n7342 GND.n887 2.2505
R3299 GND.n5227 GND.n886 2.2505
R3300 GND.n7343 GND.n885 2.2505
R3301 GND.n7344 GND.n884 2.2505
R3302 GND.n7345 GND.n883 2.2505
R3303 GND.n5220 GND.n882 2.2505
R3304 GND.n7346 GND.n881 2.2505
R3305 GND.n7347 GND.n880 2.2505
R3306 GND.n7348 GND.n879 2.2505
R3307 GND.n5213 GND.n878 2.2505
R3308 GND.n7349 GND.n877 2.2505
R3309 GND.n7350 GND.n876 2.2505
R3310 GND.n7351 GND.n875 2.2505
R3311 GND.n5206 GND.n874 2.2505
R3312 GND.n7352 GND.n873 2.2505
R3313 GND.n7353 GND.n872 2.2505
R3314 GND.n7354 GND.n871 2.2505
R3315 GND.n5199 GND.n870 2.2505
R3316 GND.n7355 GND.n869 2.2505
R3317 GND.n7356 GND.n868 2.2505
R3318 GND.n7357 GND.n867 2.2505
R3319 GND.n5192 GND.n866 2.2505
R3320 GND.n7358 GND.n865 2.2505
R3321 GND.n7359 GND.n864 2.2505
R3322 GND.n7360 GND.n863 2.2505
R3323 GND.n5185 GND.n862 2.2505
R3324 GND.n7361 GND.n861 2.2505
R3325 GND.n7362 GND.n860 2.2505
R3326 GND.n7363 GND.n859 2.2505
R3327 GND.n5178 GND.n858 2.2505
R3328 GND.n7364 GND.n857 2.2505
R3329 GND.n7365 GND.n856 2.2505
R3330 GND.n7366 GND.n855 2.2505
R3331 GND.n5171 GND.n854 2.2505
R3332 GND.n7367 GND.n853 2.2505
R3333 GND.n7368 GND.n852 2.2505
R3334 GND.n7369 GND.n851 2.2505
R3335 GND.n164 GND.n163 1.11866
R3336 GND.n5163 GND.n164 0.0156729
R3337 GND.n163 GND.n162 2.2505
R3338 GND.n161 GND.n160 1.11866
R3339 GND.n161 GND.n850 0.0156729
R3340 GND.n152 GND.n154 1.11866
R3341 GND.n154 GND.n848 0.0156729
R3342 GND.n2652 GND.n196 2.2505
R3343 GND.n7370 GND.n847 2.2505
R3344 GND.n7371 GND.n846 2.2505
R3345 GND.n7372 GND.n845 2.2505
R3346 GND.n2655 GND.n198 2.2505
R3347 GND.n7373 GND.n844 2.2505
R3348 GND.n7374 GND.n843 2.2505
R3349 GND.n7375 GND.n842 2.2505
R3350 GND.n2658 GND.n201 2.2505
R3351 GND.n7376 GND.n841 2.2505
R3352 GND.n7377 GND.n840 2.2505
R3353 GND.n7378 GND.n839 2.2505
R3354 GND.n2661 GND.n204 2.2505
R3355 GND.n7379 GND.n838 2.2505
R3356 GND.n7380 GND.n837 2.2505
R3357 GND.n7381 GND.n836 2.2505
R3358 GND.n2664 GND.n207 2.2505
R3359 GND.n7382 GND.n835 2.2505
R3360 GND.n7383 GND.n834 2.2505
R3361 GND.n7384 GND.n833 2.2505
R3362 GND.n2667 GND.n210 2.2505
R3363 GND.n7385 GND.n832 2.2505
R3364 GND.n7386 GND.n831 2.2505
R3365 GND.n7387 GND.n830 2.2505
R3366 GND.n2670 GND.n213 2.2505
R3367 GND.n7388 GND.n829 2.2505
R3368 GND.n7389 GND.n828 2.2505
R3369 GND.n7390 GND.n827 2.2505
R3370 GND.n2673 GND.n216 2.2505
R3371 GND.n7391 GND.n826 2.2505
R3372 GND.n7392 GND.n825 2.2505
R3373 GND.n7393 GND.n824 2.2505
R3374 GND.n2676 GND.n219 2.2505
R3375 GND.n7394 GND.n823 2.2505
R3376 GND.n7395 GND.n822 2.2505
R3377 GND.n7396 GND.n821 2.2505
R3378 GND.n2679 GND.n222 2.2505
R3379 GND.n7397 GND.n820 2.2505
R3380 GND.n7398 GND.n819 2.2505
R3381 GND.n7399 GND.n818 2.2505
R3382 GND.n2682 GND.n225 2.2505
R3383 GND.n7400 GND.n817 2.2505
R3384 GND.n7401 GND.n816 2.2505
R3385 GND.n7402 GND.n815 2.2505
R3386 GND.n2685 GND.n228 2.2505
R3387 GND.n7403 GND.n814 2.2505
R3388 GND.n7404 GND.n813 2.2505
R3389 GND.n7405 GND.n812 2.2505
R3390 GND.n2692 GND.n811 2.2505
R3391 GND.n5078 GND.n5077 2.2505
R3392 GND.n231 GND.n2691 2.2505
R3393 GND.n5076 GND.n5075 2.2505
R3394 GND.n2694 GND.n2693 2.2505
R3395 GND.n5069 GND.n5068 2.2505
R3396 GND.n234 GND.n2698 2.2505
R3397 GND.n5067 GND.n5066 2.2505
R3398 GND.n2700 GND.n2699 2.2505
R3399 GND.n5060 GND.n5059 2.2505
R3400 GND.n237 GND.n2704 2.2505
R3401 GND.n5058 GND.n5057 2.2505
R3402 GND.n2706 GND.n2705 2.2505
R3403 GND.n5051 GND.n5050 2.2505
R3404 GND.n240 GND.n2710 2.2505
R3405 GND.n5049 GND.n5048 2.2505
R3406 GND.n2712 GND.n2711 2.2505
R3407 GND.n5042 GND.n5041 2.2505
R3408 GND.n243 GND.n2716 2.2505
R3409 GND.n5040 GND.n5039 2.2505
R3410 GND.n2718 GND.n2717 2.2505
R3411 GND.n5033 GND.n5032 2.2505
R3412 GND.n246 GND.n2722 2.2505
R3413 GND.n5031 GND.n5030 2.2505
R3414 GND.n2724 GND.n2723 2.2505
R3415 GND.n5024 GND.n5023 2.2505
R3416 GND.n249 GND.n2728 2.2505
R3417 GND.n5022 GND.n5021 2.2505
R3418 GND.n2730 GND.n2729 2.2505
R3419 GND.n5015 GND.n5014 2.2505
R3420 GND.n252 GND.n2734 2.2505
R3421 GND.n5013 GND.n5012 2.2505
R3422 GND.n2736 GND.n2735 2.2505
R3423 GND.n5006 GND.n5005 2.2505
R3424 GND.n255 GND.n2740 2.2505
R3425 GND.n5004 GND.n5003 2.2505
R3426 GND.n2742 GND.n2741 2.2505
R3427 GND.n4997 GND.n4996 2.2505
R3428 GND.n258 GND.n2746 2.2505
R3429 GND.n4995 GND.n4994 2.2505
R3430 GND.n2748 GND.n2747 2.2505
R3431 GND.n4988 GND.n4987 2.2505
R3432 GND.n261 GND.n2752 2.2505
R3433 GND.n4986 GND.n4985 2.2505
R3434 GND.n2754 GND.n2753 2.2505
R3435 GND.n4979 GND.n4978 2.2505
R3436 GND.n680 GND.n2758 2.2505
R3437 GND.n4977 GND.n4976 2.2505
R3438 GND.n2760 GND.n2759 2.2505
R3439 GND.n2766 GND.n2765 2.2505
R3440 GND.n5732 GND.n1141 2.2505
R3441 GND.n5731 GND.n5730 2.2505
R3442 GND.n2486 GND.n1139 2.2505
R3443 GND.n5726 GND.n1138 2.2505
R3444 GND.n5725 GND.n1137 2.2505
R3445 GND.n5724 GND.n5723 2.2505
R3446 GND.n2488 GND.n1136 2.2505
R3447 GND.n5719 GND.n1135 2.2505
R3448 GND.n5718 GND.n1134 2.2505
R3449 GND.n5717 GND.n5716 2.2505
R3450 GND.n2490 GND.n1133 2.2505
R3451 GND.n5712 GND.n1132 2.2505
R3452 GND.n5711 GND.n1131 2.2505
R3453 GND.n5710 GND.n5709 2.2505
R3454 GND.n2492 GND.n1130 2.2505
R3455 GND.n5705 GND.n1129 2.2505
R3456 GND.n5704 GND.n1128 2.2505
R3457 GND.n5703 GND.n5702 2.2505
R3458 GND.n2494 GND.n1127 2.2505
R3459 GND.n5698 GND.n1126 2.2505
R3460 GND.n5697 GND.n1125 2.2505
R3461 GND.n5696 GND.n5695 2.2505
R3462 GND.n2496 GND.n1124 2.2505
R3463 GND.n5691 GND.n1123 2.2505
R3464 GND.n5690 GND.n1122 2.2505
R3465 GND.n5689 GND.n5688 2.2505
R3466 GND.n2498 GND.n1121 2.2505
R3467 GND.n5684 GND.n1120 2.2505
R3468 GND.n5683 GND.n1119 2.2505
R3469 GND.n5682 GND.n5681 2.2505
R3470 GND.n2500 GND.n1118 2.2505
R3471 GND.n5677 GND.n1117 2.2505
R3472 GND.n5676 GND.n1116 2.2505
R3473 GND.n5675 GND.n5674 2.2505
R3474 GND.n2502 GND.n1115 2.2505
R3475 GND.n5670 GND.n1114 2.2505
R3476 GND.n5669 GND.n1113 2.2505
R3477 GND.n5668 GND.n5667 2.2505
R3478 GND.n2504 GND.n1112 2.2505
R3479 GND.n5663 GND.n1111 2.2505
R3480 GND.n5662 GND.n1110 2.2505
R3481 GND.n5661 GND.n5660 2.2505
R3482 GND.n2506 GND.n1109 2.2505
R3483 GND.n5656 GND.n1108 2.2505
R3484 GND.n5655 GND.n1107 2.2505
R3485 GND.n5654 GND.n5653 2.2505
R3486 GND.n2508 GND.n1106 2.2505
R3487 GND.n5649 GND.n1105 2.2505
R3488 GND.n5648 GND.n1104 2.2505
R3489 GND.n5647 GND.n5646 2.2505
R3490 GND.n2510 GND.n1103 2.2505
R3491 GND.n5642 GND.n1102 2.2505
R3492 GND.n5641 GND.n1101 2.2505
R3493 GND.n5640 GND.n5639 2.2505
R3494 GND.n2512 GND.n1100 2.2505
R3495 GND.n5635 GND.n1099 2.2505
R3496 GND.n5634 GND.n1098 2.2505
R3497 GND.n5633 GND.n5632 2.2505
R3498 GND.n2514 GND.n1096 2.2505
R3499 GND.n5628 GND.n1095 2.2505
R3500 GND.n5627 GND.n1094 2.2505
R3501 GND.n5626 GND.n5625 2.2505
R3502 GND.n2516 GND.n1092 2.2505
R3503 GND.n5621 GND.n1091 2.2505
R3504 GND.n5620 GND.n1090 2.2505
R3505 GND.n5619 GND.n5618 2.2505
R3506 GND.n2518 GND.n1088 2.2505
R3507 GND.n5614 GND.n1087 2.2505
R3508 GND.n5613 GND.n1086 2.2505
R3509 GND.n5612 GND.n5611 2.2505
R3510 GND.n2520 GND.n1084 2.2505
R3511 GND.n5607 GND.n1083 2.2505
R3512 GND.n5606 GND.n1082 2.2505
R3513 GND.n5605 GND.n5604 2.2505
R3514 GND.n2522 GND.n1080 2.2505
R3515 GND.n5600 GND.n1079 2.2505
R3516 GND.n5599 GND.n1078 2.2505
R3517 GND.n5598 GND.n5597 2.2505
R3518 GND.n2524 GND.n1076 2.2505
R3519 GND.n5593 GND.n1075 2.2505
R3520 GND.n5592 GND.n1074 2.2505
R3521 GND.n5591 GND.n5590 2.2505
R3522 GND.n2526 GND.n1072 2.2505
R3523 GND.n5586 GND.n1071 2.2505
R3524 GND.n5585 GND.n1070 2.2505
R3525 GND.n5584 GND.n5583 2.2505
R3526 GND.n2528 GND.n1068 2.2505
R3527 GND.n5579 GND.n1067 2.2505
R3528 GND.n5578 GND.n1066 2.2505
R3529 GND.n5577 GND.n5576 2.2505
R3530 GND.n2530 GND.n1064 2.2505
R3531 GND.n5572 GND.n1063 2.2505
R3532 GND.n5571 GND.n1062 2.2505
R3533 GND.n5570 GND.n5569 2.2505
R3534 GND.n2532 GND.n1060 2.2505
R3535 GND.n5565 GND.n1059 2.2505
R3536 GND.n5564 GND.n1058 2.2505
R3537 GND.n5563 GND.n5562 2.2505
R3538 GND.n2534 GND.n1056 2.2505
R3539 GND.n5558 GND.n1055 2.2505
R3540 GND.n5557 GND.n1054 2.2505
R3541 GND.n5556 GND.n5555 2.2505
R3542 GND.n2536 GND.n1052 2.2505
R3543 GND.n5551 GND.n1051 2.2505
R3544 GND.n5550 GND.n1050 2.2505
R3545 GND.n5549 GND.n5548 2.2505
R3546 GND.n2538 GND.n1049 2.2505
R3547 GND.n5544 GND.n1048 2.2505
R3548 GND.n5543 GND.n1047 2.2505
R3549 GND.n5542 GND.n5541 2.2505
R3550 GND.n2540 GND.n1046 2.2505
R3551 GND.n5537 GND.n1045 2.2505
R3552 GND.n5536 GND.n1044 2.2505
R3553 GND.n5535 GND.n5534 2.2505
R3554 GND.n2542 GND.n1043 2.2505
R3555 GND.n5530 GND.n1042 2.2505
R3556 GND.n5529 GND.n1041 2.2505
R3557 GND.n5528 GND.n5527 2.2505
R3558 GND.n2544 GND.n1040 2.2505
R3559 GND.n5523 GND.n1039 2.2505
R3560 GND.n5522 GND.n1038 2.2505
R3561 GND.n5521 GND.n5520 2.2505
R3562 GND.n2546 GND.n1037 2.2505
R3563 GND.n5516 GND.n1036 2.2505
R3564 GND.n5515 GND.n1035 2.2505
R3565 GND.n5514 GND.n5513 2.2505
R3566 GND.n2548 GND.n1034 2.2505
R3567 GND.n5509 GND.n1033 2.2505
R3568 GND.n5508 GND.n1032 2.2505
R3569 GND.n5507 GND.n5506 2.2505
R3570 GND.n2550 GND.n1031 2.2505
R3571 GND.n5502 GND.n1030 2.2505
R3572 GND.n5501 GND.n1029 2.2505
R3573 GND.n5500 GND.n5499 2.2505
R3574 GND.n2552 GND.n1028 2.2505
R3575 GND.n5495 GND.n1027 2.2505
R3576 GND.n5494 GND.n1026 2.2505
R3577 GND.n5493 GND.n5492 2.2505
R3578 GND.n2554 GND.n1025 2.2505
R3579 GND.n5488 GND.n1024 2.2505
R3580 GND.n5487 GND.n1023 2.2505
R3581 GND.n5486 GND.n5485 2.2505
R3582 GND.n2556 GND.n1022 2.2505
R3583 GND.n5481 GND.n1021 2.2505
R3584 GND.n5480 GND.n1020 2.2505
R3585 GND.n5479 GND.n5478 2.2505
R3586 GND.n2558 GND.n1019 2.2505
R3587 GND.n5474 GND.n1018 2.2505
R3588 GND.n5473 GND.n1017 2.2505
R3589 GND.n5472 GND.n5471 2.2505
R3590 GND.n2560 GND.n1016 2.2505
R3591 GND.n5467 GND.n1015 2.2505
R3592 GND.n5466 GND.n1014 2.2505
R3593 GND.n5465 GND.n5464 2.2505
R3594 GND.n2562 GND.n1013 2.2505
R3595 GND.n5460 GND.n1012 2.2505
R3596 GND.n5459 GND.n1011 2.2505
R3597 GND.n5458 GND.n5457 2.2505
R3598 GND.n2564 GND.n1010 2.2505
R3599 GND.n5453 GND.n1009 2.2505
R3600 GND.n5452 GND.n1008 2.2505
R3601 GND.n5451 GND.n5450 2.2505
R3602 GND.n2566 GND.n1007 2.2505
R3603 GND.n5446 GND.n1006 2.2505
R3604 GND.n5445 GND.n1005 2.2505
R3605 GND.n5444 GND.n5443 2.2505
R3606 GND.n2568 GND.n1003 2.2505
R3607 GND.n5439 GND.n1002 2.2505
R3608 GND.n5438 GND.n1001 2.2505
R3609 GND.n5437 GND.n5436 2.2505
R3610 GND.n2570 GND.n999 2.2505
R3611 GND.n5432 GND.n998 2.2505
R3612 GND.n5431 GND.n997 2.2505
R3613 GND.n5430 GND.n5429 2.2505
R3614 GND.n2572 GND.n995 2.2505
R3615 GND.n5425 GND.n994 2.2505
R3616 GND.n5424 GND.n993 2.2505
R3617 GND.n5423 GND.n5422 2.2505
R3618 GND.n2574 GND.n991 2.2505
R3619 GND.n5418 GND.n990 2.2505
R3620 GND.n5417 GND.n989 2.2505
R3621 GND.n5416 GND.n5415 2.2505
R3622 GND.n2576 GND.n987 2.2505
R3623 GND.n5411 GND.n986 2.2505
R3624 GND.n5410 GND.n985 2.2505
R3625 GND.n5409 GND.n5408 2.2505
R3626 GND.n2578 GND.n983 2.2505
R3627 GND.n5404 GND.n982 2.2505
R3628 GND.n5403 GND.n981 2.2505
R3629 GND.n5402 GND.n5401 2.2505
R3630 GND.n2580 GND.n979 2.2505
R3631 GND.n5397 GND.n978 2.2505
R3632 GND.n5396 GND.n977 2.2505
R3633 GND.n5395 GND.n5394 2.2505
R3634 GND.n2582 GND.n975 2.2505
R3635 GND.n5390 GND.n974 2.2505
R3636 GND.n5389 GND.n973 2.2505
R3637 GND.n5388 GND.n5387 2.2505
R3638 GND.n2584 GND.n971 2.2505
R3639 GND.n5383 GND.n970 2.2505
R3640 GND.n5382 GND.n969 2.2505
R3641 GND.n5381 GND.n5380 2.2505
R3642 GND.n2586 GND.n967 2.2505
R3643 GND.n5376 GND.n966 2.2505
R3644 GND.n5375 GND.n965 2.2505
R3645 GND.n5374 GND.n5373 2.2505
R3646 GND.n2588 GND.n963 2.2505
R3647 GND.n5369 GND.n962 2.2505
R3648 GND.n5368 GND.n961 2.2505
R3649 GND.n5367 GND.n5366 2.2505
R3650 GND.n2590 GND.n959 2.2505
R3651 GND.n5362 GND.n958 2.2505
R3652 GND.n5361 GND.n957 2.2505
R3653 GND.n5360 GND.n5359 2.2505
R3654 GND.n2592 GND.n956 2.2505
R3655 GND.n5355 GND.n955 2.2505
R3656 GND.n5354 GND.n954 2.2505
R3657 GND.n5353 GND.n5352 2.2505
R3658 GND.n2594 GND.n953 2.2505
R3659 GND.n5348 GND.n952 2.2505
R3660 GND.n5347 GND.n951 2.2505
R3661 GND.n5346 GND.n5345 2.2505
R3662 GND.n2596 GND.n950 2.2505
R3663 GND.n5341 GND.n949 2.2505
R3664 GND.n5340 GND.n948 2.2505
R3665 GND.n5339 GND.n5338 2.2505
R3666 GND.n2598 GND.n946 2.2505
R3667 GND.n5334 GND.n945 2.2505
R3668 GND.n5333 GND.n944 2.2505
R3669 GND.n5332 GND.n5331 2.2505
R3670 GND.n2600 GND.n942 2.2505
R3671 GND.n5327 GND.n941 2.2505
R3672 GND.n5326 GND.n940 2.2505
R3673 GND.n5325 GND.n5324 2.2505
R3674 GND.n2602 GND.n938 2.2505
R3675 GND.n5320 GND.n937 2.2505
R3676 GND.n5319 GND.n936 2.2505
R3677 GND.n5318 GND.n5317 2.2505
R3678 GND.n2604 GND.n934 2.2505
R3679 GND.n5313 GND.n933 2.2505
R3680 GND.n5312 GND.n932 2.2505
R3681 GND.n5311 GND.n5310 2.2505
R3682 GND.n2606 GND.n930 2.2505
R3683 GND.n5306 GND.n929 2.2505
R3684 GND.n5305 GND.n928 2.2505
R3685 GND.n5304 GND.n5303 2.2505
R3686 GND.n2608 GND.n926 2.2505
R3687 GND.n5299 GND.n925 2.2505
R3688 GND.n5298 GND.n924 2.2505
R3689 GND.n5297 GND.n5296 2.2505
R3690 GND.n2610 GND.n922 2.2505
R3691 GND.n5292 GND.n921 2.2505
R3692 GND.n5291 GND.n920 2.2505
R3693 GND.n5290 GND.n5289 2.2505
R3694 GND.n2612 GND.n918 2.2505
R3695 GND.n5285 GND.n917 2.2505
R3696 GND.n5284 GND.n916 2.2505
R3697 GND.n5283 GND.n5282 2.2505
R3698 GND.n2614 GND.n914 2.2505
R3699 GND.n5278 GND.n913 2.2505
R3700 GND.n5277 GND.n912 2.2505
R3701 GND.n5276 GND.n5275 2.2505
R3702 GND.n2616 GND.n910 2.2505
R3703 GND.n5271 GND.n909 2.2505
R3704 GND.n5270 GND.n908 2.2505
R3705 GND.n5269 GND.n5268 2.2505
R3706 GND.n2618 GND.n906 2.2505
R3707 GND.n5264 GND.n905 2.2505
R3708 GND.n5263 GND.n904 2.2505
R3709 GND.n5262 GND.n5261 2.2505
R3710 GND.n2620 GND.n903 2.2505
R3711 GND.n5257 GND.n902 2.2505
R3712 GND.n5256 GND.n5255 2.2505
R3713 GND.n5254 GND.n901 2.2505
R3714 GND.n2622 GND.n900 2.2505
R3715 GND.n5250 GND.n899 2.2505
R3716 GND.n5249 GND.n5248 2.2505
R3717 GND.n5247 GND.n897 2.2505
R3718 GND.n2624 GND.n896 2.2505
R3719 GND.n5243 GND.n895 2.2505
R3720 GND.n5242 GND.n5241 2.2505
R3721 GND.n5240 GND.n893 2.2505
R3722 GND.n2626 GND.n892 2.2505
R3723 GND.n5236 GND.n891 2.2505
R3724 GND.n5235 GND.n5234 2.2505
R3725 GND.n5233 GND.n889 2.2505
R3726 GND.n2628 GND.n888 2.2505
R3727 GND.n5229 GND.n887 2.2505
R3728 GND.n5228 GND.n5227 2.2505
R3729 GND.n5226 GND.n885 2.2505
R3730 GND.n2630 GND.n884 2.2505
R3731 GND.n5222 GND.n883 2.2505
R3732 GND.n5221 GND.n5220 2.2505
R3733 GND.n5219 GND.n881 2.2505
R3734 GND.n2632 GND.n880 2.2505
R3735 GND.n5215 GND.n879 2.2505
R3736 GND.n5214 GND.n5213 2.2505
R3737 GND.n5212 GND.n877 2.2505
R3738 GND.n2634 GND.n876 2.2505
R3739 GND.n5208 GND.n875 2.2505
R3740 GND.n5207 GND.n5206 2.2505
R3741 GND.n5205 GND.n873 2.2505
R3742 GND.n2636 GND.n872 2.2505
R3743 GND.n5201 GND.n871 2.2505
R3744 GND.n5200 GND.n5199 2.2505
R3745 GND.n5198 GND.n869 2.2505
R3746 GND.n2638 GND.n868 2.2505
R3747 GND.n5194 GND.n867 2.2505
R3748 GND.n5193 GND.n5192 2.2505
R3749 GND.n5191 GND.n865 2.2505
R3750 GND.n2640 GND.n864 2.2505
R3751 GND.n5187 GND.n863 2.2505
R3752 GND.n5186 GND.n5185 2.2505
R3753 GND.n5184 GND.n861 2.2505
R3754 GND.n2642 GND.n860 2.2505
R3755 GND.n5180 GND.n859 2.2505
R3756 GND.n5179 GND.n5178 2.2505
R3757 GND.n5177 GND.n857 2.2505
R3758 GND.n2644 GND.n856 2.2505
R3759 GND.n5173 GND.n855 2.2505
R3760 GND.n5172 GND.n5171 2.2505
R3761 GND.n5170 GND.n853 2.2505
R3762 GND.n2646 GND.n852 2.2505
R3763 GND.n5166 GND.n851 2.2505
R3764 GND.n5165 GND.n5164 2.2505
R3765 GND.n5163 GND.n2648 2.2505
R3766 GND.n162 GND.n5162 2.2505
R3767 GND.n2650 GND.n2649 2.2505
R3768 GND.n5157 GND.n850 2.2505
R3769 GND.n5156 GND.n849 2.2505
R3770 GND.n5155 GND.n848 2.2505
R3771 GND.n2653 GND.n2652 2.2505
R3772 GND.n5151 GND.n847 2.2505
R3773 GND.n5150 GND.n846 2.2505
R3774 GND.n5149 GND.n845 2.2505
R3775 GND.n2656 GND.n2655 2.2505
R3776 GND.n5145 GND.n844 2.2505
R3777 GND.n5144 GND.n843 2.2505
R3778 GND.n5143 GND.n842 2.2505
R3779 GND.n2659 GND.n2658 2.2505
R3780 GND.n5139 GND.n841 2.2505
R3781 GND.n5138 GND.n840 2.2505
R3782 GND.n5137 GND.n839 2.2505
R3783 GND.n2662 GND.n2661 2.2505
R3784 GND.n5133 GND.n838 2.2505
R3785 GND.n5132 GND.n837 2.2505
R3786 GND.n5131 GND.n836 2.2505
R3787 GND.n2665 GND.n2664 2.2505
R3788 GND.n5127 GND.n835 2.2505
R3789 GND.n5126 GND.n834 2.2505
R3790 GND.n5125 GND.n833 2.2505
R3791 GND.n2668 GND.n2667 2.2505
R3792 GND.n5121 GND.n832 2.2505
R3793 GND.n5120 GND.n831 2.2505
R3794 GND.n5119 GND.n830 2.2505
R3795 GND.n2671 GND.n2670 2.2505
R3796 GND.n5115 GND.n829 2.2505
R3797 GND.n5114 GND.n828 2.2505
R3798 GND.n5113 GND.n827 2.2505
R3799 GND.n2674 GND.n2673 2.2505
R3800 GND.n5109 GND.n826 2.2505
R3801 GND.n5108 GND.n825 2.2505
R3802 GND.n5107 GND.n824 2.2505
R3803 GND.n2677 GND.n2676 2.2505
R3804 GND.n5103 GND.n823 2.2505
R3805 GND.n5102 GND.n822 2.2505
R3806 GND.n5101 GND.n821 2.2505
R3807 GND.n2680 GND.n2679 2.2505
R3808 GND.n5097 GND.n820 2.2505
R3809 GND.n5096 GND.n819 2.2505
R3810 GND.n5095 GND.n818 2.2505
R3811 GND.n2683 GND.n2682 2.2505
R3812 GND.n5091 GND.n817 2.2505
R3813 GND.n5090 GND.n816 2.2505
R3814 GND.n5089 GND.n815 2.2505
R3815 GND.n2686 GND.n2685 2.2505
R3816 GND.n5085 GND.n814 2.2505
R3817 GND.n5084 GND.n813 2.2505
R3818 GND.n5083 GND.n812 2.2505
R3819 GND.n2692 GND.n2688 2.2505
R3820 GND.n5079 GND.n5078 2.2505
R3821 GND.n2691 GND.n2690 2.2505
R3822 GND.n5075 GND.n5074 2.2505
R3823 GND.n2695 GND.n2694 2.2505
R3824 GND.n5070 GND.n5069 2.2505
R3825 GND.n2698 GND.n2697 2.2505
R3826 GND.n5066 GND.n5065 2.2505
R3827 GND.n2701 GND.n2700 2.2505
R3828 GND.n5061 GND.n5060 2.2505
R3829 GND.n2704 GND.n2703 2.2505
R3830 GND.n5057 GND.n5056 2.2505
R3831 GND.n2707 GND.n2706 2.2505
R3832 GND.n5052 GND.n5051 2.2505
R3833 GND.n2710 GND.n2709 2.2505
R3834 GND.n5048 GND.n5047 2.2505
R3835 GND.n2713 GND.n2712 2.2505
R3836 GND.n5043 GND.n5042 2.2505
R3837 GND.n2716 GND.n2715 2.2505
R3838 GND.n5039 GND.n5038 2.2505
R3839 GND.n2719 GND.n2718 2.2505
R3840 GND.n5034 GND.n5033 2.2505
R3841 GND.n2722 GND.n2721 2.2505
R3842 GND.n5030 GND.n5029 2.2505
R3843 GND.n2725 GND.n2724 2.2505
R3844 GND.n5025 GND.n5024 2.2505
R3845 GND.n2728 GND.n2727 2.2505
R3846 GND.n5021 GND.n5020 2.2505
R3847 GND.n2731 GND.n2730 2.2505
R3848 GND.n5016 GND.n5015 2.2505
R3849 GND.n2734 GND.n2733 2.2505
R3850 GND.n5012 GND.n5011 2.2505
R3851 GND.n2737 GND.n2736 2.2505
R3852 GND.n5007 GND.n5006 2.2505
R3853 GND.n2740 GND.n2739 2.2505
R3854 GND.n5003 GND.n5002 2.2505
R3855 GND.n2743 GND.n2742 2.2505
R3856 GND.n4998 GND.n4997 2.2505
R3857 GND.n2746 GND.n2745 2.2505
R3858 GND.n4994 GND.n4993 2.2505
R3859 GND.n2749 GND.n2748 2.2505
R3860 GND.n4989 GND.n4988 2.2505
R3861 GND.n2752 GND.n2751 2.2505
R3862 GND.n4985 GND.n4984 2.2505
R3863 GND.n2755 GND.n2754 2.2505
R3864 GND.n4980 GND.n4979 2.2505
R3865 GND.n2758 GND.n2757 2.2505
R3866 GND.n4976 GND.n4975 2.2505
R3867 GND.n2761 GND.n2760 2.2505
R3868 GND.n2765 GND.n2764 2.2505
R3869 GND.n2769 GND.n2768 2.2505
R3870 GND.n5732 GND.n2485 2.2505
R3871 GND.n5731 GND.n5729 2.2505
R3872 GND.n5728 GND.n2486 2.2505
R3873 GND.n5727 GND.n5726 2.2505
R3874 GND.n5725 GND.n2487 2.2505
R3875 GND.n5724 GND.n5722 2.2505
R3876 GND.n5721 GND.n2488 2.2505
R3877 GND.n5720 GND.n5719 2.2505
R3878 GND.n5718 GND.n2489 2.2505
R3879 GND.n5717 GND.n5715 2.2505
R3880 GND.n5714 GND.n2490 2.2505
R3881 GND.n5713 GND.n5712 2.2505
R3882 GND.n5711 GND.n2491 2.2505
R3883 GND.n5710 GND.n5708 2.2505
R3884 GND.n5707 GND.n2492 2.2505
R3885 GND.n5706 GND.n5705 2.2505
R3886 GND.n5704 GND.n2493 2.2505
R3887 GND.n5703 GND.n5701 2.2505
R3888 GND.n5700 GND.n2494 2.2505
R3889 GND.n5699 GND.n5698 2.2505
R3890 GND.n5697 GND.n2495 2.2505
R3891 GND.n5696 GND.n5694 2.2505
R3892 GND.n5693 GND.n2496 2.2505
R3893 GND.n5692 GND.n5691 2.2505
R3894 GND.n5690 GND.n2497 2.2505
R3895 GND.n5689 GND.n5687 2.2505
R3896 GND.n5686 GND.n2498 2.2505
R3897 GND.n5685 GND.n5684 2.2505
R3898 GND.n5683 GND.n2499 2.2505
R3899 GND.n5682 GND.n5680 2.2505
R3900 GND.n5679 GND.n2500 2.2505
R3901 GND.n5678 GND.n5677 2.2505
R3902 GND.n5676 GND.n2501 2.2505
R3903 GND.n5675 GND.n5673 2.2505
R3904 GND.n5672 GND.n2502 2.2505
R3905 GND.n5671 GND.n5670 2.2505
R3906 GND.n5669 GND.n2503 2.2505
R3907 GND.n5668 GND.n5666 2.2505
R3908 GND.n5665 GND.n2504 2.2505
R3909 GND.n5664 GND.n5663 2.2505
R3910 GND.n5662 GND.n2505 2.2505
R3911 GND.n5661 GND.n5659 2.2505
R3912 GND.n5658 GND.n2506 2.2505
R3913 GND.n5657 GND.n5656 2.2505
R3914 GND.n5655 GND.n2507 2.2505
R3915 GND.n5654 GND.n5652 2.2505
R3916 GND.n5651 GND.n2508 2.2505
R3917 GND.n5650 GND.n5649 2.2505
R3918 GND.n5648 GND.n2509 2.2505
R3919 GND.n5647 GND.n5645 2.2505
R3920 GND.n5644 GND.n2510 2.2505
R3921 GND.n5643 GND.n5642 2.2505
R3922 GND.n5641 GND.n2511 2.2505
R3923 GND.n5640 GND.n5638 2.2505
R3924 GND.n5637 GND.n2512 2.2505
R3925 GND.n5636 GND.n5635 2.2505
R3926 GND.n5634 GND.n2513 2.2505
R3927 GND.n5633 GND.n5631 2.2505
R3928 GND.n5630 GND.n2514 2.2505
R3929 GND.n5629 GND.n5628 2.2505
R3930 GND.n5627 GND.n2515 2.2505
R3931 GND.n5626 GND.n5624 2.2505
R3932 GND.n5623 GND.n2516 2.2505
R3933 GND.n5622 GND.n5621 2.2505
R3934 GND.n5620 GND.n2517 2.2505
R3935 GND.n5619 GND.n5617 2.2505
R3936 GND.n5616 GND.n2518 2.2505
R3937 GND.n5615 GND.n5614 2.2505
R3938 GND.n5613 GND.n2519 2.2505
R3939 GND.n5612 GND.n5610 2.2505
R3940 GND.n5609 GND.n2520 2.2505
R3941 GND.n5608 GND.n5607 2.2505
R3942 GND.n5606 GND.n2521 2.2505
R3943 GND.n5605 GND.n5603 2.2505
R3944 GND.n5602 GND.n2522 2.2505
R3945 GND.n5601 GND.n5600 2.2505
R3946 GND.n5599 GND.n2523 2.2505
R3947 GND.n5598 GND.n5596 2.2505
R3948 GND.n5595 GND.n2524 2.2505
R3949 GND.n5594 GND.n5593 2.2505
R3950 GND.n5592 GND.n2525 2.2505
R3951 GND.n5591 GND.n5589 2.2505
R3952 GND.n5588 GND.n2526 2.2505
R3953 GND.n5587 GND.n5586 2.2505
R3954 GND.n5585 GND.n2527 2.2505
R3955 GND.n5584 GND.n5582 2.2505
R3956 GND.n5581 GND.n2528 2.2505
R3957 GND.n5580 GND.n5579 2.2505
R3958 GND.n5578 GND.n2529 2.2505
R3959 GND.n5577 GND.n5575 2.2505
R3960 GND.n5574 GND.n2530 2.2505
R3961 GND.n5573 GND.n5572 2.2505
R3962 GND.n5571 GND.n2531 2.2505
R3963 GND.n5570 GND.n5568 2.2505
R3964 GND.n5567 GND.n2532 2.2505
R3965 GND.n5566 GND.n5565 2.2505
R3966 GND.n5564 GND.n2533 2.2505
R3967 GND.n5563 GND.n5561 2.2505
R3968 GND.n5560 GND.n2534 2.2505
R3969 GND.n5559 GND.n5558 2.2505
R3970 GND.n5557 GND.n2535 2.2505
R3971 GND.n5556 GND.n5554 2.2505
R3972 GND.n5553 GND.n2536 2.2505
R3973 GND.n5552 GND.n5551 2.2505
R3974 GND.n5550 GND.n2537 2.2505
R3975 GND.n5549 GND.n5547 2.2505
R3976 GND.n5546 GND.n2538 2.2505
R3977 GND.n5545 GND.n5544 2.2505
R3978 GND.n5543 GND.n2539 2.2505
R3979 GND.n5542 GND.n5540 2.2505
R3980 GND.n5539 GND.n2540 2.2505
R3981 GND.n5538 GND.n5537 2.2505
R3982 GND.n5536 GND.n2541 2.2505
R3983 GND.n5535 GND.n5533 2.2505
R3984 GND.n5532 GND.n2542 2.2505
R3985 GND.n5531 GND.n5530 2.2505
R3986 GND.n5529 GND.n2543 2.2505
R3987 GND.n5528 GND.n5526 2.2505
R3988 GND.n5525 GND.n2544 2.2505
R3989 GND.n5524 GND.n5523 2.2505
R3990 GND.n5522 GND.n2545 2.2505
R3991 GND.n5521 GND.n5519 2.2505
R3992 GND.n5518 GND.n2546 2.2505
R3993 GND.n5517 GND.n5516 2.2505
R3994 GND.n5515 GND.n2547 2.2505
R3995 GND.n5514 GND.n5512 2.2505
R3996 GND.n5511 GND.n2548 2.2505
R3997 GND.n5510 GND.n5509 2.2505
R3998 GND.n5508 GND.n2549 2.2505
R3999 GND.n5507 GND.n5505 2.2505
R4000 GND.n5504 GND.n2550 2.2505
R4001 GND.n5503 GND.n5502 2.2505
R4002 GND.n5501 GND.n2551 2.2505
R4003 GND.n5500 GND.n5498 2.2505
R4004 GND.n5497 GND.n2552 2.2505
R4005 GND.n5496 GND.n5495 2.2505
R4006 GND.n5494 GND.n2553 2.2505
R4007 GND.n5493 GND.n5491 2.2505
R4008 GND.n5490 GND.n2554 2.2505
R4009 GND.n5489 GND.n5488 2.2505
R4010 GND.n5487 GND.n2555 2.2505
R4011 GND.n5486 GND.n5484 2.2505
R4012 GND.n5483 GND.n2556 2.2505
R4013 GND.n5482 GND.n5481 2.2505
R4014 GND.n5480 GND.n2557 2.2505
R4015 GND.n5479 GND.n5477 2.2505
R4016 GND.n5476 GND.n2558 2.2505
R4017 GND.n5475 GND.n5474 2.2505
R4018 GND.n5473 GND.n2559 2.2505
R4019 GND.n5472 GND.n5470 2.2505
R4020 GND.n5469 GND.n2560 2.2505
R4021 GND.n5468 GND.n5467 2.2505
R4022 GND.n5466 GND.n2561 2.2505
R4023 GND.n5465 GND.n5463 2.2505
R4024 GND.n5462 GND.n2562 2.2505
R4025 GND.n5461 GND.n5460 2.2505
R4026 GND.n5459 GND.n2563 2.2505
R4027 GND.n5458 GND.n5456 2.2505
R4028 GND.n5455 GND.n2564 2.2505
R4029 GND.n5454 GND.n5453 2.2505
R4030 GND.n5452 GND.n2565 2.2505
R4031 GND.n5451 GND.n5449 2.2505
R4032 GND.n5448 GND.n2566 2.2505
R4033 GND.n5447 GND.n5446 2.2505
R4034 GND.n5445 GND.n2567 2.2505
R4035 GND.n5444 GND.n5442 2.2505
R4036 GND.n5441 GND.n2568 2.2505
R4037 GND.n5440 GND.n5439 2.2505
R4038 GND.n5438 GND.n2569 2.2505
R4039 GND.n5437 GND.n5435 2.2505
R4040 GND.n5434 GND.n2570 2.2505
R4041 GND.n5433 GND.n5432 2.2505
R4042 GND.n5431 GND.n2571 2.2505
R4043 GND.n5430 GND.n5428 2.2505
R4044 GND.n5427 GND.n2572 2.2505
R4045 GND.n5426 GND.n5425 2.2505
R4046 GND.n5424 GND.n2573 2.2505
R4047 GND.n5423 GND.n5421 2.2505
R4048 GND.n5420 GND.n2574 2.2505
R4049 GND.n5419 GND.n5418 2.2505
R4050 GND.n5417 GND.n2575 2.2505
R4051 GND.n5416 GND.n5414 2.2505
R4052 GND.n5413 GND.n2576 2.2505
R4053 GND.n5412 GND.n5411 2.2505
R4054 GND.n5410 GND.n2577 2.2505
R4055 GND.n5409 GND.n5407 2.2505
R4056 GND.n5406 GND.n2578 2.2505
R4057 GND.n5405 GND.n5404 2.2505
R4058 GND.n5403 GND.n2579 2.2505
R4059 GND.n5402 GND.n5400 2.2505
R4060 GND.n5399 GND.n2580 2.2505
R4061 GND.n5398 GND.n5397 2.2505
R4062 GND.n5396 GND.n2581 2.2505
R4063 GND.n5395 GND.n5393 2.2505
R4064 GND.n5392 GND.n2582 2.2505
R4065 GND.n5391 GND.n5390 2.2505
R4066 GND.n5389 GND.n2583 2.2505
R4067 GND.n5388 GND.n5386 2.2505
R4068 GND.n5385 GND.n2584 2.2505
R4069 GND.n5384 GND.n5383 2.2505
R4070 GND.n5382 GND.n2585 2.2505
R4071 GND.n5381 GND.n5379 2.2505
R4072 GND.n5378 GND.n2586 2.2505
R4073 GND.n5377 GND.n5376 2.2505
R4074 GND.n5375 GND.n2587 2.2505
R4075 GND.n5374 GND.n5372 2.2505
R4076 GND.n5371 GND.n2588 2.2505
R4077 GND.n5370 GND.n5369 2.2505
R4078 GND.n5368 GND.n2589 2.2505
R4079 GND.n5367 GND.n5365 2.2505
R4080 GND.n5364 GND.n2590 2.2505
R4081 GND.n5363 GND.n5362 2.2505
R4082 GND.n5361 GND.n2591 2.2505
R4083 GND.n5360 GND.n5358 2.2505
R4084 GND.n5357 GND.n2592 2.2505
R4085 GND.n5356 GND.n5355 2.2505
R4086 GND.n5354 GND.n2593 2.2505
R4087 GND.n5353 GND.n5351 2.2505
R4088 GND.n5350 GND.n2594 2.2505
R4089 GND.n5349 GND.n5348 2.2505
R4090 GND.n5347 GND.n2595 2.2505
R4091 GND.n5346 GND.n5344 2.2505
R4092 GND.n5343 GND.n2596 2.2505
R4093 GND.n5342 GND.n5341 2.2505
R4094 GND.n5340 GND.n2597 2.2505
R4095 GND.n5339 GND.n5337 2.2505
R4096 GND.n5336 GND.n2598 2.2505
R4097 GND.n5335 GND.n5334 2.2505
R4098 GND.n5333 GND.n2599 2.2505
R4099 GND.n5332 GND.n5330 2.2505
R4100 GND.n5329 GND.n2600 2.2505
R4101 GND.n5328 GND.n5327 2.2505
R4102 GND.n5326 GND.n2601 2.2505
R4103 GND.n5325 GND.n5323 2.2505
R4104 GND.n5322 GND.n2602 2.2505
R4105 GND.n5321 GND.n5320 2.2505
R4106 GND.n5319 GND.n2603 2.2505
R4107 GND.n5318 GND.n5316 2.2505
R4108 GND.n5315 GND.n2604 2.2505
R4109 GND.n5314 GND.n5313 2.2505
R4110 GND.n5312 GND.n2605 2.2505
R4111 GND.n5311 GND.n5309 2.2505
R4112 GND.n5308 GND.n2606 2.2505
R4113 GND.n5307 GND.n5306 2.2505
R4114 GND.n5305 GND.n2607 2.2505
R4115 GND.n5304 GND.n5302 2.2505
R4116 GND.n5301 GND.n2608 2.2505
R4117 GND.n5300 GND.n5299 2.2505
R4118 GND.n5298 GND.n2609 2.2505
R4119 GND.n5297 GND.n5295 2.2505
R4120 GND.n5294 GND.n2610 2.2505
R4121 GND.n5293 GND.n5292 2.2505
R4122 GND.n5291 GND.n2611 2.2505
R4123 GND.n5290 GND.n5288 2.2505
R4124 GND.n5287 GND.n2612 2.2505
R4125 GND.n5286 GND.n5285 2.2505
R4126 GND.n5284 GND.n2613 2.2505
R4127 GND.n5283 GND.n5281 2.2505
R4128 GND.n5280 GND.n2614 2.2505
R4129 GND.n5279 GND.n5278 2.2505
R4130 GND.n5277 GND.n2615 2.2505
R4131 GND.n5276 GND.n5274 2.2505
R4132 GND.n5273 GND.n2616 2.2505
R4133 GND.n5272 GND.n5271 2.2505
R4134 GND.n5270 GND.n2617 2.2505
R4135 GND.n5269 GND.n5267 2.2505
R4136 GND.n5266 GND.n2618 2.2505
R4137 GND.n5265 GND.n5264 2.2505
R4138 GND.n5263 GND.n2619 2.2505
R4139 GND.n5262 GND.n5260 2.2505
R4140 GND.n5259 GND.n2620 2.2505
R4141 GND.n5258 GND.n5257 2.2505
R4142 GND.n5256 GND.n2621 2.2505
R4143 GND.n5254 GND.n5253 2.2505
R4144 GND.n5252 GND.n2622 2.2505
R4145 GND.n5251 GND.n5250 2.2505
R4146 GND.n5249 GND.n2623 2.2505
R4147 GND.n5247 GND.n5246 2.2505
R4148 GND.n5245 GND.n2624 2.2505
R4149 GND.n5244 GND.n5243 2.2505
R4150 GND.n5242 GND.n2625 2.2505
R4151 GND.n5240 GND.n5239 2.2505
R4152 GND.n5238 GND.n2626 2.2505
R4153 GND.n5237 GND.n5236 2.2505
R4154 GND.n5235 GND.n2627 2.2505
R4155 GND.n5233 GND.n5232 2.2505
R4156 GND.n5231 GND.n2628 2.2505
R4157 GND.n5230 GND.n5229 2.2505
R4158 GND.n5228 GND.n2629 2.2505
R4159 GND.n5226 GND.n5225 2.2505
R4160 GND.n5224 GND.n2630 2.2505
R4161 GND.n5223 GND.n5222 2.2505
R4162 GND.n5221 GND.n2631 2.2505
R4163 GND.n5219 GND.n5218 2.2505
R4164 GND.n5217 GND.n2632 2.2505
R4165 GND.n5216 GND.n5215 2.2505
R4166 GND.n5214 GND.n2633 2.2505
R4167 GND.n5212 GND.n5211 2.2505
R4168 GND.n5210 GND.n2634 2.2505
R4169 GND.n5209 GND.n5208 2.2505
R4170 GND.n5207 GND.n2635 2.2505
R4171 GND.n5205 GND.n5204 2.2505
R4172 GND.n5203 GND.n2636 2.2505
R4173 GND.n5202 GND.n5201 2.2505
R4174 GND.n5200 GND.n2637 2.2505
R4175 GND.n5198 GND.n5197 2.2505
R4176 GND.n5196 GND.n2638 2.2505
R4177 GND.n5195 GND.n5194 2.2505
R4178 GND.n5193 GND.n2639 2.2505
R4179 GND.n5191 GND.n5190 2.2505
R4180 GND.n5189 GND.n2640 2.2505
R4181 GND.n5188 GND.n5187 2.2505
R4182 GND.n5186 GND.n2641 2.2505
R4183 GND.n5184 GND.n5183 2.2505
R4184 GND.n5182 GND.n2642 2.2505
R4185 GND.n5181 GND.n5180 2.2505
R4186 GND.n5179 GND.n2643 2.2505
R4187 GND.n5177 GND.n5176 2.2505
R4188 GND.n5175 GND.n2644 2.2505
R4189 GND.n5174 GND.n5173 2.2505
R4190 GND.n5172 GND.n2645 2.2505
R4191 GND.n5170 GND.n5169 2.2505
R4192 GND.n5168 GND.n2646 2.2505
R4193 GND.n5167 GND.n5166 2.2505
R4194 GND.n5165 GND.n2647 2.2505
R4195 GND.n5160 GND.n2648 2.2505
R4196 GND.n5162 GND.n5161 2.2505
R4197 GND.n5159 GND.n2650 2.2505
R4198 GND.n5158 GND.n5157 2.2505
R4199 GND.n5156 GND.n2651 2.2505
R4200 GND.n5155 GND.n5154 2.2505
R4201 GND.n5153 GND.n2653 2.2505
R4202 GND.n5152 GND.n5151 2.2505
R4203 GND.n5150 GND.n2654 2.2505
R4204 GND.n5149 GND.n5148 2.2505
R4205 GND.n5147 GND.n2656 2.2505
R4206 GND.n5146 GND.n5145 2.2505
R4207 GND.n5144 GND.n2657 2.2505
R4208 GND.n5143 GND.n5142 2.2505
R4209 GND.n5141 GND.n2659 2.2505
R4210 GND.n5140 GND.n5139 2.2505
R4211 GND.n5138 GND.n2660 2.2505
R4212 GND.n5137 GND.n5136 2.2505
R4213 GND.n5135 GND.n2662 2.2505
R4214 GND.n5134 GND.n5133 2.2505
R4215 GND.n5132 GND.n2663 2.2505
R4216 GND.n5131 GND.n5130 2.2505
R4217 GND.n5129 GND.n2665 2.2505
R4218 GND.n5128 GND.n5127 2.2505
R4219 GND.n5126 GND.n2666 2.2505
R4220 GND.n5125 GND.n5124 2.2505
R4221 GND.n5123 GND.n2668 2.2505
R4222 GND.n5122 GND.n5121 2.2505
R4223 GND.n5120 GND.n2669 2.2505
R4224 GND.n5119 GND.n5118 2.2505
R4225 GND.n5117 GND.n2671 2.2505
R4226 GND.n5116 GND.n5115 2.2505
R4227 GND.n5114 GND.n2672 2.2505
R4228 GND.n5113 GND.n5112 2.2505
R4229 GND.n5111 GND.n2674 2.2505
R4230 GND.n5110 GND.n5109 2.2505
R4231 GND.n5108 GND.n2675 2.2505
R4232 GND.n5107 GND.n5106 2.2505
R4233 GND.n5105 GND.n2677 2.2505
R4234 GND.n5104 GND.n5103 2.2505
R4235 GND.n5102 GND.n2678 2.2505
R4236 GND.n5101 GND.n5100 2.2505
R4237 GND.n5099 GND.n2680 2.2505
R4238 GND.n5098 GND.n5097 2.2505
R4239 GND.n5096 GND.n2681 2.2505
R4240 GND.n5095 GND.n5094 2.2505
R4241 GND.n5093 GND.n2683 2.2505
R4242 GND.n5092 GND.n5091 2.2505
R4243 GND.n5090 GND.n2684 2.2505
R4244 GND.n5089 GND.n5088 2.2505
R4245 GND.n5087 GND.n2686 2.2505
R4246 GND.n5086 GND.n5085 2.2505
R4247 GND.n5084 GND.n2687 2.2505
R4248 GND.n5083 GND.n5082 2.2505
R4249 GND.n5081 GND.n2688 2.2505
R4250 GND.n5080 GND.n5079 2.2505
R4251 GND.n2690 GND.n2689 2.2505
R4252 GND.n5074 GND.n5073 2.2505
R4253 GND.n5072 GND.n2695 2.2505
R4254 GND.n5071 GND.n5070 2.2505
R4255 GND.n2697 GND.n2696 2.2505
R4256 GND.n5065 GND.n5064 2.2505
R4257 GND.n5063 GND.n2701 2.2505
R4258 GND.n5062 GND.n5061 2.2505
R4259 GND.n2703 GND.n2702 2.2505
R4260 GND.n5056 GND.n5055 2.2505
R4261 GND.n5054 GND.n2707 2.2505
R4262 GND.n5053 GND.n5052 2.2505
R4263 GND.n2709 GND.n2708 2.2505
R4264 GND.n5047 GND.n5046 2.2505
R4265 GND.n5045 GND.n2713 2.2505
R4266 GND.n5044 GND.n5043 2.2505
R4267 GND.n2715 GND.n2714 2.2505
R4268 GND.n5038 GND.n5037 2.2505
R4269 GND.n5036 GND.n2719 2.2505
R4270 GND.n5035 GND.n5034 2.2505
R4271 GND.n2721 GND.n2720 2.2505
R4272 GND.n5029 GND.n5028 2.2505
R4273 GND.n5027 GND.n2725 2.2505
R4274 GND.n5026 GND.n5025 2.2505
R4275 GND.n2727 GND.n2726 2.2505
R4276 GND.n5020 GND.n5019 2.2505
R4277 GND.n5018 GND.n2731 2.2505
R4278 GND.n5017 GND.n5016 2.2505
R4279 GND.n2733 GND.n2732 2.2505
R4280 GND.n5011 GND.n5010 2.2505
R4281 GND.n5009 GND.n2737 2.2505
R4282 GND.n5008 GND.n5007 2.2505
R4283 GND.n2739 GND.n2738 2.2505
R4284 GND.n5002 GND.n5001 2.2505
R4285 GND.n5000 GND.n2743 2.2505
R4286 GND.n4999 GND.n4998 2.2505
R4287 GND.n2745 GND.n2744 2.2505
R4288 GND.n4993 GND.n4992 2.2505
R4289 GND.n4991 GND.n2749 2.2505
R4290 GND.n4990 GND.n4989 2.2505
R4291 GND.n2751 GND.n2750 2.2505
R4292 GND.n4984 GND.n4983 2.2505
R4293 GND.n4982 GND.n2755 2.2505
R4294 GND.n4981 GND.n4980 2.2505
R4295 GND.n2757 GND.n2756 2.2505
R4296 GND.n4975 GND.n4974 2.2505
R4297 GND.n4973 GND.n2769 2.2505
R4298 GND.n5734 GND.n5733 2.2505
R4299 GND.n5735 GND.n2484 2.2505
R4300 GND.n5737 GND.n5736 2.2505
R4301 GND.n5738 GND.n2483 2.2505
R4302 GND.n5740 GND.n5739 2.2505
R4303 GND.n5741 GND.n2482 2.2505
R4304 GND.n5743 GND.n5742 2.2505
R4305 GND.n5744 GND.n2481 2.2505
R4306 GND.n5746 GND.n5745 2.2505
R4307 GND.n5747 GND.n2480 2.2505
R4308 GND.n5749 GND.n5748 2.2505
R4309 GND.n5750 GND.n2479 2.2505
R4310 GND.n5752 GND.n5751 2.2505
R4311 GND.n5753 GND.n2478 2.2505
R4312 GND.n5755 GND.n5754 2.2505
R4313 GND.n5756 GND.n2477 2.2505
R4314 GND.n5758 GND.n5757 2.2505
R4315 GND.n5759 GND.n2476 2.2505
R4316 GND.n5761 GND.n5760 2.2505
R4317 GND.n5762 GND.n2475 2.2505
R4318 GND.n5764 GND.n5763 2.2505
R4319 GND.n5765 GND.n2474 2.2505
R4320 GND.n5767 GND.n5766 2.2505
R4321 GND.n5768 GND.n2473 2.2505
R4322 GND.n5770 GND.n5769 2.2505
R4323 GND.n5771 GND.n2472 2.2505
R4324 GND.n5773 GND.n5772 2.2505
R4325 GND.n5774 GND.n2471 2.2505
R4326 GND.n5776 GND.n5775 2.2505
R4327 GND.n5777 GND.n2470 2.2505
R4328 GND.n5779 GND.n5778 2.2505
R4329 GND.n5780 GND.n2469 2.2505
R4330 GND.n5782 GND.n5781 2.2505
R4331 GND.n5783 GND.n2468 2.2505
R4332 GND.n5785 GND.n5784 2.2505
R4333 GND.n5786 GND.n2467 2.2505
R4334 GND.n5788 GND.n5787 2.2505
R4335 GND.n5789 GND.n2466 2.2505
R4336 GND.n5791 GND.n5790 2.2505
R4337 GND.n5792 GND.n2465 2.2505
R4338 GND.n5794 GND.n5793 2.2505
R4339 GND.n5795 GND.n2464 2.2505
R4340 GND.n5797 GND.n5796 2.2505
R4341 GND.n5798 GND.n2463 2.2505
R4342 GND.n5800 GND.n5799 2.2505
R4343 GND.n5801 GND.n2462 2.2505
R4344 GND.n5803 GND.n5802 2.2505
R4345 GND.n5804 GND.n2461 2.2505
R4346 GND.n5806 GND.n5805 2.2505
R4347 GND.n5807 GND.n2460 2.2505
R4348 GND.n5809 GND.n5808 2.2505
R4349 GND.n5810 GND.n2459 2.2505
R4350 GND.n5812 GND.n5811 2.2505
R4351 GND.n5813 GND.n2458 2.2505
R4352 GND.n5815 GND.n5814 2.2505
R4353 GND.n5816 GND.n2457 2.2505
R4354 GND.n5818 GND.n5817 2.2505
R4355 GND.n5819 GND.n2456 2.2505
R4356 GND.n5821 GND.n5820 2.2505
R4357 GND.n5822 GND.n2455 2.2505
R4358 GND.n5824 GND.n5823 2.2505
R4359 GND.n5825 GND.n2454 2.2505
R4360 GND.n5827 GND.n5826 2.2505
R4361 GND.n5828 GND.n2453 2.2505
R4362 GND.n5830 GND.n5829 2.2505
R4363 GND.n5831 GND.n2452 2.2505
R4364 GND.n5833 GND.n5832 2.2505
R4365 GND.n5834 GND.n2451 2.2505
R4366 GND.n5836 GND.n5835 2.2505
R4367 GND.n5837 GND.n2450 2.2505
R4368 GND.n5839 GND.n5838 2.2505
R4369 GND.n5840 GND.n2449 2.2505
R4370 GND.n5842 GND.n5841 2.2505
R4371 GND.n5843 GND.n2448 2.2505
R4372 GND.n5845 GND.n5844 2.2505
R4373 GND.n5846 GND.n2447 2.2505
R4374 GND.n5848 GND.n5847 2.2505
R4375 GND.n5849 GND.n2446 2.2505
R4376 GND.n5851 GND.n5850 2.2505
R4377 GND.n5852 GND.n2445 2.2505
R4378 GND.n5854 GND.n5853 2.2505
R4379 GND.n5855 GND.n2444 2.2505
R4380 GND.n5857 GND.n5856 2.2505
R4381 GND.n5858 GND.n2443 2.2505
R4382 GND.n5860 GND.n5859 2.2505
R4383 GND.n5861 GND.n2442 2.2505
R4384 GND.n5863 GND.n5862 2.2505
R4385 GND.n5864 GND.n2441 2.2505
R4386 GND.n5866 GND.n5865 2.2505
R4387 GND.n5867 GND.n2440 2.2505
R4388 GND.n5869 GND.n5868 2.2505
R4389 GND.n5870 GND.n2439 2.2505
R4390 GND.n5872 GND.n5871 2.2505
R4391 GND.n5873 GND.n2438 2.2505
R4392 GND.n5875 GND.n5874 2.2505
R4393 GND.n5876 GND.n2437 2.2505
R4394 GND.n5878 GND.n5877 2.2505
R4395 GND.n5879 GND.n2436 2.2505
R4396 GND.n5881 GND.n5880 2.2505
R4397 GND.n5882 GND.n2435 2.2505
R4398 GND.n5884 GND.n5883 2.2505
R4399 GND.n5885 GND.n2434 2.2505
R4400 GND.n5887 GND.n5886 2.2505
R4401 GND.n5888 GND.n2433 2.2505
R4402 GND.n5890 GND.n5889 2.2505
R4403 GND.n5891 GND.n2432 2.2505
R4404 GND.n5893 GND.n5892 2.2505
R4405 GND.n5894 GND.n2431 2.2505
R4406 GND.n5897 GND.n5896 2.2505
R4407 GND.n5898 GND.n2430 2.2505
R4408 GND.n5900 GND.n5899 2.2505
R4409 GND.n5901 GND.n2429 2.2505
R4410 GND.n5904 GND.n5903 2.2505
R4411 GND.n5905 GND.n2428 2.2505
R4412 GND.n5908 GND.n5907 2.2505
R4413 GND.n5906 GND.n2425 2.2505
R4414 GND.n5913 GND.n2424 2.2505
R4415 GND.n5915 GND.n5914 2.2505
R4416 GND.n5916 GND.n1314 2.2505
R4417 GND.n5917 GND.n1315 2.2505
R4418 GND.n5918 GND.n1316 2.2505
R4419 GND.n5919 GND.n1317 2.2505
R4420 GND.n5920 GND.n1318 2.2505
R4421 GND.n5921 GND.n1319 2.2505
R4422 GND.n5922 GND.n1320 2.2505
R4423 GND.n5923 GND.n1321 2.2505
R4424 GND.n5924 GND.n1322 2.2505
R4425 GND.n5925 GND.n1323 2.2505
R4426 GND.n5926 GND.n1324 2.2505
R4427 GND.n5927 GND.n1325 2.2505
R4428 GND.n5928 GND.n1326 2.2505
R4429 GND.n5929 GND.n1327 2.2505
R4430 GND.n5930 GND.n1328 2.2505
R4431 GND.n5931 GND.n1329 2.2505
R4432 GND.n5932 GND.n1330 2.2505
R4433 GND.n5933 GND.n1331 2.2505
R4434 GND.n5934 GND.n1332 2.2505
R4435 GND.n5935 GND.n1333 2.2505
R4436 GND.n5936 GND.n1334 2.2505
R4437 GND.n5937 GND.n1335 2.2505
R4438 GND.n5938 GND.n1336 2.2505
R4439 GND.n5939 GND.n1337 2.2505
R4440 GND.n5940 GND.n1338 2.2505
R4441 GND.n5941 GND.n1339 2.2505
R4442 GND.n5942 GND.n1340 2.2505
R4443 GND.n5943 GND.n1341 2.2505
R4444 GND.n5944 GND.n1342 2.2505
R4445 GND.n5945 GND.n1343 2.2505
R4446 GND.n5946 GND.n1344 2.2505
R4447 GND.n5947 GND.n1345 2.2505
R4448 GND.n5948 GND.n1346 2.2505
R4449 GND.n5949 GND.n1347 2.2505
R4450 GND.n5950 GND.n1348 2.2505
R4451 GND.n5951 GND.n1349 2.2505
R4452 GND.n5952 GND.n1350 2.2505
R4453 GND.n5953 GND.n1351 2.2505
R4454 GND.n5954 GND.n1352 2.2505
R4455 GND.n5955 GND.n1353 2.2505
R4456 GND.n5956 GND.n1354 2.2505
R4457 GND.n5957 GND.n1355 2.2505
R4458 GND.n5958 GND.n1356 2.2505
R4459 GND.n5959 GND.n1357 2.2505
R4460 GND.n5960 GND.n1358 2.2505
R4461 GND.n5961 GND.n1359 2.2505
R4462 GND.n5962 GND.n1360 2.2505
R4463 GND.n5963 GND.n1361 2.2505
R4464 GND.n5964 GND.n1362 2.2505
R4465 GND.n5965 GND.n1363 2.2505
R4466 GND.n5966 GND.n1364 2.2505
R4467 GND.n5967 GND.n1365 2.2505
R4468 GND.n5968 GND.n1366 2.2505
R4469 GND.n5969 GND.n1367 2.2505
R4470 GND.n5970 GND.n1368 2.2505
R4471 GND.n5971 GND.n1369 2.2505
R4472 GND.n5972 GND.n1370 2.2505
R4473 GND.n5973 GND.n1371 2.2505
R4474 GND.n5974 GND.n1372 2.2505
R4475 GND.n5975 GND.n1373 2.2505
R4476 GND.n5976 GND.n1374 2.2505
R4477 GND.n5977 GND.n1375 2.2505
R4478 GND.n5978 GND.n1376 2.2505
R4479 GND.n5979 GND.n1377 2.2505
R4480 GND.n5980 GND.n1378 2.2505
R4481 GND.n5981 GND.n1379 2.2505
R4482 GND.n5982 GND.n1380 2.2505
R4483 GND.n5983 GND.n1381 2.2505
R4484 GND.n5984 GND.n1382 2.2505
R4485 GND.n5985 GND.n1383 2.2505
R4486 GND.n5986 GND.n1384 2.2505
R4487 GND.n5987 GND.n1385 2.2505
R4488 GND.n5988 GND.n1386 2.2505
R4489 GND.n5989 GND.n1387 2.2505
R4490 GND.n5990 GND.n1388 2.2505
R4491 GND.n5991 GND.n1389 2.2505
R4492 GND.n5992 GND.n1390 2.2505
R4493 GND.n5993 GND.n1391 2.2505
R4494 GND.n5994 GND.n1392 2.2505
R4495 GND.n5995 GND.n1393 2.2505
R4496 GND.n5996 GND.n1394 2.2505
R4497 GND.n5997 GND.n1395 2.2505
R4498 GND.n5998 GND.n1396 2.2505
R4499 GND.n5999 GND.n1397 2.2505
R4500 GND.n6000 GND.n1398 2.2505
R4501 GND.n6001 GND.n1399 2.2505
R4502 GND.n6002 GND.n1400 2.2505
R4503 GND.n6003 GND.n1401 2.2505
R4504 GND.n6004 GND.n1402 2.2505
R4505 GND.n6005 GND.n1403 2.2505
R4506 GND.n6006 GND.n1404 2.2505
R4507 GND.n6007 GND.n1405 2.2505
R4508 GND.n6008 GND.n1406 2.2505
R4509 GND.n6009 GND.n1407 2.2505
R4510 GND.n6010 GND.n1408 2.2505
R4511 GND.n6011 GND.n1409 2.2505
R4512 GND.n6012 GND.n1410 2.2505
R4513 GND.n6014 GND.n6013 2.2505
R4514 GND.n6016 GND.n6015 2.2505
R4515 GND.n6017 GND.n2423 2.2505
R4516 GND.n6021 GND.n6018 2.2505
R4517 GND.n6020 GND.n6019 2.2505
R4518 GND.n2420 GND.n2419 2.2505
R4519 GND.n6031 GND.n6030 2.2505
R4520 GND.n6032 GND.n2418 2.2505
R4521 GND.n6034 GND.n6033 2.2505
R4522 GND.n2416 GND.n2415 2.2505
R4523 GND.n6041 GND.n6040 2.2505
R4524 GND.n6042 GND.n2414 2.2505
R4525 GND.n6044 GND.n6043 2.2505
R4526 GND.n2411 GND.n2410 2.2505
R4527 GND.n6052 GND.n6051 2.2505
R4528 GND.n6053 GND.n2409 2.2505
R4529 GND.n6055 GND.n6054 2.2505
R4530 GND.n2407 GND.n2406 2.2505
R4531 GND.n6062 GND.n6061 2.2505
R4532 GND.n6063 GND.n2405 2.2505
R4533 GND.n6065 GND.n6064 2.2505
R4534 GND.n2403 GND.n2402 2.2505
R4535 GND.n6074 GND.n6073 2.2505
R4536 GND.n6075 GND.n2401 2.2505
R4537 GND.n6077 GND.n6076 2.2505
R4538 GND.n2399 GND.n2398 2.2505
R4539 GND.n6086 GND.n6085 2.2505
R4540 GND.n6087 GND.n2397 2.2505
R4541 GND.n6089 GND.n6088 2.2505
R4542 GND.n2395 GND.n2394 2.2505
R4543 GND.n6098 GND.n6097 2.2505
R4544 GND.n6099 GND.n2393 2.2505
R4545 GND.n6101 GND.n6100 2.2505
R4546 GND.n2391 GND.n2390 2.2505
R4547 GND.n6110 GND.n6109 2.2505
R4548 GND.n6111 GND.n2389 2.2505
R4549 GND.n6113 GND.n6112 2.2505
R4550 GND.n2387 GND.n2386 2.2505
R4551 GND.n6122 GND.n6121 2.2505
R4552 GND.n6123 GND.n2385 2.2505
R4553 GND.n6125 GND.n6124 2.2505
R4554 GND.n2383 GND.n2382 2.2505
R4555 GND.n6134 GND.n6133 2.2505
R4556 GND.n6135 GND.n2381 2.2505
R4557 GND.n6137 GND.n6136 2.2505
R4558 GND.n2379 GND.n2378 2.2505
R4559 GND.n6146 GND.n6145 2.2505
R4560 GND.n6147 GND.n2377 2.2505
R4561 GND.n6149 GND.n6148 2.2505
R4562 GND.n2375 GND.n2374 2.2505
R4563 GND.n6158 GND.n6157 2.2505
R4564 GND.n6159 GND.n2373 2.2505
R4565 GND.n6161 GND.n6160 2.2505
R4566 GND.n2371 GND.n2370 2.2505
R4567 GND.n6170 GND.n6169 2.2505
R4568 GND.n6171 GND.n2369 2.2505
R4569 GND.n6173 GND.n6172 2.2505
R4570 GND.n2367 GND.n2366 2.2505
R4571 GND.n6182 GND.n6181 2.2505
R4572 GND.n6183 GND.n2365 2.2505
R4573 GND.n6185 GND.n6184 2.2505
R4574 GND.n2362 GND.n2361 2.2505
R4575 GND.n6193 GND.n6192 2.2505
R4576 GND.n6194 GND.n2360 2.2505
R4577 GND.n6196 GND.n6195 2.2505
R4578 GND.n2358 GND.n2357 2.2505
R4579 GND.n6205 GND.n6204 2.2505
R4580 GND.n6206 GND.n2356 2.2505
R4581 GND.n6208 GND.n6207 2.2505
R4582 GND.n2354 GND.n2353 2.2505
R4583 GND.n6216 GND.n6215 2.2505
R4584 GND.n6217 GND.n2352 2.2505
R4585 GND.n6219 GND.n6218 2.2505
R4586 GND.n2350 GND.n2349 2.2505
R4587 GND.n6227 GND.n6226 2.2505
R4588 GND.n6228 GND.n2348 2.2505
R4589 GND.n6230 GND.n6229 2.2505
R4590 GND.n2346 GND.n2345 2.2505
R4591 GND.n6239 GND.n6238 2.2505
R4592 GND.n6240 GND.n2344 2.2505
R4593 GND.n6242 GND.n6241 2.2505
R4594 GND.n2342 GND.n2341 2.2505
R4595 GND.n6250 GND.n6249 2.2505
R4596 GND.n6251 GND.n2340 2.2505
R4597 GND.n6253 GND.n6252 2.2505
R4598 GND.n2337 GND.n2336 2.2505
R4599 GND.n6260 GND.n6259 2.2505
R4600 GND.n6261 GND.n2335 2.2505
R4601 GND.n6263 GND.n6262 2.2505
R4602 GND.n2333 GND.n2332 2.2505
R4603 GND.n6271 GND.n6270 2.2505
R4604 GND.n6272 GND.n2331 2.2505
R4605 GND.n6274 GND.n6273 2.2505
R4606 GND.n2328 GND.n2327 2.2505
R4607 GND.n6282 GND.n6281 2.2505
R4608 GND.n6283 GND.n2326 2.2505
R4609 GND.n6285 GND.n6284 2.2505
R4610 GND.n2324 GND.n2323 2.2505
R4611 GND.n6293 GND.n6292 2.2505
R4612 GND.n6294 GND.n2322 2.2505
R4613 GND.n6297 GND.n6296 2.2505
R4614 GND.n6295 GND.n2320 2.2505
R4615 GND.n6305 GND.n2319 2.2505
R4616 GND.n6307 GND.n6306 2.2505
R4617 GND.n6308 GND.n2318 2.2505
R4618 GND.n6311 GND.n6310 2.2505
R4619 GND.n6309 GND.n2258 2.2505
R4620 GND.n6319 GND.n2257 2.2505
R4621 GND.n6321 GND.n6320 2.2505
R4622 GND.n6322 GND.n2256 2.2505
R4623 GND.n6327 GND.n6323 2.2505
R4624 GND.n6326 GND.n6325 2.2505
R4625 GND.n6324 GND.n2252 2.2505
R4626 GND.n6335 GND.n2251 2.2505
R4627 GND.n6337 GND.n6336 2.2505
R4628 GND.n6338 GND.n1671 2.2505
R4629 GND.n6339 GND.n1672 2.2505
R4630 GND.n6340 GND.n1673 2.2505
R4631 GND.n6341 GND.n1674 2.2505
R4632 GND.n6342 GND.n1675 2.2505
R4633 GND.n6343 GND.n1676 2.2505
R4634 GND.n6344 GND.n1677 2.2505
R4635 GND.n6345 GND.n1678 2.2505
R4636 GND.n6346 GND.n1679 2.2505
R4637 GND.n6347 GND.n1680 2.2505
R4638 GND.n6348 GND.n1681 2.2505
R4639 GND.n6349 GND.n1682 2.2505
R4640 GND.n6350 GND.n1683 2.2505
R4641 GND.n6351 GND.n1684 2.2505
R4642 GND.n6352 GND.n1685 2.2505
R4643 GND.n6353 GND.n1686 2.2505
R4644 GND.n6354 GND.n1687 2.2505
R4645 GND.n6355 GND.n1688 2.2505
R4646 GND.n6356 GND.n1689 2.2505
R4647 GND.n6357 GND.n1690 2.2505
R4648 GND.n6358 GND.n1691 2.2505
R4649 GND.n6359 GND.n1692 2.2505
R4650 GND.n6360 GND.n1693 2.2505
R4651 GND.n6361 GND.n1694 2.2505
R4652 GND.n6362 GND.n1695 2.2505
R4653 GND.n6363 GND.n1696 2.2505
R4654 GND.n6364 GND.n1697 2.2505
R4655 GND.n6365 GND.n1698 2.2505
R4656 GND.n6366 GND.n1699 2.2505
R4657 GND.n6367 GND.n1700 2.2505
R4658 GND.n6368 GND.n1701 2.2505
R4659 GND.n6369 GND.n1702 2.2505
R4660 GND.n6370 GND.n1703 2.2505
R4661 GND.n6371 GND.n1704 2.2505
R4662 GND.n6372 GND.n1705 2.2505
R4663 GND.n6373 GND.n1706 2.2505
R4664 GND.n6374 GND.n1707 2.2505
R4665 GND.n6375 GND.n1708 2.2505
R4666 GND.n6376 GND.n1709 2.2505
R4667 GND.n6377 GND.n1710 2.2505
R4668 GND.n6378 GND.n1711 2.2505
R4669 GND.n6379 GND.n1712 2.2505
R4670 GND.n6380 GND.n1713 2.2505
R4671 GND.n6381 GND.n1714 2.2505
R4672 GND.n6382 GND.n1715 2.2505
R4673 GND.n6383 GND.n1716 2.2505
R4674 GND.n6384 GND.n1717 2.2505
R4675 GND.n6385 GND.n1718 2.2505
R4676 GND.n6386 GND.n1719 2.2505
R4677 GND.n6387 GND.n1720 2.2505
R4678 GND.n6388 GND.n1721 2.2505
R4679 GND.n6389 GND.n1722 2.2505
R4680 GND.n6390 GND.n1723 2.2505
R4681 GND.n6391 GND.n1724 2.2505
R4682 GND.n6392 GND.n1725 2.2505
R4683 GND.n6393 GND.n1726 2.2505
R4684 GND.n6394 GND.n1727 2.2505
R4685 GND.n6395 GND.n1728 2.2505
R4686 GND.n6396 GND.n1729 2.2505
R4687 GND.n6397 GND.n1730 2.2505
R4688 GND.n6398 GND.n1731 2.2505
R4689 GND.n6399 GND.n1732 2.2505
R4690 GND.n6400 GND.n1733 2.2505
R4691 GND.n6401 GND.n1734 2.2505
R4692 GND.n6402 GND.n1735 2.2505
R4693 GND.n6403 GND.n1736 2.2505
R4694 GND.n6404 GND.n1737 2.2505
R4695 GND.n6405 GND.n1738 2.2505
R4696 GND.n6406 GND.n1739 2.2505
R4697 GND.n6407 GND.n1740 2.2505
R4698 GND.n6408 GND.n1741 2.2505
R4699 GND.n6409 GND.n1742 2.2505
R4700 GND.n6410 GND.n1743 2.2505
R4701 GND.n6411 GND.n1744 2.2505
R4702 GND.n6412 GND.n1745 2.2505
R4703 GND.n6413 GND.n1746 2.2505
R4704 GND.n6414 GND.n1747 2.2505
R4705 GND.n6415 GND.n1748 2.2505
R4706 GND.n6416 GND.n1749 2.2505
R4707 GND.n6417 GND.n1750 2.2505
R4708 GND.n6418 GND.n1751 2.2505
R4709 GND.n6419 GND.n1752 2.2505
R4710 GND.n6420 GND.n1753 2.2505
R4711 GND.n6421 GND.n1754 2.2505
R4712 GND.n6422 GND.n1755 2.2505
R4713 GND.n6423 GND.n1756 2.2505
R4714 GND.n6424 GND.n1757 2.2505
R4715 GND.n6425 GND.n1758 2.2505
R4716 GND.n6426 GND.n1759 2.2505
R4717 GND.n6427 GND.n1760 2.2505
R4718 GND.n6428 GND.n1761 2.2505
R4719 GND.n6429 GND.n1762 2.2505
R4720 GND.n6430 GND.n1763 2.2505
R4721 GND.n6431 GND.n1764 2.2505
R4722 GND.n6432 GND.n1765 2.2505
R4723 GND.n6433 GND.n1766 2.2505
R4724 GND.n6434 GND.n1767 2.2505
R4725 GND.n6435 GND.n1768 2.2505
R4726 GND.n6436 GND.n1769 2.2505
R4727 GND.n6437 GND.n1770 2.2505
R4728 GND.n6438 GND.n1771 2.2505
R4729 GND.n6439 GND.n1772 2.2505
R4730 GND.n6440 GND.n1773 2.2505
R4731 GND.n6441 GND.n1774 2.2505
R4732 GND.n6442 GND.n1775 2.2505
R4733 GND.n3013 GND.n3012 2.2505
R4734 GND.n4102 GND.n4101 2.2505
R4735 GND.n4103 GND.n3011 2.2505
R4736 GND.n4105 GND.n4104 2.2505
R4737 GND.n3003 GND.n3001 2.2505
R4738 GND.n4908 GND.n4907 2.2505
R4739 GND.n3004 GND.n3002 2.2505
R4740 GND.n4412 GND.n4411 2.2505
R4741 GND.n4413 GND.n4410 2.2505
R4742 GND.n4415 GND.n4414 2.2505
R4743 GND.n4416 GND.n4409 2.2505
R4744 GND.n4418 GND.n4417 2.2505
R4745 GND.n4419 GND.n4407 2.2505
R4746 GND.n4421 GND.n4420 2.2505
R4747 GND.n4422 GND.n4406 2.2505
R4748 GND.n4424 GND.n4423 2.2505
R4749 GND.n4425 GND.n4404 2.2505
R4750 GND.n4427 GND.n4426 2.2505
R4751 GND.n4428 GND.n4403 2.2505
R4752 GND.n4430 GND.n4429 2.2505
R4753 GND.n4431 GND.n4401 2.2505
R4754 GND.n4433 GND.n4432 2.2505
R4755 GND.n4434 GND.n4400 2.2505
R4756 GND.n4436 GND.n4435 2.2505
R4757 GND.n4437 GND.n4398 2.2505
R4758 GND.n4439 GND.n4438 2.2505
R4759 GND.n4440 GND.n4397 2.2505
R4760 GND.n4442 GND.n4441 2.2505
R4761 GND.n4443 GND.n4395 2.2505
R4762 GND.n4445 GND.n4444 2.2505
R4763 GND.n4446 GND.n4394 2.2505
R4764 GND.n4448 GND.n4447 2.2505
R4765 GND.n4449 GND.n4392 2.2505
R4766 GND.n4451 GND.n4450 2.2505
R4767 GND.n4452 GND.n4391 2.2505
R4768 GND.n4454 GND.n4453 2.2505
R4769 GND.n4455 GND.n4389 2.2505
R4770 GND.n4457 GND.n4456 2.2505
R4771 GND.n4458 GND.n4388 2.2505
R4772 GND.n4460 GND.n4459 2.2505
R4773 GND.n4461 GND.n4386 2.2505
R4774 GND.n4463 GND.n4462 2.2505
R4775 GND.n4464 GND.n4385 2.2505
R4776 GND.n4466 GND.n4465 2.2505
R4777 GND.n4467 GND.n4383 2.2505
R4778 GND.n4469 GND.n4468 2.2505
R4779 GND.n4470 GND.n4382 2.2505
R4780 GND.n4472 GND.n4471 2.2505
R4781 GND.n4473 GND.n4380 2.2505
R4782 GND.n4475 GND.n4474 2.2505
R4783 GND.n4476 GND.n4379 2.2505
R4784 GND.n4478 GND.n4477 2.2505
R4785 GND.n4479 GND.n4377 2.2505
R4786 GND.n4481 GND.n4480 2.2505
R4787 GND.n4482 GND.n4376 2.2505
R4788 GND.n4484 GND.n4483 2.2505
R4789 GND.n4485 GND.n4374 2.2505
R4790 GND.n4487 GND.n4486 2.2505
R4791 GND.n4488 GND.n4373 2.2505
R4792 GND.n4490 GND.n4489 2.2505
R4793 GND.n4491 GND.n4371 2.2505
R4794 GND.n4493 GND.n4492 2.2505
R4795 GND.n4494 GND.n4370 2.2505
R4796 GND.n4496 GND.n4495 2.2505
R4797 GND.n4497 GND.n4368 2.2505
R4798 GND.n4499 GND.n4498 2.2505
R4799 GND.n4500 GND.n4367 2.2505
R4800 GND.n4502 GND.n4501 2.2505
R4801 GND.n4503 GND.n4365 2.2505
R4802 GND.n4505 GND.n4504 2.2505
R4803 GND.n4506 GND.n4364 2.2505
R4804 GND.n4508 GND.n4507 2.2505
R4805 GND.n4509 GND.n4362 2.2505
R4806 GND.n4511 GND.n4510 2.2505
R4807 GND.n4512 GND.n4361 2.2505
R4808 GND.n4514 GND.n4513 2.2505
R4809 GND.n4515 GND.n4359 2.2505
R4810 GND.n4517 GND.n4516 2.2505
R4811 GND.n4518 GND.n4358 2.2505
R4812 GND.n4520 GND.n4519 2.2505
R4813 GND.n4521 GND.n4356 2.2505
R4814 GND.n4523 GND.n4522 2.2505
R4815 GND.n4524 GND.n4355 2.2505
R4816 GND.n4526 GND.n4525 2.2505
R4817 GND.n4527 GND.n4353 2.2505
R4818 GND.n4529 GND.n4528 2.2505
R4819 GND.n4530 GND.n4352 2.2505
R4820 GND.n4532 GND.n4531 2.2505
R4821 GND.n4533 GND.n4350 2.2505
R4822 GND.n4535 GND.n4534 2.2505
R4823 GND.n4536 GND.n4349 2.2505
R4824 GND.n4538 GND.n4537 2.2505
R4825 GND.n4539 GND.n4347 2.2505
R4826 GND.n4541 GND.n4540 2.2505
R4827 GND.n4542 GND.n4346 2.2505
R4828 GND.n4544 GND.n4543 2.2505
R4829 GND.n4545 GND.n4344 2.2505
R4830 GND.n4547 GND.n4546 2.2505
R4831 GND.n4548 GND.n4343 2.2505
R4832 GND.n4550 GND.n4549 2.2505
R4833 GND.n4551 GND.n4341 2.2505
R4834 GND.n4553 GND.n4552 2.2505
R4835 GND.n4554 GND.n4340 2.2505
R4836 GND.n4556 GND.n4555 2.2505
R4837 GND.n4557 GND.n4338 2.2505
R4838 GND.n4559 GND.n4558 2.2505
R4839 GND.n4560 GND.n4337 2.2505
R4840 GND.n4565 GND.n4561 2.2505
R4841 GND.n4564 GND.n4563 2.2505
R4842 GND.n4562 GND.n4335 2.2505
R4843 GND.n4569 GND.n4334 2.2505
R4844 GND.n4571 GND.n4570 2.2505
R4845 GND.n4572 GND.n4333 2.2505
R4846 GND.n4574 GND.n4573 2.2505
R4847 GND.n4576 GND.n4332 2.2505
R4848 GND.n4578 GND.n4577 2.2505
R4849 GND.n4579 GND.n4331 2.2505
R4850 GND.n4581 GND.n4580 2.2505
R4851 GND.n4583 GND.n4330 2.2505
R4852 GND.n4585 GND.n4584 2.2505
R4853 GND.n4586 GND.n4329 2.2505
R4854 GND.n4588 GND.n4587 2.2505
R4855 GND.n4590 GND.n4328 2.2505
R4856 GND.n4592 GND.n4591 2.2505
R4857 GND.n4593 GND.n4327 2.2505
R4858 GND.n4595 GND.n4594 2.2505
R4859 GND.n4597 GND.n4326 2.2505
R4860 GND.n4599 GND.n4598 2.2505
R4861 GND.n4600 GND.n4325 2.2505
R4862 GND.n4602 GND.n4601 2.2505
R4863 GND.n4604 GND.n4324 2.2505
R4864 GND.n4606 GND.n4605 2.2505
R4865 GND.n4607 GND.n4323 2.2505
R4866 GND.n4609 GND.n4608 2.2505
R4867 GND.n4611 GND.n4322 2.2505
R4868 GND.n4613 GND.n4612 2.2505
R4869 GND.n4614 GND.n4321 2.2505
R4870 GND.n4616 GND.n4615 2.2505
R4871 GND.n4618 GND.n4320 2.2505
R4872 GND.n4620 GND.n4619 2.2505
R4873 GND.n4621 GND.n4319 2.2505
R4874 GND.n4623 GND.n4622 2.2505
R4875 GND.n4625 GND.n4318 2.2505
R4876 GND.n4627 GND.n4626 2.2505
R4877 GND.n4628 GND.n4317 2.2505
R4878 GND.n4630 GND.n4629 2.2505
R4879 GND.n4632 GND.n4316 2.2505
R4880 GND.n4634 GND.n4633 2.2505
R4881 GND.n4635 GND.n4315 2.2505
R4882 GND.n4637 GND.n4636 2.2505
R4883 GND.n4639 GND.n4314 2.2505
R4884 GND.n4641 GND.n4640 2.2505
R4885 GND.n4642 GND.n4313 2.2505
R4886 GND.n4644 GND.n4643 2.2505
R4887 GND.n4646 GND.n4312 2.2505
R4888 GND.n4648 GND.n4647 2.2505
R4889 GND.n4649 GND.n4311 2.2505
R4890 GND.n4651 GND.n4650 2.2505
R4891 GND.n4653 GND.n4310 2.2505
R4892 GND.n4655 GND.n4654 2.2505
R4893 GND.n4656 GND.n4309 2.2505
R4894 GND.n4658 GND.n4657 2.2505
R4895 GND.n4660 GND.n4308 2.2505
R4896 GND.n4662 GND.n4661 2.2505
R4897 GND.n4663 GND.n4307 2.2505
R4898 GND.n4665 GND.n4664 2.2505
R4899 GND.n4667 GND.n4306 2.2505
R4900 GND.n4669 GND.n4668 2.2505
R4901 GND.n4670 GND.n4305 2.2505
R4902 GND.n4672 GND.n4671 2.2505
R4903 GND.n4674 GND.n4304 2.2505
R4904 GND.n4676 GND.n4675 2.2505
R4905 GND.n4677 GND.n4303 2.2505
R4906 GND.n4679 GND.n4678 2.2505
R4907 GND.n4681 GND.n4302 2.2505
R4908 GND.n4683 GND.n4682 2.2505
R4909 GND.n4684 GND.n4301 2.2505
R4910 GND.n4686 GND.n4685 2.2505
R4911 GND.n4688 GND.n4300 2.2505
R4912 GND.n4690 GND.n4689 2.2505
R4913 GND.n4691 GND.n4299 2.2505
R4914 GND.n4693 GND.n4692 2.2505
R4915 GND.n4695 GND.n4298 2.2505
R4916 GND.n4697 GND.n4696 2.2505
R4917 GND.n4698 GND.n4297 2.2505
R4918 GND.n4700 GND.n4699 2.2505
R4919 GND.n4702 GND.n4296 2.2505
R4920 GND.n4704 GND.n4703 2.2505
R4921 GND.n4705 GND.n4295 2.2505
R4922 GND.n4707 GND.n4706 2.2505
R4923 GND.n4709 GND.n4294 2.2505
R4924 GND.n4711 GND.n4710 2.2505
R4925 GND.n4712 GND.n4293 2.2505
R4926 GND.n4714 GND.n4713 2.2505
R4927 GND.n4716 GND.n4292 2.2505
R4928 GND.n4718 GND.n4717 2.2505
R4929 GND.n4719 GND.n4291 2.2505
R4930 GND.n4721 GND.n4720 2.2505
R4931 GND.n4723 GND.n4290 2.2505
R4932 GND.n4725 GND.n4724 2.2505
R4933 GND.n4726 GND.n4289 2.2505
R4934 GND.n4728 GND.n4727 2.2505
R4935 GND.n4730 GND.n4288 2.2505
R4936 GND.n4732 GND.n4731 2.2505
R4937 GND.n4733 GND.n4287 2.2505
R4938 GND.n4735 GND.n4734 2.2505
R4939 GND.n4737 GND.n4286 2.2505
R4940 GND.n4739 GND.n4738 2.2505
R4941 GND.n4740 GND.n4285 2.2505
R4942 GND.n4742 GND.n4741 2.2505
R4943 GND.n4744 GND.n4284 2.2505
R4944 GND.n4746 GND.n4745 2.2505
R4945 GND.n4747 GND.n4283 2.2505
R4946 GND.n4752 GND.n4748 2.2505
R4947 GND.n4751 GND.n4750 2.2505
R4948 GND.n4749 GND.n1418 2.2505
R4949 GND.n6795 GND.n1419 2.2505
R4950 GND.n6794 GND.n1420 2.2505
R4951 GND.n6793 GND.n1421 2.2505
R4952 GND.n6792 GND.n1422 2.2505
R4953 GND.n6791 GND.n1423 2.2505
R4954 GND.n1881 GND.n1424 2.2505
R4955 GND.n1883 GND.n1882 2.2505
R4956 GND.n1885 GND.n1884 2.2505
R4957 GND.n1886 GND.n1880 2.2505
R4958 GND.n1888 GND.n1887 2.2505
R4959 GND.n1890 GND.n1879 2.2505
R4960 GND.n1892 GND.n1891 2.2505
R4961 GND.n1893 GND.n1878 2.2505
R4962 GND.n1895 GND.n1894 2.2505
R4963 GND.n1897 GND.n1877 2.2505
R4964 GND.n1899 GND.n1898 2.2505
R4965 GND.n1900 GND.n1876 2.2505
R4966 GND.n1902 GND.n1901 2.2505
R4967 GND.n1904 GND.n1875 2.2505
R4968 GND.n1906 GND.n1905 2.2505
R4969 GND.n1907 GND.n1874 2.2505
R4970 GND.n1909 GND.n1908 2.2505
R4971 GND.n1911 GND.n1873 2.2505
R4972 GND.n1913 GND.n1912 2.2505
R4973 GND.n1914 GND.n1872 2.2505
R4974 GND.n1916 GND.n1915 2.2505
R4975 GND.n1918 GND.n1871 2.2505
R4976 GND.n1920 GND.n1919 2.2505
R4977 GND.n1921 GND.n1870 2.2505
R4978 GND.n1923 GND.n1922 2.2505
R4979 GND.n1925 GND.n1869 2.2505
R4980 GND.n1927 GND.n1926 2.2505
R4981 GND.n1928 GND.n1868 2.2505
R4982 GND.n1930 GND.n1929 2.2505
R4983 GND.n1932 GND.n1867 2.2505
R4984 GND.n1934 GND.n1933 2.2505
R4985 GND.n1935 GND.n1866 2.2505
R4986 GND.n1937 GND.n1936 2.2505
R4987 GND.n1939 GND.n1865 2.2505
R4988 GND.n1941 GND.n1940 2.2505
R4989 GND.n1942 GND.n1864 2.2505
R4990 GND.n1944 GND.n1943 2.2505
R4991 GND.n1946 GND.n1863 2.2505
R4992 GND.n1948 GND.n1947 2.2505
R4993 GND.n1949 GND.n1862 2.2505
R4994 GND.n1951 GND.n1950 2.2505
R4995 GND.n1953 GND.n1861 2.2505
R4996 GND.n1955 GND.n1954 2.2505
R4997 GND.n1956 GND.n1860 2.2505
R4998 GND.n1958 GND.n1957 2.2505
R4999 GND.n1960 GND.n1859 2.2505
R5000 GND.n1962 GND.n1961 2.2505
R5001 GND.n1963 GND.n1858 2.2505
R5002 GND.n1965 GND.n1964 2.2505
R5003 GND.n1967 GND.n1857 2.2505
R5004 GND.n1969 GND.n1968 2.2505
R5005 GND.n1970 GND.n1856 2.2505
R5006 GND.n1972 GND.n1971 2.2505
R5007 GND.n1974 GND.n1855 2.2505
R5008 GND.n1976 GND.n1975 2.2505
R5009 GND.n1977 GND.n1854 2.2505
R5010 GND.n1979 GND.n1978 2.2505
R5011 GND.n1981 GND.n1853 2.2505
R5012 GND.n1983 GND.n1982 2.2505
R5013 GND.n1984 GND.n1852 2.2505
R5014 GND.n1986 GND.n1985 2.2505
R5015 GND.n1988 GND.n1851 2.2505
R5016 GND.n1990 GND.n1989 2.2505
R5017 GND.n1991 GND.n1850 2.2505
R5018 GND.n1993 GND.n1992 2.2505
R5019 GND.n1995 GND.n1849 2.2505
R5020 GND.n1997 GND.n1996 2.2505
R5021 GND.n1998 GND.n1848 2.2505
R5022 GND.n2000 GND.n1999 2.2505
R5023 GND.n2002 GND.n1847 2.2505
R5024 GND.n2004 GND.n2003 2.2505
R5025 GND.n2005 GND.n1846 2.2505
R5026 GND.n2007 GND.n2006 2.2505
R5027 GND.n2009 GND.n1845 2.2505
R5028 GND.n2011 GND.n2010 2.2505
R5029 GND.n2012 GND.n1844 2.2505
R5030 GND.n2014 GND.n2013 2.2505
R5031 GND.n2016 GND.n1843 2.2505
R5032 GND.n2018 GND.n2017 2.2505
R5033 GND.n2019 GND.n1842 2.2505
R5034 GND.n2021 GND.n2020 2.2505
R5035 GND.n2023 GND.n1841 2.2505
R5036 GND.n2025 GND.n2024 2.2505
R5037 GND.n2026 GND.n1840 2.2505
R5038 GND.n2028 GND.n2027 2.2505
R5039 GND.n2030 GND.n1839 2.2505
R5040 GND.n2032 GND.n2031 2.2505
R5041 GND.n2033 GND.n1838 2.2505
R5042 GND.n2035 GND.n2034 2.2505
R5043 GND.n2037 GND.n1837 2.2505
R5044 GND.n2039 GND.n2038 2.2505
R5045 GND.n2040 GND.n1836 2.2505
R5046 GND.n2042 GND.n2041 2.2505
R5047 GND.n2044 GND.n1835 2.2505
R5048 GND.n2046 GND.n2045 2.2505
R5049 GND.n2047 GND.n1834 2.2505
R5050 GND.n2049 GND.n2048 2.2505
R5051 GND.n2051 GND.n1833 2.2505
R5052 GND.n2053 GND.n2052 2.2505
R5053 GND.n2054 GND.n1832 2.2505
R5054 GND.n2056 GND.n2055 2.2505
R5055 GND.n2058 GND.n1831 2.2505
R5056 GND.n2060 GND.n2059 2.2505
R5057 GND.n2061 GND.n1830 2.2505
R5058 GND.n2063 GND.n2062 2.2505
R5059 GND.n2065 GND.n1829 2.2505
R5060 GND.n2067 GND.n2066 2.2505
R5061 GND.n2068 GND.n1828 2.2505
R5062 GND.n2071 GND.n2069 2.2505
R5063 GND.n2072 GND.n1827 2.2505
R5064 GND.n2074 GND.n2073 2.2505
R5065 GND.n2075 GND.n1826 2.2505
R5066 GND.n2078 GND.n2076 2.2505
R5067 GND.n2079 GND.n1825 2.2505
R5068 GND.n2081 GND.n2080 2.2505
R5069 GND.n2082 GND.n1824 2.2505
R5070 GND.n2085 GND.n2083 2.2505
R5071 GND.n2086 GND.n1823 2.2505
R5072 GND.n2088 GND.n2087 2.2505
R5073 GND.n2089 GND.n1822 2.2505
R5074 GND.n2092 GND.n2090 2.2505
R5075 GND.n2093 GND.n1821 2.2505
R5076 GND.n2095 GND.n2094 2.2505
R5077 GND.n2096 GND.n1820 2.2505
R5078 GND.n2099 GND.n2097 2.2505
R5079 GND.n2100 GND.n1819 2.2505
R5080 GND.n2102 GND.n2101 2.2505
R5081 GND.n2103 GND.n1818 2.2505
R5082 GND.n2106 GND.n2104 2.2505
R5083 GND.n2107 GND.n1817 2.2505
R5084 GND.n2109 GND.n2108 2.2505
R5085 GND.n2110 GND.n1816 2.2505
R5086 GND.n2113 GND.n2111 2.2505
R5087 GND.n2114 GND.n1815 2.2505
R5088 GND.n2116 GND.n2115 2.2505
R5089 GND.n2117 GND.n1814 2.2505
R5090 GND.n2120 GND.n2118 2.2505
R5091 GND.n2121 GND.n1813 2.2505
R5092 GND.n2123 GND.n2122 2.2505
R5093 GND.n2124 GND.n1812 2.2505
R5094 GND.n2127 GND.n2125 2.2505
R5095 GND.n2128 GND.n1811 2.2505
R5096 GND.n2130 GND.n2129 2.2505
R5097 GND.n2131 GND.n1810 2.2505
R5098 GND.n2134 GND.n2132 2.2505
R5099 GND.n2135 GND.n1809 2.2505
R5100 GND.n2137 GND.n2136 2.2505
R5101 GND.n2138 GND.n1808 2.2505
R5102 GND.n2141 GND.n2139 2.2505
R5103 GND.n2142 GND.n1807 2.2505
R5104 GND.n2144 GND.n2143 2.2505
R5105 GND.n2145 GND.n1806 2.2505
R5106 GND.n2148 GND.n2146 2.2505
R5107 GND.n2149 GND.n1805 2.2505
R5108 GND.n2151 GND.n2150 2.2505
R5109 GND.n2152 GND.n1804 2.2505
R5110 GND.n2155 GND.n2153 2.2505
R5111 GND.n2156 GND.n1803 2.2505
R5112 GND.n2158 GND.n2157 2.2505
R5113 GND.n2159 GND.n1802 2.2505
R5114 GND.n2162 GND.n2160 2.2505
R5115 GND.n2163 GND.n1801 2.2505
R5116 GND.n2165 GND.n2164 2.2505
R5117 GND.n2166 GND.n1800 2.2505
R5118 GND.n2169 GND.n2167 2.2505
R5119 GND.n2170 GND.n1799 2.2505
R5120 GND.n2172 GND.n2171 2.2505
R5121 GND.n2173 GND.n1798 2.2505
R5122 GND.n2176 GND.n2174 2.2505
R5123 GND.n2177 GND.n1797 2.2505
R5124 GND.n2179 GND.n2178 2.2505
R5125 GND.n2180 GND.n1796 2.2505
R5126 GND.n2183 GND.n2181 2.2505
R5127 GND.n2184 GND.n1795 2.2505
R5128 GND.n2186 GND.n2185 2.2505
R5129 GND.n2187 GND.n1794 2.2505
R5130 GND.n2190 GND.n2188 2.2505
R5131 GND.n2191 GND.n1793 2.2505
R5132 GND.n2193 GND.n2192 2.2505
R5133 GND.n2194 GND.n1792 2.2505
R5134 GND.n2197 GND.n2195 2.2505
R5135 GND.n2198 GND.n1791 2.2505
R5136 GND.n2200 GND.n2199 2.2505
R5137 GND.n2201 GND.n1790 2.2505
R5138 GND.n2204 GND.n2202 2.2505
R5139 GND.n2205 GND.n1789 2.2505
R5140 GND.n2207 GND.n2206 2.2505
R5141 GND.n2208 GND.n1788 2.2505
R5142 GND.n2211 GND.n2209 2.2505
R5143 GND.n2212 GND.n1787 2.2505
R5144 GND.n2214 GND.n2213 2.2505
R5145 GND.n2215 GND.n1786 2.2505
R5146 GND.n2218 GND.n2216 2.2505
R5147 GND.n2219 GND.n1785 2.2505
R5148 GND.n2221 GND.n2220 2.2505
R5149 GND.n2222 GND.n1784 2.2505
R5150 GND.n2225 GND.n2223 2.2505
R5151 GND.n2226 GND.n1783 2.2505
R5152 GND.n2228 GND.n2227 2.2505
R5153 GND.n2229 GND.n1782 2.2505
R5154 GND.n2232 GND.n2230 2.2505
R5155 GND.n2233 GND.n1781 2.2505
R5156 GND.n2235 GND.n2234 2.2505
R5157 GND.n2236 GND.n1780 2.2505
R5158 GND.n2239 GND.n2237 2.2505
R5159 GND.n2240 GND.n1779 2.2505
R5160 GND.n2242 GND.n2241 2.2505
R5161 GND.n2243 GND.n1778 2.2505
R5162 GND.n2246 GND.n2244 2.2505
R5163 GND.n2247 GND.n1777 2.2505
R5164 GND.n2249 GND.n2248 2.2505
R5165 GND.n2250 GND.n1776 2.2505
R5166 GND.n6444 GND.n6443 2.2505
R5167 GND.n3887 GND.n3886 2.2505
R5168 GND.n3888 GND.n3166 2.2505
R5169 GND.n3890 GND.n3889 2.2505
R5170 GND.n3162 GND.n3161 2.2505
R5171 GND.n3896 GND.n3895 2.2505
R5172 GND.n3897 GND.n3160 2.2505
R5173 GND.n3899 GND.n3898 2.2505
R5174 GND.n3156 GND.n3155 2.2505
R5175 GND.n3905 GND.n3904 2.2505
R5176 GND.n3906 GND.n3154 2.2505
R5177 GND.n3908 GND.n3907 2.2505
R5178 GND.n3150 GND.n3149 2.2505
R5179 GND.n3914 GND.n3913 2.2505
R5180 GND.n3915 GND.n3148 2.2505
R5181 GND.n3917 GND.n3916 2.2505
R5182 GND.n3144 GND.n3143 2.2505
R5183 GND.n3923 GND.n3922 2.2505
R5184 GND.n3924 GND.n3142 2.2505
R5185 GND.n3926 GND.n3925 2.2505
R5186 GND.n3138 GND.n3137 2.2505
R5187 GND.n3932 GND.n3931 2.2505
R5188 GND.n3933 GND.n3136 2.2505
R5189 GND.n3935 GND.n3934 2.2505
R5190 GND.n3131 GND.n3130 2.2505
R5191 GND.n3941 GND.n3940 2.2505
R5192 GND.n3942 GND.n3129 2.2505
R5193 GND.n3944 GND.n3943 2.2505
R5194 GND.n3125 GND.n3124 2.2505
R5195 GND.n3950 GND.n3949 2.2505
R5196 GND.n3951 GND.n3123 2.2505
R5197 GND.n3953 GND.n3952 2.2505
R5198 GND.n3118 GND.n3117 2.2505
R5199 GND.n3959 GND.n3958 2.2505
R5200 GND.n3960 GND.n3116 2.2505
R5201 GND.n3962 GND.n3961 2.2505
R5202 GND.n3111 GND.n3110 2.2505
R5203 GND.n3968 GND.n3967 2.2505
R5204 GND.n3969 GND.n3109 2.2505
R5205 GND.n3971 GND.n3970 2.2505
R5206 GND.n3104 GND.n3103 2.2505
R5207 GND.n3977 GND.n3976 2.2505
R5208 GND.n3978 GND.n3102 2.2505
R5209 GND.n3980 GND.n3979 2.2505
R5210 GND.n3098 GND.n3097 2.2505
R5211 GND.n3986 GND.n3985 2.2505
R5212 GND.n3987 GND.n3096 2.2505
R5213 GND.n3989 GND.n3988 2.2505
R5214 GND.n3092 GND.n3091 2.2505
R5215 GND.n3995 GND.n3994 2.2505
R5216 GND.n3996 GND.n3090 2.2505
R5217 GND.n3998 GND.n3997 2.2505
R5218 GND.n3086 GND.n3085 2.2505
R5219 GND.n4004 GND.n4003 2.2505
R5220 GND.n4005 GND.n3084 2.2505
R5221 GND.n4007 GND.n4006 2.2505
R5222 GND.n3079 GND.n3078 2.2505
R5223 GND.n4013 GND.n4012 2.2505
R5224 GND.n4014 GND.n3077 2.2505
R5225 GND.n4016 GND.n4015 2.2505
R5226 GND.n3072 GND.n3071 2.2505
R5227 GND.n4022 GND.n4021 2.2505
R5228 GND.n4023 GND.n3070 2.2505
R5229 GND.n4025 GND.n4024 2.2505
R5230 GND.n3065 GND.n3064 2.2505
R5231 GND.n4031 GND.n4030 2.2505
R5232 GND.n4032 GND.n3063 2.2505
R5233 GND.n4034 GND.n4033 2.2505
R5234 GND.n3058 GND.n3057 2.2505
R5235 GND.n4040 GND.n4039 2.2505
R5236 GND.n4041 GND.n3056 2.2505
R5237 GND.n4043 GND.n4042 2.2505
R5238 GND.n3052 GND.n3051 2.2505
R5239 GND.n4049 GND.n4048 2.2505
R5240 GND.n4050 GND.n3050 2.2505
R5241 GND.n4052 GND.n4051 2.2505
R5242 GND.n3045 GND.n3044 2.2505
R5243 GND.n4058 GND.n4057 2.2505
R5244 GND.n4059 GND.n3043 2.2505
R5245 GND.n4061 GND.n4060 2.2505
R5246 GND.n3039 GND.n3038 2.2505
R5247 GND.n4067 GND.n4066 2.2505
R5248 GND.n4068 GND.n3037 2.2505
R5249 GND.n4070 GND.n4069 2.2505
R5250 GND.n3033 GND.n3032 2.2505
R5251 GND.n4076 GND.n4075 2.2505
R5252 GND.n4077 GND.n3031 2.2505
R5253 GND.n4079 GND.n4078 2.2505
R5254 GND.n3026 GND.n3025 2.2505
R5255 GND.n4085 GND.n4084 2.2505
R5256 GND.n4086 GND.n3024 2.2505
R5257 GND.n4088 GND.n4087 2.2505
R5258 GND.n3019 GND.n3018 2.2505
R5259 GND.n4094 GND.n4093 2.2505
R5260 GND.n4095 GND.n3017 2.2505
R5261 GND.n4097 GND.n4096 2.2505
R5262 GND.n3473 GND.n3472 2.2505
R5263 GND.n3471 GND.n3303 2.2505
R5264 GND.n3470 GND.n3469 2.2505
R5265 GND.n3468 GND.n3304 2.2505
R5266 GND.n3467 GND.n3466 2.2505
R5267 GND.n3465 GND.n3310 2.2505
R5268 GND.n3464 GND.n3463 2.2505
R5269 GND.n3462 GND.n3311 2.2505
R5270 GND.n3461 GND.n3460 2.2505
R5271 GND.n3459 GND.n3320 2.2505
R5272 GND.n3458 GND.n3457 2.2505
R5273 GND.n3456 GND.n3321 2.2505
R5274 GND.n3455 GND.n3454 2.2505
R5275 GND.n3453 GND.n3330 2.2505
R5276 GND.n3452 GND.n3451 2.2505
R5277 GND.n3450 GND.n3331 2.2505
R5278 GND.n3449 GND.n3448 2.2505
R5279 GND.n3447 GND.n3340 2.2505
R5280 GND.n3446 GND.n3445 2.2505
R5281 GND.n3444 GND.n3341 2.2505
R5282 GND.n3443 GND.n3442 2.2505
R5283 GND.n3441 GND.n3350 2.2505
R5284 GND.n3440 GND.n3439 2.2505
R5285 GND.n3438 GND.n3351 2.2505
R5286 GND.n3437 GND.n3436 2.2505
R5287 GND.n3435 GND.n3360 2.2505
R5288 GND.n3434 GND.n3433 2.2505
R5289 GND.n3432 GND.n3361 2.2505
R5290 GND.n3431 GND.n3430 2.2505
R5291 GND.n3429 GND.n3370 2.2505
R5292 GND.n3428 GND.n3427 2.2505
R5293 GND.n3426 GND.n3371 2.2505
R5294 GND.n3425 GND.n3424 2.2505
R5295 GND.n3423 GND.n3380 2.2505
R5296 GND.n3422 GND.n3421 2.2505
R5297 GND.n3420 GND.n3381 2.2505
R5298 GND.n3419 GND.n3418 2.2505
R5299 GND.n3417 GND.n3390 2.2505
R5300 GND.n3416 GND.n3415 2.2505
R5301 GND.n3414 GND.n3391 2.2505
R5302 GND.n3413 GND.n3412 2.2505
R5303 GND.n3411 GND.n3400 2.2505
R5304 GND.n3410 GND.n3409 2.2505
R5305 GND.n3408 GND.n3401 2.2505
R5306 GND.n3208 GND.n3207 2.2505
R5307 GND.n3708 GND.n3707 2.2505
R5308 GND.n3709 GND.n3206 2.2505
R5309 GND.n3711 GND.n3710 2.2505
R5310 GND.n3203 GND.n3202 2.2505
R5311 GND.n3718 GND.n3717 2.2505
R5312 GND.n3719 GND.n3200 2.2505
R5313 GND.n3880 GND.n3879 2.2505
R5314 GND.n3878 GND.n3201 2.2505
R5315 GND.n3877 GND.n3876 2.2505
R5316 GND.n3875 GND.n3720 2.2505
R5317 GND.n3874 GND.n3873 2.2505
R5318 GND.n3872 GND.n3727 2.2505
R5319 GND.n3871 GND.n3870 2.2505
R5320 GND.n3869 GND.n3728 2.2505
R5321 GND.n3868 GND.n3867 2.2505
R5322 GND.n3866 GND.n3737 2.2505
R5323 GND.n3865 GND.n3864 2.2505
R5324 GND.n3863 GND.n3738 2.2505
R5325 GND.n3862 GND.n3861 2.2505
R5326 GND.n3860 GND.n3747 2.2505
R5327 GND.n3859 GND.n3858 2.2505
R5328 GND.n3857 GND.n3748 2.2505
R5329 GND.n3856 GND.n3855 2.2505
R5330 GND.n3854 GND.n3755 2.2505
R5331 GND.n3853 GND.n3852 2.2505
R5332 GND.n3851 GND.n3756 2.2505
R5333 GND.n3850 GND.n3849 2.2505
R5334 GND.n3848 GND.n3765 2.2505
R5335 GND.n3847 GND.n3846 2.2505
R5336 GND.n3845 GND.n3766 2.2505
R5337 GND.n3844 GND.n3843 2.2505
R5338 GND.n3842 GND.n3775 2.2505
R5339 GND.n3841 GND.n3840 2.2505
R5340 GND.n3839 GND.n3776 2.2505
R5341 GND.n3838 GND.n3837 2.2505
R5342 GND.n3836 GND.n3785 2.2505
R5343 GND.n3835 GND.n3834 2.2505
R5344 GND.n3833 GND.n3786 2.2505
R5345 GND.n3832 GND.n3831 2.2505
R5346 GND.n3830 GND.n3795 2.2505
R5347 GND.n3829 GND.n3828 2.2505
R5348 GND.n3827 GND.n3796 2.2505
R5349 GND.n3826 GND.n3825 2.2505
R5350 GND.n3824 GND.n3805 2.2505
R5351 GND.n3823 GND.n3822 2.2505
R5352 GND.n3821 GND.n3806 2.2505
R5353 GND.n3820 GND.n3819 2.2505
R5354 GND.n3818 GND.n3817 2.2505
R5355 GND.n3648 GND.n3647 2.2505
R5356 GND.n3649 GND.n3602 2.2505
R5357 GND.n3651 GND.n3650 2.2505
R5358 GND.n3652 GND.n3601 2.2505
R5359 GND.n3654 GND.n3653 2.2505
R5360 GND.n3655 GND.n3597 2.2505
R5361 GND.n3657 GND.n3656 2.2505
R5362 GND.n3658 GND.n3596 2.2505
R5363 GND.n3660 GND.n3659 2.2505
R5364 GND.n3661 GND.n3592 2.2505
R5365 GND.n3663 GND.n3662 2.2505
R5366 GND.n3664 GND.n3591 2.2505
R5367 GND.n3666 GND.n3665 2.2505
R5368 GND.n3667 GND.n3587 2.2505
R5369 GND.n3669 GND.n3668 2.2505
R5370 GND.n3670 GND.n3586 2.2505
R5371 GND.n3672 GND.n3671 2.2505
R5372 GND.n3673 GND.n3582 2.2505
R5373 GND.n3675 GND.n3674 2.2505
R5374 GND.n3676 GND.n3581 2.2505
R5375 GND.n3678 GND.n3677 2.2505
R5376 GND.n3679 GND.n3577 2.2505
R5377 GND.n3681 GND.n3680 2.2505
R5378 GND.n3682 GND.n3576 2.2505
R5379 GND.n3684 GND.n3683 2.2505
R5380 GND.n3685 GND.n3572 2.2505
R5381 GND.n3687 GND.n3686 2.2505
R5382 GND.n3688 GND.n3571 2.2505
R5383 GND.n3690 GND.n3689 2.2505
R5384 GND.n3691 GND.n3567 2.2505
R5385 GND.n3693 GND.n3692 2.2505
R5386 GND.n3694 GND.n3566 2.2505
R5387 GND.n3696 GND.n3695 2.2505
R5388 GND.n3697 GND.n3562 2.2505
R5389 GND.n3699 GND.n3698 2.2505
R5390 GND.n3700 GND.n3214 2.2505
R5391 GND.n3702 GND.n3701 2.2505
R5392 GND.n3561 GND.n3213 2.2505
R5393 GND.n3560 GND.n3559 2.2505
R5394 GND.n3216 GND.n3215 2.2505
R5395 GND.n3554 GND.n3553 2.2505
R5396 GND.n3552 GND.n3220 2.2505
R5397 GND.n3551 GND.n3550 2.2505
R5398 GND.n3222 GND.n3221 2.2505
R5399 GND.n3545 GND.n3544 2.2505
R5400 GND.n3543 GND.n3226 2.2505
R5401 GND.n3542 GND.n3541 2.2505
R5402 GND.n3228 GND.n3227 2.2505
R5403 GND.n3536 GND.n3535 2.2505
R5404 GND.n3534 GND.n3231 2.2505
R5405 GND.n3533 GND.n3532 2.2505
R5406 GND.n3233 GND.n3232 2.2505
R5407 GND.n3527 GND.n3526 2.2505
R5408 GND.n3525 GND.n3238 2.2505
R5409 GND.n3524 GND.n3523 2.2505
R5410 GND.n3240 GND.n3239 2.2505
R5411 GND.n3518 GND.n3517 2.2505
R5412 GND.n3516 GND.n3245 2.2505
R5413 GND.n3515 GND.n3514 2.2505
R5414 GND.n3247 GND.n3246 2.2505
R5415 GND.n3509 GND.n3508 2.2505
R5416 GND.n3507 GND.n3252 2.2505
R5417 GND.n3506 GND.n3505 2.2505
R5418 GND.n3254 GND.n3253 2.2505
R5419 GND.n3500 GND.n3499 2.2505
R5420 GND.n3498 GND.n3258 2.2505
R5421 GND.n3497 GND.n3496 2.2505
R5422 GND.n3260 GND.n3259 2.2505
R5423 GND.n3491 GND.n3490 2.2505
R5424 GND.n3489 GND.n3265 2.2505
R5425 GND.n3488 GND.n3487 2.2505
R5426 GND.n3267 GND.n3266 2.2505
R5427 GND.n3482 GND.n3481 2.2505
R5428 GND.n3480 GND.n3271 2.2505
R5429 GND.n3479 GND.n3478 2.2505
R5430 GND.n3483 GND.n3482 2.2505
R5431 GND.n3268 GND.n3267 2.2505
R5432 GND.n3487 GND.n3486 2.2505
R5433 GND.n3265 GND.n3264 2.2505
R5434 GND.n3492 GND.n3491 2.2505
R5435 GND.n3261 GND.n3260 2.2505
R5436 GND.n3496 GND.n3495 2.2505
R5437 GND.n3258 GND.n3257 2.2505
R5438 GND.n3501 GND.n3500 2.2505
R5439 GND.n3255 GND.n3254 2.2505
R5440 GND.n3505 GND.n3504 2.2505
R5441 GND.n3252 GND.n3251 2.2505
R5442 GND.n3510 GND.n3509 2.2505
R5443 GND.n3248 GND.n3247 2.2505
R5444 GND.n3514 GND.n3513 2.2505
R5445 GND.n3245 GND.n3244 2.2505
R5446 GND.n3519 GND.n3518 2.2505
R5447 GND.n3241 GND.n3240 2.2505
R5448 GND.n3523 GND.n3522 2.2505
R5449 GND.n3238 GND.n3237 2.2505
R5450 GND.n3528 GND.n3527 2.2505
R5451 GND.n3234 GND.n3233 2.2505
R5452 GND.n3532 GND.n3531 2.2505
R5453 GND.n3231 GND.n3230 2.2505
R5454 GND.n3537 GND.n3536 2.2505
R5455 GND.n3229 GND.n3228 2.2505
R5456 GND.n3541 GND.n3540 2.2505
R5457 GND.n3226 GND.n3225 2.2505
R5458 GND.n3546 GND.n3545 2.2505
R5459 GND.n3223 GND.n3222 2.2505
R5460 GND.n3550 GND.n3549 2.2505
R5461 GND.n3220 GND.n3219 2.2505
R5462 GND.n3555 GND.n3554 2.2505
R5463 GND.n3217 GND.n3216 2.2505
R5464 GND.n3559 GND.n3558 2.2505
R5465 GND.n3213 GND.n3211 2.2505
R5466 GND.n3703 GND.n3702 2.2505
R5467 GND.n3214 GND.n3212 2.2505
R5468 GND.n3698 GND.n3563 2.2505
R5469 GND.n3697 GND.n3564 2.2505
R5470 GND.n3696 GND.n3565 2.2505
R5471 GND.n3619 GND.n3566 2.2505
R5472 GND.n3692 GND.n3568 2.2505
R5473 GND.n3691 GND.n3569 2.2505
R5474 GND.n3690 GND.n3570 2.2505
R5475 GND.n3616 GND.n3571 2.2505
R5476 GND.n3686 GND.n3573 2.2505
R5477 GND.n3685 GND.n3574 2.2505
R5478 GND.n3684 GND.n3575 2.2505
R5479 GND.n3614 GND.n3576 2.2505
R5480 GND.n3680 GND.n3578 2.2505
R5481 GND.n3679 GND.n3579 2.2505
R5482 GND.n3678 GND.n3580 2.2505
R5483 GND.n3613 GND.n3581 2.2505
R5484 GND.n3674 GND.n3583 2.2505
R5485 GND.n3673 GND.n3584 2.2505
R5486 GND.n3672 GND.n3585 2.2505
R5487 GND.n3612 GND.n3586 2.2505
R5488 GND.n3668 GND.n3588 2.2505
R5489 GND.n3667 GND.n3589 2.2505
R5490 GND.n3666 GND.n3590 2.2505
R5491 GND.n3611 GND.n3591 2.2505
R5492 GND.n3662 GND.n3593 2.2505
R5493 GND.n3661 GND.n3594 2.2505
R5494 GND.n3660 GND.n3595 2.2505
R5495 GND.n3610 GND.n3596 2.2505
R5496 GND.n3656 GND.n3598 2.2505
R5497 GND.n3655 GND.n3599 2.2505
R5498 GND.n3654 GND.n3600 2.2505
R5499 GND.n3609 GND.n3601 2.2505
R5500 GND.n3650 GND.n3603 2.2505
R5501 GND.n3649 GND.n3604 2.2505
R5502 GND.n3648 GND.n3605 2.2505
R5503 GND.n3607 GND.n3606 2.2505
R5504 GND.n3271 GND.n3270 2.2505
R5505 GND.n3478 GND.n3477 2.2505
R5506 GND.n3277 GND.n3276 2.2505
R5507 GND.n3817 GND.n3816 2.2505
R5508 GND.n3820 GND.n3815 2.2505
R5509 GND.n3821 GND.n3813 2.2505
R5510 GND.n3822 GND.n3810 2.2505
R5511 GND.n3809 GND.n3805 2.2505
R5512 GND.n3826 GND.n3804 2.2505
R5513 GND.n3827 GND.n3803 2.2505
R5514 GND.n3828 GND.n3800 2.2505
R5515 GND.n3799 GND.n3795 2.2505
R5516 GND.n3832 GND.n3794 2.2505
R5517 GND.n3833 GND.n3793 2.2505
R5518 GND.n3834 GND.n3790 2.2505
R5519 GND.n3789 GND.n3785 2.2505
R5520 GND.n3838 GND.n3784 2.2505
R5521 GND.n3839 GND.n3783 2.2505
R5522 GND.n3840 GND.n3780 2.2505
R5523 GND.n3779 GND.n3775 2.2505
R5524 GND.n3844 GND.n3774 2.2505
R5525 GND.n3845 GND.n3773 2.2505
R5526 GND.n3846 GND.n3770 2.2505
R5527 GND.n3769 GND.n3765 2.2505
R5528 GND.n3850 GND.n3764 2.2505
R5529 GND.n3851 GND.n3763 2.2505
R5530 GND.n3852 GND.n3760 2.2505
R5531 GND.n3759 GND.n3755 2.2505
R5532 GND.n3856 GND.n3754 2.2505
R5533 GND.n3857 GND.n3753 2.2505
R5534 GND.n3858 GND.n3751 2.2505
R5535 GND.n3750 GND.n3747 2.2505
R5536 GND.n3862 GND.n3746 2.2505
R5537 GND.n3863 GND.n3743 2.2505
R5538 GND.n3864 GND.n3742 2.2505
R5539 GND.n3739 GND.n3737 2.2505
R5540 GND.n3868 GND.n3736 2.2505
R5541 GND.n3869 GND.n3733 2.2505
R5542 GND.n3870 GND.n3732 2.2505
R5543 GND.n3729 GND.n3727 2.2505
R5544 GND.n3874 GND.n3726 2.2505
R5545 GND.n3875 GND.n3723 2.2505
R5546 GND.n3876 GND.n3722 2.2505
R5547 GND.n3201 GND.n3199 2.2505
R5548 GND.n3881 GND.n3880 2.2505
R5549 GND.n3200 GND.n3198 2.2505
R5550 GND.n3717 GND.n3716 2.2505
R5551 GND.n3204 GND.n3203 2.2505
R5552 GND.n3712 GND.n3711 2.2505
R5553 GND.n3206 GND.n3205 2.2505
R5554 GND.n3707 GND.n3706 2.2505
R5555 GND.n3209 GND.n3208 2.2505
R5556 GND.n3408 GND.n3407 2.2505
R5557 GND.n3409 GND.n3406 2.2505
R5558 GND.n3404 GND.n3400 2.2505
R5559 GND.n3413 GND.n3399 2.2505
R5560 GND.n3414 GND.n3398 2.2505
R5561 GND.n3415 GND.n3395 2.2505
R5562 GND.n3394 GND.n3390 2.2505
R5563 GND.n3419 GND.n3389 2.2505
R5564 GND.n3420 GND.n3388 2.2505
R5565 GND.n3421 GND.n3385 2.2505
R5566 GND.n3384 GND.n3380 2.2505
R5567 GND.n3425 GND.n3379 2.2505
R5568 GND.n3426 GND.n3378 2.2505
R5569 GND.n3427 GND.n3375 2.2505
R5570 GND.n3374 GND.n3370 2.2505
R5571 GND.n3431 GND.n3369 2.2505
R5572 GND.n3432 GND.n3368 2.2505
R5573 GND.n3433 GND.n3365 2.2505
R5574 GND.n3364 GND.n3360 2.2505
R5575 GND.n3437 GND.n3359 2.2505
R5576 GND.n3438 GND.n3358 2.2505
R5577 GND.n3439 GND.n3355 2.2505
R5578 GND.n3354 GND.n3350 2.2505
R5579 GND.n3443 GND.n3349 2.2505
R5580 GND.n3444 GND.n3348 2.2505
R5581 GND.n3445 GND.n3345 2.2505
R5582 GND.n3344 GND.n3340 2.2505
R5583 GND.n3449 GND.n3339 2.2505
R5584 GND.n3450 GND.n3338 2.2505
R5585 GND.n3451 GND.n3335 2.2505
R5586 GND.n3334 GND.n3330 2.2505
R5587 GND.n3455 GND.n3329 2.2505
R5588 GND.n3456 GND.n3328 2.2505
R5589 GND.n3457 GND.n3325 2.2505
R5590 GND.n3324 GND.n3320 2.2505
R5591 GND.n3461 GND.n3319 2.2505
R5592 GND.n3462 GND.n3318 2.2505
R5593 GND.n3463 GND.n3315 2.2505
R5594 GND.n3314 GND.n3310 2.2505
R5595 GND.n3467 GND.n3309 2.2505
R5596 GND.n3468 GND.n3308 2.2505
R5597 GND.n3469 GND.n3305 2.2505
R5598 GND.n3303 GND.n3302 2.2505
R5599 GND.n3474 GND.n3473 2.2505
R5600 GND.n3172 GND.n3171 2.2505
R5601 GND.n3886 GND.n3885 2.2505
R5602 GND.n3166 GND.n3165 2.2505
R5603 GND.n3891 GND.n3890 2.2505
R5604 GND.n3163 GND.n3162 2.2505
R5605 GND.n3895 GND.n3894 2.2505
R5606 GND.n3160 GND.n3159 2.2505
R5607 GND.n3900 GND.n3899 2.2505
R5608 GND.n3157 GND.n3156 2.2505
R5609 GND.n3904 GND.n3903 2.2505
R5610 GND.n3154 GND.n3153 2.2505
R5611 GND.n3909 GND.n3908 2.2505
R5612 GND.n3151 GND.n3150 2.2505
R5613 GND.n3913 GND.n3912 2.2505
R5614 GND.n3148 GND.n3147 2.2505
R5615 GND.n3918 GND.n3917 2.2505
R5616 GND.n3145 GND.n3144 2.2505
R5617 GND.n3922 GND.n3921 2.2505
R5618 GND.n3142 GND.n3141 2.2505
R5619 GND.n3927 GND.n3926 2.2505
R5620 GND.n3139 GND.n3138 2.2505
R5621 GND.n3931 GND.n3930 2.2505
R5622 GND.n3136 GND.n3135 2.2505
R5623 GND.n3936 GND.n3935 2.2505
R5624 GND.n3132 GND.n3131 2.2505
R5625 GND.n3940 GND.n3939 2.2505
R5626 GND.n3129 GND.n3128 2.2505
R5627 GND.n3945 GND.n3944 2.2505
R5628 GND.n3126 GND.n3125 2.2505
R5629 GND.n3949 GND.n3948 2.2505
R5630 GND.n3123 GND.n3122 2.2505
R5631 GND.n3954 GND.n3953 2.2505
R5632 GND.n3119 GND.n3118 2.2505
R5633 GND.n3958 GND.n3957 2.2505
R5634 GND.n3116 GND.n3115 2.2505
R5635 GND.n3963 GND.n3962 2.2505
R5636 GND.n3112 GND.n3111 2.2505
R5637 GND.n3967 GND.n3966 2.2505
R5638 GND.n3109 GND.n3108 2.2505
R5639 GND.n3972 GND.n3971 2.2505
R5640 GND.n3105 GND.n3104 2.2505
R5641 GND.n3976 GND.n3975 2.2505
R5642 GND.n3102 GND.n3101 2.2505
R5643 GND.n3981 GND.n3980 2.2505
R5644 GND.n3099 GND.n3098 2.2505
R5645 GND.n3985 GND.n3984 2.2505
R5646 GND.n3096 GND.n3095 2.2505
R5647 GND.n3990 GND.n3989 2.2505
R5648 GND.n3093 GND.n3092 2.2505
R5649 GND.n3994 GND.n3993 2.2505
R5650 GND.n3090 GND.n3089 2.2505
R5651 GND.n3999 GND.n3998 2.2505
R5652 GND.n3087 GND.n3086 2.2505
R5653 GND.n4003 GND.n4002 2.2505
R5654 GND.n3084 GND.n3083 2.2505
R5655 GND.n4008 GND.n4007 2.2505
R5656 GND.n3080 GND.n3079 2.2505
R5657 GND.n4012 GND.n4011 2.2505
R5658 GND.n3077 GND.n3076 2.2505
R5659 GND.n4017 GND.n4016 2.2505
R5660 GND.n3073 GND.n3072 2.2505
R5661 GND.n4021 GND.n4020 2.2505
R5662 GND.n3070 GND.n3069 2.2505
R5663 GND.n4026 GND.n4025 2.2505
R5664 GND.n3066 GND.n3065 2.2505
R5665 GND.n4030 GND.n4029 2.2505
R5666 GND.n3063 GND.n3062 2.2505
R5667 GND.n4035 GND.n4034 2.2505
R5668 GND.n3059 GND.n3058 2.2505
R5669 GND.n4039 GND.n4038 2.2505
R5670 GND.n3056 GND.n3055 2.2505
R5671 GND.n4044 GND.n4043 2.2505
R5672 GND.n3053 GND.n3052 2.2505
R5673 GND.n4048 GND.n4047 2.2505
R5674 GND.n3050 GND.n3049 2.2505
R5675 GND.n4053 GND.n4052 2.2505
R5676 GND.n3046 GND.n3045 2.2505
R5677 GND.n4057 GND.n4056 2.2505
R5678 GND.n3043 GND.n3042 2.2505
R5679 GND.n4062 GND.n4061 2.2505
R5680 GND.n3040 GND.n3039 2.2505
R5681 GND.n4066 GND.n4065 2.2505
R5682 GND.n3037 GND.n3036 2.2505
R5683 GND.n4071 GND.n4070 2.2505
R5684 GND.n3034 GND.n3033 2.2505
R5685 GND.n4075 GND.n4074 2.2505
R5686 GND.n3031 GND.n3030 2.2505
R5687 GND.n4080 GND.n4079 2.2505
R5688 GND.n3027 GND.n3026 2.2505
R5689 GND.n4084 GND.n4083 2.2505
R5690 GND.n3024 GND.n3023 2.2505
R5691 GND.n4089 GND.n4088 2.2505
R5692 GND.n3020 GND.n3019 2.2505
R5693 GND.n4093 GND.n4092 2.2505
R5694 GND.n3017 GND.n3016 2.2505
R5695 GND.n4098 GND.n4097 2.2505
R5696 GND.n3173 GND.n3172 2.2505
R5697 GND.n3885 GND.n3884 2.2505
R5698 GND.n3165 GND.n3164 2.2505
R5699 GND.n3892 GND.n3891 2.2505
R5700 GND.n63 GND.n3163 2.2505
R5701 GND.n3894 GND.n3893 2.2505
R5702 GND.n3159 GND.n3158 2.2505
R5703 GND.n3901 GND.n3900 2.2505
R5704 GND.n66 GND.n3157 2.2505
R5705 GND.n3903 GND.n3902 2.2505
R5706 GND.n3153 GND.n3152 2.2505
R5707 GND.n3910 GND.n3909 2.2505
R5708 GND.n69 GND.n3151 2.2505
R5709 GND.n3912 GND.n3911 2.2505
R5710 GND.n3147 GND.n3146 2.2505
R5711 GND.n3919 GND.n3918 2.2505
R5712 GND.n72 GND.n3145 2.2505
R5713 GND.n3921 GND.n3920 2.2505
R5714 GND.n3141 GND.n3140 2.2505
R5715 GND.n3928 GND.n3927 2.2505
R5716 GND.n75 GND.n3139 2.2505
R5717 GND.n3930 GND.n3929 2.2505
R5718 GND.n3135 GND.n3134 2.2505
R5719 GND.n3937 GND.n3936 2.2505
R5720 GND.n3133 GND.n3132 2.2505
R5721 GND.n3939 GND.n3938 2.2505
R5722 GND.n3128 GND.n808 2.2505
R5723 GND.n3946 GND.n3945 2.2505
R5724 GND.n3127 GND.n3126 2.2505
R5725 GND.n3948 GND.n3947 2.2505
R5726 GND.n3122 GND.n3121 2.2505
R5727 GND.n3955 GND.n3954 2.2505
R5728 GND.n3120 GND.n3119 2.2505
R5729 GND.n3957 GND.n3956 2.2505
R5730 GND.n3115 GND.n3114 2.2505
R5731 GND.n3964 GND.n3963 2.2505
R5732 GND.n3113 GND.n3112 2.2505
R5733 GND.n3966 GND.n3965 2.2505
R5734 GND.n3108 GND.n3107 2.2505
R5735 GND.n3973 GND.n3972 2.2505
R5736 GND.n3106 GND.n3105 2.2505
R5737 GND.n3975 GND.n3974 2.2505
R5738 GND.n3101 GND.n3100 2.2505
R5739 GND.n3982 GND.n3981 2.2505
R5740 GND.n88 GND.n3099 2.2505
R5741 GND.n3984 GND.n3983 2.2505
R5742 GND.n3095 GND.n90 2.2505
R5743 GND.n3991 GND.n3990 2.2505
R5744 GND.n3094 GND.n3093 2.2505
R5745 GND.n3993 GND.n3992 2.2505
R5746 GND.n3089 GND.n3088 2.2505
R5747 GND.n4000 GND.n3999 2.2505
R5748 GND.n98 GND.n3087 2.2505
R5749 GND.n4002 GND.n4001 2.2505
R5750 GND.n3083 GND.n3082 2.2505
R5751 GND.n4009 GND.n4008 2.2505
R5752 GND.n3081 GND.n3080 2.2505
R5753 GND.n4011 GND.n4010 2.2505
R5754 GND.n3076 GND.n3075 2.2505
R5755 GND.n4018 GND.n4017 2.2505
R5756 GND.n3074 GND.n3073 2.2505
R5757 GND.n4020 GND.n4019 2.2505
R5758 GND.n3069 GND.n3068 2.2505
R5759 GND.n4027 GND.n4026 2.2505
R5760 GND.n3067 GND.n3066 2.2505
R5761 GND.n4029 GND.n4028 2.2505
R5762 GND.n3062 GND.n3061 2.2505
R5763 GND.n4036 GND.n4035 2.2505
R5764 GND.n3060 GND.n3059 2.2505
R5765 GND.n4038 GND.n4037 2.2505
R5766 GND.n3055 GND.n3054 2.2505
R5767 GND.n4045 GND.n4044 2.2505
R5768 GND.n109 GND.n3053 2.2505
R5769 GND.n4047 GND.n4046 2.2505
R5770 GND.n3049 GND.n3048 2.2505
R5771 GND.n4054 GND.n4053 2.2505
R5772 GND.n3047 GND.n3046 2.2505
R5773 GND.n4056 GND.n4055 2.2505
R5774 GND.n3042 GND.n3041 2.2505
R5775 GND.n4063 GND.n4062 2.2505
R5776 GND.n114 GND.n3040 2.2505
R5777 GND.n4065 GND.n4064 2.2505
R5778 GND.n3036 GND.n3035 2.2505
R5779 GND.n4072 GND.n4071 2.2505
R5780 GND.n117 GND.n3034 2.2505
R5781 GND.n4074 GND.n4073 2.2505
R5782 GND.n3030 GND.n3029 2.2505
R5783 GND.n4081 GND.n4080 2.2505
R5784 GND.n3028 GND.n3027 2.2505
R5785 GND.n4083 GND.n4082 2.2505
R5786 GND.n3023 GND.n3022 2.2505
R5787 GND.n4090 GND.n4089 2.2505
R5788 GND.n3021 GND.n3020 2.2505
R5789 GND.n4092 GND.n4091 2.2505
R5790 GND.n3016 GND.n3015 2.2505
R5791 GND.n3816 GND.n3185 2.2505
R5792 GND.n3815 GND.n3814 2.2505
R5793 GND.n3813 GND.n3812 2.2505
R5794 GND.n3811 GND.n3810 2.2505
R5795 GND.n3809 GND.n3808 2.2505
R5796 GND.n3807 GND.n3804 2.2505
R5797 GND.n3803 GND.n3802 2.2505
R5798 GND.n3801 GND.n3800 2.2505
R5799 GND.n3799 GND.n3798 2.2505
R5800 GND.n3797 GND.n3794 2.2505
R5801 GND.n3793 GND.n3792 2.2505
R5802 GND.n3791 GND.n3790 2.2505
R5803 GND.n3789 GND.n3788 2.2505
R5804 GND.n3787 GND.n3784 2.2505
R5805 GND.n3783 GND.n3782 2.2505
R5806 GND.n3781 GND.n3780 2.2505
R5807 GND.n3779 GND.n3778 2.2505
R5808 GND.n3777 GND.n3774 2.2505
R5809 GND.n3773 GND.n3772 2.2505
R5810 GND.n3771 GND.n3770 2.2505
R5811 GND.n3769 GND.n3768 2.2505
R5812 GND.n3767 GND.n3764 2.2505
R5813 GND.n3763 GND.n3762 2.2505
R5814 GND.n3761 GND.n3760 2.2505
R5815 GND.n3759 GND.n3758 2.2505
R5816 GND.n3757 GND.n3754 2.2505
R5817 GND.n3753 GND.n3752 2.2505
R5818 GND.n3751 GND.n3176 2.2505
R5819 GND.n3750 GND.n3749 2.2505
R5820 GND.n3746 GND.n3745 2.2505
R5821 GND.n3744 GND.n3743 2.2505
R5822 GND.n3742 GND.n3741 2.2505
R5823 GND.n3740 GND.n3739 2.2505
R5824 GND.n3736 GND.n3735 2.2505
R5825 GND.n3734 GND.n3733 2.2505
R5826 GND.n3732 GND.n3731 2.2505
R5827 GND.n3730 GND.n3729 2.2505
R5828 GND.n3726 GND.n3725 2.2505
R5829 GND.n3724 GND.n3723 2.2505
R5830 GND.n3722 GND.n3721 2.2505
R5831 GND.n3199 GND.n3196 2.2505
R5832 GND.n3882 GND.n3881 2.2505
R5833 GND.n3198 GND.n3197 2.2505
R5834 GND.n3716 GND.n3715 2.2505
R5835 GND.n3714 GND.n3204 2.2505
R5836 GND.n3713 GND.n3712 2.2505
R5837 GND.n3205 GND.n60 2.2505
R5838 GND.n3706 GND.n3705 2.2505
R5839 GND.n58 GND.n3209 2.2505
R5840 GND.n3407 GND.n3289 2.2505
R5841 GND.n3406 GND.n3405 2.2505
R5842 GND.n3404 GND.n3403 2.2505
R5843 GND.n3402 GND.n3399 2.2505
R5844 GND.n3398 GND.n3397 2.2505
R5845 GND.n3396 GND.n3395 2.2505
R5846 GND.n3394 GND.n3393 2.2505
R5847 GND.n3392 GND.n3389 2.2505
R5848 GND.n3388 GND.n3387 2.2505
R5849 GND.n3386 GND.n3385 2.2505
R5850 GND.n3384 GND.n3383 2.2505
R5851 GND.n3382 GND.n3379 2.2505
R5852 GND.n3378 GND.n3377 2.2505
R5853 GND.n3376 GND.n3375 2.2505
R5854 GND.n3374 GND.n3373 2.2505
R5855 GND.n3372 GND.n3369 2.2505
R5856 GND.n3368 GND.n3367 2.2505
R5857 GND.n3366 GND.n3365 2.2505
R5858 GND.n3364 GND.n3363 2.2505
R5859 GND.n3362 GND.n3359 2.2505
R5860 GND.n3358 GND.n3357 2.2505
R5861 GND.n3356 GND.n3355 2.2505
R5862 GND.n3354 GND.n3353 2.2505
R5863 GND.n3352 GND.n3349 2.2505
R5864 GND.n3348 GND.n3347 2.2505
R5865 GND.n3346 GND.n3345 2.2505
R5866 GND.n3344 GND.n3343 2.2505
R5867 GND.n3342 GND.n3339 2.2505
R5868 GND.n3338 GND.n3337 2.2505
R5869 GND.n3336 GND.n3335 2.2505
R5870 GND.n3334 GND.n3333 2.2505
R5871 GND.n3332 GND.n3329 2.2505
R5872 GND.n3328 GND.n3327 2.2505
R5873 GND.n3326 GND.n3325 2.2505
R5874 GND.n3324 GND.n3323 2.2505
R5875 GND.n3322 GND.n3319 2.2505
R5876 GND.n3318 GND.n3317 2.2505
R5877 GND.n3316 GND.n3315 2.2505
R5878 GND.n3314 GND.n3313 2.2505
R5879 GND.n3312 GND.n3309 2.2505
R5880 GND.n3308 GND.n3307 2.2505
R5881 GND.n3306 GND.n3305 2.2505
R5882 GND.n3302 GND.n3301 2.2505
R5883 GND.n3475 GND.n3474 2.2505
R5884 GND.n3484 GND.n3483 2.2505
R5885 GND.n54 GND.n3268 2.2505
R5886 GND.n3486 GND.n3485 2.2505
R5887 GND.n3264 GND.n3263 2.2505
R5888 GND.n3493 GND.n3492 2.2505
R5889 GND.n3262 GND.n3261 2.2505
R5890 GND.n3495 GND.n3494 2.2505
R5891 GND.n3257 GND.n3256 2.2505
R5892 GND.n3502 GND.n3501 2.2505
R5893 GND.n49 GND.n3255 2.2505
R5894 GND.n3504 GND.n3503 2.2505
R5895 GND.n3251 GND.n3250 2.2505
R5896 GND.n3511 GND.n3510 2.2505
R5897 GND.n3249 GND.n3248 2.2505
R5898 GND.n3513 GND.n3512 2.2505
R5899 GND.n3244 GND.n3243 2.2505
R5900 GND.n3520 GND.n3519 2.2505
R5901 GND.n3242 GND.n3241 2.2505
R5902 GND.n3522 GND.n3521 2.2505
R5903 GND.n3237 GND.n3236 2.2505
R5904 GND.n3529 GND.n3528 2.2505
R5905 GND.n3235 GND.n3234 2.2505
R5906 GND.n3531 GND.n3530 2.2505
R5907 GND.n3230 GND.n809 2.2505
R5908 GND.n3538 GND.n3537 2.2505
R5909 GND.n40 GND.n3229 2.2505
R5910 GND.n3540 GND.n3539 2.2505
R5911 GND.n3225 GND.n3224 2.2505
R5912 GND.n3547 GND.n3546 2.2505
R5913 GND.n37 GND.n3223 2.2505
R5914 GND.n3549 GND.n3548 2.2505
R5915 GND.n3219 GND.n3218 2.2505
R5916 GND.n3556 GND.n3555 2.2505
R5917 GND.n34 GND.n3217 2.2505
R5918 GND.n3558 GND.n3557 2.2505
R5919 GND.n3211 GND.n33 2.2505
R5920 GND.n3704 GND.n3703 2.2505
R5921 GND.n3212 GND.n3210 2.2505
R5922 GND.n30 GND.n3563 2.2505
R5923 GND.n3617 GND.n3564 2.2505
R5924 GND.n3618 GND.n3565 2.2505
R5925 GND.n3620 GND.n3619 2.2505
R5926 GND.n27 GND.n3568 2.2505
R5927 GND.n3621 GND.n3569 2.2505
R5928 GND.n3622 GND.n3570 2.2505
R5929 GND.n24 GND.n3616 2.2505
R5930 GND.n3623 GND.n3573 2.2505
R5931 GND.n3624 GND.n3574 2.2505
R5932 GND.n3625 GND.n3575 2.2505
R5933 GND.n3615 GND.n3614 2.2505
R5934 GND.n3626 GND.n3578 2.2505
R5935 GND.n3627 GND.n3579 2.2505
R5936 GND.n3628 GND.n3580 2.2505
R5937 GND.n19 GND.n3613 2.2505
R5938 GND.n3629 GND.n3583 2.2505
R5939 GND.n3630 GND.n3584 2.2505
R5940 GND.n3631 GND.n3585 2.2505
R5941 GND.n16 GND.n3612 2.2505
R5942 GND.n3632 GND.n3588 2.2505
R5943 GND.n3633 GND.n3589 2.2505
R5944 GND.n3634 GND.n3590 2.2505
R5945 GND.n13 GND.n3611 2.2505
R5946 GND.n3635 GND.n3593 2.2505
R5947 GND.n3636 GND.n3594 2.2505
R5948 GND.n3637 GND.n3595 2.2505
R5949 GND.n10 GND.n3610 2.2505
R5950 GND.n3638 GND.n3598 2.2505
R5951 GND.n3639 GND.n3599 2.2505
R5952 GND.n3640 GND.n3600 2.2505
R5953 GND.n7 GND.n3609 2.2505
R5954 GND.n3641 GND.n3603 2.2505
R5955 GND.n3642 GND.n3604 2.2505
R5956 GND.n3643 GND.n3605 2.2505
R5957 GND.n3608 GND.n3607 2.2505
R5958 GND.n3270 GND.n3269 2.2505
R5959 GND.n3477 GND.n3476 2.2505
R5960 GND.n3278 GND.n3277 2.2505
R5961 GND.n55 GND.n3484 0.0156729
R5962 GND.t0 GND.n55 1.11866
R5963 GND.n53 GND.t0 1.11866
R5964 GND.n3263 GND.n53 0.0156729
R5965 GND.t0 GND.n52 1.11866
R5966 GND.n52 GND.n3262 0.0156729
R5967 GND.n51 GND.t0 1.11866
R5968 GND.n3256 GND.n51 0.0156729
R5969 GND.n50 GND.n3502 0.0156729
R5970 GND.t0 GND.n50 1.11866
R5971 GND.n48 GND.t0 1.11866
R5972 GND.n3250 GND.n48 0.0156729
R5973 GND.t0 GND.n47 1.11866
R5974 GND.n47 GND.n3249 0.0156729
R5975 GND.n3512 GND.n46 0.0156729
R5976 GND.n46 GND.t0 1.11866
R5977 GND.t0 GND.n45 1.11866
R5978 GND.n45 GND.n3242 0.0156729
R5979 GND.n3521 GND.n44 0.0156729
R5980 GND.n44 GND.t0 1.11866
R5981 GND.t0 GND.n43 1.11866
R5982 GND.n43 GND.n3235 0.0156729
R5983 GND.n42 GND.t0 1.11866
R5984 GND.n42 GND.n809 0.0156729
R5985 GND.n41 GND.n3538 0.0156729
R5986 GND.t0 GND.n41 1.11866
R5987 GND.n3539 GND.n39 0.0156729
R5988 GND.n39 GND.t0 1.11866
R5989 GND.n38 GND.n3547 0.0156729
R5990 GND.t0 GND.n38 1.11866
R5991 GND.n36 GND.t0 1.11866
R5992 GND.n3218 GND.n36 0.0156729
R5993 GND.n35 GND.n3556 0.0156729
R5994 GND.t0 GND.n35 1.11866
R5995 GND.n3557 GND.n32 0.0156706
R5996 GND.t0 GND.n31 1.11866
R5997 GND.n3210 GND.n31 0.0156729
R5998 GND.t0 GND.n29 1.11866
R5999 GND.n3617 GND.n29 0.0156729
R6000 GND.n28 GND.t0 1.11866
R6001 GND.n28 GND.n3620 0.0156729
R6002 GND.t0 GND.n26 1.11866
R6003 GND.n3621 GND.n26 0.0156729
R6004 GND.n25 GND.n3622 0.0156729
R6005 GND.t0 GND.n25 1.11866
R6006 GND.n3623 GND.n23 0.0156729
R6007 GND.n23 GND.t0 1.11866
R6008 GND.t0 GND.n22 1.11866
R6009 GND.n22 GND.n3615 0.0156729
R6010 GND.n3626 GND.n21 0.0156729
R6011 GND.n21 GND.t0 1.11866
R6012 GND.n20 GND.n3628 0.0156729
R6013 GND.t0 GND.n20 1.11866
R6014 GND.n18 GND.t0 1.11866
R6015 GND.n3630 GND.n18 0.0156729
R6016 GND.n17 GND.n3631 0.0156729
R6017 GND.t0 GND.n17 1.11866
R6018 GND.n3632 GND.n15 0.0156729
R6019 GND.n15 GND.t0 1.11866
R6020 GND.n14 GND.n3634 0.0156056
R6021 GND.n3635 GND.n12 0.0156729
R6022 GND.n12 GND.t0 1.11866
R6023 GND.n11 GND.n3637 0.0156729
R6024 GND.t0 GND.n11 1.11866
R6025 GND.n3638 GND.n9 0.0156729
R6026 GND.n9 GND.t0 1.11866
R6027 GND.n8 GND.n3640 0.0156729
R6028 GND.t0 GND.n8 1.11866
R6029 GND.n6 GND.t0 1.11866
R6030 GND.n3642 GND.n6 0.0156729
R6031 GND.t0 GND.n3643 2.2505
R6032 GND.n56 GND.t0 1.11866
R6033 GND.n3476 GND.n56 0.0156729
R6034 GND.t0 GND.n3185 2.2505
R6035 GND.t0 GND.n3176 2.2505
R6036 GND.n3714 GND.n61 0.0156729
R6037 GND.n61 GND.t0 1.11866
R6038 GND.t0 GND.n59 1.11866
R6039 GND.n3705 GND.n59 0.0156729
R6040 GND.n57 GND.n58 0.0156729
R6041 GND.t0 GND.n57 1.11866
R6042 GND.t0 GND.n3475 2.2505
R6043 GND.n3884 GND.t0 2.2505
R6044 GND.n3164 GND.n62 0.0156729
R6045 GND.t0 GND.n62 1.11866
R6046 GND.t0 GND.n64 1.11866
R6047 GND.n3893 GND.n64 0.0156729
R6048 GND.n65 GND.t0 1.11866
R6049 GND.n65 GND.n3901 0.0156729
R6050 GND.t0 GND.n67 1.11866
R6051 GND.n3902 GND.n67 0.0156729
R6052 GND.n3152 GND.n68 0.0156729
R6053 GND.t0 GND.n68 1.11866
R6054 GND.t0 GND.n70 1.11866
R6055 GND.n3911 GND.n70 0.0156729
R6056 GND.n3146 GND.n71 0.0156729
R6057 GND.t0 GND.n71 1.11866
R6058 GND.t0 GND.n73 1.11866
R6059 GND.n3920 GND.n73 0.0156729
R6060 GND.n3140 GND.n74 0.0156729
R6061 GND.t0 GND.n74 1.11866
R6062 GND.t0 GND.n76 1.11866
R6063 GND.n3929 GND.n76 0.0156729
R6064 GND.n3134 GND.n77 0.0156729
R6065 GND.t0 GND.n77 1.11866
R6066 GND.n78 GND.n3133 0.0156729
R6067 GND.n78 GND.t0 1.11866
R6068 GND.n79 GND.n808 0.0156729
R6069 GND.t0 GND.n79 1.11866
R6070 GND.n80 GND.n3127 0.0156729
R6071 GND.n80 GND.t0 1.11866
R6072 GND.n3121 GND.n81 0.0156729
R6073 GND.t0 GND.n81 1.11866
R6074 GND.n82 GND.n3120 0.0156729
R6075 GND.n82 GND.t0 1.11866
R6076 GND.n3114 GND.n83 0.0156729
R6077 GND.t0 GND.n83 1.11866
R6078 GND.n84 GND.n3113 0.0156729
R6079 GND.n84 GND.t0 1.11866
R6080 GND.n3107 GND.n85 0.0156729
R6081 GND.t0 GND.n85 1.11866
R6082 GND.n86 GND.n3106 0.0156729
R6083 GND.n86 GND.t0 1.11866
R6084 GND.n3100 GND.n87 0.0156729
R6085 GND.t0 GND.n87 1.11866
R6086 GND.t0 GND.n89 1.11866
R6087 GND.n3983 GND.n89 0.0156729
R6088 GND.t0 GND.n91 1.11946
R6089 GND.n92 GND.n3094 0.0156729
R6090 GND.n92 GND.t0 1.11866
R6091 GND.n3088 GND.n93 0.0156729
R6092 GND.t0 GND.n93 1.11866
R6093 GND.t0 GND.n99 1.11866
R6094 GND.n4001 GND.n99 0.0156729
R6095 GND.n3082 GND.n100 0.0156729
R6096 GND.t0 GND.n100 1.11866
R6097 GND.n101 GND.n3081 0.0156729
R6098 GND.n101 GND.t0 1.11866
R6099 GND.n3075 GND.n102 0.0156729
R6100 GND.t0 GND.n102 1.11866
R6101 GND.n103 GND.n3074 0.0156729
R6102 GND.n103 GND.t0 1.11866
R6103 GND.n104 GND.t0 1.11866
R6104 GND.n104 GND.n4027 0.0156729
R6105 GND.n105 GND.n3067 0.0156729
R6106 GND.n105 GND.t0 1.11866
R6107 GND.n106 GND.t0 1.11866
R6108 GND.n106 GND.n4036 0.0156729
R6109 GND.n107 GND.n3060 0.0156729
R6110 GND.n107 GND.t0 1.11866
R6111 GND.n3054 GND.n108 0.0156729
R6112 GND.t0 GND.n108 1.11866
R6113 GND.t0 GND.n110 1.11866
R6114 GND.n4046 GND.n110 0.0156729
R6115 GND.n111 GND.t0 1.11866
R6116 GND.n111 GND.n4054 0.0156729
R6117 GND.n112 GND.n3047 0.0156729
R6118 GND.n112 GND.t0 1.11866
R6119 GND.n113 GND.t0 1.11866
R6120 GND.n113 GND.n4063 0.0156729
R6121 GND.t0 GND.n115 1.11866
R6122 GND.n4064 GND.n115 0.0156729
R6123 GND.n3035 GND.n116 0.0156729
R6124 GND.t0 GND.n116 1.11866
R6125 GND.t0 GND.n118 1.11866
R6126 GND.n4073 GND.n118 0.0156729
R6127 GND.n3029 GND.n119 0.0156729
R6128 GND.t0 GND.n119 1.11866
R6129 GND.n120 GND.n3028 0.0156729
R6130 GND.n120 GND.t0 1.11866
R6131 GND.n3022 GND.n121 0.0156729
R6132 GND.t0 GND.n121 1.11866
R6133 GND.n122 GND.n3021 0.0156729
R6134 GND.n122 GND.t0 1.11866
R6135 GND.n123 GND.t0 1.11866
R6136 GND.n123 GND.n4098 2.26567
R6137 GND.n2844 GND.t39 2.17193
R6138 GND.n2863 GND.t12 2.17193
R6139 GND.n2883 GND.t10 2.17193
R6140 GND.n2917 GND.t7 2.17193
R6141 GND.n188 GND.t40 4.66788
R6142 GND.n2973 GND.n2972 1.74459
R6143 GND.n2844 GND.n2821 1.74459
R6144 GND.n2853 GND.n2852 1.74459
R6145 GND.n2831 GND.n2830 1.74459
R6146 GND.n2826 GND.n2825 1.74459
R6147 GND.n2866 GND.n2864 1.74459
R6148 GND.n2982 GND.n2981 1.74459
R6149 GND.n2979 GND.n2978 1.74459
R6150 GND.n2883 GND.n2880 1.74459
R6151 GND.n2976 GND.n2975 1.74459
R6152 GND.n2890 GND.n2889 1.74459
R6153 GND.n2909 GND.n2905 1.74459
R6154 GND.n2898 GND.n2897 1.74459
R6155 GND.n187 GND.t36 6.23908
R6156 GND.n2987 GND.n2821 1.74459
R6157 GND.n2845 GND.n2843 1.74459
R6158 GND.n2851 GND.n2839 1.74459
R6159 GND.n2857 GND.n2856 1.74459
R6160 GND.n2863 GND.n2862 1.74459
R6161 GND.n2869 GND.n2868 1.74459
R6162 GND.n2980 GND.n2875 1.74459
R6163 GND.n2977 GND.n2880 1.74459
R6164 GND.n2884 GND.n2881 1.74459
R6165 GND.n2974 GND.n2886 1.74459
R6166 GND.n2914 GND.n2913 1.74459
R6167 GND.n2917 GND.n2916 1.74459
R6168 GND.t39 GND.n2843 1.71479
R6169 GND.t12 GND.n2825 1.71479
R6170 GND.t10 GND.n2881 1.71479
R6171 GND.t7 GND.n2897 1.71479
R6172 GND.n2922 GND.n737 1.61281
R6173 GND.n737 GND.n2792 1.5636
R6174 GND.n3647 GND.n3646 1.16442
R6175 GND.n3644 GND.t0 1.15478
R6176 GND.n2969 GND.n2968 1.12525
R6177 GND.n2767 GND.t0 1.11967
R6178 GND.n6984 GND.t0 1.11866
R6179 GND.n6987 GND.t0 1.11866
R6180 GND.n6990 GND.t0 1.11866
R6181 GND.n6994 GND.t0 1.11866
R6182 GND.n6997 GND.t0 1.11866
R6183 GND.n7000 GND.t0 1.11866
R6184 GND.n7003 GND.t0 1.11866
R6185 GND.n7006 GND.t0 1.11866
R6186 GND.n7009 GND.t0 1.11866
R6187 GND.n7013 GND.t0 1.11866
R6188 GND.n7016 GND.t0 1.11866
R6189 GND.n7019 GND.t0 1.11866
R6190 GND.n7022 GND.t0 1.11866
R6191 GND.n7025 GND.t0 1.11866
R6192 GND.n7028 GND.t0 1.11866
R6193 GND.n7032 GND.t0 1.11866
R6194 GND.n7035 GND.t0 1.11866
R6195 GND.n7038 GND.t0 1.11866
R6196 GND.n7041 GND.t0 1.11866
R6197 GND.n7044 GND.t0 1.11866
R6198 GND.n7047 GND.t0 1.11866
R6199 GND.n7051 GND.t0 1.11866
R6200 GND.n7054 GND.t0 1.11866
R6201 GND.n7057 GND.t0 1.11866
R6202 GND.n7060 GND.t0 1.11866
R6203 GND.n7063 GND.t0 1.11866
R6204 GND.n7067 GND.t0 1.11866
R6205 GND.n7070 GND.t0 1.11866
R6206 GND.n7073 GND.t0 1.11866
R6207 GND.n7077 GND.t0 1.11866
R6208 GND.n7080 GND.t0 1.11866
R6209 GND.n7083 GND.t0 1.11866
R6210 GND.n7086 GND.t0 1.11866
R6211 GND.n7089 GND.t0 1.11866
R6212 GND.n7092 GND.t0 1.11866
R6213 GND.n7095 GND.t0 1.11866
R6214 GND.n7098 GND.t0 1.11866
R6215 GND.n7101 GND.t0 1.11866
R6216 GND.n7104 GND.t0 1.11866
R6217 GND.n7107 GND.t0 1.11866
R6218 GND.n7110 GND.t0 1.11866
R6219 GND.n7114 GND.t0 1.11866
R6220 GND.n7118 GND.t0 1.11866
R6221 GND.n7122 GND.t0 1.11866
R6222 GND.n7126 GND.t0 1.11866
R6223 GND.n7130 GND.t0 1.11866
R6224 GND.n7133 GND.t0 1.11866
R6225 GND.t0 GND.n1279 1.11866
R6226 GND.t0 GND.n1280 1.11866
R6227 GND.t0 GND.n1277 1.11866
R6228 GND.t0 GND.n1281 1.11866
R6229 GND.t0 GND.n1282 1.11866
R6230 GND.t0 GND.n1284 1.11866
R6231 GND.t0 GND.n1276 1.11866
R6232 GND.t0 GND.n1275 1.11866
R6233 GND.t0 GND.n1285 1.11866
R6234 GND.t0 GND.n1274 1.11866
R6235 GND.t0 GND.n1286 1.11866
R6236 GND.t0 GND.n1288 1.11866
R6237 GND.t0 GND.n1272 1.11866
R6238 GND.t0 GND.n1270 1.11866
R6239 GND.t0 GND.n1289 1.11866
R6240 GND.t0 GND.n1269 1.11866
R6241 GND.t0 GND.n1268 1.11866
R6242 GND.t0 GND.n1291 1.11866
R6243 GND.t0 GND.n1292 1.11866
R6244 GND.t0 GND.n1293 1.11866
R6245 GND.t0 GND.n1266 1.11866
R6246 GND.t0 GND.n1294 1.11866
R6247 GND.t0 GND.n1295 1.11866
R6248 GND.t0 GND.n1296 1.11866
R6249 GND.t0 GND.n1297 1.11866
R6250 GND.t0 GND.n1265 1.11866
R6251 GND.t0 GND.n1299 1.11866
R6252 GND.t0 GND.n1300 1.11866
R6253 GND.t0 GND.n1263 1.11866
R6254 GND.t0 GND.n1301 1.11866
R6255 GND.t0 GND.n1262 1.11866
R6256 GND.t0 GND.n1261 1.11866
R6257 GND.t0 GND.n1303 1.11866
R6258 GND.t0 GND.n1259 1.11866
R6259 GND.t0 GND.n1305 1.11866
R6260 GND.t0 GND.n1306 1.11866
R6261 GND.t0 GND.n1307 1.11866
R6262 GND.t0 GND.n1308 1.11866
R6263 GND.t0 GND.n1257 1.11866
R6264 GND.t0 GND.n1310 1.11866
R6265 GND.t0 GND.n1311 1.11866
R6266 GND.t0 GND.n1255 1.11866
R6267 GND.t0 GND.n1253 1.11866
R6268 GND.t0 GND.n1635 1.11866
R6269 GND.t0 GND.n1636 1.11866
R6270 GND.t0 GND.n1633 1.11866
R6271 GND.t0 GND.n1637 1.11866
R6272 GND.t0 GND.n1638 1.11866
R6273 GND.t0 GND.n1632 1.11866
R6274 GND.t0 GND.n1639 1.11866
R6275 GND.t0 GND.n1640 1.11866
R6276 GND.t0 GND.n1641 1.11866
R6277 GND.t0 GND.n1631 1.11866
R6278 GND.t0 GND.n1630 1.11866
R6279 GND.t0 GND.n1642 1.11866
R6280 GND.t0 GND.n1643 1.11866
R6281 GND.t0 GND.n1644 1.11866
R6282 GND.t0 GND.n1629 1.11866
R6283 GND.t0 GND.n1646 1.11866
R6284 GND.t0 GND.n1627 1.11866
R6285 GND.t0 GND.n1648 1.11866
R6286 GND.t0 GND.n1649 1.11866
R6287 GND.t0 GND.n1650 1.11866
R6288 GND.t0 GND.n1651 1.11866
R6289 GND.t0 GND.n1652 1.11866
R6290 GND.t0 GND.n1625 1.11866
R6291 GND.t0 GND.n1624 1.11866
R6292 GND.t0 GND.n1653 1.11866
R6293 GND.t0 GND.n1623 1.11866
R6294 GND.t0 GND.n1655 1.11866
R6295 GND.t0 GND.n1656 1.11866
R6296 GND.t0 GND.n1657 1.11866
R6297 GND.t0 GND.n1621 1.11866
R6298 GND.t0 GND.n1620 1.11866
R6299 GND.t0 GND.n1619 1.11866
R6300 GND.t0 GND.n1618 1.11866
R6301 GND.t0 GND.n1659 1.11866
R6302 GND.t0 GND.n1660 1.11866
R6303 GND.t0 GND.n1661 1.11866
R6304 GND.t0 GND.n1662 1.11866
R6305 GND.t0 GND.n1663 1.11866
R6306 GND.t0 GND.n1616 1.11866
R6307 GND.t0 GND.n1615 1.11866
R6308 GND.t0 GND.n1614 1.11866
R6309 GND.t0 GND.n1613 1.11866
R6310 GND.t0 GND.n1665 1.11866
R6311 GND.t0 GND.n1666 1.11866
R6312 GND.t0 GND.n1611 1.11866
R6313 GND.t0 GND.n6642 1.11866
R6314 GND.t0 GND.n1609 1.11866
R6315 GND.n6316 GND.t0 1.11866
R6316 GND.t0 GND.n6315 1.11866
R6317 GND.t0 GND.n2314 1.11866
R6318 GND.t0 GND.n2313 1.11866
R6319 GND.t0 GND.n2312 1.11866
R6320 GND.t0 GND.n2311 1.11866
R6321 GND.t0 GND.n2309 1.11866
R6322 GND.t0 GND.n2308 1.11866
R6323 GND.t0 GND.n2306 1.11866
R6324 GND.t0 GND.n2305 1.11866
R6325 GND.t0 GND.n2303 1.11866
R6326 GND.t0 GND.n2301 1.11866
R6327 GND.t0 GND.n2300 1.11866
R6328 GND.t0 GND.n2299 1.11866
R6329 GND.t0 GND.n2298 1.11866
R6330 GND.t0 GND.n2297 1.11866
R6331 GND.t0 GND.n2295 1.11866
R6332 GND.t0 GND.n2294 1.11866
R6333 GND.t0 GND.n2293 1.11866
R6334 GND.t0 GND.n2292 1.11866
R6335 GND.t0 GND.n2291 1.11866
R6336 GND.t0 GND.n2289 1.11866
R6337 GND.t0 GND.n2288 1.11866
R6338 GND.t0 GND.n2287 1.11866
R6339 GND.t0 GND.n2286 1.11866
R6340 GND.t0 GND.n2285 1.11866
R6341 GND.t0 GND.n2284 1.11866
R6342 GND.t0 GND.n2283 1.11866
R6343 GND.t0 GND.n2282 1.11866
R6344 GND.t0 GND.n2281 1.11866
R6345 GND.t0 GND.n2280 1.11866
R6346 GND.t0 GND.n2279 1.11866
R6347 GND.t0 GND.n2278 1.11866
R6348 GND.t0 GND.n2277 1.11866
R6349 GND.t0 GND.n2276 1.11866
R6350 GND.t0 GND.n2275 1.11866
R6351 GND.t0 GND.n2274 1.11866
R6352 GND.t0 GND.n2273 1.11866
R6353 GND.t0 GND.n2272 1.11866
R6354 GND.t0 GND.n2271 1.11866
R6355 GND.t0 GND.n2270 1.11866
R6356 GND.t0 GND.n2269 1.11866
R6357 GND.t0 GND.n2267 1.11866
R6358 GND.t0 GND.n2266 1.11866
R6359 GND.t0 GND.n2264 1.11866
R6360 GND.t0 GND.n2262 1.11866
R6361 GND.t0 GND.n2261 1.11866
R6362 GND.n4973 GND.n2763 1.11866
R6363 GND.t0 GND.n3186 1.11866
R6364 GND.t0 GND.n3184 1.11866
R6365 GND.t0 GND.n3183 1.11866
R6366 GND.t0 GND.n3182 1.11866
R6367 GND.t0 GND.n3187 1.11866
R6368 GND.t0 GND.n3181 1.11866
R6369 GND.t0 GND.n3180 1.11866
R6370 GND.t0 GND.n3179 1.11866
R6371 GND.t0 GND.n3188 1.11866
R6372 GND.t0 GND.n3178 1.11866
R6373 GND.t0 GND.n3189 1.11866
R6374 GND.t0 GND.n3190 1.11866
R6375 GND.t0 GND.n3177 1.11866
R6376 GND.t0 GND.n3191 1.11866
R6377 GND.t0 GND.n3175 1.11866
R6378 GND.t0 GND.n3192 1.11866
R6379 GND.t0 GND.n3193 1.11866
R6380 GND.t0 GND.n3194 1.11866
R6381 GND.t0 GND.n3195 1.11866
R6382 GND.t0 GND.n3883 1.11866
R6383 GND.t0 GND.n3174 1.11866
R6384 GND.t0 GND.n3288 1.11866
R6385 GND.t0 GND.n3290 1.11866
R6386 GND.t0 GND.n3291 1.11866
R6387 GND.t0 GND.n3287 1.11866
R6388 GND.t0 GND.n3292 1.11866
R6389 GND.t0 GND.n3293 1.11866
R6390 GND.t0 GND.n3294 1.11866
R6391 GND.t0 GND.n3295 1.11866
R6392 GND.t0 GND.n3286 1.11866
R6393 GND.t0 GND.n3296 1.11866
R6394 GND.t0 GND.n3297 1.11866
R6395 GND.t0 GND.n3285 1.11866
R6396 GND.t0 GND.n3284 1.11866
R6397 GND.t0 GND.n3283 1.11866
R6398 GND.t0 GND.n3282 1.11866
R6399 GND.t0 GND.n3281 1.11866
R6400 GND.t0 GND.n3298 1.11866
R6401 GND.t0 GND.n3280 1.11866
R6402 GND.t0 GND.n3279 1.11866
R6403 GND.t0 GND.n3299 1.11866
R6404 GND.t0 GND.n3300 1.11866
R6405 GND.t14 GND.n185 5.11825
R6406 GND.n2869 GND.t16 1.02907
R6407 GND.n2982 GND.t8 1.02907
R6408 GND.n4973 GND.n2762 0.900956
R6409 GND.n4910 GND.n3000 0.864289
R6410 GND.n4941 GND.n2793 0.864289
R6411 GND.n4940 GND.n2794 0.864289
R6412 GND.n4939 GND.n2795 0.864289
R6413 GND.n4938 GND.n2796 0.864289
R6414 GND.n4937 GND.n2797 0.864289
R6415 GND.n4936 GND.n2798 0.864289
R6416 GND.n4935 GND.n2799 0.864289
R6417 GND.n4934 GND.n2800 0.864289
R6418 GND.n4933 GND.n715 0.864289
R6419 GND.n4932 GND.n713 0.864289
R6420 GND.n4931 GND.n711 0.864289
R6421 GND.n4930 GND.n709 0.864289
R6422 GND.n4929 GND.n707 0.864289
R6423 GND.n4928 GND.n705 0.864289
R6424 GND.n4927 GND.n704 0.864289
R6425 GND.n4926 GND.n702 0.864289
R6426 GND.n4925 GND.n700 0.864289
R6427 GND.n4924 GND.n698 0.864289
R6428 GND.n4923 GND.n697 0.864289
R6429 GND.n4922 GND.n2801 0.864289
R6430 GND.n4921 GND.n2802 0.864289
R6431 GND.n4920 GND.n2803 0.864289
R6432 GND.n4919 GND.n2804 0.864289
R6433 GND.n4918 GND.n2805 0.864289
R6434 GND.n4917 GND.n2806 0.864289
R6435 GND.n4916 GND.n2807 0.864289
R6436 GND.n4915 GND.n2808 0.864289
R6437 GND.n4914 GND.n2809 0.864289
R6438 GND.n4913 GND.n2810 0.864289
R6439 GND.n4912 GND.n694 0.864289
R6440 GND.n4911 GND.n693 0.864289
R6441 GND.n4942 GND.n2792 0.864289
R6442 GND.n4943 GND.n2791 0.864289
R6443 GND.n4944 GND.n789 0.864289
R6444 GND.n4945 GND.n790 0.864289
R6445 GND.n4946 GND.n2790 0.864289
R6446 GND.n4947 GND.n2789 0.864289
R6447 GND.n4948 GND.n2788 0.864289
R6448 GND.n4949 GND.n2787 0.864289
R6449 GND.n4950 GND.n2786 0.864289
R6450 GND.n4951 GND.n2785 0.864289
R6451 GND.n4952 GND.n2784 0.864289
R6452 GND.n4953 GND.n2783 0.864289
R6453 GND.n4954 GND.n2782 0.864289
R6454 GND.n4955 GND.n2781 0.864289
R6455 GND.n4956 GND.n2780 0.864289
R6456 GND.n4957 GND.n2779 0.864289
R6457 GND.n4958 GND.n2778 0.864289
R6458 GND.n4959 GND.n795 0.864289
R6459 GND.n4960 GND.n796 0.864289
R6460 GND.n4961 GND.n798 0.864289
R6461 GND.n4962 GND.n799 0.864289
R6462 GND.n4963 GND.n802 0.864289
R6463 GND.n4964 GND.n803 0.864289
R6464 GND.n4965 GND.n2777 0.864289
R6465 GND.n4966 GND.n2776 0.864289
R6466 GND.n4967 GND.n2775 0.864289
R6467 GND.n4968 GND.n2774 0.864289
R6468 GND.n4969 GND.n2773 0.864289
R6469 GND.n4970 GND.n2772 0.864289
R6470 GND.n4971 GND.n2771 0.864289
R6471 GND.n4972 GND.n2770 0.864289
R6472 GND.t38 GND.n188 4.6669
R6473 GND.n191 GND.t17 4.6669
R6474 GND.t18 GND.n2851 0.571929
R6475 GND.t9 GND.n2830 0.571929
R6476 GND.n2972 GND.t6 0.571929
R6477 GND.t5 GND.n2905 0.571929
R6478 GND.n2941 GND.n722 0.496776
R6479 GND.n2947 GND.n725 0.496776
R6480 GND.n2934 GND.n2933 0.312698
R6481 GND.n2936 GND.n2935 0.312698
R6482 GND.n2937 GND.n719 0.434796
R6483 GND.n2942 GND.n2941 0.312698
R6484 GND.n2944 GND.n2943 0.312698
R6485 GND.n2948 GND.n2947 0.312698
R6486 GND.n2952 GND.n727 0.434796
R6487 GND.n2955 GND.n729 0.434796
R6488 GND.n2958 GND.n731 0.434796
R6489 GND.n2961 GND.n733 0.434796
R6490 GND.n2966 GND.n735 0.434796
R6491 GND.n2967 GND.n2928 0.312698
R6492 GND.n179 GND.n181 1.32719
R6493 GND.n2935 GND.n2934 0.312358
R6494 GND.n722 GND.n2940 0.43438
R6495 GND.n2943 GND.n2942 0.312358
R6496 GND.n725 GND.n2946 0.43438
R6497 GND.n2967 GND.n2966 0.312358
R6498 GND.n2954 GND.n2953 0.301711
R6499 GND.n3000 GND.n171 1.44838
R6500 GND.n175 GND.n177 1.12773
R6501 GND.n2938 GND.n2937 0.250378
R6502 GND.n2939 GND.n2938 0.250378
R6503 GND.n2940 GND.n2939 0.250378
R6504 GND.n2945 GND.n2944 0.250378
R6505 GND.n2946 GND.n2945 0.250378
R6506 GND.n2949 GND.n2948 0.250378
R6507 GND.n2950 GND.n2949 0.250378
R6508 GND.n2951 GND.n2950 0.250378
R6509 GND.n2953 GND.n2952 0.250378
R6510 GND.n2956 GND.n2955 0.250378
R6511 GND.n2957 GND.n2956 0.250378
R6512 GND.n2959 GND.n2958 0.250378
R6513 GND.n2960 GND.n2959 0.250378
R6514 GND.n2962 GND.n2961 0.250378
R6515 GND.n2963 GND.n2962 0.250378
R6516 GND.n2964 GND.n2963 0.250378
R6517 GND.n2965 GND.n2964 0.250378
R6518 GND.n2928 GND.n2927 0.250378
R6519 GND.n2927 GND.n2926 0.250378
R6520 GND.n2926 GND.n2925 0.250378
R6521 GND.n2925 GND.n2924 0.250378
R6522 GND.n2924 GND.n2923 0.250378
R6523 GND.n2923 GND.n2922 0.250378
R6524 GND.n2933 GND.n2762 0.249752
R6525 GND.n703 GND.n700 0.062882
R6526 GND.n2879 GND.n798 0.16587
R6527 GND.n2867 GND.n2779 0.16587
R6528 GND.n2882 GND.n802 0.160911
R6529 GND.n2989 GND.n704 0.158595
R6530 GND.n2990 GND.n697 0.158595
R6531 GND.n2822 GND.n2781 0.158595
R6532 GND.n2871 GND.n795 0.158595
R6533 GND.n692 GND.n693 0.157761
R6534 GND.n2888 GND.n2777 0.155941
R6535 GND.n2814 GND.n2799 0.149415
R6536 GND.n2995 GND.n2809 0.149415
R6537 GND.n2842 GND.n2790 0.149415
R6538 GND.n2906 GND.n2775 0.149415
R6539 GND.n2816 GND.n2798 0.144507
R6540 GND.n2996 GND.n2808 0.144507
R6541 GND.n2850 GND.n2789 0.144507
R6542 GND.n2912 GND.n2774 0.144507
R6543 GND.n2813 GND.n2797 0.139597
R6544 GND.n2994 GND.n2807 0.139597
R6545 GND.n2840 GND.n2788 0.139597
R6546 GND.n2902 GND.n2773 0.139597
R6547 GND.n2819 GND.n789 0.136477
R6548 GND.n2817 GND.n2796 0.134686
R6549 GND.n2997 GND.n2806 0.134686
R6550 GND.n2854 GND.n2787 0.134686
R6551 GND.n2915 GND.n2772 0.134686
R6552 GND.n2812 GND.n2795 0.129774
R6553 GND.n2993 GND.n2805 0.129774
R6554 GND.n2833 GND.n2786 0.129774
R6555 GND.n2896 GND.n2771 0.129774
R6556 GND.n2818 GND.n2794 0.12486
R6557 GND.n2998 GND.n2804 0.12486
R6558 GND.n2855 GND.n2785 0.12486
R6559 GND.n2918 GND.n2770 0.12486
R6560 GND.n2815 GND.n715 0.1215
R6561 GND.n791 GND.n789 0.0411444
R6562 GND.n2908 GND.n2777 0.1215
R6563 GND.n2811 GND.n2793 0.119945
R6564 GND.n2992 GND.n2803 0.119945
R6565 GND.n2828 GND.n2784 0.119945
R6566 GND.n2820 GND.n2791 0.119256
R6567 GND.n706 GND.n705 0.167678
R6568 GND.n699 GND.n698 0.167678
R6569 GND.n793 GND.n2780 0.167678
R6570 GND.n797 GND.n796 0.167678
R6571 GND.n2999 GND.n2802 0.115028
R6572 GND.n2861 GND.n2783 0.115028
R6573 GND.n194 GND.n713 0.100301
R6574 GND.n695 GND.n693 0.0387222
R6575 GND.n2991 GND.n2801 0.11011
R6576 GND.n2824 GND.n2782 0.11011
R6577 GND.n708 GND.n707 0.165202
R6578 GND.n701 GND.n700 0.165202
R6579 GND.n714 GND.n711 0.0362986
R6580 GND.n804 GND.n802 0.0362986
R6581 GND.n5734 GND.n2485 0.102097
R6582 GND.n710 GND.n709 0.162724
R6583 GND.n800 GND.n799 0.162724
R6584 GND.n712 GND.n709 0.0338737
R6585 GND.n712 GND.n711 0.160243
R6586 GND.n6443 GND.n6442 0.0929306
R6587 GND.n710 GND.n707 0.0314473
R6588 GND.n800 GND.n798 0.0314473
R6589 GND.n714 GND.n713 0.15776
R6590 GND.n804 GND.n803 0.15776
R6591 GND.n708 GND.n705 0.0290195
R6592 GND.n701 GND.n698 0.0290195
R6593 GND.n2991 GND.n2802 0.0843231
R6594 GND.n2824 GND.n2783 0.0843231
R6595 GND.n1142 GND.n1141 0.0826538
R6596 GND.n5733 GND.n5732 0.0826538
R6597 GND.n7136 GND.n7135 0.0826538
R6598 GND.n191 GND.t11 4.66788
R6599 GND.n2999 GND.n2803 0.0794743
R6600 GND.n2861 GND.n2784 0.0794743
R6601 GND.n695 GND.n694 0.155273
R6602 GND.n706 GND.n704 0.0265904
R6603 GND.n699 GND.n697 0.0265904
R6604 GND.n797 GND.n795 0.0265904
R6605 GND.n4911 GND.n4910 0.0768889
R6606 GND.n4912 GND.n4911 0.0768889
R6607 GND.n4913 GND.n4912 0.0768889
R6608 GND.n4914 GND.n4913 0.0768889
R6609 GND.n4915 GND.n4914 0.0768889
R6610 GND.n4916 GND.n4915 0.0768889
R6611 GND.n4917 GND.n4916 0.0768889
R6612 GND.n4918 GND.n4917 0.0768889
R6613 GND.n4919 GND.n4918 0.0768889
R6614 GND.n4920 GND.n4919 0.0768889
R6615 GND.n4921 GND.n4920 0.0768889
R6616 GND.n4922 GND.n4921 0.0768889
R6617 GND.n4923 GND.n4922 0.0768889
R6618 GND.n4924 GND.n4923 0.0768889
R6619 GND.n4925 GND.n4924 0.0768889
R6620 GND.n4926 GND.n4925 0.0768889
R6621 GND.n4927 GND.n4926 0.0768889
R6622 GND.n4928 GND.n4927 0.0768889
R6623 GND.n4929 GND.n4928 0.0768889
R6624 GND.n4930 GND.n4929 0.0768889
R6625 GND.n4931 GND.n4930 0.0768889
R6626 GND.n4932 GND.n4931 0.0768889
R6627 GND.n4933 GND.n4932 0.0768889
R6628 GND.n4934 GND.n4933 0.0768889
R6629 GND.n4935 GND.n4934 0.0768889
R6630 GND.n4936 GND.n4935 0.0768889
R6631 GND.n4937 GND.n4936 0.0768889
R6632 GND.n4938 GND.n4937 0.0768889
R6633 GND.n4939 GND.n4938 0.0768889
R6634 GND.n4940 GND.n4939 0.0768889
R6635 GND.n4941 GND.n4940 0.0768889
R6636 GND.n4943 GND.n4942 0.0768889
R6637 GND.n4944 GND.n4943 0.0768889
R6638 GND.n4945 GND.n4944 0.0768889
R6639 GND.n4946 GND.n4945 0.0768889
R6640 GND.n4947 GND.n4946 0.0768889
R6641 GND.n4948 GND.n4947 0.0768889
R6642 GND.n4949 GND.n4948 0.0768889
R6643 GND.n4950 GND.n4949 0.0768889
R6644 GND.n4951 GND.n4950 0.0768889
R6645 GND.n4952 GND.n4951 0.0768889
R6646 GND.n4953 GND.n4952 0.0768889
R6647 GND.n4954 GND.n4953 0.0768889
R6648 GND.n4955 GND.n4954 0.0768889
R6649 GND.n4956 GND.n4955 0.0768889
R6650 GND.n4957 GND.n4956 0.0768889
R6651 GND.n4958 GND.n4957 0.0768889
R6652 GND.n4959 GND.n4958 0.0768889
R6653 GND.n4960 GND.n4959 0.0768889
R6654 GND.n4961 GND.n4960 0.0768889
R6655 GND.n4962 GND.n4961 0.0768889
R6656 GND.n4963 GND.n4962 0.0768889
R6657 GND.n4964 GND.n4963 0.0768889
R6658 GND.n4965 GND.n4964 0.0768889
R6659 GND.n4966 GND.n4965 0.0768889
R6660 GND.n4967 GND.n4966 0.0768889
R6661 GND.n4968 GND.n4967 0.0768889
R6662 GND.n4969 GND.n4968 0.0768889
R6663 GND.n4970 GND.n4969 0.0768889
R6664 GND.n4971 GND.n4970 0.0768889
R6665 GND.n4972 GND.n4971 0.0768889
R6666 GND.n2820 GND.n2792 0.0757113
R6667 GND.n6446 GND.n195 0.0752692
R6668 GND.n6447 GND.n6445 0.0752692
R6669 GND.n6444 GND.n1775 0.0752692
R6670 GND.n2811 GND.n2794 0.0746228
R6671 GND.n2992 GND.n2804 0.0746228
R6672 GND.n807 GND.n2770 0.12231
R6673 GND.n2828 GND.n2785 0.0746228
R6674 GND.n2815 GND.n2800 0.072
R6675 GND.n696 GND.n2810 0.152784
R6676 GND.n791 GND.n790 0.152784
R6677 GND.n2908 GND.n2776 0.072
R6678 GND.n2818 GND.n2795 0.0697685
R6679 GND.n2998 GND.n2805 0.0697685
R6680 GND.n2918 GND.n2771 0.0697685
R6681 GND.n2855 GND.n2786 0.0697685
R6682 GND.n2812 GND.n2796 0.0649115
R6683 GND.n2993 GND.n2806 0.0649115
R6684 GND.n2896 GND.n2772 0.0649115
R6685 GND.n2833 GND.n2787 0.0649115
R6686 GND.n167 GND.n166 0.032496
R6687 GND.n2817 GND.n2797 0.0600516
R6688 GND.n2997 GND.n2807 0.0600516
R6689 GND.n2915 GND.n2773 0.0600516
R6690 GND.n2854 GND.n2788 0.0600516
R6691 GND.n2819 GND.n2791 0.057644
R6692 GND.n2813 GND.n2798 0.0551889
R6693 GND.n2994 GND.n2808 0.0551889
R6694 GND.n2902 GND.n2774 0.0551889
R6695 GND.n2840 GND.n2789 0.0551889
R6696 GND.n2816 GND.n2799 0.0503235
R6697 GND.n2996 GND.n2809 0.0503235
R6698 GND.n2912 GND.n2775 0.0503235
R6699 GND.n2850 GND.n2790 0.0503235
R6700 GND.n2814 GND.n2800 0.0454552
R6701 GND.n2995 GND.n2810 0.0454552
R6702 GND.n2906 GND.n2776 0.0454552
R6703 GND.n2842 GND.n790 0.0454552
R6704 GND.n4096 GND.n3012 0.04175
R6705 GND.n4973 GND.n4972 0.0402222
R6706 GND.n2888 GND.n803 0.0390522
R6707 GND.n3818 GND.n3167 0.0375486
R6708 GND.n3472 GND.n3272 0.0375486
R6709 GND.n6443 GND.n2250 0.0371667
R6710 GND.n2250 GND.n2249 0.0371667
R6711 GND.n2249 GND.n1777 0.0371667
R6712 GND.n2244 GND.n1777 0.0371667
R6713 GND.n2244 GND.n2243 0.0371667
R6714 GND.n2243 GND.n2242 0.0371667
R6715 GND.n2242 GND.n1779 0.0371667
R6716 GND.n2237 GND.n1779 0.0371667
R6717 GND.n2237 GND.n2236 0.0371667
R6718 GND.n2236 GND.n2235 0.0371667
R6719 GND.n2235 GND.n1781 0.0371667
R6720 GND.n2230 GND.n1781 0.0371667
R6721 GND.n2230 GND.n2229 0.0371667
R6722 GND.n2229 GND.n2228 0.0371667
R6723 GND.n2228 GND.n1783 0.0371667
R6724 GND.n2223 GND.n1783 0.0371667
R6725 GND.n2223 GND.n2222 0.0371667
R6726 GND.n2222 GND.n2221 0.0371667
R6727 GND.n2221 GND.n1785 0.0371667
R6728 GND.n2216 GND.n1785 0.0371667
R6729 GND.n2216 GND.n2215 0.0371667
R6730 GND.n2215 GND.n2214 0.0371667
R6731 GND.n2214 GND.n1787 0.0371667
R6732 GND.n2209 GND.n1787 0.0371667
R6733 GND.n2209 GND.n2208 0.0371667
R6734 GND.n2208 GND.n2207 0.0371667
R6735 GND.n2207 GND.n1789 0.0371667
R6736 GND.n2202 GND.n1789 0.0371667
R6737 GND.n2202 GND.n2201 0.0371667
R6738 GND.n2201 GND.n2200 0.0371667
R6739 GND.n2200 GND.n1791 0.0371667
R6740 GND.n2195 GND.n1791 0.0371667
R6741 GND.n2195 GND.n2194 0.0371667
R6742 GND.n2194 GND.n2193 0.0371667
R6743 GND.n2193 GND.n1793 0.0371667
R6744 GND.n2188 GND.n1793 0.0371667
R6745 GND.n2188 GND.n2187 0.0371667
R6746 GND.n2187 GND.n2186 0.0371667
R6747 GND.n2186 GND.n1795 0.0371667
R6748 GND.n2181 GND.n1795 0.0371667
R6749 GND.n2181 GND.n2180 0.0371667
R6750 GND.n2180 GND.n2179 0.0371667
R6751 GND.n2179 GND.n1797 0.0371667
R6752 GND.n2174 GND.n1797 0.0371667
R6753 GND.n2174 GND.n2173 0.0371667
R6754 GND.n2173 GND.n2172 0.0371667
R6755 GND.n2172 GND.n1799 0.0371667
R6756 GND.n2167 GND.n1799 0.0371667
R6757 GND.n2167 GND.n2166 0.0371667
R6758 GND.n2166 GND.n2165 0.0371667
R6759 GND.n2165 GND.n1801 0.0371667
R6760 GND.n2160 GND.n1801 0.0371667
R6761 GND.n2160 GND.n2159 0.0371667
R6762 GND.n2159 GND.n2158 0.0371667
R6763 GND.n2158 GND.n1803 0.0371667
R6764 GND.n2153 GND.n1803 0.0371667
R6765 GND.n2153 GND.n2152 0.0371667
R6766 GND.n2152 GND.n2151 0.0371667
R6767 GND.n2151 GND.n1805 0.0371667
R6768 GND.n2146 GND.n1805 0.0371667
R6769 GND.n2146 GND.n2145 0.0371667
R6770 GND.n2145 GND.n2144 0.0371667
R6771 GND.n2144 GND.n1807 0.0371667
R6772 GND.n2139 GND.n1807 0.0371667
R6773 GND.n2139 GND.n2138 0.0371667
R6774 GND.n2138 GND.n2137 0.0371667
R6775 GND.n2137 GND.n1809 0.0371667
R6776 GND.n2132 GND.n1809 0.0371667
R6777 GND.n2132 GND.n2131 0.0371667
R6778 GND.n2131 GND.n2130 0.0371667
R6779 GND.n2130 GND.n1811 0.0371667
R6780 GND.n2125 GND.n1811 0.0371667
R6781 GND.n2125 GND.n2124 0.0371667
R6782 GND.n2124 GND.n2123 0.0371667
R6783 GND.n2123 GND.n1813 0.0371667
R6784 GND.n2118 GND.n1813 0.0371667
R6785 GND.n2118 GND.n2117 0.0371667
R6786 GND.n2117 GND.n2116 0.0371667
R6787 GND.n2116 GND.n1815 0.0371667
R6788 GND.n2111 GND.n1815 0.0371667
R6789 GND.n2111 GND.n2110 0.0371667
R6790 GND.n2110 GND.n2109 0.0371667
R6791 GND.n2109 GND.n1817 0.0371667
R6792 GND.n2104 GND.n1817 0.0371667
R6793 GND.n2104 GND.n2103 0.0371667
R6794 GND.n2103 GND.n2102 0.0371667
R6795 GND.n2102 GND.n1819 0.0371667
R6796 GND.n2097 GND.n1819 0.0371667
R6797 GND.n2097 GND.n2096 0.0371667
R6798 GND.n2096 GND.n2095 0.0371667
R6799 GND.n2095 GND.n1821 0.0371667
R6800 GND.n2090 GND.n1821 0.0371667
R6801 GND.n2090 GND.n2089 0.0371667
R6802 GND.n2089 GND.n2088 0.0371667
R6803 GND.n2088 GND.n1823 0.0371667
R6804 GND.n2083 GND.n1823 0.0371667
R6805 GND.n2083 GND.n2082 0.0371667
R6806 GND.n2082 GND.n2081 0.0371667
R6807 GND.n2081 GND.n1825 0.0371667
R6808 GND.n2076 GND.n1825 0.0371667
R6809 GND.n2076 GND.n2075 0.0371667
R6810 GND.n2075 GND.n2074 0.0371667
R6811 GND.n2074 GND.n1827 0.0371667
R6812 GND.n2069 GND.n1827 0.0371667
R6813 GND.n2069 GND.n2068 0.0371667
R6814 GND.n2068 GND.n2067 0.0371667
R6815 GND.n2067 GND.n1829 0.0371667
R6816 GND.n2062 GND.n1829 0.0371667
R6817 GND.n2062 GND.n2061 0.0371667
R6818 GND.n2061 GND.n2060 0.0371667
R6819 GND.n2060 GND.n1831 0.0371667
R6820 GND.n2055 GND.n1831 0.0371667
R6821 GND.n2055 GND.n2054 0.0371667
R6822 GND.n2054 GND.n2053 0.0371667
R6823 GND.n2053 GND.n1833 0.0371667
R6824 GND.n2048 GND.n1833 0.0371667
R6825 GND.n2048 GND.n2047 0.0371667
R6826 GND.n2047 GND.n2046 0.0371667
R6827 GND.n2046 GND.n1835 0.0371667
R6828 GND.n2041 GND.n1835 0.0371667
R6829 GND.n2041 GND.n2040 0.0371667
R6830 GND.n2040 GND.n2039 0.0371667
R6831 GND.n2039 GND.n1837 0.0371667
R6832 GND.n2034 GND.n1837 0.0371667
R6833 GND.n2034 GND.n2033 0.0371667
R6834 GND.n2033 GND.n2032 0.0371667
R6835 GND.n2032 GND.n1839 0.0371667
R6836 GND.n2027 GND.n1839 0.0371667
R6837 GND.n2027 GND.n2026 0.0371667
R6838 GND.n2026 GND.n2025 0.0371667
R6839 GND.n2025 GND.n1841 0.0371667
R6840 GND.n2020 GND.n1841 0.0371667
R6841 GND.n2020 GND.n2019 0.0371667
R6842 GND.n2019 GND.n2018 0.0371667
R6843 GND.n2018 GND.n1843 0.0371667
R6844 GND.n2013 GND.n1843 0.0371667
R6845 GND.n2013 GND.n2012 0.0371667
R6846 GND.n2012 GND.n2011 0.0371667
R6847 GND.n2011 GND.n1845 0.0371667
R6848 GND.n2006 GND.n1845 0.0371667
R6849 GND.n2006 GND.n2005 0.0371667
R6850 GND.n2005 GND.n2004 0.0371667
R6851 GND.n2004 GND.n1847 0.0371667
R6852 GND.n1999 GND.n1847 0.0371667
R6853 GND.n1999 GND.n1998 0.0371667
R6854 GND.n1998 GND.n1997 0.0371667
R6855 GND.n1997 GND.n1849 0.0371667
R6856 GND.n1992 GND.n1849 0.0371667
R6857 GND.n1992 GND.n1991 0.0371667
R6858 GND.n1991 GND.n1990 0.0371667
R6859 GND.n1990 GND.n1851 0.0371667
R6860 GND.n1985 GND.n1851 0.0371667
R6861 GND.n1985 GND.n1984 0.0371667
R6862 GND.n1984 GND.n1983 0.0371667
R6863 GND.n1983 GND.n1853 0.0371667
R6864 GND.n1978 GND.n1853 0.0371667
R6865 GND.n1978 GND.n1977 0.0371667
R6866 GND.n1977 GND.n1976 0.0371667
R6867 GND.n1976 GND.n1855 0.0371667
R6868 GND.n1971 GND.n1855 0.0371667
R6869 GND.n1971 GND.n1970 0.0371667
R6870 GND.n1970 GND.n1969 0.0371667
R6871 GND.n1969 GND.n1857 0.0371667
R6872 GND.n1964 GND.n1857 0.0371667
R6873 GND.n1964 GND.n1963 0.0371667
R6874 GND.n1963 GND.n1962 0.0371667
R6875 GND.n1962 GND.n1859 0.0371667
R6876 GND.n1957 GND.n1859 0.0371667
R6877 GND.n1957 GND.n1956 0.0371667
R6878 GND.n1956 GND.n1955 0.0371667
R6879 GND.n1955 GND.n1861 0.0371667
R6880 GND.n1950 GND.n1861 0.0371667
R6881 GND.n1950 GND.n1949 0.0371667
R6882 GND.n1949 GND.n1948 0.0371667
R6883 GND.n1948 GND.n1863 0.0371667
R6884 GND.n1943 GND.n1863 0.0371667
R6885 GND.n1943 GND.n1942 0.0371667
R6886 GND.n1942 GND.n1941 0.0371667
R6887 GND.n1941 GND.n1865 0.0371667
R6888 GND.n1936 GND.n1865 0.0371667
R6889 GND.n1936 GND.n1935 0.0371667
R6890 GND.n1935 GND.n1934 0.0371667
R6891 GND.n1934 GND.n1867 0.0371667
R6892 GND.n1929 GND.n1867 0.0371667
R6893 GND.n1929 GND.n1928 0.0371667
R6894 GND.n1928 GND.n1927 0.0371667
R6895 GND.n1927 GND.n1869 0.0371667
R6896 GND.n1922 GND.n1869 0.0371667
R6897 GND.n1922 GND.n1921 0.0371667
R6898 GND.n1921 GND.n1920 0.0371667
R6899 GND.n1920 GND.n1871 0.0371667
R6900 GND.n1915 GND.n1871 0.0371667
R6901 GND.n1915 GND.n1914 0.0371667
R6902 GND.n1914 GND.n1913 0.0371667
R6903 GND.n1913 GND.n1873 0.0371667
R6904 GND.n1908 GND.n1873 0.0371667
R6905 GND.n1908 GND.n1907 0.0371667
R6906 GND.n1907 GND.n1906 0.0371667
R6907 GND.n1906 GND.n1875 0.0371667
R6908 GND.n1901 GND.n1875 0.0371667
R6909 GND.n1901 GND.n1900 0.0371667
R6910 GND.n1900 GND.n1899 0.0371667
R6911 GND.n1899 GND.n1877 0.0371667
R6912 GND.n1894 GND.n1877 0.0371667
R6913 GND.n1894 GND.n1893 0.0371667
R6914 GND.n1893 GND.n1892 0.0371667
R6915 GND.n1892 GND.n1879 0.0371667
R6916 GND.n1887 GND.n1879 0.0371667
R6917 GND.n1887 GND.n1886 0.0371667
R6918 GND.n1886 GND.n1885 0.0371667
R6919 GND.n1885 GND.n1882 0.0371667
R6920 GND.n1882 GND.n1881 0.0371667
R6921 GND.n1881 GND.n1423 0.0371667
R6922 GND.n1423 GND.n1422 0.0371667
R6923 GND.n1422 GND.n1421 0.0371667
R6924 GND.n1421 GND.n1420 0.0371667
R6925 GND.n1420 GND.n1419 0.0371667
R6926 GND.n4749 GND.n1419 0.0371667
R6927 GND.n4750 GND.n4749 0.0371667
R6928 GND.n4750 GND.n4748 0.0371667
R6929 GND.n4748 GND.n4747 0.0371667
R6930 GND.n4747 GND.n4746 0.0371667
R6931 GND.n4746 GND.n4284 0.0371667
R6932 GND.n4741 GND.n4284 0.0371667
R6933 GND.n4741 GND.n4740 0.0371667
R6934 GND.n4740 GND.n4739 0.0371667
R6935 GND.n4739 GND.n4286 0.0371667
R6936 GND.n4734 GND.n4286 0.0371667
R6937 GND.n4734 GND.n4733 0.0371667
R6938 GND.n4733 GND.n4732 0.0371667
R6939 GND.n4732 GND.n4288 0.0371667
R6940 GND.n4727 GND.n4288 0.0371667
R6941 GND.n4727 GND.n4726 0.0371667
R6942 GND.n4726 GND.n4725 0.0371667
R6943 GND.n4725 GND.n4290 0.0371667
R6944 GND.n4720 GND.n4290 0.0371667
R6945 GND.n4720 GND.n4719 0.0371667
R6946 GND.n4719 GND.n4718 0.0371667
R6947 GND.n4718 GND.n4292 0.0371667
R6948 GND.n4713 GND.n4292 0.0371667
R6949 GND.n4713 GND.n4712 0.0371667
R6950 GND.n4712 GND.n4711 0.0371667
R6951 GND.n4711 GND.n4294 0.0371667
R6952 GND.n4706 GND.n4294 0.0371667
R6953 GND.n4706 GND.n4705 0.0371667
R6954 GND.n4705 GND.n4704 0.0371667
R6955 GND.n4704 GND.n4296 0.0371667
R6956 GND.n4699 GND.n4296 0.0371667
R6957 GND.n4699 GND.n4698 0.0371667
R6958 GND.n4698 GND.n4697 0.0371667
R6959 GND.n4697 GND.n4298 0.0371667
R6960 GND.n4692 GND.n4298 0.0371667
R6961 GND.n4692 GND.n4691 0.0371667
R6962 GND.n4691 GND.n4690 0.0371667
R6963 GND.n4690 GND.n4300 0.0371667
R6964 GND.n4685 GND.n4300 0.0371667
R6965 GND.n4685 GND.n4684 0.0371667
R6966 GND.n4684 GND.n4683 0.0371667
R6967 GND.n4683 GND.n4302 0.0371667
R6968 GND.n4678 GND.n4302 0.0371667
R6969 GND.n4678 GND.n4677 0.0371667
R6970 GND.n4677 GND.n4676 0.0371667
R6971 GND.n4676 GND.n4304 0.0371667
R6972 GND.n4671 GND.n4304 0.0371667
R6973 GND.n4671 GND.n4670 0.0371667
R6974 GND.n4670 GND.n4669 0.0371667
R6975 GND.n4669 GND.n4306 0.0371667
R6976 GND.n4664 GND.n4306 0.0371667
R6977 GND.n4664 GND.n4663 0.0371667
R6978 GND.n4663 GND.n4662 0.0371667
R6979 GND.n4662 GND.n4308 0.0371667
R6980 GND.n4657 GND.n4308 0.0371667
R6981 GND.n4657 GND.n4656 0.0371667
R6982 GND.n4656 GND.n4655 0.0371667
R6983 GND.n4655 GND.n4310 0.0371667
R6984 GND.n4650 GND.n4310 0.0371667
R6985 GND.n4650 GND.n4649 0.0371667
R6986 GND.n4649 GND.n4648 0.0371667
R6987 GND.n4648 GND.n4312 0.0371667
R6988 GND.n4643 GND.n4312 0.0371667
R6989 GND.n4643 GND.n4642 0.0371667
R6990 GND.n4642 GND.n4641 0.0371667
R6991 GND.n4641 GND.n4314 0.0371667
R6992 GND.n4636 GND.n4314 0.0371667
R6993 GND.n4636 GND.n4635 0.0371667
R6994 GND.n4635 GND.n4634 0.0371667
R6995 GND.n4634 GND.n4316 0.0371667
R6996 GND.n4629 GND.n4316 0.0371667
R6997 GND.n4629 GND.n4628 0.0371667
R6998 GND.n4628 GND.n4627 0.0371667
R6999 GND.n4627 GND.n4318 0.0371667
R7000 GND.n4622 GND.n4318 0.0371667
R7001 GND.n4622 GND.n4621 0.0371667
R7002 GND.n4621 GND.n4620 0.0371667
R7003 GND.n4620 GND.n4320 0.0371667
R7004 GND.n4615 GND.n4320 0.0371667
R7005 GND.n4615 GND.n4614 0.0371667
R7006 GND.n4614 GND.n4613 0.0371667
R7007 GND.n4613 GND.n4322 0.0371667
R7008 GND.n4608 GND.n4322 0.0371667
R7009 GND.n4608 GND.n4607 0.0371667
R7010 GND.n4607 GND.n4606 0.0371667
R7011 GND.n4606 GND.n4324 0.0371667
R7012 GND.n4601 GND.n4324 0.0371667
R7013 GND.n4601 GND.n4600 0.0371667
R7014 GND.n4600 GND.n4599 0.0371667
R7015 GND.n4599 GND.n4326 0.0371667
R7016 GND.n4594 GND.n4326 0.0371667
R7017 GND.n4594 GND.n4593 0.0371667
R7018 GND.n4593 GND.n4592 0.0371667
R7019 GND.n4592 GND.n4328 0.0371667
R7020 GND.n4587 GND.n4328 0.0371667
R7021 GND.n4587 GND.n4586 0.0371667
R7022 GND.n4586 GND.n4585 0.0371667
R7023 GND.n4585 GND.n4330 0.0371667
R7024 GND.n4580 GND.n4330 0.0371667
R7025 GND.n4580 GND.n4579 0.0371667
R7026 GND.n4579 GND.n4578 0.0371667
R7027 GND.n4578 GND.n4332 0.0371667
R7028 GND.n4573 GND.n4332 0.0371667
R7029 GND.n4573 GND.n4572 0.0371667
R7030 GND.n4572 GND.n4571 0.0371667
R7031 GND.n4571 GND.n4334 0.0371667
R7032 GND.n4562 GND.n4334 0.0371667
R7033 GND.n4563 GND.n4562 0.0371667
R7034 GND.n4563 GND.n4561 0.0371667
R7035 GND.n4561 GND.n4560 0.0371667
R7036 GND.n4560 GND.n4559 0.0371667
R7037 GND.n4559 GND.n4338 0.0371667
R7038 GND.n4555 GND.n4338 0.0371667
R7039 GND.n4555 GND.n4554 0.0371667
R7040 GND.n4554 GND.n4553 0.0371667
R7041 GND.n4553 GND.n4341 0.0371667
R7042 GND.n4549 GND.n4341 0.0371667
R7043 GND.n4549 GND.n4548 0.0371667
R7044 GND.n4548 GND.n4547 0.0371667
R7045 GND.n4547 GND.n4344 0.0371667
R7046 GND.n4543 GND.n4344 0.0371667
R7047 GND.n4543 GND.n4542 0.0371667
R7048 GND.n4542 GND.n4541 0.0371667
R7049 GND.n4541 GND.n4347 0.0371667
R7050 GND.n4537 GND.n4347 0.0371667
R7051 GND.n4537 GND.n4536 0.0371667
R7052 GND.n4536 GND.n4535 0.0371667
R7053 GND.n4535 GND.n4350 0.0371667
R7054 GND.n4531 GND.n4350 0.0371667
R7055 GND.n4531 GND.n4530 0.0371667
R7056 GND.n4530 GND.n4529 0.0371667
R7057 GND.n4529 GND.n4353 0.0371667
R7058 GND.n4525 GND.n4353 0.0371667
R7059 GND.n4525 GND.n4524 0.0371667
R7060 GND.n4524 GND.n4523 0.0371667
R7061 GND.n4523 GND.n4356 0.0371667
R7062 GND.n4519 GND.n4356 0.0371667
R7063 GND.n4519 GND.n4518 0.0371667
R7064 GND.n4518 GND.n4517 0.0371667
R7065 GND.n4517 GND.n4359 0.0371667
R7066 GND.n4513 GND.n4359 0.0371667
R7067 GND.n4513 GND.n4512 0.0371667
R7068 GND.n4512 GND.n4511 0.0371667
R7069 GND.n4511 GND.n4362 0.0371667
R7070 GND.n4507 GND.n4362 0.0371667
R7071 GND.n4507 GND.n4506 0.0371667
R7072 GND.n4506 GND.n4505 0.0371667
R7073 GND.n4505 GND.n4365 0.0371667
R7074 GND.n4501 GND.n4365 0.0371667
R7075 GND.n4501 GND.n4500 0.0371667
R7076 GND.n4500 GND.n4499 0.0371667
R7077 GND.n4499 GND.n4368 0.0371667
R7078 GND.n4495 GND.n4368 0.0371667
R7079 GND.n4495 GND.n4494 0.0371667
R7080 GND.n4494 GND.n4493 0.0371667
R7081 GND.n4493 GND.n4371 0.0371667
R7082 GND.n4489 GND.n4371 0.0371667
R7083 GND.n4489 GND.n4488 0.0371667
R7084 GND.n4488 GND.n4487 0.0371667
R7085 GND.n4487 GND.n4374 0.0371667
R7086 GND.n4483 GND.n4374 0.0371667
R7087 GND.n4483 GND.n4482 0.0371667
R7088 GND.n4482 GND.n4481 0.0371667
R7089 GND.n4481 GND.n4377 0.0371667
R7090 GND.n4477 GND.n4377 0.0371667
R7091 GND.n4477 GND.n4476 0.0371667
R7092 GND.n4476 GND.n4475 0.0371667
R7093 GND.n4475 GND.n4380 0.0371667
R7094 GND.n4471 GND.n4380 0.0371667
R7095 GND.n4471 GND.n4470 0.0371667
R7096 GND.n4470 GND.n4469 0.0371667
R7097 GND.n4469 GND.n4383 0.0371667
R7098 GND.n4465 GND.n4383 0.0371667
R7099 GND.n4465 GND.n4464 0.0371667
R7100 GND.n4464 GND.n4463 0.0371667
R7101 GND.n4463 GND.n4386 0.0371667
R7102 GND.n4459 GND.n4386 0.0371667
R7103 GND.n4459 GND.n4458 0.0371667
R7104 GND.n4458 GND.n4457 0.0371667
R7105 GND.n4457 GND.n4389 0.0371667
R7106 GND.n4453 GND.n4389 0.0371667
R7107 GND.n4453 GND.n4452 0.0371667
R7108 GND.n4452 GND.n4451 0.0371667
R7109 GND.n4451 GND.n4392 0.0371667
R7110 GND.n4447 GND.n4392 0.0371667
R7111 GND.n4447 GND.n4446 0.0371667
R7112 GND.n4446 GND.n4445 0.0371667
R7113 GND.n4445 GND.n4395 0.0371667
R7114 GND.n4441 GND.n4395 0.0371667
R7115 GND.n4441 GND.n4440 0.0371667
R7116 GND.n4440 GND.n4439 0.0371667
R7117 GND.n4439 GND.n4398 0.0371667
R7118 GND.n4435 GND.n4398 0.0371667
R7119 GND.n4435 GND.n4434 0.0371667
R7120 GND.n4434 GND.n4433 0.0371667
R7121 GND.n4433 GND.n4401 0.0371667
R7122 GND.n4429 GND.n4401 0.0371667
R7123 GND.n4429 GND.n4428 0.0371667
R7124 GND.n4428 GND.n4427 0.0371667
R7125 GND.n4427 GND.n4404 0.0371667
R7126 GND.n4423 GND.n4404 0.0371667
R7127 GND.n4423 GND.n4422 0.0371667
R7128 GND.n4422 GND.n4421 0.0371667
R7129 GND.n4421 GND.n4407 0.0371667
R7130 GND.n4417 GND.n4407 0.0371667
R7131 GND.n4417 GND.n4416 0.0371667
R7132 GND.n4416 GND.n4415 0.0371667
R7133 GND.n4415 GND.n4410 0.0371667
R7134 GND.n4411 GND.n4410 0.0371667
R7135 GND.n4411 GND.n3002 0.0371667
R7136 GND.n4908 GND.n3002 0.0371667
R7137 GND.n6442 GND.n6441 0.0371667
R7138 GND.n6441 GND.n6440 0.0371667
R7139 GND.n6440 GND.n6439 0.0371667
R7140 GND.n6439 GND.n6438 0.0371667
R7141 GND.n6438 GND.n6437 0.0371667
R7142 GND.n6437 GND.n6436 0.0371667
R7143 GND.n6436 GND.n6435 0.0371667
R7144 GND.n6435 GND.n6434 0.0371667
R7145 GND.n6434 GND.n6433 0.0371667
R7146 GND.n6433 GND.n6432 0.0371667
R7147 GND.n6432 GND.n6431 0.0371667
R7148 GND.n6431 GND.n6430 0.0371667
R7149 GND.n6430 GND.n6429 0.0371667
R7150 GND.n6429 GND.n6428 0.0371667
R7151 GND.n6428 GND.n6427 0.0371667
R7152 GND.n6427 GND.n6426 0.0371667
R7153 GND.n6426 GND.n6425 0.0371667
R7154 GND.n6425 GND.n6424 0.0371667
R7155 GND.n6424 GND.n6423 0.0371667
R7156 GND.n6423 GND.n6422 0.0371667
R7157 GND.n6422 GND.n6421 0.0371667
R7158 GND.n6421 GND.n6420 0.0371667
R7159 GND.n6420 GND.n6419 0.0371667
R7160 GND.n6419 GND.n6418 0.0371667
R7161 GND.n6418 GND.n6417 0.0371667
R7162 GND.n6417 GND.n6416 0.0371667
R7163 GND.n6416 GND.n6415 0.0371667
R7164 GND.n6415 GND.n6414 0.0371667
R7165 GND.n6414 GND.n6413 0.0371667
R7166 GND.n6413 GND.n6412 0.0371667
R7167 GND.n6412 GND.n6411 0.0371667
R7168 GND.n6411 GND.n6410 0.0371667
R7169 GND.n6410 GND.n6409 0.0371667
R7170 GND.n6409 GND.n6408 0.0371667
R7171 GND.n6408 GND.n6407 0.0371667
R7172 GND.n6407 GND.n6406 0.0371667
R7173 GND.n6406 GND.n6405 0.0371667
R7174 GND.n6405 GND.n6404 0.0371667
R7175 GND.n6404 GND.n6403 0.0371667
R7176 GND.n6403 GND.n6402 0.0371667
R7177 GND.n6402 GND.n6401 0.0371667
R7178 GND.n6401 GND.n6400 0.0371667
R7179 GND.n6400 GND.n6399 0.0371667
R7180 GND.n6399 GND.n6398 0.0371667
R7181 GND.n6398 GND.n6397 0.0371667
R7182 GND.n6397 GND.n6396 0.0371667
R7183 GND.n6396 GND.n6395 0.0371667
R7184 GND.n6395 GND.n6394 0.0371667
R7185 GND.n6394 GND.n6393 0.0371667
R7186 GND.n6393 GND.n6392 0.0371667
R7187 GND.n6392 GND.n6391 0.0371667
R7188 GND.n6391 GND.n6390 0.0371667
R7189 GND.n6390 GND.n6389 0.0371667
R7190 GND.n6389 GND.n6388 0.0371667
R7191 GND.n6388 GND.n6387 0.0371667
R7192 GND.n6387 GND.n6386 0.0371667
R7193 GND.n6386 GND.n6385 0.0371667
R7194 GND.n6385 GND.n6384 0.0371667
R7195 GND.n6384 GND.n6383 0.0371667
R7196 GND.n6383 GND.n6382 0.0371667
R7197 GND.n6382 GND.n6381 0.0371667
R7198 GND.n6381 GND.n6380 0.0371667
R7199 GND.n6380 GND.n6379 0.0371667
R7200 GND.n6379 GND.n6378 0.0371667
R7201 GND.n6378 GND.n6377 0.0371667
R7202 GND.n6377 GND.n6376 0.0371667
R7203 GND.n6376 GND.n6375 0.0371667
R7204 GND.n6375 GND.n6374 0.0371667
R7205 GND.n6374 GND.n6373 0.0371667
R7206 GND.n6373 GND.n6372 0.0371667
R7207 GND.n6372 GND.n6371 0.0371667
R7208 GND.n6371 GND.n6370 0.0371667
R7209 GND.n6370 GND.n6369 0.0371667
R7210 GND.n6369 GND.n6368 0.0371667
R7211 GND.n6368 GND.n6367 0.0371667
R7212 GND.n6367 GND.n6366 0.0371667
R7213 GND.n6366 GND.n6365 0.0371667
R7214 GND.n6365 GND.n6364 0.0371667
R7215 GND.n6364 GND.n6363 0.0371667
R7216 GND.n6363 GND.n6362 0.0371667
R7217 GND.n6362 GND.n6361 0.0371667
R7218 GND.n6361 GND.n6360 0.0371667
R7219 GND.n6360 GND.n6359 0.0371667
R7220 GND.n6359 GND.n6358 0.0371667
R7221 GND.n6358 GND.n6357 0.0371667
R7222 GND.n6357 GND.n6356 0.0371667
R7223 GND.n6356 GND.n6355 0.0371667
R7224 GND.n6355 GND.n6354 0.0371667
R7225 GND.n6354 GND.n6353 0.0371667
R7226 GND.n6353 GND.n6352 0.0371667
R7227 GND.n6352 GND.n6351 0.0371667
R7228 GND.n6351 GND.n6350 0.0371667
R7229 GND.n6350 GND.n6349 0.0371667
R7230 GND.n6349 GND.n6348 0.0371667
R7231 GND.n6348 GND.n6347 0.0371667
R7232 GND.n6347 GND.n6346 0.0371667
R7233 GND.n6346 GND.n6345 0.0371667
R7234 GND.n6345 GND.n6344 0.0371667
R7235 GND.n6344 GND.n6343 0.0371667
R7236 GND.n6343 GND.n6342 0.0371667
R7237 GND.n6342 GND.n6341 0.0371667
R7238 GND.n6341 GND.n6340 0.0371667
R7239 GND.n6340 GND.n6339 0.0371667
R7240 GND.n6339 GND.n6338 0.0371667
R7241 GND.n6338 GND.n6337 0.0371667
R7242 GND.n6337 GND.n2251 0.0371667
R7243 GND.n6324 GND.n2251 0.0371667
R7244 GND.n6325 GND.n6324 0.0371667
R7245 GND.n6325 GND.n6323 0.0371667
R7246 GND.n6323 GND.n6322 0.0371667
R7247 GND.n6322 GND.n6321 0.0371667
R7248 GND.n6321 GND.n2257 0.0371667
R7249 GND.n6309 GND.n2257 0.0371667
R7250 GND.n6310 GND.n6309 0.0371667
R7251 GND.n6310 GND.n6308 0.0371667
R7252 GND.n6308 GND.n6307 0.0371667
R7253 GND.n6307 GND.n2319 0.0371667
R7254 GND.n6295 GND.n2319 0.0371667
R7255 GND.n6296 GND.n6295 0.0371667
R7256 GND.n6296 GND.n6294 0.0371667
R7257 GND.n6294 GND.n6293 0.0371667
R7258 GND.n6293 GND.n2323 0.0371667
R7259 GND.n6284 GND.n2323 0.0371667
R7260 GND.n6284 GND.n6283 0.0371667
R7261 GND.n6283 GND.n6282 0.0371667
R7262 GND.n6282 GND.n2327 0.0371667
R7263 GND.n6273 GND.n2327 0.0371667
R7264 GND.n6273 GND.n6272 0.0371667
R7265 GND.n6272 GND.n6271 0.0371667
R7266 GND.n6271 GND.n2332 0.0371667
R7267 GND.n6262 GND.n2332 0.0371667
R7268 GND.n6262 GND.n6261 0.0371667
R7269 GND.n6261 GND.n6260 0.0371667
R7270 GND.n6260 GND.n2336 0.0371667
R7271 GND.n6252 GND.n2336 0.0371667
R7272 GND.n6252 GND.n6251 0.0371667
R7273 GND.n6251 GND.n6250 0.0371667
R7274 GND.n6250 GND.n2341 0.0371667
R7275 GND.n6241 GND.n2341 0.0371667
R7276 GND.n6241 GND.n6240 0.0371667
R7277 GND.n6240 GND.n6239 0.0371667
R7278 GND.n6239 GND.n2345 0.0371667
R7279 GND.n6229 GND.n2345 0.0371667
R7280 GND.n6229 GND.n6228 0.0371667
R7281 GND.n6228 GND.n6227 0.0371667
R7282 GND.n6227 GND.n2349 0.0371667
R7283 GND.n6218 GND.n2349 0.0371667
R7284 GND.n6218 GND.n6217 0.0371667
R7285 GND.n6217 GND.n6216 0.0371667
R7286 GND.n6216 GND.n2353 0.0371667
R7287 GND.n6207 GND.n2353 0.0371667
R7288 GND.n6207 GND.n6206 0.0371667
R7289 GND.n6206 GND.n6205 0.0371667
R7290 GND.n6205 GND.n2357 0.0371667
R7291 GND.n6195 GND.n2357 0.0371667
R7292 GND.n6195 GND.n6194 0.0371667
R7293 GND.n6194 GND.n6193 0.0371667
R7294 GND.n6193 GND.n2361 0.0371667
R7295 GND.n6184 GND.n2361 0.0371667
R7296 GND.n6184 GND.n6183 0.0371667
R7297 GND.n6183 GND.n6182 0.0371667
R7298 GND.n6182 GND.n2366 0.0371667
R7299 GND.n6172 GND.n2366 0.0371667
R7300 GND.n6172 GND.n6171 0.0371667
R7301 GND.n6171 GND.n6170 0.0371667
R7302 GND.n6170 GND.n2370 0.0371667
R7303 GND.n6160 GND.n2370 0.0371667
R7304 GND.n6160 GND.n6159 0.0371667
R7305 GND.n6159 GND.n6158 0.0371667
R7306 GND.n6158 GND.n2374 0.0371667
R7307 GND.n6148 GND.n2374 0.0371667
R7308 GND.n6148 GND.n6147 0.0371667
R7309 GND.n6147 GND.n6146 0.0371667
R7310 GND.n6146 GND.n2378 0.0371667
R7311 GND.n6136 GND.n2378 0.0371667
R7312 GND.n6136 GND.n6135 0.0371667
R7313 GND.n6135 GND.n6134 0.0371667
R7314 GND.n6134 GND.n2382 0.0371667
R7315 GND.n6124 GND.n2382 0.0371667
R7316 GND.n6124 GND.n6123 0.0371667
R7317 GND.n6123 GND.n6122 0.0371667
R7318 GND.n6122 GND.n2386 0.0371667
R7319 GND.n6112 GND.n2386 0.0371667
R7320 GND.n6112 GND.n6111 0.0371667
R7321 GND.n6111 GND.n6110 0.0371667
R7322 GND.n6110 GND.n2390 0.0371667
R7323 GND.n6100 GND.n2390 0.0371667
R7324 GND.n6100 GND.n6099 0.0371667
R7325 GND.n6099 GND.n6098 0.0371667
R7326 GND.n6098 GND.n2394 0.0371667
R7327 GND.n6088 GND.n2394 0.0371667
R7328 GND.n6088 GND.n6087 0.0371667
R7329 GND.n6087 GND.n6086 0.0371667
R7330 GND.n6086 GND.n2398 0.0371667
R7331 GND.n6076 GND.n2398 0.0371667
R7332 GND.n6076 GND.n6075 0.0371667
R7333 GND.n6075 GND.n6074 0.0371667
R7334 GND.n6074 GND.n2402 0.0371667
R7335 GND.n6064 GND.n2402 0.0371667
R7336 GND.n6064 GND.n6063 0.0371667
R7337 GND.n6063 GND.n6062 0.0371667
R7338 GND.n6062 GND.n2406 0.0371667
R7339 GND.n6054 GND.n2406 0.0371667
R7340 GND.n6054 GND.n6053 0.0371667
R7341 GND.n6053 GND.n6052 0.0371667
R7342 GND.n6052 GND.n2410 0.0371667
R7343 GND.n6043 GND.n2410 0.0371667
R7344 GND.n6043 GND.n6042 0.0371667
R7345 GND.n6042 GND.n6041 0.0371667
R7346 GND.n6041 GND.n2415 0.0371667
R7347 GND.n6033 GND.n2415 0.0371667
R7348 GND.n6033 GND.n6032 0.0371667
R7349 GND.n6032 GND.n6031 0.0371667
R7350 GND.n6031 GND.n2419 0.0371667
R7351 GND.n6019 GND.n2419 0.0371667
R7352 GND.n6019 GND.n6018 0.0371667
R7353 GND.n6018 GND.n6017 0.0371667
R7354 GND.n6017 GND.n6016 0.0371667
R7355 GND.n6016 GND.n6013 0.0371667
R7356 GND.n6013 GND.n6012 0.0371667
R7357 GND.n6012 GND.n6011 0.0371667
R7358 GND.n6011 GND.n6010 0.0371667
R7359 GND.n6010 GND.n6009 0.0371667
R7360 GND.n6009 GND.n6008 0.0371667
R7361 GND.n6008 GND.n6007 0.0371667
R7362 GND.n6007 GND.n6006 0.0371667
R7363 GND.n6006 GND.n6005 0.0371667
R7364 GND.n6005 GND.n6004 0.0371667
R7365 GND.n6004 GND.n6003 0.0371667
R7366 GND.n6003 GND.n6002 0.0371667
R7367 GND.n6002 GND.n6001 0.0371667
R7368 GND.n6001 GND.n6000 0.0371667
R7369 GND.n6000 GND.n5999 0.0371667
R7370 GND.n5999 GND.n5998 0.0371667
R7371 GND.n5998 GND.n5997 0.0371667
R7372 GND.n5997 GND.n5996 0.0371667
R7373 GND.n5996 GND.n5995 0.0371667
R7374 GND.n5995 GND.n5994 0.0371667
R7375 GND.n5994 GND.n5993 0.0371667
R7376 GND.n5993 GND.n5992 0.0371667
R7377 GND.n5992 GND.n5991 0.0371667
R7378 GND.n5991 GND.n5990 0.0371667
R7379 GND.n5990 GND.n5989 0.0371667
R7380 GND.n5989 GND.n5988 0.0371667
R7381 GND.n5988 GND.n5987 0.0371667
R7382 GND.n5987 GND.n5986 0.0371667
R7383 GND.n5986 GND.n5985 0.0371667
R7384 GND.n5985 GND.n5984 0.0371667
R7385 GND.n5984 GND.n5983 0.0371667
R7386 GND.n5983 GND.n5982 0.0371667
R7387 GND.n5982 GND.n5981 0.0371667
R7388 GND.n5981 GND.n5980 0.0371667
R7389 GND.n5980 GND.n5979 0.0371667
R7390 GND.n5979 GND.n5978 0.0371667
R7391 GND.n5978 GND.n5977 0.0371667
R7392 GND.n5977 GND.n5976 0.0371667
R7393 GND.n5976 GND.n5975 0.0371667
R7394 GND.n5975 GND.n5974 0.0371667
R7395 GND.n5974 GND.n5973 0.0371667
R7396 GND.n5973 GND.n5972 0.0371667
R7397 GND.n5972 GND.n5971 0.0371667
R7398 GND.n5971 GND.n5970 0.0371667
R7399 GND.n5970 GND.n5969 0.0371667
R7400 GND.n5969 GND.n5968 0.0371667
R7401 GND.n5968 GND.n5967 0.0371667
R7402 GND.n5967 GND.n5966 0.0371667
R7403 GND.n5966 GND.n5965 0.0371667
R7404 GND.n5965 GND.n5964 0.0371667
R7405 GND.n5964 GND.n5963 0.0371667
R7406 GND.n5963 GND.n5962 0.0371667
R7407 GND.n5962 GND.n5961 0.0371667
R7408 GND.n5961 GND.n5960 0.0371667
R7409 GND.n5960 GND.n5959 0.0371667
R7410 GND.n5959 GND.n5958 0.0371667
R7411 GND.n5958 GND.n5957 0.0371667
R7412 GND.n5957 GND.n5956 0.0371667
R7413 GND.n5956 GND.n5955 0.0371667
R7414 GND.n5955 GND.n5954 0.0371667
R7415 GND.n5954 GND.n5953 0.0371667
R7416 GND.n5953 GND.n5952 0.0371667
R7417 GND.n5952 GND.n5951 0.0371667
R7418 GND.n5951 GND.n5950 0.0371667
R7419 GND.n5950 GND.n5949 0.0371667
R7420 GND.n5949 GND.n5948 0.0371667
R7421 GND.n5948 GND.n5947 0.0371667
R7422 GND.n5947 GND.n5946 0.0371667
R7423 GND.n5946 GND.n5945 0.0371667
R7424 GND.n5945 GND.n5944 0.0371667
R7425 GND.n5944 GND.n5943 0.0371667
R7426 GND.n5943 GND.n5942 0.0371667
R7427 GND.n5942 GND.n5941 0.0371667
R7428 GND.n5941 GND.n5940 0.0371667
R7429 GND.n5940 GND.n5939 0.0371667
R7430 GND.n5939 GND.n5938 0.0371667
R7431 GND.n5938 GND.n5937 0.0371667
R7432 GND.n5937 GND.n5936 0.0371667
R7433 GND.n5936 GND.n5935 0.0371667
R7434 GND.n5935 GND.n5934 0.0371667
R7435 GND.n5934 GND.n5933 0.0371667
R7436 GND.n5933 GND.n5932 0.0371667
R7437 GND.n5932 GND.n5931 0.0371667
R7438 GND.n5931 GND.n5930 0.0371667
R7439 GND.n5930 GND.n5929 0.0371667
R7440 GND.n5929 GND.n5928 0.0371667
R7441 GND.n5928 GND.n5927 0.0371667
R7442 GND.n5927 GND.n5926 0.0371667
R7443 GND.n5926 GND.n5925 0.0371667
R7444 GND.n5925 GND.n5924 0.0371667
R7445 GND.n5924 GND.n5923 0.0371667
R7446 GND.n5923 GND.n5922 0.0371667
R7447 GND.n5922 GND.n5921 0.0371667
R7448 GND.n5921 GND.n5920 0.0371667
R7449 GND.n5920 GND.n5919 0.0371667
R7450 GND.n5919 GND.n5918 0.0371667
R7451 GND.n5918 GND.n5917 0.0371667
R7452 GND.n5917 GND.n5916 0.0371667
R7453 GND.n5916 GND.n5915 0.0371667
R7454 GND.n5915 GND.n2424 0.0371667
R7455 GND.n5906 GND.n2424 0.0371667
R7456 GND.n5907 GND.n5906 0.0371667
R7457 GND.n5907 GND.n5905 0.0371667
R7458 GND.n5905 GND.n5904 0.0371667
R7459 GND.n5904 GND.n2429 0.0371667
R7460 GND.n5899 GND.n2429 0.0371667
R7461 GND.n5899 GND.n5898 0.0371667
R7462 GND.n5898 GND.n5897 0.0371667
R7463 GND.n5897 GND.n2431 0.0371667
R7464 GND.n5892 GND.n2431 0.0371667
R7465 GND.n5892 GND.n5891 0.0371667
R7466 GND.n5891 GND.n5890 0.0371667
R7467 GND.n5890 GND.n2433 0.0371667
R7468 GND.n5886 GND.n2433 0.0371667
R7469 GND.n5886 GND.n5885 0.0371667
R7470 GND.n5885 GND.n5884 0.0371667
R7471 GND.n5884 GND.n2435 0.0371667
R7472 GND.n5880 GND.n2435 0.0371667
R7473 GND.n5880 GND.n5879 0.0371667
R7474 GND.n5879 GND.n5878 0.0371667
R7475 GND.n5878 GND.n2437 0.0371667
R7476 GND.n5874 GND.n2437 0.0371667
R7477 GND.n5874 GND.n5873 0.0371667
R7478 GND.n5873 GND.n5872 0.0371667
R7479 GND.n5872 GND.n2439 0.0371667
R7480 GND.n5868 GND.n2439 0.0371667
R7481 GND.n5868 GND.n5867 0.0371667
R7482 GND.n5867 GND.n5866 0.0371667
R7483 GND.n5866 GND.n2441 0.0371667
R7484 GND.n5862 GND.n2441 0.0371667
R7485 GND.n5862 GND.n5861 0.0371667
R7486 GND.n5861 GND.n5860 0.0371667
R7487 GND.n5860 GND.n2443 0.0371667
R7488 GND.n5856 GND.n2443 0.0371667
R7489 GND.n5856 GND.n5855 0.0371667
R7490 GND.n5855 GND.n5854 0.0371667
R7491 GND.n5854 GND.n2445 0.0371667
R7492 GND.n5850 GND.n2445 0.0371667
R7493 GND.n5850 GND.n5849 0.0371667
R7494 GND.n5849 GND.n5848 0.0371667
R7495 GND.n5848 GND.n2447 0.0371667
R7496 GND.n5844 GND.n2447 0.0371667
R7497 GND.n5844 GND.n5843 0.0371667
R7498 GND.n5843 GND.n5842 0.0371667
R7499 GND.n5842 GND.n2449 0.0371667
R7500 GND.n5838 GND.n2449 0.0371667
R7501 GND.n5838 GND.n5837 0.0371667
R7502 GND.n5837 GND.n5836 0.0371667
R7503 GND.n5836 GND.n2451 0.0371667
R7504 GND.n5832 GND.n2451 0.0371667
R7505 GND.n5832 GND.n5831 0.0371667
R7506 GND.n5831 GND.n5830 0.0371667
R7507 GND.n5830 GND.n2453 0.0371667
R7508 GND.n5826 GND.n2453 0.0371667
R7509 GND.n5826 GND.n5825 0.0371667
R7510 GND.n5825 GND.n5824 0.0371667
R7511 GND.n5824 GND.n2455 0.0371667
R7512 GND.n5820 GND.n2455 0.0371667
R7513 GND.n5820 GND.n5819 0.0371667
R7514 GND.n5819 GND.n5818 0.0371667
R7515 GND.n5818 GND.n2457 0.0371667
R7516 GND.n5814 GND.n2457 0.0371667
R7517 GND.n5814 GND.n5813 0.0371667
R7518 GND.n5813 GND.n5812 0.0371667
R7519 GND.n5812 GND.n2459 0.0371667
R7520 GND.n5808 GND.n2459 0.0371667
R7521 GND.n5808 GND.n5807 0.0371667
R7522 GND.n5807 GND.n5806 0.0371667
R7523 GND.n5806 GND.n2461 0.0371667
R7524 GND.n5802 GND.n2461 0.0371667
R7525 GND.n5802 GND.n5801 0.0371667
R7526 GND.n5801 GND.n5800 0.0371667
R7527 GND.n5800 GND.n2463 0.0371667
R7528 GND.n5796 GND.n2463 0.0371667
R7529 GND.n5796 GND.n5795 0.0371667
R7530 GND.n5795 GND.n5794 0.0371667
R7531 GND.n5794 GND.n2465 0.0371667
R7532 GND.n5790 GND.n2465 0.0371667
R7533 GND.n5790 GND.n5789 0.0371667
R7534 GND.n5789 GND.n5788 0.0371667
R7535 GND.n5788 GND.n2467 0.0371667
R7536 GND.n5784 GND.n2467 0.0371667
R7537 GND.n5784 GND.n5783 0.0371667
R7538 GND.n5783 GND.n5782 0.0371667
R7539 GND.n5782 GND.n2469 0.0371667
R7540 GND.n5778 GND.n2469 0.0371667
R7541 GND.n5778 GND.n5777 0.0371667
R7542 GND.n5777 GND.n5776 0.0371667
R7543 GND.n5776 GND.n2471 0.0371667
R7544 GND.n5772 GND.n2471 0.0371667
R7545 GND.n5772 GND.n5771 0.0371667
R7546 GND.n5771 GND.n5770 0.0371667
R7547 GND.n5770 GND.n2473 0.0371667
R7548 GND.n5766 GND.n2473 0.0371667
R7549 GND.n5766 GND.n5765 0.0371667
R7550 GND.n5765 GND.n5764 0.0371667
R7551 GND.n5764 GND.n2475 0.0371667
R7552 GND.n5760 GND.n2475 0.0371667
R7553 GND.n5760 GND.n5759 0.0371667
R7554 GND.n5759 GND.n5758 0.0371667
R7555 GND.n5758 GND.n2477 0.0371667
R7556 GND.n5754 GND.n2477 0.0371667
R7557 GND.n5754 GND.n5753 0.0371667
R7558 GND.n5753 GND.n5752 0.0371667
R7559 GND.n5752 GND.n2479 0.0371667
R7560 GND.n5748 GND.n2479 0.0371667
R7561 GND.n5748 GND.n5747 0.0371667
R7562 GND.n5747 GND.n5746 0.0371667
R7563 GND.n5746 GND.n2481 0.0371667
R7564 GND.n5742 GND.n2481 0.0371667
R7565 GND.n5742 GND.n5741 0.0371667
R7566 GND.n5741 GND.n5740 0.0371667
R7567 GND.n5740 GND.n2483 0.0371667
R7568 GND.n5736 GND.n2483 0.0371667
R7569 GND.n5736 GND.n5735 0.0371667
R7570 GND.n5735 GND.n5734 0.0371667
R7571 GND.n5729 GND.n2485 0.0371667
R7572 GND.n5729 GND.n5728 0.0371667
R7573 GND.n5728 GND.n5727 0.0371667
R7574 GND.n5727 GND.n2487 0.0371667
R7575 GND.n5722 GND.n2487 0.0371667
R7576 GND.n5722 GND.n5721 0.0371667
R7577 GND.n5721 GND.n5720 0.0371667
R7578 GND.n5720 GND.n2489 0.0371667
R7579 GND.n5715 GND.n2489 0.0371667
R7580 GND.n5715 GND.n5714 0.0371667
R7581 GND.n5714 GND.n5713 0.0371667
R7582 GND.n5713 GND.n2491 0.0371667
R7583 GND.n5708 GND.n2491 0.0371667
R7584 GND.n5708 GND.n5707 0.0371667
R7585 GND.n5707 GND.n5706 0.0371667
R7586 GND.n5706 GND.n2493 0.0371667
R7587 GND.n5701 GND.n2493 0.0371667
R7588 GND.n5701 GND.n5700 0.0371667
R7589 GND.n5700 GND.n5699 0.0371667
R7590 GND.n5699 GND.n2495 0.0371667
R7591 GND.n5694 GND.n2495 0.0371667
R7592 GND.n5694 GND.n5693 0.0371667
R7593 GND.n5693 GND.n5692 0.0371667
R7594 GND.n5692 GND.n2497 0.0371667
R7595 GND.n5687 GND.n2497 0.0371667
R7596 GND.n5687 GND.n5686 0.0371667
R7597 GND.n5686 GND.n5685 0.0371667
R7598 GND.n5685 GND.n2499 0.0371667
R7599 GND.n5680 GND.n2499 0.0371667
R7600 GND.n5680 GND.n5679 0.0371667
R7601 GND.n5679 GND.n5678 0.0371667
R7602 GND.n5678 GND.n2501 0.0371667
R7603 GND.n5673 GND.n2501 0.0371667
R7604 GND.n5673 GND.n5672 0.0371667
R7605 GND.n5672 GND.n5671 0.0371667
R7606 GND.n5671 GND.n2503 0.0371667
R7607 GND.n5666 GND.n2503 0.0371667
R7608 GND.n5666 GND.n5665 0.0371667
R7609 GND.n5665 GND.n5664 0.0371667
R7610 GND.n5664 GND.n2505 0.0371667
R7611 GND.n5659 GND.n2505 0.0371667
R7612 GND.n5659 GND.n5658 0.0371667
R7613 GND.n5658 GND.n5657 0.0371667
R7614 GND.n5657 GND.n2507 0.0371667
R7615 GND.n5652 GND.n2507 0.0371667
R7616 GND.n5652 GND.n5651 0.0371667
R7617 GND.n5651 GND.n5650 0.0371667
R7618 GND.n5650 GND.n2509 0.0371667
R7619 GND.n5645 GND.n2509 0.0371667
R7620 GND.n5645 GND.n5644 0.0371667
R7621 GND.n5644 GND.n5643 0.0371667
R7622 GND.n5643 GND.n2511 0.0371667
R7623 GND.n5638 GND.n2511 0.0371667
R7624 GND.n5638 GND.n5637 0.0371667
R7625 GND.n5637 GND.n5636 0.0371667
R7626 GND.n5636 GND.n2513 0.0371667
R7627 GND.n5631 GND.n2513 0.0371667
R7628 GND.n5631 GND.n5630 0.0371667
R7629 GND.n5630 GND.n5629 0.0371667
R7630 GND.n5629 GND.n2515 0.0371667
R7631 GND.n5624 GND.n2515 0.0371667
R7632 GND.n5624 GND.n5623 0.0371667
R7633 GND.n5623 GND.n5622 0.0371667
R7634 GND.n5622 GND.n2517 0.0371667
R7635 GND.n5617 GND.n2517 0.0371667
R7636 GND.n5617 GND.n5616 0.0371667
R7637 GND.n5616 GND.n5615 0.0371667
R7638 GND.n5615 GND.n2519 0.0371667
R7639 GND.n5610 GND.n2519 0.0371667
R7640 GND.n5610 GND.n5609 0.0371667
R7641 GND.n5609 GND.n5608 0.0371667
R7642 GND.n5608 GND.n2521 0.0371667
R7643 GND.n5603 GND.n2521 0.0371667
R7644 GND.n5603 GND.n5602 0.0371667
R7645 GND.n5602 GND.n5601 0.0371667
R7646 GND.n5601 GND.n2523 0.0371667
R7647 GND.n5596 GND.n2523 0.0371667
R7648 GND.n5596 GND.n5595 0.0371667
R7649 GND.n5595 GND.n5594 0.0371667
R7650 GND.n5594 GND.n2525 0.0371667
R7651 GND.n5589 GND.n2525 0.0371667
R7652 GND.n5589 GND.n5588 0.0371667
R7653 GND.n5588 GND.n5587 0.0371667
R7654 GND.n5587 GND.n2527 0.0371667
R7655 GND.n5582 GND.n2527 0.0371667
R7656 GND.n5582 GND.n5581 0.0371667
R7657 GND.n5581 GND.n5580 0.0371667
R7658 GND.n5580 GND.n2529 0.0371667
R7659 GND.n5575 GND.n2529 0.0371667
R7660 GND.n5575 GND.n5574 0.0371667
R7661 GND.n5574 GND.n5573 0.0371667
R7662 GND.n5573 GND.n2531 0.0371667
R7663 GND.n5568 GND.n2531 0.0371667
R7664 GND.n5568 GND.n5567 0.0371667
R7665 GND.n5567 GND.n5566 0.0371667
R7666 GND.n5566 GND.n2533 0.0371667
R7667 GND.n5561 GND.n2533 0.0371667
R7668 GND.n5561 GND.n5560 0.0371667
R7669 GND.n5560 GND.n5559 0.0371667
R7670 GND.n5559 GND.n2535 0.0371667
R7671 GND.n5554 GND.n2535 0.0371667
R7672 GND.n5554 GND.n5553 0.0371667
R7673 GND.n5553 GND.n5552 0.0371667
R7674 GND.n5552 GND.n2537 0.0371667
R7675 GND.n5547 GND.n2537 0.0371667
R7676 GND.n5547 GND.n5546 0.0371667
R7677 GND.n5546 GND.n5545 0.0371667
R7678 GND.n5545 GND.n2539 0.0371667
R7679 GND.n5540 GND.n2539 0.0371667
R7680 GND.n5540 GND.n5539 0.0371667
R7681 GND.n5539 GND.n5538 0.0371667
R7682 GND.n5538 GND.n2541 0.0371667
R7683 GND.n5533 GND.n2541 0.0371667
R7684 GND.n5533 GND.n5532 0.0371667
R7685 GND.n5532 GND.n5531 0.0371667
R7686 GND.n5531 GND.n2543 0.0371667
R7687 GND.n5526 GND.n2543 0.0371667
R7688 GND.n5526 GND.n5525 0.0371667
R7689 GND.n5525 GND.n5524 0.0371667
R7690 GND.n5524 GND.n2545 0.0371667
R7691 GND.n5519 GND.n2545 0.0371667
R7692 GND.n5519 GND.n5518 0.0371667
R7693 GND.n5518 GND.n5517 0.0371667
R7694 GND.n5517 GND.n2547 0.0371667
R7695 GND.n5512 GND.n2547 0.0371667
R7696 GND.n5512 GND.n5511 0.0371667
R7697 GND.n5511 GND.n5510 0.0371667
R7698 GND.n5510 GND.n2549 0.0371667
R7699 GND.n5505 GND.n2549 0.0371667
R7700 GND.n5505 GND.n5504 0.0371667
R7701 GND.n5504 GND.n5503 0.0371667
R7702 GND.n5503 GND.n2551 0.0371667
R7703 GND.n5498 GND.n2551 0.0371667
R7704 GND.n5498 GND.n5497 0.0371667
R7705 GND.n5497 GND.n5496 0.0371667
R7706 GND.n5496 GND.n2553 0.0371667
R7707 GND.n5491 GND.n2553 0.0371667
R7708 GND.n5491 GND.n5490 0.0371667
R7709 GND.n5490 GND.n5489 0.0371667
R7710 GND.n5489 GND.n2555 0.0371667
R7711 GND.n5484 GND.n2555 0.0371667
R7712 GND.n5484 GND.n5483 0.0371667
R7713 GND.n5483 GND.n5482 0.0371667
R7714 GND.n5482 GND.n2557 0.0371667
R7715 GND.n5477 GND.n2557 0.0371667
R7716 GND.n5477 GND.n5476 0.0371667
R7717 GND.n5476 GND.n5475 0.0371667
R7718 GND.n5475 GND.n2559 0.0371667
R7719 GND.n5470 GND.n2559 0.0371667
R7720 GND.n5470 GND.n5469 0.0371667
R7721 GND.n5469 GND.n5468 0.0371667
R7722 GND.n5468 GND.n2561 0.0371667
R7723 GND.n5463 GND.n2561 0.0371667
R7724 GND.n5463 GND.n5462 0.0371667
R7725 GND.n5462 GND.n5461 0.0371667
R7726 GND.n5461 GND.n2563 0.0371667
R7727 GND.n5456 GND.n2563 0.0371667
R7728 GND.n5456 GND.n5455 0.0371667
R7729 GND.n5455 GND.n5454 0.0371667
R7730 GND.n5454 GND.n2565 0.0371667
R7731 GND.n5449 GND.n2565 0.0371667
R7732 GND.n5449 GND.n5448 0.0371667
R7733 GND.n5448 GND.n5447 0.0371667
R7734 GND.n5447 GND.n2567 0.0371667
R7735 GND.n5442 GND.n2567 0.0371667
R7736 GND.n5442 GND.n5441 0.0371667
R7737 GND.n5441 GND.n5440 0.0371667
R7738 GND.n5440 GND.n2569 0.0371667
R7739 GND.n5435 GND.n2569 0.0371667
R7740 GND.n5435 GND.n5434 0.0371667
R7741 GND.n5434 GND.n5433 0.0371667
R7742 GND.n5433 GND.n2571 0.0371667
R7743 GND.n5428 GND.n2571 0.0371667
R7744 GND.n5428 GND.n5427 0.0371667
R7745 GND.n5427 GND.n5426 0.0371667
R7746 GND.n5426 GND.n2573 0.0371667
R7747 GND.n5421 GND.n2573 0.0371667
R7748 GND.n5421 GND.n5420 0.0371667
R7749 GND.n5420 GND.n5419 0.0371667
R7750 GND.n5419 GND.n2575 0.0371667
R7751 GND.n5414 GND.n2575 0.0371667
R7752 GND.n5414 GND.n5413 0.0371667
R7753 GND.n5413 GND.n5412 0.0371667
R7754 GND.n5412 GND.n2577 0.0371667
R7755 GND.n5407 GND.n2577 0.0371667
R7756 GND.n5407 GND.n5406 0.0371667
R7757 GND.n5406 GND.n5405 0.0371667
R7758 GND.n5405 GND.n2579 0.0371667
R7759 GND.n5400 GND.n2579 0.0371667
R7760 GND.n5400 GND.n5399 0.0371667
R7761 GND.n5399 GND.n5398 0.0371667
R7762 GND.n5398 GND.n2581 0.0371667
R7763 GND.n5393 GND.n2581 0.0371667
R7764 GND.n5393 GND.n5392 0.0371667
R7765 GND.n5392 GND.n5391 0.0371667
R7766 GND.n5391 GND.n2583 0.0371667
R7767 GND.n5386 GND.n2583 0.0371667
R7768 GND.n5386 GND.n5385 0.0371667
R7769 GND.n5385 GND.n5384 0.0371667
R7770 GND.n5384 GND.n2585 0.0371667
R7771 GND.n5379 GND.n2585 0.0371667
R7772 GND.n5379 GND.n5378 0.0371667
R7773 GND.n5378 GND.n5377 0.0371667
R7774 GND.n5377 GND.n2587 0.0371667
R7775 GND.n5372 GND.n2587 0.0371667
R7776 GND.n5372 GND.n5371 0.0371667
R7777 GND.n5371 GND.n5370 0.0371667
R7778 GND.n5370 GND.n2589 0.0371667
R7779 GND.n5365 GND.n2589 0.0371667
R7780 GND.n5365 GND.n5364 0.0371667
R7781 GND.n5364 GND.n5363 0.0371667
R7782 GND.n5363 GND.n2591 0.0371667
R7783 GND.n5358 GND.n2591 0.0371667
R7784 GND.n5358 GND.n5357 0.0371667
R7785 GND.n5357 GND.n5356 0.0371667
R7786 GND.n5356 GND.n2593 0.0371667
R7787 GND.n5351 GND.n2593 0.0371667
R7788 GND.n5351 GND.n5350 0.0371667
R7789 GND.n5350 GND.n5349 0.0371667
R7790 GND.n5349 GND.n2595 0.0371667
R7791 GND.n5344 GND.n2595 0.0371667
R7792 GND.n5344 GND.n5343 0.0371667
R7793 GND.n5343 GND.n5342 0.0371667
R7794 GND.n5342 GND.n2597 0.0371667
R7795 GND.n5337 GND.n2597 0.0371667
R7796 GND.n5337 GND.n5336 0.0371667
R7797 GND.n5336 GND.n5335 0.0371667
R7798 GND.n5335 GND.n2599 0.0371667
R7799 GND.n5330 GND.n2599 0.0371667
R7800 GND.n5330 GND.n5329 0.0371667
R7801 GND.n5329 GND.n5328 0.0371667
R7802 GND.n5328 GND.n2601 0.0371667
R7803 GND.n5323 GND.n2601 0.0371667
R7804 GND.n5323 GND.n5322 0.0371667
R7805 GND.n5322 GND.n5321 0.0371667
R7806 GND.n5321 GND.n2603 0.0371667
R7807 GND.n5316 GND.n2603 0.0371667
R7808 GND.n5316 GND.n5315 0.0371667
R7809 GND.n5315 GND.n5314 0.0371667
R7810 GND.n5314 GND.n2605 0.0371667
R7811 GND.n5309 GND.n2605 0.0371667
R7812 GND.n5309 GND.n5308 0.0371667
R7813 GND.n5308 GND.n5307 0.0371667
R7814 GND.n5307 GND.n2607 0.0371667
R7815 GND.n5302 GND.n2607 0.0371667
R7816 GND.n5302 GND.n5301 0.0371667
R7817 GND.n5301 GND.n5300 0.0371667
R7818 GND.n5300 GND.n2609 0.0371667
R7819 GND.n5295 GND.n2609 0.0371667
R7820 GND.n5295 GND.n5294 0.0371667
R7821 GND.n5294 GND.n5293 0.0371667
R7822 GND.n5293 GND.n2611 0.0371667
R7823 GND.n5288 GND.n2611 0.0371667
R7824 GND.n5288 GND.n5287 0.0371667
R7825 GND.n5287 GND.n5286 0.0371667
R7826 GND.n5286 GND.n2613 0.0371667
R7827 GND.n5281 GND.n2613 0.0371667
R7828 GND.n5281 GND.n5280 0.0371667
R7829 GND.n5280 GND.n5279 0.0371667
R7830 GND.n5279 GND.n2615 0.0371667
R7831 GND.n5274 GND.n2615 0.0371667
R7832 GND.n5274 GND.n5273 0.0371667
R7833 GND.n5273 GND.n5272 0.0371667
R7834 GND.n5272 GND.n2617 0.0371667
R7835 GND.n5267 GND.n2617 0.0371667
R7836 GND.n5267 GND.n5266 0.0371667
R7837 GND.n5266 GND.n5265 0.0371667
R7838 GND.n5265 GND.n2619 0.0371667
R7839 GND.n5260 GND.n2619 0.0371667
R7840 GND.n5260 GND.n5259 0.0371667
R7841 GND.n5259 GND.n5258 0.0371667
R7842 GND.n5258 GND.n2621 0.0371667
R7843 GND.n5253 GND.n2621 0.0371667
R7844 GND.n5253 GND.n5252 0.0371667
R7845 GND.n5252 GND.n5251 0.0371667
R7846 GND.n5251 GND.n2623 0.0371667
R7847 GND.n5246 GND.n2623 0.0371667
R7848 GND.n5246 GND.n5245 0.0371667
R7849 GND.n5245 GND.n5244 0.0371667
R7850 GND.n5244 GND.n2625 0.0371667
R7851 GND.n5239 GND.n2625 0.0371667
R7852 GND.n5239 GND.n5238 0.0371667
R7853 GND.n5238 GND.n5237 0.0371667
R7854 GND.n5237 GND.n2627 0.0371667
R7855 GND.n5232 GND.n2627 0.0371667
R7856 GND.n5232 GND.n5231 0.0371667
R7857 GND.n5231 GND.n5230 0.0371667
R7858 GND.n5230 GND.n2629 0.0371667
R7859 GND.n5225 GND.n2629 0.0371667
R7860 GND.n5225 GND.n5224 0.0371667
R7861 GND.n5224 GND.n5223 0.0371667
R7862 GND.n5223 GND.n2631 0.0371667
R7863 GND.n5218 GND.n2631 0.0371667
R7864 GND.n5218 GND.n5217 0.0371667
R7865 GND.n5217 GND.n5216 0.0371667
R7866 GND.n5216 GND.n2633 0.0371667
R7867 GND.n5211 GND.n2633 0.0371667
R7868 GND.n5211 GND.n5210 0.0371667
R7869 GND.n5210 GND.n5209 0.0371667
R7870 GND.n5209 GND.n2635 0.0371667
R7871 GND.n5204 GND.n2635 0.0371667
R7872 GND.n5204 GND.n5203 0.0371667
R7873 GND.n5203 GND.n5202 0.0371667
R7874 GND.n5202 GND.n2637 0.0371667
R7875 GND.n5197 GND.n2637 0.0371667
R7876 GND.n5197 GND.n5196 0.0371667
R7877 GND.n5196 GND.n5195 0.0371667
R7878 GND.n5195 GND.n2639 0.0371667
R7879 GND.n5190 GND.n2639 0.0371667
R7880 GND.n5190 GND.n5189 0.0371667
R7881 GND.n5189 GND.n5188 0.0371667
R7882 GND.n5188 GND.n2641 0.0371667
R7883 GND.n5183 GND.n2641 0.0371667
R7884 GND.n5183 GND.n5182 0.0371667
R7885 GND.n5182 GND.n5181 0.0371667
R7886 GND.n5181 GND.n2643 0.0371667
R7887 GND.n5176 GND.n2643 0.0371667
R7888 GND.n5176 GND.n5175 0.0371667
R7889 GND.n5175 GND.n5174 0.0371667
R7890 GND.n5174 GND.n2645 0.0371667
R7891 GND.n5169 GND.n2645 0.0371667
R7892 GND.n5169 GND.n5168 0.0371667
R7893 GND.n5168 GND.n5167 0.0371667
R7894 GND.n5167 GND.n2647 0.0371667
R7895 GND.n5160 GND.n2647 0.0371667
R7896 GND.n5161 GND.n5160 0.0371667
R7897 GND.n5161 GND.n5159 0.0371667
R7898 GND.n5159 GND.n5158 0.0371667
R7899 GND.n5158 GND.n2651 0.0371667
R7900 GND.n5154 GND.n2651 0.0371667
R7901 GND.n5154 GND.n5153 0.0371667
R7902 GND.n5153 GND.n5152 0.0371667
R7903 GND.n5152 GND.n2654 0.0371667
R7904 GND.n5148 GND.n2654 0.0371667
R7905 GND.n5148 GND.n5147 0.0371667
R7906 GND.n5147 GND.n5146 0.0371667
R7907 GND.n5146 GND.n2657 0.0371667
R7908 GND.n5142 GND.n2657 0.0371667
R7909 GND.n5142 GND.n5141 0.0371667
R7910 GND.n5141 GND.n5140 0.0371667
R7911 GND.n5140 GND.n2660 0.0371667
R7912 GND.n5136 GND.n2660 0.0371667
R7913 GND.n5136 GND.n5135 0.0371667
R7914 GND.n5135 GND.n5134 0.0371667
R7915 GND.n5134 GND.n2663 0.0371667
R7916 GND.n5130 GND.n2663 0.0371667
R7917 GND.n5130 GND.n5129 0.0371667
R7918 GND.n5129 GND.n5128 0.0371667
R7919 GND.n5128 GND.n2666 0.0371667
R7920 GND.n5124 GND.n2666 0.0371667
R7921 GND.n5124 GND.n5123 0.0371667
R7922 GND.n5123 GND.n5122 0.0371667
R7923 GND.n5122 GND.n2669 0.0371667
R7924 GND.n5118 GND.n2669 0.0371667
R7925 GND.n5118 GND.n5117 0.0371667
R7926 GND.n5117 GND.n5116 0.0371667
R7927 GND.n5116 GND.n2672 0.0371667
R7928 GND.n5112 GND.n2672 0.0371667
R7929 GND.n5112 GND.n5111 0.0371667
R7930 GND.n5111 GND.n5110 0.0371667
R7931 GND.n5110 GND.n2675 0.0371667
R7932 GND.n5106 GND.n2675 0.0371667
R7933 GND.n5106 GND.n5105 0.0371667
R7934 GND.n5105 GND.n5104 0.0371667
R7935 GND.n5104 GND.n2678 0.0371667
R7936 GND.n5100 GND.n2678 0.0371667
R7937 GND.n5100 GND.n5099 0.0371667
R7938 GND.n5099 GND.n5098 0.0371667
R7939 GND.n5098 GND.n2681 0.0371667
R7940 GND.n5094 GND.n2681 0.0371667
R7941 GND.n5094 GND.n5093 0.0371667
R7942 GND.n5093 GND.n5092 0.0371667
R7943 GND.n5092 GND.n2684 0.0371667
R7944 GND.n5088 GND.n2684 0.0371667
R7945 GND.n5088 GND.n5087 0.0371667
R7946 GND.n5087 GND.n5086 0.0371667
R7947 GND.n5086 GND.n2687 0.0371667
R7948 GND.n5082 GND.n2687 0.0371667
R7949 GND.n5082 GND.n5081 0.0371667
R7950 GND.n5081 GND.n5080 0.0371667
R7951 GND.n5080 GND.n2689 0.0371667
R7952 GND.n5073 GND.n2689 0.0371667
R7953 GND.n5073 GND.n5072 0.0371667
R7954 GND.n5072 GND.n5071 0.0371667
R7955 GND.n5071 GND.n2696 0.0371667
R7956 GND.n5064 GND.n2696 0.0371667
R7957 GND.n5064 GND.n5063 0.0371667
R7958 GND.n5063 GND.n5062 0.0371667
R7959 GND.n5062 GND.n2702 0.0371667
R7960 GND.n5055 GND.n2702 0.0371667
R7961 GND.n5055 GND.n5054 0.0371667
R7962 GND.n5054 GND.n5053 0.0371667
R7963 GND.n5053 GND.n2708 0.0371667
R7964 GND.n5046 GND.n2708 0.0371667
R7965 GND.n5046 GND.n5045 0.0371667
R7966 GND.n5045 GND.n5044 0.0371667
R7967 GND.n5044 GND.n2714 0.0371667
R7968 GND.n5037 GND.n2714 0.0371667
R7969 GND.n5037 GND.n5036 0.0371667
R7970 GND.n5036 GND.n5035 0.0371667
R7971 GND.n5035 GND.n2720 0.0371667
R7972 GND.n5028 GND.n2720 0.0371667
R7973 GND.n5028 GND.n5027 0.0371667
R7974 GND.n5027 GND.n5026 0.0371667
R7975 GND.n5026 GND.n2726 0.0371667
R7976 GND.n5019 GND.n2726 0.0371667
R7977 GND.n5019 GND.n5018 0.0371667
R7978 GND.n5018 GND.n5017 0.0371667
R7979 GND.n5017 GND.n2732 0.0371667
R7980 GND.n5010 GND.n2732 0.0371667
R7981 GND.n5010 GND.n5009 0.0371667
R7982 GND.n5009 GND.n5008 0.0371667
R7983 GND.n5008 GND.n2738 0.0371667
R7984 GND.n5001 GND.n2738 0.0371667
R7985 GND.n5001 GND.n5000 0.0371667
R7986 GND.n5000 GND.n4999 0.0371667
R7987 GND.n4999 GND.n2744 0.0371667
R7988 GND.n4992 GND.n2744 0.0371667
R7989 GND.n4992 GND.n4991 0.0371667
R7990 GND.n4991 GND.n4990 0.0371667
R7991 GND.n4990 GND.n2750 0.0371667
R7992 GND.n4983 GND.n2750 0.0371667
R7993 GND.n4983 GND.n4982 0.0371667
R7994 GND.n4982 GND.n4981 0.0371667
R7995 GND.n4981 GND.n2756 0.0371667
R7996 GND.n4974 GND.n2756 0.0371667
R7997 GND.n4104 GND.n4103 0.0371667
R7998 GND.n4103 GND.n4102 0.0371667
R7999 GND.n4102 GND.n3012 0.0371667
R8000 GND.n4096 GND.n4095 0.0371667
R8001 GND.n4095 GND.n4094 0.0371667
R8002 GND.n4094 GND.n3018 0.0371667
R8003 GND.n4087 GND.n3018 0.0371667
R8004 GND.n4087 GND.n4086 0.0371667
R8005 GND.n4086 GND.n4085 0.0371667
R8006 GND.n4085 GND.n3025 0.0371667
R8007 GND.n4078 GND.n3025 0.0371667
R8008 GND.n4078 GND.n4077 0.0371667
R8009 GND.n4077 GND.n4076 0.0371667
R8010 GND.n4076 GND.n3032 0.0371667
R8011 GND.n4069 GND.n3032 0.0371667
R8012 GND.n4069 GND.n4068 0.0371667
R8013 GND.n4068 GND.n4067 0.0371667
R8014 GND.n4067 GND.n3038 0.0371667
R8015 GND.n4060 GND.n3038 0.0371667
R8016 GND.n4060 GND.n4059 0.0371667
R8017 GND.n4059 GND.n4058 0.0371667
R8018 GND.n4058 GND.n3044 0.0371667
R8019 GND.n4051 GND.n3044 0.0371667
R8020 GND.n4051 GND.n4050 0.0371667
R8021 GND.n4050 GND.n4049 0.0371667
R8022 GND.n4049 GND.n3051 0.0371667
R8023 GND.n4042 GND.n3051 0.0371667
R8024 GND.n4042 GND.n4041 0.0371667
R8025 GND.n4041 GND.n4040 0.0371667
R8026 GND.n4040 GND.n3057 0.0371667
R8027 GND.n4033 GND.n3057 0.0371667
R8028 GND.n4033 GND.n4032 0.0371667
R8029 GND.n4032 GND.n4031 0.0371667
R8030 GND.n4031 GND.n3064 0.0371667
R8031 GND.n4024 GND.n3064 0.0371667
R8032 GND.n4024 GND.n4023 0.0371667
R8033 GND.n4023 GND.n4022 0.0371667
R8034 GND.n4022 GND.n3071 0.0371667
R8035 GND.n4015 GND.n3071 0.0371667
R8036 GND.n4015 GND.n4014 0.0371667
R8037 GND.n4014 GND.n4013 0.0371667
R8038 GND.n4013 GND.n3078 0.0371667
R8039 GND.n4006 GND.n3078 0.0371667
R8040 GND.n4006 GND.n4005 0.0371667
R8041 GND.n4005 GND.n4004 0.0371667
R8042 GND.n4004 GND.n3085 0.0371667
R8043 GND.n3997 GND.n3085 0.0371667
R8044 GND.n3997 GND.n3996 0.0371667
R8045 GND.n3996 GND.n3995 0.0371667
R8046 GND.n3995 GND.n3091 0.0371667
R8047 GND.n3988 GND.n3091 0.0371667
R8048 GND.n3988 GND.n3987 0.0371667
R8049 GND.n3987 GND.n3986 0.0371667
R8050 GND.n3986 GND.n3097 0.0371667
R8051 GND.n3979 GND.n3097 0.0371667
R8052 GND.n3979 GND.n3978 0.0371667
R8053 GND.n3978 GND.n3977 0.0371667
R8054 GND.n3977 GND.n3103 0.0371667
R8055 GND.n3970 GND.n3103 0.0371667
R8056 GND.n3970 GND.n3969 0.0371667
R8057 GND.n3969 GND.n3968 0.0371667
R8058 GND.n3968 GND.n3110 0.0371667
R8059 GND.n3961 GND.n3110 0.0371667
R8060 GND.n3961 GND.n3960 0.0371667
R8061 GND.n3960 GND.n3959 0.0371667
R8062 GND.n3959 GND.n3117 0.0371667
R8063 GND.n3952 GND.n3117 0.0371667
R8064 GND.n3952 GND.n3951 0.0371667
R8065 GND.n3951 GND.n3950 0.0371667
R8066 GND.n3950 GND.n3124 0.0371667
R8067 GND.n3943 GND.n3124 0.0371667
R8068 GND.n3943 GND.n3942 0.0371667
R8069 GND.n3942 GND.n3941 0.0371667
R8070 GND.n3941 GND.n3130 0.0371667
R8071 GND.n3934 GND.n3130 0.0371667
R8072 GND.n3934 GND.n3933 0.0371667
R8073 GND.n3933 GND.n3932 0.0371667
R8074 GND.n3932 GND.n3137 0.0371667
R8075 GND.n3925 GND.n3137 0.0371667
R8076 GND.n3925 GND.n3924 0.0371667
R8077 GND.n3924 GND.n3923 0.0371667
R8078 GND.n3923 GND.n3143 0.0371667
R8079 GND.n3916 GND.n3143 0.0371667
R8080 GND.n3916 GND.n3915 0.0371667
R8081 GND.n3915 GND.n3914 0.0371667
R8082 GND.n3914 GND.n3149 0.0371667
R8083 GND.n3907 GND.n3149 0.0371667
R8084 GND.n3907 GND.n3906 0.0371667
R8085 GND.n3906 GND.n3905 0.0371667
R8086 GND.n3905 GND.n3155 0.0371667
R8087 GND.n3898 GND.n3155 0.0371667
R8088 GND.n3898 GND.n3897 0.0371667
R8089 GND.n3897 GND.n3896 0.0371667
R8090 GND.n3896 GND.n3161 0.0371667
R8091 GND.n3889 GND.n3161 0.0371667
R8092 GND.n3889 GND.n3888 0.0371667
R8093 GND.n3888 GND.n3887 0.0371667
R8094 GND.n3819 GND.n3818 0.0371667
R8095 GND.n3819 GND.n3806 0.0371667
R8096 GND.n3823 GND.n3806 0.0371667
R8097 GND.n3824 GND.n3823 0.0371667
R8098 GND.n3825 GND.n3824 0.0371667
R8099 GND.n3825 GND.n3796 0.0371667
R8100 GND.n3829 GND.n3796 0.0371667
R8101 GND.n3830 GND.n3829 0.0371667
R8102 GND.n3831 GND.n3830 0.0371667
R8103 GND.n3831 GND.n3786 0.0371667
R8104 GND.n3835 GND.n3786 0.0371667
R8105 GND.n3836 GND.n3835 0.0371667
R8106 GND.n3837 GND.n3836 0.0371667
R8107 GND.n3837 GND.n3776 0.0371667
R8108 GND.n3841 GND.n3776 0.0371667
R8109 GND.n3842 GND.n3841 0.0371667
R8110 GND.n3843 GND.n3842 0.0371667
R8111 GND.n3843 GND.n3766 0.0371667
R8112 GND.n3847 GND.n3766 0.0371667
R8113 GND.n3848 GND.n3847 0.0371667
R8114 GND.n3849 GND.n3848 0.0371667
R8115 GND.n3849 GND.n3756 0.0371667
R8116 GND.n3853 GND.n3756 0.0371667
R8117 GND.n3854 GND.n3853 0.0371667
R8118 GND.n3855 GND.n3854 0.0371667
R8119 GND.n3855 GND.n3748 0.0371667
R8120 GND.n3859 GND.n3748 0.0371667
R8121 GND.n3860 GND.n3859 0.0371667
R8122 GND.n3861 GND.n3860 0.0371667
R8123 GND.n3861 GND.n3738 0.0371667
R8124 GND.n3865 GND.n3738 0.0371667
R8125 GND.n3866 GND.n3865 0.0371667
R8126 GND.n3867 GND.n3866 0.0371667
R8127 GND.n3867 GND.n3728 0.0371667
R8128 GND.n3871 GND.n3728 0.0371667
R8129 GND.n3872 GND.n3871 0.0371667
R8130 GND.n3873 GND.n3872 0.0371667
R8131 GND.n3873 GND.n3720 0.0371667
R8132 GND.n3877 GND.n3720 0.0371667
R8133 GND.n3878 GND.n3877 0.0371667
R8134 GND.n3879 GND.n3878 0.0371667
R8135 GND.n3879 GND.n3719 0.0371667
R8136 GND.n3719 GND.n3718 0.0371667
R8137 GND.n3718 GND.n3202 0.0371667
R8138 GND.n3710 GND.n3202 0.0371667
R8139 GND.n3710 GND.n3709 0.0371667
R8140 GND.n3709 GND.n3708 0.0371667
R8141 GND.n3708 GND.n3207 0.0371667
R8142 GND.n3401 GND.n3207 0.0371667
R8143 GND.n3410 GND.n3401 0.0371667
R8144 GND.n3411 GND.n3410 0.0371667
R8145 GND.n3412 GND.n3411 0.0371667
R8146 GND.n3412 GND.n3391 0.0371667
R8147 GND.n3416 GND.n3391 0.0371667
R8148 GND.n3417 GND.n3416 0.0371667
R8149 GND.n3418 GND.n3417 0.0371667
R8150 GND.n3418 GND.n3381 0.0371667
R8151 GND.n3422 GND.n3381 0.0371667
R8152 GND.n3423 GND.n3422 0.0371667
R8153 GND.n3424 GND.n3423 0.0371667
R8154 GND.n3424 GND.n3371 0.0371667
R8155 GND.n3428 GND.n3371 0.0371667
R8156 GND.n3429 GND.n3428 0.0371667
R8157 GND.n3430 GND.n3429 0.0371667
R8158 GND.n3430 GND.n3361 0.0371667
R8159 GND.n3434 GND.n3361 0.0371667
R8160 GND.n3435 GND.n3434 0.0371667
R8161 GND.n3436 GND.n3435 0.0371667
R8162 GND.n3436 GND.n3351 0.0371667
R8163 GND.n3440 GND.n3351 0.0371667
R8164 GND.n3441 GND.n3440 0.0371667
R8165 GND.n3442 GND.n3441 0.0371667
R8166 GND.n3442 GND.n3341 0.0371667
R8167 GND.n3446 GND.n3341 0.0371667
R8168 GND.n3447 GND.n3446 0.0371667
R8169 GND.n3448 GND.n3447 0.0371667
R8170 GND.n3448 GND.n3331 0.0371667
R8171 GND.n3452 GND.n3331 0.0371667
R8172 GND.n3453 GND.n3452 0.0371667
R8173 GND.n3454 GND.n3453 0.0371667
R8174 GND.n3454 GND.n3321 0.0371667
R8175 GND.n3458 GND.n3321 0.0371667
R8176 GND.n3459 GND.n3458 0.0371667
R8177 GND.n3460 GND.n3459 0.0371667
R8178 GND.n3460 GND.n3311 0.0371667
R8179 GND.n3464 GND.n3311 0.0371667
R8180 GND.n3465 GND.n3464 0.0371667
R8181 GND.n3466 GND.n3465 0.0371667
R8182 GND.n3466 GND.n3304 0.0371667
R8183 GND.n3470 GND.n3304 0.0371667
R8184 GND.n3471 GND.n3470 0.0371667
R8185 GND.n3472 GND.n3471 0.0371667
R8186 GND.n3647 GND.n3602 0.0371667
R8187 GND.n3651 GND.n3602 0.0371667
R8188 GND.n3652 GND.n3651 0.0371667
R8189 GND.n3653 GND.n3652 0.0371667
R8190 GND.n3653 GND.n3597 0.0371667
R8191 GND.n3657 GND.n3597 0.0371667
R8192 GND.n3658 GND.n3657 0.0371667
R8193 GND.n3659 GND.n3658 0.0371667
R8194 GND.n3659 GND.n3592 0.0371667
R8195 GND.n3663 GND.n3592 0.0371667
R8196 GND.n3664 GND.n3663 0.0371667
R8197 GND.n3665 GND.n3664 0.0371667
R8198 GND.n3665 GND.n3587 0.0371667
R8199 GND.n3669 GND.n3587 0.0371667
R8200 GND.n3670 GND.n3669 0.0371667
R8201 GND.n3671 GND.n3670 0.0371667
R8202 GND.n3671 GND.n3582 0.0371667
R8203 GND.n3675 GND.n3582 0.0371667
R8204 GND.n3676 GND.n3675 0.0371667
R8205 GND.n3677 GND.n3676 0.0371667
R8206 GND.n3677 GND.n3577 0.0371667
R8207 GND.n3681 GND.n3577 0.0371667
R8208 GND.n3682 GND.n3681 0.0371667
R8209 GND.n3683 GND.n3682 0.0371667
R8210 GND.n3683 GND.n3572 0.0371667
R8211 GND.n3687 GND.n3572 0.0371667
R8212 GND.n3688 GND.n3687 0.0371667
R8213 GND.n3689 GND.n3688 0.0371667
R8214 GND.n3689 GND.n3567 0.0371667
R8215 GND.n3693 GND.n3567 0.0371667
R8216 GND.n3694 GND.n3693 0.0371667
R8217 GND.n3695 GND.n3694 0.0371667
R8218 GND.n3695 GND.n3562 0.0371667
R8219 GND.n3699 GND.n3562 0.0371667
R8220 GND.n3700 GND.n3699 0.0371667
R8221 GND.n3701 GND.n3700 0.0371667
R8222 GND.n3701 GND.n3561 0.0371667
R8223 GND.n3561 GND.n3560 0.0371667
R8224 GND.n3560 GND.n3215 0.0371667
R8225 GND.n3553 GND.n3215 0.0371667
R8226 GND.n3553 GND.n3552 0.0371667
R8227 GND.n3552 GND.n3551 0.0371667
R8228 GND.n3551 GND.n3221 0.0371667
R8229 GND.n3544 GND.n3221 0.0371667
R8230 GND.n3544 GND.n3543 0.0371667
R8231 GND.n3543 GND.n3542 0.0371667
R8232 GND.n3542 GND.n3227 0.0371667
R8233 GND.n3535 GND.n3227 0.0371667
R8234 GND.n3535 GND.n3534 0.0371667
R8235 GND.n3534 GND.n3533 0.0371667
R8236 GND.n3533 GND.n3232 0.0371667
R8237 GND.n3526 GND.n3232 0.0371667
R8238 GND.n3526 GND.n3525 0.0371667
R8239 GND.n3525 GND.n3524 0.0371667
R8240 GND.n3524 GND.n3239 0.0371667
R8241 GND.n3517 GND.n3239 0.0371667
R8242 GND.n3517 GND.n3516 0.0371667
R8243 GND.n3516 GND.n3515 0.0371667
R8244 GND.n3515 GND.n3246 0.0371667
R8245 GND.n3508 GND.n3246 0.0371667
R8246 GND.n3508 GND.n3507 0.0371667
R8247 GND.n3507 GND.n3506 0.0371667
R8248 GND.n3506 GND.n3253 0.0371667
R8249 GND.n3499 GND.n3253 0.0371667
R8250 GND.n3499 GND.n3498 0.0371667
R8251 GND.n3498 GND.n3497 0.0371667
R8252 GND.n3497 GND.n3259 0.0371667
R8253 GND.n3490 GND.n3259 0.0371667
R8254 GND.n3490 GND.n3489 0.0371667
R8255 GND.n3489 GND.n3488 0.0371667
R8256 GND.n3488 GND.n3266 0.0371667
R8257 GND.n3481 GND.n3266 0.0371667
R8258 GND.n3481 GND.n3480 0.0371667
R8259 GND.n3480 GND.n3479 0.0371667
R8260 GND.n4104 GND.n3001 0.0371667
R8261 GND.n3000 GND.n692 0.0362973
R8262 GND.n2989 GND.n702 0.0357621
R8263 GND.n2990 GND.n2801 0.0357621
R8264 GND.n2871 GND.n2778 0.0357621
R8265 GND.n2822 GND.n2782 0.0357621
R8266 GND.n4909 GND.n3001 0.0352569
R8267 GND.n2882 GND.n799 0.0342041
R8268 GND.n3475 GND.n3275 0.0307283
R8269 GND.n3817 GND.n3168 0.0306538
R8270 GND.n3473 GND.n3273 0.0306538
R8271 GND.n3816 GND.n3169 0.0306538
R8272 GND.n3474 GND.n3274 0.0306538
R8273 GND.n3185 GND.n3170 0.0306538
R8274 GND.n6448 GND.n1634 0.0300385
R8275 GND.n6451 GND.n1634 0.0300385
R8276 GND.n6455 GND.n6454 0.0300385
R8277 GND.n6459 GND.n6458 0.0300385
R8278 GND.n6463 GND.n6462 0.0300385
R8279 GND.n6467 GND.n6466 0.0300385
R8280 GND.n6471 GND.n6470 0.0300385
R8281 GND.n6475 GND.n6474 0.0300385
R8282 GND.n6479 GND.n6478 0.0300385
R8283 GND.n6483 GND.n6482 0.0300385
R8284 GND.n6487 GND.n6486 0.0300385
R8285 GND.n6491 GND.n6490 0.0300385
R8286 GND.n6495 GND.n6494 0.0300385
R8287 GND.n6499 GND.n6498 0.0300385
R8288 GND.n6501 GND.n1645 0.0300385
R8289 GND.n6504 GND.n1645 0.0300385
R8290 GND.n6506 GND.n1628 0.0300385
R8291 GND.n6509 GND.n1628 0.0300385
R8292 GND.n6511 GND.n1647 0.0300385
R8293 GND.n6514 GND.n1647 0.0300385
R8294 GND.n6516 GND.n1626 0.0300385
R8295 GND.n6519 GND.n1626 0.0300385
R8296 GND.n6523 GND.n6522 0.0300385
R8297 GND.n6527 GND.n6526 0.0300385
R8298 GND.n6531 GND.n6530 0.0300385
R8299 GND.n6535 GND.n6534 0.0300385
R8300 GND.n6539 GND.n6538 0.0300385
R8301 GND.n6543 GND.n6542 0.0300385
R8302 GND.n6547 GND.n6546 0.0300385
R8303 GND.n6549 GND.n1654 0.0300385
R8304 GND.n6552 GND.n1654 0.0300385
R8305 GND.n6554 GND.n1622 0.0300385
R8306 GND.n6557 GND.n1622 0.0300385
R8307 GND.n6561 GND.n6560 0.0300385
R8308 GND.n6565 GND.n6564 0.0300385
R8309 GND.n6567 GND.n1658 0.0300385
R8310 GND.n6570 GND.n1658 0.0300385
R8311 GND.n6574 GND.n6573 0.0300385
R8312 GND.n6578 GND.n6577 0.0300385
R8313 GND.n6582 GND.n6581 0.0300385
R8314 GND.n6584 GND.n1617 0.0300385
R8315 GND.n6587 GND.n1617 0.0300385
R8316 GND.n6591 GND.n6590 0.0300385
R8317 GND.n6595 GND.n6594 0.0300385
R8318 GND.n6599 GND.n6598 0.0300385
R8319 GND.n6603 GND.n6602 0.0300385
R8320 GND.n6605 GND.n1664 0.0300385
R8321 GND.n6608 GND.n1664 0.0300385
R8322 GND.n6612 GND.n6611 0.0300385
R8323 GND.n6616 GND.n6615 0.0300385
R8324 GND.n6620 GND.n6619 0.0300385
R8325 GND.n6622 GND.n1612 0.0300385
R8326 GND.n6625 GND.n1612 0.0300385
R8327 GND.n6629 GND.n6628 0.0300385
R8328 GND.n6631 GND.n1667 0.0300385
R8329 GND.n6634 GND.n1667 0.0300385
R8330 GND.n6636 GND.n1610 0.0300385
R8331 GND.n1668 GND.n1610 0.0300385
R8332 GND.n6641 GND.n1669 0.0300385
R8333 GND.n6333 GND.n6332 0.0300385
R8334 GND.n6332 GND.n165 0.0156729
R8335 GND.n6331 GND.n151 0.0300385
R8336 GND.n6330 GND.n130 0.0156729
R8337 GND.n6330 GND.n94 0.0300385
R8338 GND.n6317 GND.n94 0.0300385
R8339 GND.n2315 GND.n2260 0.0300385
R8340 GND.n6314 GND.n2316 0.0300385
R8341 GND.n6303 GND.n6302 0.0300385
R8342 GND.n6299 GND.n6298 0.0300385
R8343 GND.n6290 GND.n6289 0.0300385
R8344 GND.n6286 GND.n2310 0.0300385
R8345 GND.n6279 GND.n2310 0.0300385
R8346 GND.n6277 GND.n6276 0.0300385
R8347 GND.n2329 GND.n2307 0.0300385
R8348 GND.n6267 GND.n2307 0.0300385
R8349 GND.n6265 GND.n6264 0.0300385
R8350 GND.n6257 GND.n2304 0.0300385
R8351 GND.n6254 GND.n2304 0.0300385
R8352 GND.n2338 GND.n2302 0.0300385
R8353 GND.n6246 GND.n2302 0.0300385
R8354 GND.n6244 GND.n6243 0.0300385
R8355 GND.n6236 GND.n6235 0.0300385
R8356 GND.n6232 GND.n6231 0.0300385
R8357 GND.n6224 GND.n6223 0.0300385
R8358 GND.n6220 GND.n2296 0.0300385
R8359 GND.n6213 GND.n2296 0.0300385
R8360 GND.n6211 GND.n6210 0.0300385
R8361 GND.n6202 GND.n6201 0.0300385
R8362 GND.n6199 GND.n6198 0.0300385
R8363 GND.n6190 GND.n6189 0.0300385
R8364 GND.n6187 GND.n2290 0.0300385
R8365 GND.n2363 GND.n2290 0.0300385
R8366 GND.n6179 GND.n6178 0.0300385
R8367 GND.n6175 GND.n6174 0.0300385
R8368 GND.n6167 GND.n6166 0.0300385
R8369 GND.n6163 GND.n6162 0.0300385
R8370 GND.n6155 GND.n6154 0.0300385
R8371 GND.n6151 GND.n6150 0.0300385
R8372 GND.n6143 GND.n6142 0.0300385
R8373 GND.n6139 GND.n6138 0.0300385
R8374 GND.n6131 GND.n6130 0.0300385
R8375 GND.n6127 GND.n6126 0.0300385
R8376 GND.n6119 GND.n6118 0.0300385
R8377 GND.n6115 GND.n6114 0.0300385
R8378 GND.n6107 GND.n6106 0.0300385
R8379 GND.n6103 GND.n6102 0.0300385
R8380 GND.n6095 GND.n6094 0.0300385
R8381 GND.n6091 GND.n6090 0.0300385
R8382 GND.n6083 GND.n6082 0.0300385
R8383 GND.n6079 GND.n6078 0.0300385
R8384 GND.n6071 GND.n6070 0.0300385
R8385 GND.n6067 GND.n6066 0.0300385
R8386 GND.n6059 GND.n2268 0.0300385
R8387 GND.n6056 GND.n2268 0.0300385
R8388 GND.n6049 GND.n6048 0.0300385
R8389 GND.n6046 GND.n2265 0.0300385
R8390 GND.n2412 GND.n2265 0.0300385
R8391 GND.n6038 GND.n2263 0.0300385
R8392 GND.n6035 GND.n2263 0.0300385
R8393 GND.n6028 GND.n6027 0.0300385
R8394 GND.n6025 GND.n6024 0.0300385
R8395 GND.n6024 GND.n6023 0.0300385
R8396 GND.n95 GND.n96 0.0156729
R8397 GND.n6800 GND.n96 0.0300385
R8398 GND.n6801 GND.n97 0.0156729
R8399 GND.n6802 GND.n6801 0.0300385
R8400 GND.n6804 GND.n1278 0.0300385
R8401 GND.n6807 GND.n1278 0.0300385
R8402 GND.n6811 GND.n6810 0.0300385
R8403 GND.n6815 GND.n6814 0.0300385
R8404 GND.n6819 GND.n6818 0.0300385
R8405 GND.n6821 GND.n1283 0.0300385
R8406 GND.n6824 GND.n1283 0.0300385
R8407 GND.n6828 GND.n6827 0.0300385
R8408 GND.n6832 GND.n6831 0.0300385
R8409 GND.n6836 GND.n6835 0.0300385
R8410 GND.n6840 GND.n6839 0.0300385
R8411 GND.n6842 GND.n1273 0.0300385
R8412 GND.n6845 GND.n1273 0.0300385
R8413 GND.n6847 GND.n1287 0.0300385
R8414 GND.n6850 GND.n1287 0.0300385
R8415 GND.n6854 GND.n6853 0.0300385
R8416 GND.n6856 GND.n1271 0.0300385
R8417 GND.n6859 GND.n1271 0.0300385
R8418 GND.n6863 GND.n6862 0.0300385
R8419 GND.n6865 GND.n1290 0.0300385
R8420 GND.n6868 GND.n1290 0.0300385
R8421 GND.n6872 GND.n6871 0.0300385
R8422 GND.n6874 GND.n1267 0.0300385
R8423 GND.n6877 GND.n1267 0.0300385
R8424 GND.n6881 GND.n6880 0.0300385
R8425 GND.n6885 GND.n6884 0.0300385
R8426 GND.n6889 GND.n6888 0.0300385
R8427 GND.n6893 GND.n6892 0.0300385
R8428 GND.n6897 GND.n6896 0.0300385
R8429 GND.n6901 GND.n6900 0.0300385
R8430 GND.n6905 GND.n6904 0.0300385
R8431 GND.n6907 GND.n1298 0.0300385
R8432 GND.n6910 GND.n1298 0.0300385
R8433 GND.n6912 GND.n1264 0.0300385
R8434 GND.n6915 GND.n1264 0.0300385
R8435 GND.n6919 GND.n6918 0.0300385
R8436 GND.n6923 GND.n6922 0.0300385
R8437 GND.n6927 GND.n6926 0.0300385
R8438 GND.n6929 GND.n1302 0.0300385
R8439 GND.n6932 GND.n1302 0.0300385
R8440 GND.n6936 GND.n6935 0.0300385
R8441 GND.n6938 GND.n1260 0.0300385
R8442 GND.n6941 GND.n1260 0.0300385
R8443 GND.n6943 GND.n1304 0.0300385
R8444 GND.n6946 GND.n1304 0.0300385
R8445 GND.n6948 GND.n1258 0.0300385
R8446 GND.n6951 GND.n1258 0.0300385
R8447 GND.n6955 GND.n6954 0.0300385
R8448 GND.n6959 GND.n6958 0.0300385
R8449 GND.n6963 GND.n6962 0.0300385
R8450 GND.n6965 GND.n1309 0.0300385
R8451 GND.n6968 GND.n1309 0.0300385
R8452 GND.n6970 GND.n1256 0.0300385
R8453 GND.n6973 GND.n1256 0.0300385
R8454 GND.n6977 GND.n6976 0.0300385
R8455 GND.n6981 GND.n6980 0.0300385
R8456 GND.n6981 GND.n1312 0.0300385
R8457 GND.n5910 GND.n1254 0.0300385
R8458 GND.n2426 GND.n1254 0.0300385
R8459 GND.n128 GND.n127 0.0300385
R8460 GND.n6982 GND.n125 0.076383
R8461 GND.n6983 GND.n6982 0.0300385
R8462 GND.n6986 GND.n6985 0.0300385
R8463 GND.n6989 GND.n6988 0.0300385
R8464 GND.n6992 GND.n6991 0.0300385
R8465 GND.n6993 GND.n6992 0.0300385
R8466 GND.n6996 GND.n6995 0.0300385
R8467 GND.n6999 GND.n6998 0.0300385
R8468 GND.n7002 GND.n7001 0.0300385
R8469 GND.n7005 GND.n7004 0.0300385
R8470 GND.n7008 GND.n7007 0.0300385
R8471 GND.n7011 GND.n7010 0.0300385
R8472 GND.n7012 GND.n7011 0.0300385
R8473 GND.n7015 GND.n7014 0.0300385
R8474 GND.n7018 GND.n7017 0.0300385
R8475 GND.n7021 GND.n7020 0.0300385
R8476 GND.n7024 GND.n7023 0.0300385
R8477 GND.n7027 GND.n7026 0.0300385
R8478 GND.n7030 GND.n7029 0.0300385
R8479 GND.n7031 GND.n7030 0.0300385
R8480 GND.n7034 GND.n7033 0.0300385
R8481 GND.n7037 GND.n7036 0.0300385
R8482 GND.n7040 GND.n7039 0.0300385
R8483 GND.n7043 GND.n7042 0.0300385
R8484 GND.n7046 GND.n7045 0.0300385
R8485 GND.n7049 GND.n7048 0.0300385
R8486 GND.n7050 GND.n7049 0.0300385
R8487 GND.n7053 GND.n7052 0.0300385
R8488 GND.n7056 GND.n7055 0.0300385
R8489 GND.n7059 GND.n7058 0.0300385
R8490 GND.n7062 GND.n7061 0.0300385
R8491 GND.n7065 GND.n7064 0.0300385
R8492 GND.n7066 GND.n7065 0.0300385
R8493 GND.n7069 GND.n7068 0.0300385
R8494 GND.n7072 GND.n7071 0.0300385
R8495 GND.n7075 GND.n7074 0.0300385
R8496 GND.n7076 GND.n7075 0.0300385
R8497 GND.n7079 GND.n7078 0.0300385
R8498 GND.n7082 GND.n7081 0.0300385
R8499 GND.n7085 GND.n7084 0.0300385
R8500 GND.n7088 GND.n7087 0.0300385
R8501 GND.n7091 GND.n7090 0.0300385
R8502 GND.n7094 GND.n7093 0.0300385
R8503 GND.n7097 GND.n7096 0.0300385
R8504 GND.n7100 GND.n7099 0.0300385
R8505 GND.n7103 GND.n7102 0.0300385
R8506 GND.n7106 GND.n7105 0.0300385
R8507 GND.n7109 GND.n7108 0.0300385
R8508 GND.n7112 GND.n7111 0.0300385
R8509 GND.n7113 GND.n7112 0.0300385
R8510 GND.n7116 GND.n7115 0.0300385
R8511 GND.n7117 GND.n7116 0.0300385
R8512 GND.n7120 GND.n7119 0.0300385
R8513 GND.n7121 GND.n7120 0.0300385
R8514 GND.n7124 GND.n7123 0.0300385
R8515 GND.n7125 GND.n7124 0.0300385
R8516 GND.n7128 GND.n7127 0.0300385
R8517 GND.n7129 GND.n7128 0.0300385
R8518 GND.n7132 GND.n7131 0.0300385
R8519 GND.n7135 GND.n7134 0.0300385
R8520 GND.n6643 GND.n195 0.0300385
R8521 GND.n6644 GND.n609 0.0156729
R8522 GND.n6645 GND.n6644 0.0300385
R8523 GND.n611 GND.n610 0.0156729
R8524 GND.n6646 GND.n610 0.0300385
R8525 GND.n6647 GND.n612 0.0156729
R8526 GND.n6648 GND.n6647 0.0300385
R8527 GND.n614 GND.n613 0.0156729
R8528 GND.n6649 GND.n613 0.0300385
R8529 GND.n6650 GND.n615 0.0156729
R8530 GND.n6651 GND.n6650 0.0300385
R8531 GND.n617 GND.n616 0.0156729
R8532 GND.n6652 GND.n616 0.0300385
R8533 GND.n6653 GND.n618 0.0156729
R8534 GND.n6654 GND.n6653 0.0300385
R8535 GND.n620 GND.n619 0.0156729
R8536 GND.n6655 GND.n619 0.0300385
R8537 GND.n6656 GND.n621 0.0156729
R8538 GND.n6657 GND.n6656 0.0300385
R8539 GND.n623 GND.n622 0.0156729
R8540 GND.n6658 GND.n622 0.0300385
R8541 GND.n6659 GND.n624 0.0156729
R8542 GND.n6660 GND.n6659 0.0300385
R8543 GND.n626 GND.n625 0.0156729
R8544 GND.n6661 GND.n625 0.0300385
R8545 GND.n6662 GND.n627 0.0156729
R8546 GND.n6663 GND.n6662 0.0300385
R8547 GND.n629 GND.n628 0.0156729
R8548 GND.n6664 GND.n628 0.0300385
R8549 GND.n6665 GND.n630 0.0156729
R8550 GND.n6666 GND.n6665 0.0300385
R8551 GND.n632 GND.n631 0.0156729
R8552 GND.n6667 GND.n631 0.0300385
R8553 GND.n6668 GND.n633 0.0156729
R8554 GND.n6669 GND.n6668 0.0300385
R8555 GND.n635 GND.n634 0.0156729
R8556 GND.n6670 GND.n634 0.0300385
R8557 GND.n6671 GND.n636 0.0156729
R8558 GND.n6672 GND.n6671 0.0300385
R8559 GND.n638 GND.n637 0.0156729
R8560 GND.n6673 GND.n637 0.0300385
R8561 GND.n6674 GND.n639 0.0156729
R8562 GND.n6675 GND.n6674 0.0300385
R8563 GND.n641 GND.n640 0.0156729
R8564 GND.n6676 GND.n640 0.0300385
R8565 GND.n6677 GND.n642 0.0156729
R8566 GND.n6678 GND.n6677 0.0300385
R8567 GND.n644 GND.n643 0.0156729
R8568 GND.n6679 GND.n643 0.0300385
R8569 GND.n6680 GND.n645 0.0156729
R8570 GND.n6681 GND.n6680 0.0300385
R8571 GND.n647 GND.n646 0.0156729
R8572 GND.n6682 GND.n646 0.0300385
R8573 GND.n6683 GND.n687 0.0156729
R8574 GND.n6684 GND.n6683 0.0300385
R8575 GND.n649 GND.n648 0.0156729
R8576 GND.n6685 GND.n648 0.0300385
R8577 GND.n6686 GND.n650 0.0156729
R8578 GND.n6687 GND.n6686 0.0300385
R8579 GND.n652 GND.n651 0.0156729
R8580 GND.n6688 GND.n651 0.0300385
R8581 GND.n6689 GND.n653 0.0156729
R8582 GND.n6690 GND.n6689 0.0300385
R8583 GND.n655 GND.n654 0.0156729
R8584 GND.n6691 GND.n654 0.0300385
R8585 GND.n6692 GND.n656 0.0156729
R8586 GND.n6693 GND.n6692 0.0300385
R8587 GND.n658 GND.n657 0.0156729
R8588 GND.n6694 GND.n657 0.0300385
R8589 GND.n6695 GND.n659 0.0156729
R8590 GND.n6696 GND.n6695 0.0300385
R8591 GND.n661 GND.n660 0.0156729
R8592 GND.n6697 GND.n660 0.0300385
R8593 GND.n6698 GND.n662 0.0156729
R8594 GND.n6699 GND.n6698 0.0300385
R8595 GND.n664 GND.n663 0.0156729
R8596 GND.n6700 GND.n663 0.0300385
R8597 GND.n6701 GND.n665 0.0156729
R8598 GND.n6702 GND.n6701 0.0300385
R8599 GND.n667 GND.n666 0.0156729
R8600 GND.n6703 GND.n666 0.0300385
R8601 GND.n6704 GND.n668 0.0156729
R8602 GND.n6705 GND.n6704 0.0300385
R8603 GND.n670 GND.n669 0.0156729
R8604 GND.n6706 GND.n669 0.0300385
R8605 GND.n6707 GND.n671 0.0156729
R8606 GND.n6708 GND.n6707 0.0300385
R8607 GND.n673 GND.n672 0.0156729
R8608 GND.n6709 GND.n672 0.0300385
R8609 GND.n6710 GND.n674 0.0156729
R8610 GND.n6711 GND.n6710 0.0300385
R8611 GND.n676 GND.n675 0.0156729
R8612 GND.n6712 GND.n675 0.0300385
R8613 GND.n6713 GND.n677 0.0156729
R8614 GND.n6714 GND.n6713 0.0300385
R8615 GND.n6714 GND.n0 0.0279957
R8616 GND.n6715 GND.t0 0.116117
R8617 GND.n6715 GND.n1522 0.0300385
R8618 GND.n6716 GND.n562 0.0156729
R8619 GND.n6717 GND.n6716 0.0300385
R8620 GND.n6718 GND.n563 0.0156729
R8621 GND.n6718 GND.n1518 0.0300385
R8622 GND.n6719 GND.n564 0.0156729
R8623 GND.n6720 GND.n6719 0.0300385
R8624 GND.n6721 GND.n565 0.0156729
R8625 GND.n6721 GND.n1514 0.0300385
R8626 GND.n6722 GND.n566 0.0156729
R8627 GND.n6723 GND.n6722 0.0300385
R8628 GND.n6724 GND.n567 0.0156729
R8629 GND.n6724 GND.n1510 0.0300385
R8630 GND.n6725 GND.n568 0.0156729
R8631 GND.n6726 GND.n6725 0.0300385
R8632 GND.n6727 GND.n569 0.0156729
R8633 GND.n6727 GND.n1506 0.0300385
R8634 GND.n6728 GND.n570 0.0156729
R8635 GND.n6729 GND.n6728 0.0300385
R8636 GND.n6730 GND.n571 0.0156729
R8637 GND.n6730 GND.n1502 0.0300385
R8638 GND.n6731 GND.n572 0.0156729
R8639 GND.n6732 GND.n6731 0.0300385
R8640 GND.n6733 GND.n573 0.0156729
R8641 GND.n6733 GND.n1498 0.0300385
R8642 GND.n6734 GND.n574 0.0156729
R8643 GND.n6735 GND.n6734 0.0300385
R8644 GND.n6736 GND.n575 0.0156729
R8645 GND.n6736 GND.n1494 0.0300385
R8646 GND.n6737 GND.n576 0.0156729
R8647 GND.n6738 GND.n6737 0.0300385
R8648 GND.n6739 GND.n577 0.0156729
R8649 GND.n6739 GND.n1490 0.0300385
R8650 GND.n6740 GND.n578 0.0156729
R8651 GND.n6741 GND.n6740 0.0300385
R8652 GND.n6742 GND.n579 0.0156729
R8653 GND.n6742 GND.n1486 0.0300385
R8654 GND.n6743 GND.n580 0.0156729
R8655 GND.n6744 GND.n6743 0.0300385
R8656 GND.n6745 GND.n581 0.0156729
R8657 GND.n6745 GND.n1482 0.0300385
R8658 GND.n6746 GND.n582 0.0156729
R8659 GND.n6747 GND.n6746 0.0300385
R8660 GND.n6748 GND.n583 0.0156729
R8661 GND.n6748 GND.n1478 0.0300385
R8662 GND.n6749 GND.n584 0.0156729
R8663 GND.n6750 GND.n6749 0.0300385
R8664 GND.n6751 GND.n6750 0.0300385
R8665 GND.n6751 GND.n679 0.0156729
R8666 GND.n6752 GND.n1474 0.0300385
R8667 GND.n6753 GND.n6752 0.0300385
R8668 GND.n6754 GND.n585 0.0156729
R8669 GND.n6754 GND.n1470 0.0300385
R8670 GND.n6755 GND.n586 0.0156729
R8671 GND.n6756 GND.n6755 0.0300385
R8672 GND.n6757 GND.n587 0.0156729
R8673 GND.n6757 GND.n1466 0.0300385
R8674 GND.n6758 GND.n588 0.0156729
R8675 GND.n6759 GND.n6758 0.0300385
R8676 GND.n6760 GND.n589 0.0156729
R8677 GND.n6760 GND.n1462 0.0300385
R8678 GND.n6761 GND.n590 0.0156729
R8679 GND.n6762 GND.n6761 0.0300385
R8680 GND.n6763 GND.n591 0.0156729
R8681 GND.n6763 GND.n1458 0.0300385
R8682 GND.n6764 GND.n592 0.0156729
R8683 GND.n6765 GND.n6764 0.0300385
R8684 GND.n6766 GND.n593 0.0156729
R8685 GND.n6766 GND.n1454 0.0300385
R8686 GND.n6767 GND.n594 0.0156729
R8687 GND.n6768 GND.n6767 0.0300385
R8688 GND.n6769 GND.n595 0.0156729
R8689 GND.n6769 GND.n1450 0.0300385
R8690 GND.n6770 GND.n596 0.0156729
R8691 GND.n6771 GND.n6770 0.0300385
R8692 GND.n6772 GND.n597 0.0156729
R8693 GND.n6772 GND.n1446 0.0300385
R8694 GND.n6773 GND.n598 0.0156729
R8695 GND.n6774 GND.n6773 0.0300385
R8696 GND.n6775 GND.n599 0.0156729
R8697 GND.n6775 GND.n1442 0.0300385
R8698 GND.n6776 GND.n600 0.0156729
R8699 GND.n6777 GND.n6776 0.0300385
R8700 GND.n6778 GND.n601 0.0156729
R8701 GND.n6778 GND.n1438 0.0300385
R8702 GND.n6779 GND.n602 0.0156729
R8703 GND.n6780 GND.n6779 0.0300385
R8704 GND.n6781 GND.n603 0.0156729
R8705 GND.n6781 GND.n1434 0.0300385
R8706 GND.n6782 GND.n604 0.0156729
R8707 GND.n6783 GND.n6782 0.0300385
R8708 GND.n6784 GND.n605 0.0156729
R8709 GND.n6784 GND.n1430 0.0300385
R8710 GND.n6785 GND.n606 0.0156729
R8711 GND.n6786 GND.n6785 0.0300385
R8712 GND.n6787 GND.n607 0.0156729
R8713 GND.n6787 GND.n1426 0.0300385
R8714 GND.n6788 GND.n608 0.0156729
R8715 GND.n6788 GND.n690 0.0300385
R8716 GND.n132 GND.n189 0.0156729
R8717 GND.n133 GND.n132 0.0300385
R8718 GND.n6798 GND.n134 0.0522054
R8719 GND.n6799 GND.n6798 0.0300385
R8720 GND.n6799 GND.n190 0.0156729
R8721 GND.n4755 GND.n1416 0.0300385
R8722 GND.n4756 GND.n440 0.0156729
R8723 GND.n4756 GND.n4281 0.0300385
R8724 GND.n4757 GND.n441 0.0156729
R8725 GND.n4758 GND.n4757 0.0300385
R8726 GND.n4759 GND.n442 0.0156729
R8727 GND.n4759 GND.n4277 0.0300385
R8728 GND.n4760 GND.n443 0.0156729
R8729 GND.n4761 GND.n4760 0.0300385
R8730 GND.n4762 GND.n444 0.0156729
R8731 GND.n4762 GND.n4273 0.0300385
R8732 GND.n4763 GND.n445 0.0156729
R8733 GND.n4764 GND.n4763 0.0300385
R8734 GND.n4765 GND.n446 0.0156729
R8735 GND.n4765 GND.n4269 0.0300385
R8736 GND.n4766 GND.n447 0.0156729
R8737 GND.n4767 GND.n4766 0.0300385
R8738 GND.n4768 GND.n448 0.0156729
R8739 GND.n4768 GND.n4265 0.0300385
R8740 GND.n4769 GND.n449 0.0156729
R8741 GND.n4770 GND.n4769 0.0300385
R8742 GND.n4771 GND.n450 0.0156729
R8743 GND.n4771 GND.n4261 0.0300385
R8744 GND.n4772 GND.n451 0.0156729
R8745 GND.n4773 GND.n4772 0.0300385
R8746 GND.n4774 GND.n452 0.0156729
R8747 GND.n4774 GND.n4257 0.0300385
R8748 GND.n4775 GND.n453 0.0156729
R8749 GND.n4776 GND.n4775 0.0300385
R8750 GND.n4777 GND.n454 0.0156729
R8751 GND.n4777 GND.n4253 0.0300385
R8752 GND.n4778 GND.n455 0.0156729
R8753 GND.n4779 GND.n4778 0.0300385
R8754 GND.n4780 GND.n456 0.0156729
R8755 GND.n4780 GND.n4249 0.0300385
R8756 GND.n4781 GND.n457 0.0156729
R8757 GND.n4782 GND.n4781 0.0300385
R8758 GND.n4783 GND.n458 0.0156729
R8759 GND.n4783 GND.n4245 0.0300385
R8760 GND.n4784 GND.n459 0.0156729
R8761 GND.n4785 GND.n4784 0.0300385
R8762 GND.n4786 GND.n460 0.0156729
R8763 GND.n4786 GND.n4241 0.0300385
R8764 GND.n4787 GND.n461 0.0156729
R8765 GND.n4788 GND.n4787 0.0300385
R8766 GND.n4789 GND.n462 0.0156729
R8767 GND.n4789 GND.n4237 0.0300385
R8768 GND.n4790 GND.n463 0.0156729
R8769 GND.n4791 GND.n4790 0.0300385
R8770 GND.n4792 GND.n4791 0.0300385
R8771 GND.n4792 GND.n684 0.0156729
R8772 GND.n4793 GND.n4233 0.0300385
R8773 GND.n4794 GND.n464 0.0156729
R8774 GND.n4795 GND.n4794 0.0300385
R8775 GND.n466 GND.n465 0.0156729
R8776 GND.n4796 GND.n465 0.0300385
R8777 GND.n4797 GND.n467 0.0156729
R8778 GND.n4798 GND.n4797 0.0300385
R8779 GND.n469 GND.n468 0.0156729
R8780 GND.n4799 GND.n468 0.0300385
R8781 GND.n4800 GND.n470 0.0156729
R8782 GND.n4801 GND.n4800 0.0300385
R8783 GND.n472 GND.n471 0.0156729
R8784 GND.n4802 GND.n471 0.0300385
R8785 GND.n4803 GND.n473 0.0156729
R8786 GND.n4804 GND.n4803 0.0300385
R8787 GND.n475 GND.n474 0.0156729
R8788 GND.n4805 GND.n474 0.0300385
R8789 GND.n4806 GND.n476 0.0156729
R8790 GND.n4807 GND.n4806 0.0300385
R8791 GND.n478 GND.n477 0.0156729
R8792 GND.n4808 GND.n477 0.0300385
R8793 GND.n4809 GND.n479 0.0156729
R8794 GND.n4810 GND.n4809 0.0300385
R8795 GND.n481 GND.n480 0.0156729
R8796 GND.n4811 GND.n480 0.0300385
R8797 GND.n4812 GND.n482 0.0156729
R8798 GND.n4813 GND.n4812 0.0300385
R8799 GND.n484 GND.n483 0.0156729
R8800 GND.n4814 GND.n483 0.0300385
R8801 GND.n4815 GND.n485 0.0156729
R8802 GND.n4816 GND.n4815 0.0300385
R8803 GND.n487 GND.n486 0.0156729
R8804 GND.n4817 GND.n486 0.0300385
R8805 GND.n4818 GND.n488 0.0156729
R8806 GND.n4819 GND.n4818 0.0300385
R8807 GND.n490 GND.n489 0.0156729
R8808 GND.n4820 GND.n489 0.0300385
R8809 GND.n4821 GND.n491 0.0156729
R8810 GND.n4822 GND.n4821 0.0300385
R8811 GND.n493 GND.n492 0.0156729
R8812 GND.n4823 GND.n492 0.0300385
R8813 GND.n4824 GND.n494 0.0156729
R8814 GND.n4825 GND.n4824 0.0300385
R8815 GND.n496 GND.n495 0.0156729
R8816 GND.n4826 GND.n495 0.0300385
R8817 GND.n4827 GND.n497 0.0156729
R8818 GND.n4828 GND.n4827 0.0300385
R8819 GND.n499 GND.n498 0.0156729
R8820 GND.n4829 GND.n498 0.0300385
R8821 GND.n136 GND.n500 0.0156729
R8822 GND.n137 GND.n136 0.0300385
R8823 GND.n139 GND.n183 0.0995076
R8824 GND.n4830 GND.n183 0.0300385
R8825 GND.n193 GND.n4830 0.0156729
R8826 GND.n4832 GND.n4831 0.0300385
R8827 GND.n502 GND.n501 0.0156729
R8828 GND.n4833 GND.n501 0.0300385
R8829 GND.n4834 GND.n503 0.0156729
R8830 GND.n4835 GND.n4834 0.0300385
R8831 GND.n505 GND.n504 0.0156729
R8832 GND.n4836 GND.n504 0.0300385
R8833 GND.n4837 GND.n506 0.0156729
R8834 GND.n4838 GND.n4837 0.0300385
R8835 GND.n508 GND.n507 0.0156729
R8836 GND.n4839 GND.n507 0.0300385
R8837 GND.n4840 GND.n509 0.0156729
R8838 GND.n4841 GND.n4840 0.0300385
R8839 GND.n511 GND.n510 0.0156729
R8840 GND.n4842 GND.n510 0.0300385
R8841 GND.n4843 GND.n512 0.0156729
R8842 GND.n4844 GND.n4843 0.0300385
R8843 GND.n514 GND.n513 0.0156729
R8844 GND.n4845 GND.n513 0.0300385
R8845 GND.n4846 GND.n515 0.0156729
R8846 GND.n4847 GND.n4846 0.0300385
R8847 GND.n517 GND.n516 0.0156729
R8848 GND.n4848 GND.n516 0.0300385
R8849 GND.n4849 GND.n518 0.0156729
R8850 GND.n4850 GND.n4849 0.0300385
R8851 GND.n520 GND.n519 0.0156729
R8852 GND.n4851 GND.n519 0.0300385
R8853 GND.n4852 GND.n521 0.0156729
R8854 GND.n4853 GND.n4852 0.0300385
R8855 GND.n523 GND.n522 0.0156729
R8856 GND.n4854 GND.n522 0.0300385
R8857 GND.n4855 GND.n524 0.0156729
R8858 GND.n4856 GND.n4855 0.0300385
R8859 GND.n526 GND.n525 0.0156729
R8860 GND.n4857 GND.n525 0.0300385
R8861 GND.n4858 GND.n527 0.0156729
R8862 GND.n4859 GND.n4858 0.0300385
R8863 GND.n529 GND.n528 0.0156729
R8864 GND.n4860 GND.n528 0.0300385
R8865 GND.n4861 GND.n530 0.0156729
R8866 GND.n4862 GND.n4861 0.0300385
R8867 GND.n532 GND.n531 0.0156729
R8868 GND.n4863 GND.n531 0.0300385
R8869 GND.n4864 GND.n533 0.0156729
R8870 GND.n4865 GND.n4864 0.0300385
R8871 GND.n535 GND.n534 0.0156729
R8872 GND.n4866 GND.n534 0.0300385
R8873 GND.n4867 GND.n536 0.0156729
R8874 GND.n4868 GND.n4867 0.0300385
R8875 GND.n4868 GND.n682 0.0300385
R8876 GND.n683 GND.n682 0.0156729
R8877 GND.n4870 GND.n4869 0.0300385
R8878 GND.n537 GND.n4870 0.0156729
R8879 GND.n4871 GND.n4151 0.0300385
R8880 GND.n4872 GND.n538 0.0156729
R8881 GND.n4873 GND.n4872 0.0300385
R8882 GND.n4874 GND.n539 0.0156729
R8883 GND.n4874 GND.n4147 0.0300385
R8884 GND.n4875 GND.n540 0.0156729
R8885 GND.n4876 GND.n4875 0.0300385
R8886 GND.n4877 GND.n541 0.0156729
R8887 GND.n4877 GND.n4143 0.0300385
R8888 GND.n4878 GND.n542 0.0156729
R8889 GND.n4879 GND.n4878 0.0300385
R8890 GND.n4880 GND.n543 0.0156729
R8891 GND.n4880 GND.n4139 0.0300385
R8892 GND.n4881 GND.n544 0.0156729
R8893 GND.n4882 GND.n4881 0.0300385
R8894 GND.n4883 GND.n545 0.0156729
R8895 GND.n4883 GND.n4135 0.0300385
R8896 GND.n4884 GND.n546 0.0156729
R8897 GND.n4885 GND.n4884 0.0300385
R8898 GND.n4886 GND.n547 0.0156729
R8899 GND.n4886 GND.n4131 0.0300385
R8900 GND.n4887 GND.n548 0.0156729
R8901 GND.n4888 GND.n4887 0.0300385
R8902 GND.n4889 GND.n549 0.0156729
R8903 GND.n4889 GND.n4127 0.0300385
R8904 GND.n4890 GND.n550 0.0156729
R8905 GND.n4891 GND.n4890 0.0300385
R8906 GND.n4892 GND.n551 0.0156729
R8907 GND.n4892 GND.n4123 0.0300385
R8908 GND.n4893 GND.n552 0.0156729
R8909 GND.n4894 GND.n4893 0.0300385
R8910 GND.n4895 GND.n553 0.0156729
R8911 GND.n4895 GND.n4119 0.0300385
R8912 GND.n4896 GND.n554 0.0156729
R8913 GND.n4897 GND.n4896 0.0300385
R8914 GND.n4898 GND.n555 0.0156729
R8915 GND.n4898 GND.n4115 0.0300385
R8916 GND.n4899 GND.n556 0.0156729
R8917 GND.n4900 GND.n4899 0.0300385
R8918 GND.n4901 GND.n557 0.0156729
R8919 GND.n4901 GND.n4111 0.0300385
R8920 GND.n4902 GND.n558 0.0156729
R8921 GND.n4903 GND.n4902 0.0300385
R8922 GND.n4904 GND.n559 0.0156729
R8923 GND.n4904 GND.n3008 0.0300385
R8924 GND.n4905 GND.n560 0.0156729
R8925 GND.n4905 GND.n3007 0.0300385
R8926 GND.n4107 GND.n561 0.0156729
R8927 GND.n4107 GND.n3009 0.0300385
R8928 GND.n172 GND.n3009 0.0156729
R8929 GND.n4099 GND.n157 0.0300385
R8930 GND.n6445 GND.n1608 0.0300385
R8931 GND.n1608 GND.n1607 0.0300385
R8932 GND.n1607 GND.n1606 0.0300385
R8933 GND.n2245 GND.n1606 0.0300385
R8934 GND.n2245 GND.n1605 0.0300385
R8935 GND.n1605 GND.n1604 0.0300385
R8936 GND.n1604 GND.n1603 0.0300385
R8937 GND.n2238 GND.n1603 0.0300385
R8938 GND.n2238 GND.n1602 0.0300385
R8939 GND.n1602 GND.n1601 0.0300385
R8940 GND.n1601 GND.n1600 0.0300385
R8941 GND.n2231 GND.n1600 0.0300385
R8942 GND.n2231 GND.n1599 0.0300385
R8943 GND.n1599 GND.n1598 0.0300385
R8944 GND.n1598 GND.n1597 0.0300385
R8945 GND.n2224 GND.n1597 0.0300385
R8946 GND.n2224 GND.n1596 0.0300385
R8947 GND.n1596 GND.n1595 0.0300385
R8948 GND.n1595 GND.n1594 0.0300385
R8949 GND.n2217 GND.n1594 0.0300385
R8950 GND.n2217 GND.n1593 0.0300385
R8951 GND.n1593 GND.n1592 0.0300385
R8952 GND.n1592 GND.n1591 0.0300385
R8953 GND.n2210 GND.n1591 0.0300385
R8954 GND.n2210 GND.n1590 0.0300385
R8955 GND.n1590 GND.n1589 0.0300385
R8956 GND.n1589 GND.n1588 0.0300385
R8957 GND.n2203 GND.n1588 0.0300385
R8958 GND.n2203 GND.n1587 0.0300385
R8959 GND.n1587 GND.n1586 0.0300385
R8960 GND.n1586 GND.n1585 0.0300385
R8961 GND.n2196 GND.n1585 0.0300385
R8962 GND.n2196 GND.n1584 0.0300385
R8963 GND.n1584 GND.n1583 0.0300385
R8964 GND.n1583 GND.n1582 0.0300385
R8965 GND.n2189 GND.n1582 0.0300385
R8966 GND.n2189 GND.n1581 0.0300385
R8967 GND.n1581 GND.n1580 0.0300385
R8968 GND.n1580 GND.n1579 0.0300385
R8969 GND.n2182 GND.n1579 0.0300385
R8970 GND.n2182 GND.n1578 0.0300385
R8971 GND.n1578 GND.n1577 0.0300385
R8972 GND.n1577 GND.n1576 0.0300385
R8973 GND.n2175 GND.n1576 0.0300385
R8974 GND.n2175 GND.n1575 0.0300385
R8975 GND.n1575 GND.n1574 0.0300385
R8976 GND.n1574 GND.n1573 0.0300385
R8977 GND.n2168 GND.n1573 0.0300385
R8978 GND.n2168 GND.n1572 0.0300385
R8979 GND.n1572 GND.n1571 0.0300385
R8980 GND.n1571 GND.n1570 0.0300385
R8981 GND.n2161 GND.n1570 0.0300385
R8982 GND.n2161 GND.n1569 0.0300385
R8983 GND.n1569 GND.n1568 0.0300385
R8984 GND.n1568 GND.n1567 0.0300385
R8985 GND.n2154 GND.n1567 0.0300385
R8986 GND.n2154 GND.n1566 0.0300385
R8987 GND.n1566 GND.n1565 0.0300385
R8988 GND.n1565 GND.n1564 0.0300385
R8989 GND.n2147 GND.n1564 0.0300385
R8990 GND.n2147 GND.n1563 0.0300385
R8991 GND.n1563 GND.n1562 0.0300385
R8992 GND.n1562 GND.n1561 0.0300385
R8993 GND.n2140 GND.n1561 0.0300385
R8994 GND.n2140 GND.n1560 0.0300385
R8995 GND.n1560 GND.n1559 0.0300385
R8996 GND.n1559 GND.n1558 0.0300385
R8997 GND.n2133 GND.n1558 0.0300385
R8998 GND.n2133 GND.n1557 0.0300385
R8999 GND.n1557 GND.n1556 0.0300385
R9000 GND.n1556 GND.n1555 0.0300385
R9001 GND.n2126 GND.n1555 0.0300385
R9002 GND.n2126 GND.n1554 0.0300385
R9003 GND.n1554 GND.n1553 0.0300385
R9004 GND.n1553 GND.n1552 0.0300385
R9005 GND.n2119 GND.n1552 0.0300385
R9006 GND.n2119 GND.n1551 0.0300385
R9007 GND.n1551 GND.n1550 0.0300385
R9008 GND.n1550 GND.n1549 0.0300385
R9009 GND.n2112 GND.n1549 0.0300385
R9010 GND.n2112 GND.n1548 0.0300385
R9011 GND.n1548 GND.n1547 0.0300385
R9012 GND.n1547 GND.n1546 0.0300385
R9013 GND.n2105 GND.n1546 0.0300385
R9014 GND.n2105 GND.n1545 0.0300385
R9015 GND.n1545 GND.n1544 0.0300385
R9016 GND.n1544 GND.n1543 0.0300385
R9017 GND.n2098 GND.n1543 0.0300385
R9018 GND.n2098 GND.n1542 0.0300385
R9019 GND.n1542 GND.n1541 0.0300385
R9020 GND.n1541 GND.n1540 0.0300385
R9021 GND.n2091 GND.n1540 0.0300385
R9022 GND.n2091 GND.n1539 0.0300385
R9023 GND.n1539 GND.n1538 0.0300385
R9024 GND.n1538 GND.n1537 0.0300385
R9025 GND.n2084 GND.n1537 0.0300385
R9026 GND.n2084 GND.n1536 0.0300385
R9027 GND.n1536 GND.n1535 0.0300385
R9028 GND.n1 GND.n1534 0.0156606
R9029 GND.n2077 GND.n1534 0.0300385
R9030 GND.n2077 GND.n2 0.0156861
R9031 GND.n1533 GND.n1532 0.0300385
R9032 GND.n3 GND.n1531 0.0156587
R9033 GND.n2070 GND.n1531 0.0300385
R9034 GND.n4 GND.n1530 0.0156567
R9035 GND.n1530 GND.n1529 0.0300385
R9036 GND.n2064 GND.n5 0.0156526
R9037 GND.n2064 GND.n1528 0.0300385
R9038 GND.n1528 GND.n159 0.0156729
R9039 GND.n1527 GND.n1526 0.0300385
R9040 GND.n140 GND.n1526 0.0156729
R9041 GND.n2057 GND.n1525 0.0300385
R9042 GND.n1525 GND.n131 0.0156729
R9043 GND.n1524 GND.n1523 0.0300385
R9044 GND.n2050 GND.n1523 0.0300385
R9045 GND.n2050 GND.n1521 0.0300385
R9046 GND.n1521 GND.n1520 0.0300385
R9047 GND.n1520 GND.n1519 0.0300385
R9048 GND.n2043 GND.n1519 0.0300385
R9049 GND.n2043 GND.n1517 0.0300385
R9050 GND.n1517 GND.n1516 0.0300385
R9051 GND.n1516 GND.n1515 0.0300385
R9052 GND.n2036 GND.n1515 0.0300385
R9053 GND.n2036 GND.n1513 0.0300385
R9054 GND.n1513 GND.n1512 0.0300385
R9055 GND.n1512 GND.n1511 0.0300385
R9056 GND.n2029 GND.n1511 0.0300385
R9057 GND.n2029 GND.n1509 0.0300385
R9058 GND.n1509 GND.n1508 0.0300385
R9059 GND.n1508 GND.n1507 0.0300385
R9060 GND.n2022 GND.n1507 0.0300385
R9061 GND.n2022 GND.n1505 0.0300385
R9062 GND.n1505 GND.n1504 0.0300385
R9063 GND.n1504 GND.n1503 0.0300385
R9064 GND.n2015 GND.n1503 0.0300385
R9065 GND.n2015 GND.n1501 0.0300385
R9066 GND.n1501 GND.n1500 0.0300385
R9067 GND.n1500 GND.n1499 0.0300385
R9068 GND.n2008 GND.n1499 0.0300385
R9069 GND.n2008 GND.n1497 0.0300385
R9070 GND.n1497 GND.n1496 0.0300385
R9071 GND.n1496 GND.n1495 0.0300385
R9072 GND.n2001 GND.n1495 0.0300385
R9073 GND.n2001 GND.n1493 0.0300385
R9074 GND.n1493 GND.n1492 0.0300385
R9075 GND.n1492 GND.n1491 0.0300385
R9076 GND.n1994 GND.n1491 0.0300385
R9077 GND.n1994 GND.n1489 0.0300385
R9078 GND.n1489 GND.n1488 0.0300385
R9079 GND.n1488 GND.n1487 0.0300385
R9080 GND.n1987 GND.n1487 0.0300385
R9081 GND.n1987 GND.n1485 0.0300385
R9082 GND.n1485 GND.n1484 0.0300385
R9083 GND.n1484 GND.n1483 0.0300385
R9084 GND.n1980 GND.n1483 0.0300385
R9085 GND.n1980 GND.n1481 0.0300385
R9086 GND.n1481 GND.n1480 0.0300385
R9087 GND.n1480 GND.n1479 0.0300385
R9088 GND.n1973 GND.n1479 0.0300385
R9089 GND.n1973 GND.n1477 0.0300385
R9090 GND.n1477 GND.n1476 0.0300385
R9091 GND.n1476 GND.n1475 0.0300385
R9092 GND.n1966 GND.n1475 0.0300385
R9093 GND.n1966 GND.n1473 0.0300385
R9094 GND.n1473 GND.n1472 0.0300385
R9095 GND.n1472 GND.n1471 0.0300385
R9096 GND.n1959 GND.n1471 0.0300385
R9097 GND.n1959 GND.n1469 0.0300385
R9098 GND.n1469 GND.n1468 0.0300385
R9099 GND.n1468 GND.n1467 0.0300385
R9100 GND.n1952 GND.n1467 0.0300385
R9101 GND.n1952 GND.n1465 0.0300385
R9102 GND.n1465 GND.n1464 0.0300385
R9103 GND.n1464 GND.n1463 0.0300385
R9104 GND.n1945 GND.n1463 0.0300385
R9105 GND.n1945 GND.n1461 0.0300385
R9106 GND.n1461 GND.n1460 0.0300385
R9107 GND.n1460 GND.n1459 0.0300385
R9108 GND.n1938 GND.n1459 0.0300385
R9109 GND.n1938 GND.n1457 0.0300385
R9110 GND.n1457 GND.n1456 0.0300385
R9111 GND.n1456 GND.n1455 0.0300385
R9112 GND.n1931 GND.n1455 0.0300385
R9113 GND.n1931 GND.n1453 0.0300385
R9114 GND.n1453 GND.n1452 0.0300385
R9115 GND.n1452 GND.n1451 0.0300385
R9116 GND.n1924 GND.n1451 0.0300385
R9117 GND.n1924 GND.n1449 0.0300385
R9118 GND.n1449 GND.n1448 0.0300385
R9119 GND.n1448 GND.n1447 0.0300385
R9120 GND.n1917 GND.n1447 0.0300385
R9121 GND.n1917 GND.n1445 0.0300385
R9122 GND.n1445 GND.n1444 0.0300385
R9123 GND.n1444 GND.n1443 0.0300385
R9124 GND.n1910 GND.n1443 0.0300385
R9125 GND.n1910 GND.n1441 0.0300385
R9126 GND.n1441 GND.n1440 0.0300385
R9127 GND.n1440 GND.n1439 0.0300385
R9128 GND.n1903 GND.n1439 0.0300385
R9129 GND.n1903 GND.n1437 0.0300385
R9130 GND.n1437 GND.n1436 0.0300385
R9131 GND.n1436 GND.n1435 0.0300385
R9132 GND.n1896 GND.n1435 0.0300385
R9133 GND.n1896 GND.n1433 0.0300385
R9134 GND.n1433 GND.n1432 0.0300385
R9135 GND.n1432 GND.n1431 0.0300385
R9136 GND.n1889 GND.n1431 0.0300385
R9137 GND.n1889 GND.n1429 0.0300385
R9138 GND.n1429 GND.n1428 0.0300385
R9139 GND.n1428 GND.n1427 0.0300385
R9140 GND.n1427 GND.n1425 0.0300385
R9141 GND.n6789 GND.n1425 0.0300385
R9142 GND.n6790 GND.n6789 0.0300385
R9143 GND.n6790 GND.n1415 0.0300385
R9144 GND.n1415 GND.n1414 0.0300385
R9145 GND.n1414 GND.n135 0.0156729
R9146 GND.n6796 GND.n1413 0.0300385
R9147 GND.n6797 GND.n6796 0.0300385
R9148 GND.n6797 GND.n1417 0.0300385
R9149 GND.n4753 GND.n1417 0.0300385
R9150 GND.n4754 GND.n4753 0.0300385
R9151 GND.n4754 GND.n4282 0.0300385
R9152 GND.n4743 GND.n4282 0.0300385
R9153 GND.n4743 GND.n4280 0.0300385
R9154 GND.n4280 GND.n4279 0.0300385
R9155 GND.n4279 GND.n4278 0.0300385
R9156 GND.n4736 GND.n4278 0.0300385
R9157 GND.n4736 GND.n4276 0.0300385
R9158 GND.n4276 GND.n4275 0.0300385
R9159 GND.n4275 GND.n4274 0.0300385
R9160 GND.n4729 GND.n4274 0.0300385
R9161 GND.n4729 GND.n4272 0.0300385
R9162 GND.n4272 GND.n4271 0.0300385
R9163 GND.n4271 GND.n4270 0.0300385
R9164 GND.n4722 GND.n4270 0.0300385
R9165 GND.n4722 GND.n4268 0.0300385
R9166 GND.n4268 GND.n4267 0.0300385
R9167 GND.n4267 GND.n4266 0.0300385
R9168 GND.n4715 GND.n4266 0.0300385
R9169 GND.n4715 GND.n4264 0.0300385
R9170 GND.n4264 GND.n4263 0.0300385
R9171 GND.n4263 GND.n4262 0.0300385
R9172 GND.n4708 GND.n4262 0.0300385
R9173 GND.n4708 GND.n4260 0.0300385
R9174 GND.n4260 GND.n4259 0.0300385
R9175 GND.n4259 GND.n4258 0.0300385
R9176 GND.n4701 GND.n4258 0.0300385
R9177 GND.n4701 GND.n4256 0.0300385
R9178 GND.n4256 GND.n4255 0.0300385
R9179 GND.n4255 GND.n4254 0.0300385
R9180 GND.n4694 GND.n4254 0.0300385
R9181 GND.n4694 GND.n4252 0.0300385
R9182 GND.n4252 GND.n4251 0.0300385
R9183 GND.n4251 GND.n4250 0.0300385
R9184 GND.n4687 GND.n4250 0.0300385
R9185 GND.n4687 GND.n4248 0.0300385
R9186 GND.n4248 GND.n4247 0.0300385
R9187 GND.n4247 GND.n4246 0.0300385
R9188 GND.n4680 GND.n4246 0.0300385
R9189 GND.n4680 GND.n4244 0.0300385
R9190 GND.n4244 GND.n4243 0.0300385
R9191 GND.n4243 GND.n4242 0.0300385
R9192 GND.n4673 GND.n4242 0.0300385
R9193 GND.n4673 GND.n4240 0.0300385
R9194 GND.n4240 GND.n4239 0.0300385
R9195 GND.n4239 GND.n4238 0.0300385
R9196 GND.n4666 GND.n4238 0.0300385
R9197 GND.n4666 GND.n4236 0.0300385
R9198 GND.n4236 GND.n4235 0.0300385
R9199 GND.n4235 GND.n4234 0.0300385
R9200 GND.n4659 GND.n4234 0.0300385
R9201 GND.n4659 GND.n4232 0.0300385
R9202 GND.n4232 GND.n4231 0.0300385
R9203 GND.n4231 GND.n4230 0.0300385
R9204 GND.n4652 GND.n4230 0.0300385
R9205 GND.n4652 GND.n4229 0.0300385
R9206 GND.n4229 GND.n4228 0.0300385
R9207 GND.n4228 GND.n4227 0.0300385
R9208 GND.n4645 GND.n4227 0.0300385
R9209 GND.n4645 GND.n4226 0.0300385
R9210 GND.n4226 GND.n4225 0.0300385
R9211 GND.n4225 GND.n4224 0.0300385
R9212 GND.n4638 GND.n4224 0.0300385
R9213 GND.n4638 GND.n4223 0.0300385
R9214 GND.n4223 GND.n4222 0.0300385
R9215 GND.n4222 GND.n4221 0.0300385
R9216 GND.n4631 GND.n4221 0.0300385
R9217 GND.n4631 GND.n4220 0.0300385
R9218 GND.n4220 GND.n4219 0.0300385
R9219 GND.n4219 GND.n4218 0.0300385
R9220 GND.n4624 GND.n4218 0.0300385
R9221 GND.n4624 GND.n4217 0.0300385
R9222 GND.n4217 GND.n4216 0.0300385
R9223 GND.n4216 GND.n4215 0.0300385
R9224 GND.n4617 GND.n4215 0.0300385
R9225 GND.n4617 GND.n4214 0.0300385
R9226 GND.n4214 GND.n4213 0.0300385
R9227 GND.n4213 GND.n4212 0.0300385
R9228 GND.n4610 GND.n4212 0.0300385
R9229 GND.n4610 GND.n4211 0.0300385
R9230 GND.n4211 GND.n4210 0.0300385
R9231 GND.n4210 GND.n4209 0.0300385
R9232 GND.n4603 GND.n4209 0.0300385
R9233 GND.n4603 GND.n4208 0.0300385
R9234 GND.n4208 GND.n4207 0.0300385
R9235 GND.n4207 GND.n4206 0.0300385
R9236 GND.n4596 GND.n4206 0.0300385
R9237 GND.n4596 GND.n4205 0.0300385
R9238 GND.n4205 GND.n4204 0.0300385
R9239 GND.n4204 GND.n4203 0.0300385
R9240 GND.n4589 GND.n4203 0.0300385
R9241 GND.n4589 GND.n4202 0.0300385
R9242 GND.n4202 GND.n4201 0.0300385
R9243 GND.n4201 GND.n4200 0.0300385
R9244 GND.n4582 GND.n4200 0.0300385
R9245 GND.n4582 GND.n4199 0.0300385
R9246 GND.n4199 GND.n4198 0.0300385
R9247 GND.n4198 GND.n4197 0.0300385
R9248 GND.n4575 GND.n4197 0.0300385
R9249 GND.n4575 GND.n4196 0.0300385
R9250 GND.n4196 GND.n4195 0.0300385
R9251 GND.n4195 GND.n4194 0.0300385
R9252 GND.n4568 GND.n4194 0.0300385
R9253 GND.n4568 GND.n150 0.0156729
R9254 GND.n4567 GND.n146 0.0300385
R9255 GND.n138 GND.n146 0.0156729
R9256 GND.n4566 GND.n4336 0.0300385
R9257 GND.n4336 GND.n4193 0.0300385
R9258 GND.n4193 GND.n4192 0.0300385
R9259 GND.n4192 GND.n4191 0.0300385
R9260 GND.n4339 GND.n4191 0.0300385
R9261 GND.n4339 GND.n4190 0.0300385
R9262 GND.n4190 GND.n4189 0.0300385
R9263 GND.n4189 GND.n4188 0.0300385
R9264 GND.n4342 GND.n4188 0.0300385
R9265 GND.n4342 GND.n4187 0.0300385
R9266 GND.n4187 GND.n4186 0.0300385
R9267 GND.n4186 GND.n4185 0.0300385
R9268 GND.n4345 GND.n4185 0.0300385
R9269 GND.n4345 GND.n4184 0.0300385
R9270 GND.n4184 GND.n4183 0.0300385
R9271 GND.n4183 GND.n4182 0.0300385
R9272 GND.n4348 GND.n4182 0.0300385
R9273 GND.n4348 GND.n4181 0.0300385
R9274 GND.n4181 GND.n4180 0.0300385
R9275 GND.n4180 GND.n4179 0.0300385
R9276 GND.n4351 GND.n4179 0.0300385
R9277 GND.n4351 GND.n4178 0.0300385
R9278 GND.n4178 GND.n4177 0.0300385
R9279 GND.n4177 GND.n4176 0.0300385
R9280 GND.n4354 GND.n4176 0.0300385
R9281 GND.n4354 GND.n4175 0.0300385
R9282 GND.n4175 GND.n4174 0.0300385
R9283 GND.n4174 GND.n4173 0.0300385
R9284 GND.n4357 GND.n4173 0.0300385
R9285 GND.n4357 GND.n4172 0.0300385
R9286 GND.n4172 GND.n4171 0.0300385
R9287 GND.n4171 GND.n4170 0.0300385
R9288 GND.n4360 GND.n4170 0.0300385
R9289 GND.n4360 GND.n4169 0.0300385
R9290 GND.n4169 GND.n4168 0.0300385
R9291 GND.n4168 GND.n4167 0.0300385
R9292 GND.n4363 GND.n4167 0.0300385
R9293 GND.n4363 GND.n4166 0.0300385
R9294 GND.n4166 GND.n4165 0.0300385
R9295 GND.n4165 GND.n4164 0.0300385
R9296 GND.n4366 GND.n4164 0.0300385
R9297 GND.n4366 GND.n4163 0.0300385
R9298 GND.n4163 GND.n4162 0.0300385
R9299 GND.n4162 GND.n4161 0.0300385
R9300 GND.n4369 GND.n4161 0.0300385
R9301 GND.n4369 GND.n4160 0.0300385
R9302 GND.n4160 GND.n4159 0.0300385
R9303 GND.n4159 GND.n4158 0.0300385
R9304 GND.n4372 GND.n4158 0.0300385
R9305 GND.n4372 GND.n4157 0.0300385
R9306 GND.n4157 GND.n4156 0.0300385
R9307 GND.n4156 GND.n4155 0.0300385
R9308 GND.n4375 GND.n4155 0.0300385
R9309 GND.n4375 GND.n4154 0.0300385
R9310 GND.n4154 GND.n4153 0.0300385
R9311 GND.n4153 GND.n4152 0.0300385
R9312 GND.n4378 GND.n4152 0.0300385
R9313 GND.n4378 GND.n4150 0.0300385
R9314 GND.n4150 GND.n4149 0.0300385
R9315 GND.n4149 GND.n4148 0.0300385
R9316 GND.n4381 GND.n4148 0.0300385
R9317 GND.n4381 GND.n4146 0.0300385
R9318 GND.n4146 GND.n4145 0.0300385
R9319 GND.n4145 GND.n4144 0.0300385
R9320 GND.n4384 GND.n4144 0.0300385
R9321 GND.n4384 GND.n4142 0.0300385
R9322 GND.n4142 GND.n4141 0.0300385
R9323 GND.n4141 GND.n4140 0.0300385
R9324 GND.n4387 GND.n4140 0.0300385
R9325 GND.n4387 GND.n4138 0.0300385
R9326 GND.n4138 GND.n4137 0.0300385
R9327 GND.n4137 GND.n4136 0.0300385
R9328 GND.n4390 GND.n4136 0.0300385
R9329 GND.n4390 GND.n4134 0.0300385
R9330 GND.n4134 GND.n4133 0.0300385
R9331 GND.n4133 GND.n4132 0.0300385
R9332 GND.n4393 GND.n4132 0.0300385
R9333 GND.n4393 GND.n4130 0.0300385
R9334 GND.n4130 GND.n4129 0.0300385
R9335 GND.n4129 GND.n4128 0.0300385
R9336 GND.n4396 GND.n4128 0.0300385
R9337 GND.n4396 GND.n4126 0.0300385
R9338 GND.n4126 GND.n4125 0.0300385
R9339 GND.n4125 GND.n4124 0.0300385
R9340 GND.n4399 GND.n4124 0.0300385
R9341 GND.n4399 GND.n4122 0.0300385
R9342 GND.n4122 GND.n4121 0.0300385
R9343 GND.n4121 GND.n4120 0.0300385
R9344 GND.n4402 GND.n4120 0.0300385
R9345 GND.n4402 GND.n4118 0.0300385
R9346 GND.n4118 GND.n4117 0.0300385
R9347 GND.n4117 GND.n4116 0.0300385
R9348 GND.n4405 GND.n4116 0.0300385
R9349 GND.n4405 GND.n4114 0.0300385
R9350 GND.n4114 GND.n4113 0.0300385
R9351 GND.n4113 GND.n4112 0.0300385
R9352 GND.n4408 GND.n4112 0.0300385
R9353 GND.n4408 GND.n4110 0.0300385
R9354 GND.n4110 GND.n4109 0.0300385
R9355 GND.n4109 GND.n4108 0.0300385
R9356 GND.n4108 GND.n3006 0.0300385
R9357 GND.n4906 GND.n3006 0.0300385
R9358 GND.n4906 GND.n3005 0.0300385
R9359 GND.n4106 GND.n3005 0.0300385
R9360 GND.n4106 GND.n3010 0.0300385
R9361 GND.n4100 GND.n3010 0.0300385
R9362 GND.n4100 GND.n3014 0.0300385
R9363 GND.n6449 GND.n6447 0.0300385
R9364 GND.n6450 GND.n6449 0.0300385
R9365 GND.n6452 GND.n6450 0.0300385
R9366 GND.n6453 GND.n6452 0.0300385
R9367 GND.n6456 GND.n6453 0.0300385
R9368 GND.n6457 GND.n6456 0.0300385
R9369 GND.n6460 GND.n6457 0.0300385
R9370 GND.n6461 GND.n6460 0.0300385
R9371 GND.n6464 GND.n6461 0.0300385
R9372 GND.n6465 GND.n6464 0.0300385
R9373 GND.n6468 GND.n6465 0.0300385
R9374 GND.n6469 GND.n6468 0.0300385
R9375 GND.n6472 GND.n6469 0.0300385
R9376 GND.n6473 GND.n6472 0.0300385
R9377 GND.n6476 GND.n6473 0.0300385
R9378 GND.n6477 GND.n6476 0.0300385
R9379 GND.n6480 GND.n6477 0.0300385
R9380 GND.n6481 GND.n6480 0.0300385
R9381 GND.n6484 GND.n6481 0.0300385
R9382 GND.n6485 GND.n6484 0.0300385
R9383 GND.n6488 GND.n6485 0.0300385
R9384 GND.n6489 GND.n6488 0.0300385
R9385 GND.n6492 GND.n6489 0.0300385
R9386 GND.n6493 GND.n6492 0.0300385
R9387 GND.n6496 GND.n6493 0.0300385
R9388 GND.n6497 GND.n6496 0.0300385
R9389 GND.n6500 GND.n6497 0.0300385
R9390 GND.n6502 GND.n6500 0.0300385
R9391 GND.n6503 GND.n6502 0.0300385
R9392 GND.n6505 GND.n6503 0.0300385
R9393 GND.n6507 GND.n6505 0.0300385
R9394 GND.n6508 GND.n6507 0.0300385
R9395 GND.n6510 GND.n6508 0.0300385
R9396 GND.n6512 GND.n6510 0.0300385
R9397 GND.n6513 GND.n6512 0.0300385
R9398 GND.n6515 GND.n6513 0.0300385
R9399 GND.n6517 GND.n6515 0.0300385
R9400 GND.n6518 GND.n6517 0.0300385
R9401 GND.n6520 GND.n6518 0.0300385
R9402 GND.n6521 GND.n6520 0.0300385
R9403 GND.n6524 GND.n6521 0.0300385
R9404 GND.n6525 GND.n6524 0.0300385
R9405 GND.n6528 GND.n6525 0.0300385
R9406 GND.n6529 GND.n6528 0.0300385
R9407 GND.n6532 GND.n6529 0.0300385
R9408 GND.n6533 GND.n6532 0.0300385
R9409 GND.n6536 GND.n6533 0.0300385
R9410 GND.n6537 GND.n6536 0.0300385
R9411 GND.n6540 GND.n6537 0.0300385
R9412 GND.n6541 GND.n6540 0.0300385
R9413 GND.n6544 GND.n6541 0.0300385
R9414 GND.n6545 GND.n6544 0.0300385
R9415 GND.n6548 GND.n6545 0.0300385
R9416 GND.n6550 GND.n6548 0.0300385
R9417 GND.n6551 GND.n6550 0.0300385
R9418 GND.n6553 GND.n6551 0.0300385
R9419 GND.n6555 GND.n6553 0.0300385
R9420 GND.n6556 GND.n6555 0.0300385
R9421 GND.n6558 GND.n6556 0.0300385
R9422 GND.n6559 GND.n6558 0.0300385
R9423 GND.n6562 GND.n6559 0.0300385
R9424 GND.n6563 GND.n6562 0.0300385
R9425 GND.n6566 GND.n6563 0.0300385
R9426 GND.n6568 GND.n6566 0.0300385
R9427 GND.n6569 GND.n6568 0.0300385
R9428 GND.n6571 GND.n6569 0.0300385
R9429 GND.n6572 GND.n6571 0.0300385
R9430 GND.n6575 GND.n6572 0.0300385
R9431 GND.n6576 GND.n6575 0.0300385
R9432 GND.n6579 GND.n6576 0.0300385
R9433 GND.n6580 GND.n6579 0.0300385
R9434 GND.n6583 GND.n6580 0.0300385
R9435 GND.n6585 GND.n6583 0.0300385
R9436 GND.n6586 GND.n6585 0.0300385
R9437 GND.n6588 GND.n6586 0.0300385
R9438 GND.n6589 GND.n6588 0.0300385
R9439 GND.n6592 GND.n6589 0.0300385
R9440 GND.n6593 GND.n6592 0.0300385
R9441 GND.n6596 GND.n6593 0.0300385
R9442 GND.n6597 GND.n6596 0.0300385
R9443 GND.n6600 GND.n6597 0.0300385
R9444 GND.n6601 GND.n6600 0.0300385
R9445 GND.n6604 GND.n6601 0.0300385
R9446 GND.n6606 GND.n6604 0.0300385
R9447 GND.n6607 GND.n6606 0.0300385
R9448 GND.n6609 GND.n6607 0.0300385
R9449 GND.n6610 GND.n6609 0.0300385
R9450 GND.n6613 GND.n6610 0.0300385
R9451 GND.n6614 GND.n6613 0.0300385
R9452 GND.n6617 GND.n6614 0.0300385
R9453 GND.n6618 GND.n6617 0.0300385
R9454 GND.n6621 GND.n6618 0.0300385
R9455 GND.n6623 GND.n6621 0.0300385
R9456 GND.n6624 GND.n6623 0.0300385
R9457 GND.n6626 GND.n6624 0.0300385
R9458 GND.n6627 GND.n6626 0.0300385
R9459 GND.n6630 GND.n6627 0.0300385
R9460 GND.n6632 GND.n6630 0.0300385
R9461 GND.n6633 GND.n6632 0.0300385
R9462 GND.n6635 GND.n6633 0.0300385
R9463 GND.n6637 GND.n6635 0.0300385
R9464 GND.n6638 GND.n6637 0.0300385
R9465 GND.n6639 GND.n6638 0.0300385
R9466 GND.n6640 GND.n6639 0.0300385
R9467 GND.n6640 GND.n1670 0.0300385
R9468 GND.n6334 GND.n1670 0.0300385
R9469 GND.n6334 GND.n2253 0.0300385
R9470 GND.n2254 GND.n2253 0.0300385
R9471 GND.n6328 GND.n2254 0.0300385
R9472 GND.n6329 GND.n6328 0.0300385
R9473 GND.n6329 GND.n2255 0.0300385
R9474 GND.n6318 GND.n2255 0.0300385
R9475 GND.n6318 GND.n2259 0.0300385
R9476 GND.n6312 GND.n2259 0.0300385
R9477 GND.n6313 GND.n6312 0.0300385
R9478 GND.n6313 GND.n2317 0.0300385
R9479 GND.n6304 GND.n2317 0.0300385
R9480 GND.n6304 GND.n6301 0.0300385
R9481 GND.n6301 GND.n6300 0.0300385
R9482 GND.n6300 GND.n2321 0.0300385
R9483 GND.n6291 GND.n2321 0.0300385
R9484 GND.n6291 GND.n6288 0.0300385
R9485 GND.n6288 GND.n6287 0.0300385
R9486 GND.n6287 GND.n2325 0.0300385
R9487 GND.n6280 GND.n2325 0.0300385
R9488 GND.n6280 GND.n6278 0.0300385
R9489 GND.n6278 GND.n6275 0.0300385
R9490 GND.n6275 GND.n2330 0.0300385
R9491 GND.n6269 GND.n2330 0.0300385
R9492 GND.n6269 GND.n6268 0.0300385
R9493 GND.n6268 GND.n6266 0.0300385
R9494 GND.n6266 GND.n2334 0.0300385
R9495 GND.n6258 GND.n2334 0.0300385
R9496 GND.n6258 GND.n6256 0.0300385
R9497 GND.n6256 GND.n6255 0.0300385
R9498 GND.n6255 GND.n2339 0.0300385
R9499 GND.n6248 GND.n2339 0.0300385
R9500 GND.n6248 GND.n6247 0.0300385
R9501 GND.n6247 GND.n6245 0.0300385
R9502 GND.n6245 GND.n2343 0.0300385
R9503 GND.n6237 GND.n2343 0.0300385
R9504 GND.n6237 GND.n6234 0.0300385
R9505 GND.n6234 GND.n6233 0.0300385
R9506 GND.n6233 GND.n2347 0.0300385
R9507 GND.n6225 GND.n2347 0.0300385
R9508 GND.n6225 GND.n6222 0.0300385
R9509 GND.n6222 GND.n6221 0.0300385
R9510 GND.n6221 GND.n2351 0.0300385
R9511 GND.n6214 GND.n2351 0.0300385
R9512 GND.n6214 GND.n6212 0.0300385
R9513 GND.n6212 GND.n6209 0.0300385
R9514 GND.n6209 GND.n2355 0.0300385
R9515 GND.n6203 GND.n2355 0.0300385
R9516 GND.n6203 GND.n6200 0.0300385
R9517 GND.n6200 GND.n6197 0.0300385
R9518 GND.n6197 GND.n2359 0.0300385
R9519 GND.n6191 GND.n2359 0.0300385
R9520 GND.n6191 GND.n6188 0.0300385
R9521 GND.n6188 GND.n6186 0.0300385
R9522 GND.n6186 GND.n2364 0.0300385
R9523 GND.n6180 GND.n2364 0.0300385
R9524 GND.n6180 GND.n6177 0.0300385
R9525 GND.n6177 GND.n6176 0.0300385
R9526 GND.n6176 GND.n2368 0.0300385
R9527 GND.n6168 GND.n2368 0.0300385
R9528 GND.n6168 GND.n6165 0.0300385
R9529 GND.n6165 GND.n6164 0.0300385
R9530 GND.n6164 GND.n2372 0.0300385
R9531 GND.n6156 GND.n2372 0.0300385
R9532 GND.n6156 GND.n6153 0.0300385
R9533 GND.n6153 GND.n6152 0.0300385
R9534 GND.n6152 GND.n2376 0.0300385
R9535 GND.n6144 GND.n2376 0.0300385
R9536 GND.n6144 GND.n6141 0.0300385
R9537 GND.n6141 GND.n6140 0.0300385
R9538 GND.n6140 GND.n2380 0.0300385
R9539 GND.n6132 GND.n2380 0.0300385
R9540 GND.n6132 GND.n6129 0.0300385
R9541 GND.n6129 GND.n6128 0.0300385
R9542 GND.n6128 GND.n2384 0.0300385
R9543 GND.n6120 GND.n2384 0.0300385
R9544 GND.n6120 GND.n6117 0.0300385
R9545 GND.n6117 GND.n6116 0.0300385
R9546 GND.n6116 GND.n2388 0.0300385
R9547 GND.n6108 GND.n2388 0.0300385
R9548 GND.n6108 GND.n6105 0.0300385
R9549 GND.n6105 GND.n6104 0.0300385
R9550 GND.n6104 GND.n2392 0.0300385
R9551 GND.n6096 GND.n2392 0.0300385
R9552 GND.n6096 GND.n6093 0.0300385
R9553 GND.n6093 GND.n6092 0.0300385
R9554 GND.n6092 GND.n2396 0.0300385
R9555 GND.n6084 GND.n2396 0.0300385
R9556 GND.n6084 GND.n6081 0.0300385
R9557 GND.n6081 GND.n6080 0.0300385
R9558 GND.n6080 GND.n2400 0.0300385
R9559 GND.n6072 GND.n2400 0.0300385
R9560 GND.n6072 GND.n6069 0.0300385
R9561 GND.n6069 GND.n6068 0.0300385
R9562 GND.n6068 GND.n2404 0.0300385
R9563 GND.n6060 GND.n2404 0.0300385
R9564 GND.n6060 GND.n6058 0.0300385
R9565 GND.n6058 GND.n6057 0.0300385
R9566 GND.n6057 GND.n2408 0.0300385
R9567 GND.n6050 GND.n2408 0.0300385
R9568 GND.n6050 GND.n6047 0.0300385
R9569 GND.n6047 GND.n6045 0.0300385
R9570 GND.n6045 GND.n2413 0.0300385
R9571 GND.n6039 GND.n2413 0.0300385
R9572 GND.n6039 GND.n6037 0.0300385
R9573 GND.n6037 GND.n6036 0.0300385
R9574 GND.n6036 GND.n2417 0.0300385
R9575 GND.n6029 GND.n2417 0.0300385
R9576 GND.n6029 GND.n6026 0.0300385
R9577 GND.n6026 GND.n2421 0.0300385
R9578 GND.n6022 GND.n2421 0.0300385
R9579 GND.n6022 GND.n2422 0.0300385
R9580 GND.n2422 GND.n1412 0.0300385
R9581 GND.n1412 GND.n1411 0.0300385
R9582 GND.n6803 GND.n1411 0.0300385
R9583 GND.n6805 GND.n6803 0.0300385
R9584 GND.n6806 GND.n6805 0.0300385
R9585 GND.n6808 GND.n6806 0.0300385
R9586 GND.n6809 GND.n6808 0.0300385
R9587 GND.n6812 GND.n6809 0.0300385
R9588 GND.n6813 GND.n6812 0.0300385
R9589 GND.n6816 GND.n6813 0.0300385
R9590 GND.n6817 GND.n6816 0.0300385
R9591 GND.n6820 GND.n6817 0.0300385
R9592 GND.n6822 GND.n6820 0.0300385
R9593 GND.n6823 GND.n6822 0.0300385
R9594 GND.n6825 GND.n6823 0.0300385
R9595 GND.n6826 GND.n6825 0.0300385
R9596 GND.n6829 GND.n6826 0.0300385
R9597 GND.n6830 GND.n6829 0.0300385
R9598 GND.n6833 GND.n6830 0.0300385
R9599 GND.n6834 GND.n6833 0.0300385
R9600 GND.n6837 GND.n6834 0.0300385
R9601 GND.n6838 GND.n6837 0.0300385
R9602 GND.n6841 GND.n6838 0.0300385
R9603 GND.n6843 GND.n6841 0.0300385
R9604 GND.n6844 GND.n6843 0.0300385
R9605 GND.n6846 GND.n6844 0.0300385
R9606 GND.n6848 GND.n6846 0.0300385
R9607 GND.n6849 GND.n6848 0.0300385
R9608 GND.n6851 GND.n6849 0.0300385
R9609 GND.n6852 GND.n6851 0.0300385
R9610 GND.n6855 GND.n6852 0.0300385
R9611 GND.n6857 GND.n6855 0.0300385
R9612 GND.n6858 GND.n6857 0.0300385
R9613 GND.n6860 GND.n6858 0.0300385
R9614 GND.n6861 GND.n6860 0.0300385
R9615 GND.n6864 GND.n6861 0.0300385
R9616 GND.n6866 GND.n6864 0.0300385
R9617 GND.n6867 GND.n6866 0.0300385
R9618 GND.n6869 GND.n6867 0.0300385
R9619 GND.n6870 GND.n6869 0.0300385
R9620 GND.n6873 GND.n6870 0.0300385
R9621 GND.n6875 GND.n6873 0.0300385
R9622 GND.n6876 GND.n6875 0.0300385
R9623 GND.n6878 GND.n6876 0.0300385
R9624 GND.n6879 GND.n6878 0.0300385
R9625 GND.n6882 GND.n6879 0.0300385
R9626 GND.n6883 GND.n6882 0.0300385
R9627 GND.n6886 GND.n6883 0.0300385
R9628 GND.n6887 GND.n6886 0.0300385
R9629 GND.n6890 GND.n6887 0.0300385
R9630 GND.n6891 GND.n6890 0.0300385
R9631 GND.n6894 GND.n6891 0.0300385
R9632 GND.n6895 GND.n6894 0.0300385
R9633 GND.n6898 GND.n6895 0.0300385
R9634 GND.n6899 GND.n6898 0.0300385
R9635 GND.n6902 GND.n6899 0.0300385
R9636 GND.n6903 GND.n6902 0.0300385
R9637 GND.n6906 GND.n6903 0.0300385
R9638 GND.n6908 GND.n6906 0.0300385
R9639 GND.n6909 GND.n6908 0.0300385
R9640 GND.n6911 GND.n6909 0.0300385
R9641 GND.n6913 GND.n6911 0.0300385
R9642 GND.n6914 GND.n6913 0.0300385
R9643 GND.n6916 GND.n6914 0.0300385
R9644 GND.n6917 GND.n6916 0.0300385
R9645 GND.n6920 GND.n6917 0.0300385
R9646 GND.n6921 GND.n6920 0.0300385
R9647 GND.n6924 GND.n6921 0.0300385
R9648 GND.n6925 GND.n6924 0.0300385
R9649 GND.n6928 GND.n6925 0.0300385
R9650 GND.n6930 GND.n6928 0.0300385
R9651 GND.n6931 GND.n6930 0.0300385
R9652 GND.n6933 GND.n6931 0.0300385
R9653 GND.n6934 GND.n6933 0.0300385
R9654 GND.n6937 GND.n6934 0.0300385
R9655 GND.n6939 GND.n6937 0.0300385
R9656 GND.n6940 GND.n6939 0.0300385
R9657 GND.n6942 GND.n6940 0.0300385
R9658 GND.n6944 GND.n6942 0.0300385
R9659 GND.n6945 GND.n6944 0.0300385
R9660 GND.n6947 GND.n6945 0.0300385
R9661 GND.n6949 GND.n6947 0.0300385
R9662 GND.n6950 GND.n6949 0.0300385
R9663 GND.n6952 GND.n6950 0.0300385
R9664 GND.n6953 GND.n6952 0.0300385
R9665 GND.n6956 GND.n6953 0.0300385
R9666 GND.n6957 GND.n6956 0.0300385
R9667 GND.n6960 GND.n6957 0.0300385
R9668 GND.n6961 GND.n6960 0.0300385
R9669 GND.n6964 GND.n6961 0.0300385
R9670 GND.n6966 GND.n6964 0.0300385
R9671 GND.n6967 GND.n6966 0.0300385
R9672 GND.n6969 GND.n6967 0.0300385
R9673 GND.n6971 GND.n6969 0.0300385
R9674 GND.n6972 GND.n6971 0.0300385
R9675 GND.n6974 GND.n6972 0.0300385
R9676 GND.n6975 GND.n6974 0.0300385
R9677 GND.n6978 GND.n6975 0.0300385
R9678 GND.n6979 GND.n6978 0.0300385
R9679 GND.n6979 GND.n1313 0.0300385
R9680 GND.n5912 GND.n1313 0.0300385
R9681 GND.n5912 GND.n5911 0.0300385
R9682 GND.n5911 GND.n5909 0.0300385
R9683 GND.n5909 GND.n2427 0.0300385
R9684 GND.n5902 GND.n2427 0.0300385
R9685 GND.n5902 GND.n1252 0.0300385
R9686 GND.n1252 GND.n129 0.0156729
R9687 GND.n1251 GND.n1250 0.0300385
R9688 GND.n5895 GND.n1250 0.0300385
R9689 GND.n5895 GND.n126 0.0156729
R9690 GND.n1249 GND.n1248 0.0300385
R9691 GND.n1248 GND.n1247 0.0300385
R9692 GND.n1247 GND.n1246 0.0300385
R9693 GND.n1246 GND.n1245 0.0300385
R9694 GND.n1245 GND.n1244 0.0300385
R9695 GND.n1244 GND.n1243 0.0300385
R9696 GND.n1243 GND.n1242 0.0300385
R9697 GND.n1242 GND.n1241 0.0300385
R9698 GND.n1241 GND.n1240 0.0300385
R9699 GND.n1240 GND.n1239 0.0300385
R9700 GND.n1239 GND.n1238 0.0300385
R9701 GND.n1238 GND.n1237 0.0300385
R9702 GND.n1237 GND.n1236 0.0300385
R9703 GND.n1236 GND.n1235 0.0300385
R9704 GND.n1235 GND.n1234 0.0300385
R9705 GND.n1234 GND.n1233 0.0300385
R9706 GND.n1233 GND.n1232 0.0300385
R9707 GND.n1232 GND.n1231 0.0300385
R9708 GND.n1231 GND.n1230 0.0300385
R9709 GND.n1230 GND.n1229 0.0300385
R9710 GND.n1229 GND.n1228 0.0300385
R9711 GND.n1228 GND.n1227 0.0300385
R9712 GND.n1227 GND.n1226 0.0300385
R9713 GND.n1226 GND.n1225 0.0300385
R9714 GND.n1225 GND.n1224 0.0300385
R9715 GND.n1224 GND.n1223 0.0300385
R9716 GND.n1223 GND.n1222 0.0300385
R9717 GND.n1222 GND.n1221 0.0300385
R9718 GND.n1221 GND.n1220 0.0300385
R9719 GND.n1220 GND.n1219 0.0300385
R9720 GND.n1219 GND.n1218 0.0300385
R9721 GND.n1218 GND.n1217 0.0300385
R9722 GND.n1217 GND.n1216 0.0300385
R9723 GND.n1216 GND.n1215 0.0300385
R9724 GND.n1215 GND.n1214 0.0300385
R9725 GND.n1214 GND.n1213 0.0300385
R9726 GND.n1213 GND.n1212 0.0300385
R9727 GND.n1212 GND.n1211 0.0300385
R9728 GND.n1211 GND.n1210 0.0300385
R9729 GND.n1210 GND.n1209 0.0300385
R9730 GND.n1209 GND.n1208 0.0300385
R9731 GND.n1208 GND.n1207 0.0300385
R9732 GND.n1207 GND.n1206 0.0300385
R9733 GND.n1206 GND.n1205 0.0300385
R9734 GND.n1205 GND.n1204 0.0300385
R9735 GND.n1204 GND.n1203 0.0300385
R9736 GND.n1203 GND.n1202 0.0300385
R9737 GND.n1202 GND.n1201 0.0300385
R9738 GND.n1201 GND.n1200 0.0300385
R9739 GND.n1200 GND.n1199 0.0300385
R9740 GND.n1199 GND.n1198 0.0300385
R9741 GND.n1198 GND.n1197 0.0300385
R9742 GND.n1197 GND.n1196 0.0300385
R9743 GND.n1196 GND.n1195 0.0300385
R9744 GND.n1195 GND.n1194 0.0300385
R9745 GND.n1194 GND.n1193 0.0300385
R9746 GND.n1193 GND.n1192 0.0300385
R9747 GND.n1192 GND.n1191 0.0300385
R9748 GND.n1191 GND.n1190 0.0300385
R9749 GND.n1190 GND.n1189 0.0300385
R9750 GND.n1189 GND.n1188 0.0300385
R9751 GND.n1188 GND.n1187 0.0300385
R9752 GND.n1187 GND.n1186 0.0300385
R9753 GND.n1186 GND.n1185 0.0300385
R9754 GND.n1185 GND.n1184 0.0300385
R9755 GND.n1184 GND.n1183 0.0300385
R9756 GND.n1183 GND.n1182 0.0300385
R9757 GND.n1182 GND.n1181 0.0300385
R9758 GND.n1181 GND.n1180 0.0300385
R9759 GND.n1180 GND.n1179 0.0300385
R9760 GND.n1179 GND.n1178 0.0300385
R9761 GND.n1178 GND.n1177 0.0300385
R9762 GND.n1177 GND.n1176 0.0300385
R9763 GND.n1176 GND.n1175 0.0300385
R9764 GND.n1175 GND.n1174 0.0300385
R9765 GND.n1174 GND.n1173 0.0300385
R9766 GND.n1173 GND.n1172 0.0300385
R9767 GND.n1172 GND.n1171 0.0300385
R9768 GND.n1171 GND.n1170 0.0300385
R9769 GND.n1170 GND.n1169 0.0300385
R9770 GND.n1169 GND.n1168 0.0300385
R9771 GND.n1168 GND.n1167 0.0300385
R9772 GND.n1167 GND.n1166 0.0300385
R9773 GND.n1166 GND.n1165 0.0300385
R9774 GND.n1165 GND.n1164 0.0300385
R9775 GND.n1164 GND.n1163 0.0300385
R9776 GND.n1163 GND.n1162 0.0300385
R9777 GND.n1162 GND.n1161 0.0300385
R9778 GND.n1161 GND.n1160 0.0300385
R9779 GND.n1160 GND.n1159 0.0300385
R9780 GND.n1159 GND.n1158 0.0300385
R9781 GND.n1158 GND.n1157 0.0300385
R9782 GND.n1157 GND.n1156 0.0300385
R9783 GND.n1156 GND.n1155 0.0300385
R9784 GND.n1155 GND.n1154 0.0300385
R9785 GND.n1154 GND.n1153 0.0300385
R9786 GND.n1153 GND.n1152 0.0300385
R9787 GND.n1152 GND.n1151 0.0300385
R9788 GND.n1151 GND.n1150 0.0300385
R9789 GND.n1150 GND.n1149 0.0300385
R9790 GND.n1149 GND.n1148 0.0300385
R9791 GND.n1148 GND.n1147 0.0300385
R9792 GND.n1147 GND.n1146 0.0300385
R9793 GND.n1146 GND.n1145 0.0300385
R9794 GND.n1145 GND.n1144 0.0300385
R9795 GND.n1144 GND.n1143 0.0300385
R9796 GND.n1143 GND.n1142 0.0300385
R9797 GND.n5730 GND.n1141 0.0300385
R9798 GND.n5730 GND.n1139 0.0300385
R9799 GND.n1139 GND.n1138 0.0300385
R9800 GND.n1138 GND.n1137 0.0300385
R9801 GND.n5723 GND.n1137 0.0300385
R9802 GND.n5723 GND.n1136 0.0300385
R9803 GND.n1136 GND.n1135 0.0300385
R9804 GND.n1135 GND.n1134 0.0300385
R9805 GND.n5716 GND.n1134 0.0300385
R9806 GND.n5716 GND.n1133 0.0300385
R9807 GND.n1133 GND.n1132 0.0300385
R9808 GND.n1132 GND.n1131 0.0300385
R9809 GND.n5709 GND.n1131 0.0300385
R9810 GND.n5709 GND.n1130 0.0300385
R9811 GND.n1130 GND.n1129 0.0300385
R9812 GND.n1129 GND.n1128 0.0300385
R9813 GND.n5702 GND.n1128 0.0300385
R9814 GND.n5702 GND.n1127 0.0300385
R9815 GND.n1127 GND.n1126 0.0300385
R9816 GND.n1126 GND.n1125 0.0300385
R9817 GND.n5695 GND.n1125 0.0300385
R9818 GND.n5695 GND.n1124 0.0300385
R9819 GND.n1124 GND.n1123 0.0300385
R9820 GND.n1123 GND.n1122 0.0300385
R9821 GND.n5688 GND.n1122 0.0300385
R9822 GND.n5688 GND.n1121 0.0300385
R9823 GND.n1121 GND.n1120 0.0300385
R9824 GND.n1120 GND.n1119 0.0300385
R9825 GND.n5681 GND.n1119 0.0300385
R9826 GND.n5681 GND.n1118 0.0300385
R9827 GND.n1118 GND.n1117 0.0300385
R9828 GND.n1117 GND.n1116 0.0300385
R9829 GND.n5674 GND.n1116 0.0300385
R9830 GND.n5674 GND.n1115 0.0300385
R9831 GND.n1115 GND.n1114 0.0300385
R9832 GND.n1114 GND.n1113 0.0300385
R9833 GND.n5667 GND.n1113 0.0300385
R9834 GND.n5667 GND.n1112 0.0300385
R9835 GND.n1112 GND.n1111 0.0300385
R9836 GND.n1111 GND.n1110 0.0300385
R9837 GND.n5660 GND.n1110 0.0300385
R9838 GND.n5660 GND.n1109 0.0300385
R9839 GND.n1109 GND.n1108 0.0300385
R9840 GND.n1108 GND.n1107 0.0300385
R9841 GND.n5653 GND.n1107 0.0300385
R9842 GND.n5653 GND.n1106 0.0300385
R9843 GND.n1106 GND.n1105 0.0300385
R9844 GND.n1105 GND.n1104 0.0300385
R9845 GND.n5646 GND.n1104 0.0300385
R9846 GND.n5646 GND.n1103 0.0300385
R9847 GND.n1103 GND.n1102 0.0300385
R9848 GND.n1102 GND.n1101 0.0300385
R9849 GND.n5639 GND.n1101 0.0300385
R9850 GND.n5639 GND.n1100 0.0300385
R9851 GND.n1100 GND.n1099 0.0300385
R9852 GND.n1099 GND.n1098 0.0300385
R9853 GND.n5632 GND.n1098 0.0300385
R9854 GND.n5632 GND.n1096 0.0300385
R9855 GND.n1096 GND.n1095 0.0300385
R9856 GND.n1095 GND.n1094 0.0300385
R9857 GND.n5625 GND.n1094 0.0300385
R9858 GND.n5625 GND.n1092 0.0300385
R9859 GND.n1092 GND.n1091 0.0300385
R9860 GND.n1091 GND.n1090 0.0300385
R9861 GND.n5618 GND.n1090 0.0300385
R9862 GND.n5618 GND.n1088 0.0300385
R9863 GND.n1088 GND.n1087 0.0300385
R9864 GND.n1087 GND.n1086 0.0300385
R9865 GND.n5611 GND.n1086 0.0300385
R9866 GND.n5611 GND.n1084 0.0300385
R9867 GND.n1084 GND.n1083 0.0300385
R9868 GND.n1083 GND.n1082 0.0300385
R9869 GND.n5604 GND.n1082 0.0300385
R9870 GND.n5604 GND.n1080 0.0300385
R9871 GND.n1080 GND.n1079 0.0300385
R9872 GND.n1079 GND.n1078 0.0300385
R9873 GND.n5597 GND.n1078 0.0300385
R9874 GND.n5597 GND.n1076 0.0300385
R9875 GND.n1076 GND.n1075 0.0300385
R9876 GND.n1075 GND.n1074 0.0300385
R9877 GND.n5590 GND.n1074 0.0300385
R9878 GND.n5590 GND.n1072 0.0300385
R9879 GND.n1072 GND.n1071 0.0300385
R9880 GND.n1071 GND.n1070 0.0300385
R9881 GND.n5583 GND.n1070 0.0300385
R9882 GND.n5583 GND.n1068 0.0300385
R9883 GND.n1068 GND.n1067 0.0300385
R9884 GND.n1067 GND.n1066 0.0300385
R9885 GND.n5576 GND.n1066 0.0300385
R9886 GND.n5576 GND.n1064 0.0300385
R9887 GND.n1064 GND.n1063 0.0300385
R9888 GND.n1063 GND.n1062 0.0300385
R9889 GND.n5569 GND.n1062 0.0300385
R9890 GND.n5569 GND.n1060 0.0300385
R9891 GND.n1060 GND.n1059 0.0300385
R9892 GND.n1059 GND.n1058 0.0300385
R9893 GND.n5562 GND.n1058 0.0300385
R9894 GND.n5562 GND.n1056 0.0300385
R9895 GND.n1056 GND.n1055 0.0300385
R9896 GND.n1055 GND.n1054 0.0300385
R9897 GND.n5555 GND.n1054 0.0300385
R9898 GND.n5555 GND.n1052 0.0300385
R9899 GND.n1052 GND.n1051 0.0300385
R9900 GND.n1051 GND.n1050 0.0300385
R9901 GND.n5548 GND.n1050 0.0300385
R9902 GND.n5548 GND.n1049 0.0300385
R9903 GND.n1049 GND.n1048 0.0300385
R9904 GND.n1048 GND.n158 0.0156729
R9905 GND.n5541 GND.n1047 0.0300385
R9906 GND.n5541 GND.n1046 0.0300385
R9907 GND.n1046 GND.n1045 0.0300385
R9908 GND.n1045 GND.n1044 0.0300385
R9909 GND.n5534 GND.n1044 0.0300385
R9910 GND.n5534 GND.n1043 0.0300385
R9911 GND.n1043 GND.n1042 0.0300385
R9912 GND.n1042 GND.n1041 0.0300385
R9913 GND.n5527 GND.n1041 0.0300385
R9914 GND.n5527 GND.n1040 0.0300385
R9915 GND.n1040 GND.n1039 0.0300385
R9916 GND.n1039 GND.n1038 0.0300385
R9917 GND.n5520 GND.n1038 0.0300385
R9918 GND.n5520 GND.n1037 0.0300385
R9919 GND.n1037 GND.n1036 0.0300385
R9920 GND.n1036 GND.n1035 0.0300385
R9921 GND.n5513 GND.n1035 0.0300385
R9922 GND.n5513 GND.n1034 0.0300385
R9923 GND.n1034 GND.n1033 0.0300385
R9924 GND.n1033 GND.n1032 0.0300385
R9925 GND.n5506 GND.n1032 0.0300385
R9926 GND.n5506 GND.n1031 0.0300385
R9927 GND.n1031 GND.n1030 0.0300385
R9928 GND.n1030 GND.n1029 0.0300385
R9929 GND.n5499 GND.n1029 0.0300385
R9930 GND.n5499 GND.n1028 0.0300385
R9931 GND.n1028 GND.n1027 0.0300385
R9932 GND.n1027 GND.n1026 0.0300385
R9933 GND.n5492 GND.n1026 0.0300385
R9934 GND.n5492 GND.n1025 0.0300385
R9935 GND.n1025 GND.n1024 0.0300385
R9936 GND.n1024 GND.n1023 0.0300385
R9937 GND.n5485 GND.n1023 0.0300385
R9938 GND.n5485 GND.n1022 0.0300385
R9939 GND.n1022 GND.n1021 0.0300385
R9940 GND.n1021 GND.n1020 0.0300385
R9941 GND.n5478 GND.n1020 0.0300385
R9942 GND.n5478 GND.n1019 0.0300385
R9943 GND.n1019 GND.n1018 0.0300385
R9944 GND.n1018 GND.n1017 0.0300385
R9945 GND.n5471 GND.n1017 0.0300385
R9946 GND.n5471 GND.n1016 0.0300385
R9947 GND.n1016 GND.n1015 0.0300385
R9948 GND.n1015 GND.n1014 0.0300385
R9949 GND.n5464 GND.n1014 0.0300385
R9950 GND.n5464 GND.n1013 0.0300385
R9951 GND.n1013 GND.n1012 0.0300385
R9952 GND.n1012 GND.n1011 0.0300385
R9953 GND.n5457 GND.n1011 0.0300385
R9954 GND.n5457 GND.n1010 0.0300385
R9955 GND.n1010 GND.n1009 0.0300385
R9956 GND.n1009 GND.n1008 0.0300385
R9957 GND.n5450 GND.n1008 0.0300385
R9958 GND.n5450 GND.n1007 0.0300385
R9959 GND.n1007 GND.n1006 0.0300385
R9960 GND.n1006 GND.n1005 0.0300385
R9961 GND.n5443 GND.n1005 0.0300385
R9962 GND.n5443 GND.n1003 0.0300385
R9963 GND.n1003 GND.n1002 0.0300385
R9964 GND.n1002 GND.n1001 0.0300385
R9965 GND.n5436 GND.n1001 0.0300385
R9966 GND.n5436 GND.n999 0.0300385
R9967 GND.n999 GND.n998 0.0300385
R9968 GND.n998 GND.n997 0.0300385
R9969 GND.n5429 GND.n997 0.0300385
R9970 GND.n5429 GND.n995 0.0300385
R9971 GND.n995 GND.n994 0.0300385
R9972 GND.n994 GND.n993 0.0300385
R9973 GND.n5422 GND.n993 0.0300385
R9974 GND.n5422 GND.n991 0.0300385
R9975 GND.n991 GND.n990 0.0300385
R9976 GND.n990 GND.n989 0.0300385
R9977 GND.n5415 GND.n989 0.0300385
R9978 GND.n5415 GND.n987 0.0300385
R9979 GND.n987 GND.n986 0.0300385
R9980 GND.n986 GND.n985 0.0300385
R9981 GND.n5408 GND.n985 0.0300385
R9982 GND.n5408 GND.n983 0.0300385
R9983 GND.n983 GND.n982 0.0300385
R9984 GND.n982 GND.n981 0.0300385
R9985 GND.n5401 GND.n981 0.0300385
R9986 GND.n5401 GND.n979 0.0300385
R9987 GND.n979 GND.n978 0.0300385
R9988 GND.n978 GND.n977 0.0300385
R9989 GND.n5394 GND.n977 0.0300385
R9990 GND.n5394 GND.n975 0.0300385
R9991 GND.n975 GND.n974 0.0300385
R9992 GND.n974 GND.n973 0.0300385
R9993 GND.n5387 GND.n973 0.0300385
R9994 GND.n5387 GND.n971 0.0300385
R9995 GND.n971 GND.n970 0.0300385
R9996 GND.n970 GND.n969 0.0300385
R9997 GND.n5380 GND.n969 0.0300385
R9998 GND.n5380 GND.n967 0.0300385
R9999 GND.n967 GND.n966 0.0300385
R10000 GND.n966 GND.n965 0.0300385
R10001 GND.n5373 GND.n965 0.0300385
R10002 GND.n5373 GND.n963 0.0300385
R10003 GND.n963 GND.n962 0.0300385
R10004 GND.n962 GND.n961 0.0300385
R10005 GND.n5366 GND.n961 0.0300385
R10006 GND.n5366 GND.n959 0.0300385
R10007 GND.n959 GND.n958 0.0300385
R10008 GND.n958 GND.n957 0.0300385
R10009 GND.n5359 GND.n957 0.0300385
R10010 GND.n5359 GND.n956 0.0300385
R10011 GND.n956 GND.n955 0.0300385
R10012 GND.n955 GND.n149 0.0156729
R10013 GND.n5352 GND.n954 0.0300385
R10014 GND.n5352 GND.n953 0.0300385
R10015 GND.n953 GND.n145 0.0156729
R10016 GND.n952 GND.n951 0.0300385
R10017 GND.n143 GND.n951 0.0156729
R10018 GND.n5345 GND.n950 0.0300385
R10019 GND.n950 GND.n949 0.0300385
R10020 GND.n949 GND.n948 0.0300385
R10021 GND.n5338 GND.n948 0.0300385
R10022 GND.n5338 GND.n946 0.0300385
R10023 GND.n946 GND.n945 0.0300385
R10024 GND.n945 GND.n944 0.0300385
R10025 GND.n5331 GND.n944 0.0300385
R10026 GND.n5331 GND.n942 0.0300385
R10027 GND.n942 GND.n941 0.0300385
R10028 GND.n941 GND.n940 0.0300385
R10029 GND.n5324 GND.n940 0.0300385
R10030 GND.n5324 GND.n938 0.0300385
R10031 GND.n938 GND.n937 0.0300385
R10032 GND.n937 GND.n936 0.0300385
R10033 GND.n5317 GND.n936 0.0300385
R10034 GND.n5317 GND.n934 0.0300385
R10035 GND.n934 GND.n933 0.0300385
R10036 GND.n933 GND.n932 0.0300385
R10037 GND.n5310 GND.n932 0.0300385
R10038 GND.n5310 GND.n930 0.0300385
R10039 GND.n930 GND.n929 0.0300385
R10040 GND.n929 GND.n928 0.0300385
R10041 GND.n5303 GND.n928 0.0300385
R10042 GND.n5303 GND.n926 0.0300385
R10043 GND.n926 GND.n925 0.0300385
R10044 GND.n925 GND.n924 0.0300385
R10045 GND.n5296 GND.n924 0.0300385
R10046 GND.n5296 GND.n922 0.0300385
R10047 GND.n922 GND.n921 0.0300385
R10048 GND.n921 GND.n920 0.0300385
R10049 GND.n5289 GND.n920 0.0300385
R10050 GND.n5289 GND.n918 0.0300385
R10051 GND.n918 GND.n917 0.0300385
R10052 GND.n917 GND.n916 0.0300385
R10053 GND.n5282 GND.n916 0.0300385
R10054 GND.n5282 GND.n914 0.0300385
R10055 GND.n914 GND.n913 0.0300385
R10056 GND.n913 GND.n912 0.0300385
R10057 GND.n5275 GND.n912 0.0300385
R10058 GND.n5275 GND.n910 0.0300385
R10059 GND.n910 GND.n909 0.0300385
R10060 GND.n909 GND.n908 0.0300385
R10061 GND.n5268 GND.n908 0.0300385
R10062 GND.n5268 GND.n906 0.0300385
R10063 GND.n906 GND.n905 0.0300385
R10064 GND.n905 GND.n904 0.0300385
R10065 GND.n5261 GND.n904 0.0300385
R10066 GND.n5261 GND.n903 0.0300385
R10067 GND.n903 GND.n902 0.0300385
R10068 GND.n5255 GND.n902 0.0300385
R10069 GND.n5255 GND.n901 0.0300385
R10070 GND.n901 GND.n900 0.0300385
R10071 GND.n900 GND.n899 0.0300385
R10072 GND.n5248 GND.n899 0.0300385
R10073 GND.n5248 GND.n897 0.0300385
R10074 GND.n897 GND.n896 0.0300385
R10075 GND.n896 GND.n895 0.0300385
R10076 GND.n5241 GND.n895 0.0300385
R10077 GND.n5241 GND.n893 0.0300385
R10078 GND.n893 GND.n892 0.0300385
R10079 GND.n892 GND.n891 0.0300385
R10080 GND.n5234 GND.n891 0.0300385
R10081 GND.n5234 GND.n889 0.0300385
R10082 GND.n889 GND.n888 0.0300385
R10083 GND.n888 GND.n887 0.0300385
R10084 GND.n5227 GND.n887 0.0300385
R10085 GND.n5227 GND.n885 0.0300385
R10086 GND.n885 GND.n884 0.0300385
R10087 GND.n884 GND.n883 0.0300385
R10088 GND.n5220 GND.n883 0.0300385
R10089 GND.n5220 GND.n881 0.0300385
R10090 GND.n881 GND.n880 0.0300385
R10091 GND.n880 GND.n879 0.0300385
R10092 GND.n5213 GND.n879 0.0300385
R10093 GND.n5213 GND.n877 0.0300385
R10094 GND.n877 GND.n876 0.0300385
R10095 GND.n876 GND.n875 0.0300385
R10096 GND.n5206 GND.n875 0.0300385
R10097 GND.n5206 GND.n873 0.0300385
R10098 GND.n873 GND.n872 0.0300385
R10099 GND.n872 GND.n871 0.0300385
R10100 GND.n5199 GND.n871 0.0300385
R10101 GND.n5199 GND.n869 0.0300385
R10102 GND.n869 GND.n868 0.0300385
R10103 GND.n868 GND.n867 0.0300385
R10104 GND.n5192 GND.n867 0.0300385
R10105 GND.n5192 GND.n865 0.0300385
R10106 GND.n865 GND.n864 0.0300385
R10107 GND.n864 GND.n863 0.0300385
R10108 GND.n5185 GND.n863 0.0300385
R10109 GND.n5185 GND.n861 0.0300385
R10110 GND.n861 GND.n860 0.0300385
R10111 GND.n860 GND.n859 0.0300385
R10112 GND.n5178 GND.n859 0.0300385
R10113 GND.n5178 GND.n857 0.0300385
R10114 GND.n857 GND.n856 0.0300385
R10115 GND.n856 GND.n855 0.0300385
R10116 GND.n5171 GND.n855 0.0300385
R10117 GND.n5171 GND.n853 0.0300385
R10118 GND.n853 GND.n852 0.0300385
R10119 GND.n852 GND.n851 0.0300385
R10120 GND.n5164 GND.n851 0.0300385
R10121 GND.n5164 GND.n164 0.0156729
R10122 GND.n5163 GND.n162 0.0300385
R10123 GND.n162 GND.n2649 0.0300385
R10124 GND.n2649 GND.n161 0.0156729
R10125 GND.n850 GND.n849 0.0300385
R10126 GND.n849 GND.n154 0.0156729
R10127 GND.n2652 GND.n848 0.0300385
R10128 GND.n2652 GND.n847 0.0300385
R10129 GND.n847 GND.n846 0.0300385
R10130 GND.n846 GND.n845 0.0300385
R10131 GND.n2655 GND.n845 0.0300385
R10132 GND.n2655 GND.n844 0.0300385
R10133 GND.n844 GND.n843 0.0300385
R10134 GND.n843 GND.n842 0.0300385
R10135 GND.n2658 GND.n842 0.0300385
R10136 GND.n2658 GND.n841 0.0300385
R10137 GND.n841 GND.n840 0.0300385
R10138 GND.n840 GND.n839 0.0300385
R10139 GND.n2661 GND.n839 0.0300385
R10140 GND.n2661 GND.n838 0.0300385
R10141 GND.n838 GND.n837 0.0300385
R10142 GND.n837 GND.n836 0.0300385
R10143 GND.n2664 GND.n836 0.0300385
R10144 GND.n2664 GND.n835 0.0300385
R10145 GND.n835 GND.n834 0.0300385
R10146 GND.n834 GND.n833 0.0300385
R10147 GND.n2667 GND.n833 0.0300385
R10148 GND.n2667 GND.n832 0.0300385
R10149 GND.n832 GND.n831 0.0300385
R10150 GND.n831 GND.n830 0.0300385
R10151 GND.n2670 GND.n830 0.0300385
R10152 GND.n2670 GND.n829 0.0300385
R10153 GND.n829 GND.n828 0.0300385
R10154 GND.n828 GND.n827 0.0300385
R10155 GND.n2673 GND.n827 0.0300385
R10156 GND.n2673 GND.n826 0.0300385
R10157 GND.n826 GND.n825 0.0300385
R10158 GND.n825 GND.n824 0.0300385
R10159 GND.n2676 GND.n824 0.0300385
R10160 GND.n2676 GND.n823 0.0300385
R10161 GND.n823 GND.n822 0.0300385
R10162 GND.n822 GND.n821 0.0300385
R10163 GND.n2679 GND.n821 0.0300385
R10164 GND.n2679 GND.n820 0.0300385
R10165 GND.n820 GND.n819 0.0300385
R10166 GND.n819 GND.n818 0.0300385
R10167 GND.n2682 GND.n818 0.0300385
R10168 GND.n2682 GND.n817 0.0300385
R10169 GND.n817 GND.n816 0.0300385
R10170 GND.n816 GND.n815 0.0300385
R10171 GND.n2685 GND.n815 0.0300385
R10172 GND.n2685 GND.n814 0.0300385
R10173 GND.n814 GND.n813 0.0300385
R10174 GND.n813 GND.n812 0.0300385
R10175 GND.n2692 GND.n812 0.0300385
R10176 GND.n5078 GND.n2692 0.0300385
R10177 GND.n5078 GND.n2691 0.0300385
R10178 GND.n5075 GND.n2691 0.0300385
R10179 GND.n5075 GND.n2694 0.0300385
R10180 GND.n5069 GND.n2694 0.0300385
R10181 GND.n5069 GND.n2698 0.0300385
R10182 GND.n5066 GND.n2698 0.0300385
R10183 GND.n5066 GND.n2700 0.0300385
R10184 GND.n5060 GND.n2700 0.0300385
R10185 GND.n5060 GND.n2704 0.0300385
R10186 GND.n5057 GND.n2704 0.0300385
R10187 GND.n5057 GND.n2706 0.0300385
R10188 GND.n5051 GND.n2706 0.0300385
R10189 GND.n5051 GND.n2710 0.0300385
R10190 GND.n5048 GND.n2710 0.0300385
R10191 GND.n5048 GND.n2712 0.0300385
R10192 GND.n5042 GND.n2712 0.0300385
R10193 GND.n5042 GND.n2716 0.0300385
R10194 GND.n5039 GND.n2716 0.0300385
R10195 GND.n5039 GND.n2718 0.0300385
R10196 GND.n5033 GND.n2718 0.0300385
R10197 GND.n5033 GND.n2722 0.0300385
R10198 GND.n5030 GND.n2722 0.0300385
R10199 GND.n5030 GND.n2724 0.0300385
R10200 GND.n5024 GND.n2724 0.0300385
R10201 GND.n5024 GND.n2728 0.0300385
R10202 GND.n5021 GND.n2728 0.0300385
R10203 GND.n5021 GND.n2730 0.0300385
R10204 GND.n5015 GND.n2730 0.0300385
R10205 GND.n5015 GND.n2734 0.0300385
R10206 GND.n5012 GND.n2734 0.0300385
R10207 GND.n5012 GND.n2736 0.0300385
R10208 GND.n5006 GND.n2736 0.0300385
R10209 GND.n5006 GND.n2740 0.0300385
R10210 GND.n5003 GND.n2740 0.0300385
R10211 GND.n5003 GND.n2742 0.0300385
R10212 GND.n4997 GND.n2742 0.0300385
R10213 GND.n4997 GND.n2746 0.0300385
R10214 GND.n4994 GND.n2746 0.0300385
R10215 GND.n4994 GND.n2748 0.0300385
R10216 GND.n4988 GND.n2748 0.0300385
R10217 GND.n4988 GND.n2752 0.0300385
R10218 GND.n4985 GND.n2752 0.0300385
R10219 GND.n4985 GND.n2754 0.0300385
R10220 GND.n4979 GND.n2754 0.0300385
R10221 GND.n4979 GND.n2758 0.0300385
R10222 GND.n4976 GND.n2758 0.0300385
R10223 GND.n4976 GND.n2760 0.0300385
R10224 GND.n2765 GND.n2760 0.0300385
R10225 GND.n2768 GND.n2765 0.0300385
R10226 GND.n5732 GND.n5731 0.0300385
R10227 GND.n5731 GND.n2486 0.0300385
R10228 GND.n5726 GND.n2486 0.0300385
R10229 GND.n5726 GND.n5725 0.0300385
R10230 GND.n5725 GND.n5724 0.0300385
R10231 GND.n5724 GND.n2488 0.0300385
R10232 GND.n5719 GND.n2488 0.0300385
R10233 GND.n5719 GND.n5718 0.0300385
R10234 GND.n5718 GND.n5717 0.0300385
R10235 GND.n5717 GND.n2490 0.0300385
R10236 GND.n5712 GND.n2490 0.0300385
R10237 GND.n5712 GND.n5711 0.0300385
R10238 GND.n5711 GND.n5710 0.0300385
R10239 GND.n5710 GND.n2492 0.0300385
R10240 GND.n5705 GND.n2492 0.0300385
R10241 GND.n5705 GND.n5704 0.0300385
R10242 GND.n5704 GND.n5703 0.0300385
R10243 GND.n5703 GND.n2494 0.0300385
R10244 GND.n5698 GND.n2494 0.0300385
R10245 GND.n5698 GND.n5697 0.0300385
R10246 GND.n5697 GND.n5696 0.0300385
R10247 GND.n5696 GND.n2496 0.0300385
R10248 GND.n5691 GND.n2496 0.0300385
R10249 GND.n5691 GND.n5690 0.0300385
R10250 GND.n5690 GND.n5689 0.0300385
R10251 GND.n5689 GND.n2498 0.0300385
R10252 GND.n5684 GND.n2498 0.0300385
R10253 GND.n5684 GND.n5683 0.0300385
R10254 GND.n5683 GND.n5682 0.0300385
R10255 GND.n5682 GND.n2500 0.0300385
R10256 GND.n5677 GND.n2500 0.0300385
R10257 GND.n5677 GND.n5676 0.0300385
R10258 GND.n5676 GND.n5675 0.0300385
R10259 GND.n5675 GND.n2502 0.0300385
R10260 GND.n5670 GND.n2502 0.0300385
R10261 GND.n5670 GND.n5669 0.0300385
R10262 GND.n5669 GND.n5668 0.0300385
R10263 GND.n5668 GND.n2504 0.0300385
R10264 GND.n5663 GND.n2504 0.0300385
R10265 GND.n5663 GND.n5662 0.0300385
R10266 GND.n5662 GND.n5661 0.0300385
R10267 GND.n5661 GND.n2506 0.0300385
R10268 GND.n5656 GND.n2506 0.0300385
R10269 GND.n5656 GND.n5655 0.0300385
R10270 GND.n5655 GND.n5654 0.0300385
R10271 GND.n5654 GND.n2508 0.0300385
R10272 GND.n5649 GND.n2508 0.0300385
R10273 GND.n5649 GND.n5648 0.0300385
R10274 GND.n5648 GND.n5647 0.0300385
R10275 GND.n5647 GND.n2510 0.0300385
R10276 GND.n5642 GND.n2510 0.0300385
R10277 GND.n5642 GND.n5641 0.0300385
R10278 GND.n5641 GND.n5640 0.0300385
R10279 GND.n5640 GND.n2512 0.0300385
R10280 GND.n5635 GND.n2512 0.0300385
R10281 GND.n5635 GND.n5634 0.0300385
R10282 GND.n5634 GND.n5633 0.0300385
R10283 GND.n5633 GND.n2514 0.0300385
R10284 GND.n5628 GND.n2514 0.0300385
R10285 GND.n5628 GND.n5627 0.0300385
R10286 GND.n5627 GND.n5626 0.0300385
R10287 GND.n5626 GND.n2516 0.0300385
R10288 GND.n5621 GND.n2516 0.0300385
R10289 GND.n5621 GND.n5620 0.0300385
R10290 GND.n5620 GND.n5619 0.0300385
R10291 GND.n5619 GND.n2518 0.0300385
R10292 GND.n5614 GND.n2518 0.0300385
R10293 GND.n5614 GND.n5613 0.0300385
R10294 GND.n5613 GND.n5612 0.0300385
R10295 GND.n5612 GND.n2520 0.0300385
R10296 GND.n5607 GND.n2520 0.0300385
R10297 GND.n5607 GND.n5606 0.0300385
R10298 GND.n5606 GND.n5605 0.0300385
R10299 GND.n5605 GND.n2522 0.0300385
R10300 GND.n5600 GND.n2522 0.0300385
R10301 GND.n5600 GND.n5599 0.0300385
R10302 GND.n5599 GND.n5598 0.0300385
R10303 GND.n5598 GND.n2524 0.0300385
R10304 GND.n5593 GND.n2524 0.0300385
R10305 GND.n5593 GND.n5592 0.0300385
R10306 GND.n5592 GND.n5591 0.0300385
R10307 GND.n5591 GND.n2526 0.0300385
R10308 GND.n5586 GND.n2526 0.0300385
R10309 GND.n5586 GND.n5585 0.0300385
R10310 GND.n5585 GND.n5584 0.0300385
R10311 GND.n5584 GND.n2528 0.0300385
R10312 GND.n5579 GND.n2528 0.0300385
R10313 GND.n5579 GND.n5578 0.0300385
R10314 GND.n5578 GND.n5577 0.0300385
R10315 GND.n5577 GND.n2530 0.0300385
R10316 GND.n5572 GND.n2530 0.0300385
R10317 GND.n5572 GND.n5571 0.0300385
R10318 GND.n5571 GND.n5570 0.0300385
R10319 GND.n5570 GND.n2532 0.0300385
R10320 GND.n5565 GND.n2532 0.0300385
R10321 GND.n5565 GND.n5564 0.0300385
R10322 GND.n5564 GND.n5563 0.0300385
R10323 GND.n5563 GND.n2534 0.0300385
R10324 GND.n5558 GND.n2534 0.0300385
R10325 GND.n5558 GND.n5557 0.0300385
R10326 GND.n5557 GND.n5556 0.0300385
R10327 GND.n5556 GND.n2536 0.0300385
R10328 GND.n5551 GND.n2536 0.0300385
R10329 GND.n5551 GND.n5550 0.0300385
R10330 GND.n5550 GND.n5549 0.0300385
R10331 GND.n5549 GND.n2538 0.0300385
R10332 GND.n5544 GND.n2538 0.0300385
R10333 GND.n5544 GND.n5543 0.0300385
R10334 GND.n5543 GND.n5542 0.0300385
R10335 GND.n5542 GND.n2540 0.0300385
R10336 GND.n5537 GND.n2540 0.0300385
R10337 GND.n5537 GND.n5536 0.0300385
R10338 GND.n5536 GND.n5535 0.0300385
R10339 GND.n5535 GND.n2542 0.0300385
R10340 GND.n5530 GND.n2542 0.0300385
R10341 GND.n5530 GND.n5529 0.0300385
R10342 GND.n5529 GND.n5528 0.0300385
R10343 GND.n5528 GND.n2544 0.0300385
R10344 GND.n5523 GND.n2544 0.0300385
R10345 GND.n5523 GND.n5522 0.0300385
R10346 GND.n5522 GND.n5521 0.0300385
R10347 GND.n5521 GND.n2546 0.0300385
R10348 GND.n5516 GND.n2546 0.0300385
R10349 GND.n5516 GND.n5515 0.0300385
R10350 GND.n5515 GND.n5514 0.0300385
R10351 GND.n5514 GND.n2548 0.0300385
R10352 GND.n5509 GND.n2548 0.0300385
R10353 GND.n5509 GND.n5508 0.0300385
R10354 GND.n5508 GND.n5507 0.0300385
R10355 GND.n5507 GND.n2550 0.0300385
R10356 GND.n5502 GND.n2550 0.0300385
R10357 GND.n5502 GND.n5501 0.0300385
R10358 GND.n5501 GND.n5500 0.0300385
R10359 GND.n5500 GND.n2552 0.0300385
R10360 GND.n5495 GND.n2552 0.0300385
R10361 GND.n5495 GND.n5494 0.0300385
R10362 GND.n5494 GND.n5493 0.0300385
R10363 GND.n5493 GND.n2554 0.0300385
R10364 GND.n5488 GND.n2554 0.0300385
R10365 GND.n5488 GND.n5487 0.0300385
R10366 GND.n5487 GND.n5486 0.0300385
R10367 GND.n5486 GND.n2556 0.0300385
R10368 GND.n5481 GND.n2556 0.0300385
R10369 GND.n5481 GND.n5480 0.0300385
R10370 GND.n5480 GND.n5479 0.0300385
R10371 GND.n5479 GND.n2558 0.0300385
R10372 GND.n5474 GND.n2558 0.0300385
R10373 GND.n5474 GND.n5473 0.0300385
R10374 GND.n5473 GND.n5472 0.0300385
R10375 GND.n5472 GND.n2560 0.0300385
R10376 GND.n5467 GND.n2560 0.0300385
R10377 GND.n5467 GND.n5466 0.0300385
R10378 GND.n5466 GND.n5465 0.0300385
R10379 GND.n5465 GND.n2562 0.0300385
R10380 GND.n5460 GND.n2562 0.0300385
R10381 GND.n5460 GND.n5459 0.0300385
R10382 GND.n5459 GND.n5458 0.0300385
R10383 GND.n5458 GND.n2564 0.0300385
R10384 GND.n5453 GND.n2564 0.0300385
R10385 GND.n5453 GND.n5452 0.0300385
R10386 GND.n5452 GND.n5451 0.0300385
R10387 GND.n5451 GND.n2566 0.0300385
R10388 GND.n5446 GND.n2566 0.0300385
R10389 GND.n5446 GND.n5445 0.0300385
R10390 GND.n5445 GND.n5444 0.0300385
R10391 GND.n5444 GND.n2568 0.0300385
R10392 GND.n5439 GND.n2568 0.0300385
R10393 GND.n5439 GND.n5438 0.0300385
R10394 GND.n5438 GND.n5437 0.0300385
R10395 GND.n5437 GND.n2570 0.0300385
R10396 GND.n5432 GND.n2570 0.0300385
R10397 GND.n5432 GND.n5431 0.0300385
R10398 GND.n5431 GND.n5430 0.0300385
R10399 GND.n5430 GND.n2572 0.0300385
R10400 GND.n5425 GND.n2572 0.0300385
R10401 GND.n5425 GND.n5424 0.0300385
R10402 GND.n5424 GND.n5423 0.0300385
R10403 GND.n5423 GND.n2574 0.0300385
R10404 GND.n5418 GND.n2574 0.0300385
R10405 GND.n5418 GND.n5417 0.0300385
R10406 GND.n5417 GND.n5416 0.0300385
R10407 GND.n5416 GND.n2576 0.0300385
R10408 GND.n5411 GND.n2576 0.0300385
R10409 GND.n5411 GND.n5410 0.0300385
R10410 GND.n5410 GND.n5409 0.0300385
R10411 GND.n5409 GND.n2578 0.0300385
R10412 GND.n5404 GND.n2578 0.0300385
R10413 GND.n5404 GND.n5403 0.0300385
R10414 GND.n5403 GND.n5402 0.0300385
R10415 GND.n5402 GND.n2580 0.0300385
R10416 GND.n5397 GND.n2580 0.0300385
R10417 GND.n5397 GND.n5396 0.0300385
R10418 GND.n5396 GND.n5395 0.0300385
R10419 GND.n5395 GND.n2582 0.0300385
R10420 GND.n5390 GND.n2582 0.0300385
R10421 GND.n5390 GND.n5389 0.0300385
R10422 GND.n5389 GND.n5388 0.0300385
R10423 GND.n5388 GND.n2584 0.0300385
R10424 GND.n5383 GND.n2584 0.0300385
R10425 GND.n5383 GND.n5382 0.0300385
R10426 GND.n5382 GND.n5381 0.0300385
R10427 GND.n5381 GND.n2586 0.0300385
R10428 GND.n5376 GND.n2586 0.0300385
R10429 GND.n5376 GND.n5375 0.0300385
R10430 GND.n5375 GND.n5374 0.0300385
R10431 GND.n5374 GND.n2588 0.0300385
R10432 GND.n5369 GND.n2588 0.0300385
R10433 GND.n5369 GND.n5368 0.0300385
R10434 GND.n5368 GND.n5367 0.0300385
R10435 GND.n5367 GND.n2590 0.0300385
R10436 GND.n5362 GND.n2590 0.0300385
R10437 GND.n5362 GND.n5361 0.0300385
R10438 GND.n5361 GND.n5360 0.0300385
R10439 GND.n5360 GND.n2592 0.0300385
R10440 GND.n5355 GND.n2592 0.0300385
R10441 GND.n5355 GND.n5354 0.0300385
R10442 GND.n5354 GND.n5353 0.0300385
R10443 GND.n5353 GND.n2594 0.0300385
R10444 GND.n5348 GND.n2594 0.0300385
R10445 GND.n5348 GND.n5347 0.0300385
R10446 GND.n5347 GND.n5346 0.0300385
R10447 GND.n5346 GND.n2596 0.0300385
R10448 GND.n5341 GND.n2596 0.0300385
R10449 GND.n5341 GND.n5340 0.0300385
R10450 GND.n5340 GND.n5339 0.0300385
R10451 GND.n5339 GND.n2598 0.0300385
R10452 GND.n5334 GND.n2598 0.0300385
R10453 GND.n5334 GND.n5333 0.0300385
R10454 GND.n5333 GND.n5332 0.0300385
R10455 GND.n5332 GND.n2600 0.0300385
R10456 GND.n5327 GND.n2600 0.0300385
R10457 GND.n5327 GND.n5326 0.0300385
R10458 GND.n5326 GND.n5325 0.0300385
R10459 GND.n5325 GND.n2602 0.0300385
R10460 GND.n5320 GND.n2602 0.0300385
R10461 GND.n5320 GND.n5319 0.0300385
R10462 GND.n5319 GND.n5318 0.0300385
R10463 GND.n5318 GND.n2604 0.0300385
R10464 GND.n5313 GND.n2604 0.0300385
R10465 GND.n5313 GND.n5312 0.0300385
R10466 GND.n5312 GND.n5311 0.0300385
R10467 GND.n5311 GND.n2606 0.0300385
R10468 GND.n5306 GND.n2606 0.0300385
R10469 GND.n5306 GND.n5305 0.0300385
R10470 GND.n5305 GND.n5304 0.0300385
R10471 GND.n5304 GND.n2608 0.0300385
R10472 GND.n5299 GND.n2608 0.0300385
R10473 GND.n5299 GND.n5298 0.0300385
R10474 GND.n5298 GND.n5297 0.0300385
R10475 GND.n5297 GND.n2610 0.0300385
R10476 GND.n5292 GND.n2610 0.0300385
R10477 GND.n5292 GND.n5291 0.0300385
R10478 GND.n5291 GND.n5290 0.0300385
R10479 GND.n5290 GND.n2612 0.0300385
R10480 GND.n5285 GND.n2612 0.0300385
R10481 GND.n5285 GND.n5284 0.0300385
R10482 GND.n5284 GND.n5283 0.0300385
R10483 GND.n5283 GND.n2614 0.0300385
R10484 GND.n5278 GND.n2614 0.0300385
R10485 GND.n5278 GND.n5277 0.0300385
R10486 GND.n5277 GND.n5276 0.0300385
R10487 GND.n5276 GND.n2616 0.0300385
R10488 GND.n5271 GND.n2616 0.0300385
R10489 GND.n5271 GND.n5270 0.0300385
R10490 GND.n5270 GND.n5269 0.0300385
R10491 GND.n5269 GND.n2618 0.0300385
R10492 GND.n5264 GND.n2618 0.0300385
R10493 GND.n5264 GND.n5263 0.0300385
R10494 GND.n5263 GND.n5262 0.0300385
R10495 GND.n5262 GND.n2620 0.0300385
R10496 GND.n5257 GND.n2620 0.0300385
R10497 GND.n5257 GND.n5256 0.0300385
R10498 GND.n5256 GND.n5254 0.0300385
R10499 GND.n5254 GND.n2622 0.0300385
R10500 GND.n5250 GND.n2622 0.0300385
R10501 GND.n5250 GND.n5249 0.0300385
R10502 GND.n5249 GND.n5247 0.0300385
R10503 GND.n5247 GND.n2624 0.0300385
R10504 GND.n5243 GND.n2624 0.0300385
R10505 GND.n5243 GND.n5242 0.0300385
R10506 GND.n5242 GND.n5240 0.0300385
R10507 GND.n5240 GND.n2626 0.0300385
R10508 GND.n5236 GND.n2626 0.0300385
R10509 GND.n5236 GND.n5235 0.0300385
R10510 GND.n5235 GND.n5233 0.0300385
R10511 GND.n5233 GND.n2628 0.0300385
R10512 GND.n5229 GND.n2628 0.0300385
R10513 GND.n5229 GND.n5228 0.0300385
R10514 GND.n5228 GND.n5226 0.0300385
R10515 GND.n5226 GND.n2630 0.0300385
R10516 GND.n5222 GND.n2630 0.0300385
R10517 GND.n5222 GND.n5221 0.0300385
R10518 GND.n5221 GND.n5219 0.0300385
R10519 GND.n5219 GND.n2632 0.0300385
R10520 GND.n5215 GND.n2632 0.0300385
R10521 GND.n5215 GND.n5214 0.0300385
R10522 GND.n5214 GND.n5212 0.0300385
R10523 GND.n5212 GND.n2634 0.0300385
R10524 GND.n5208 GND.n2634 0.0300385
R10525 GND.n5208 GND.n5207 0.0300385
R10526 GND.n5207 GND.n5205 0.0300385
R10527 GND.n5205 GND.n2636 0.0300385
R10528 GND.n5201 GND.n2636 0.0300385
R10529 GND.n5201 GND.n5200 0.0300385
R10530 GND.n5200 GND.n5198 0.0300385
R10531 GND.n5198 GND.n2638 0.0300385
R10532 GND.n5194 GND.n2638 0.0300385
R10533 GND.n5194 GND.n5193 0.0300385
R10534 GND.n5193 GND.n5191 0.0300385
R10535 GND.n5191 GND.n2640 0.0300385
R10536 GND.n5187 GND.n2640 0.0300385
R10537 GND.n5187 GND.n5186 0.0300385
R10538 GND.n5186 GND.n5184 0.0300385
R10539 GND.n5184 GND.n2642 0.0300385
R10540 GND.n5180 GND.n2642 0.0300385
R10541 GND.n5180 GND.n5179 0.0300385
R10542 GND.n5179 GND.n5177 0.0300385
R10543 GND.n5177 GND.n2644 0.0300385
R10544 GND.n5173 GND.n2644 0.0300385
R10545 GND.n5173 GND.n5172 0.0300385
R10546 GND.n5172 GND.n5170 0.0300385
R10547 GND.n5170 GND.n2646 0.0300385
R10548 GND.n5166 GND.n2646 0.0300385
R10549 GND.n5166 GND.n5165 0.0300385
R10550 GND.n5165 GND.n2648 0.0300385
R10551 GND.n5162 GND.n2648 0.0300385
R10552 GND.n5162 GND.n2650 0.0300385
R10553 GND.n5157 GND.n2650 0.0300385
R10554 GND.n5157 GND.n5156 0.0300385
R10555 GND.n5156 GND.n5155 0.0300385
R10556 GND.n5155 GND.n2653 0.0300385
R10557 GND.n5151 GND.n2653 0.0300385
R10558 GND.n5151 GND.n5150 0.0300385
R10559 GND.n5150 GND.n5149 0.0300385
R10560 GND.n5149 GND.n2656 0.0300385
R10561 GND.n5145 GND.n2656 0.0300385
R10562 GND.n5145 GND.n5144 0.0300385
R10563 GND.n5144 GND.n5143 0.0300385
R10564 GND.n5143 GND.n2659 0.0300385
R10565 GND.n5139 GND.n2659 0.0300385
R10566 GND.n5139 GND.n5138 0.0300385
R10567 GND.n5138 GND.n5137 0.0300385
R10568 GND.n5137 GND.n2662 0.0300385
R10569 GND.n5133 GND.n2662 0.0300385
R10570 GND.n5133 GND.n5132 0.0300385
R10571 GND.n5132 GND.n5131 0.0300385
R10572 GND.n5131 GND.n2665 0.0300385
R10573 GND.n5127 GND.n2665 0.0300385
R10574 GND.n5127 GND.n5126 0.0300385
R10575 GND.n5126 GND.n5125 0.0300385
R10576 GND.n5125 GND.n2668 0.0300385
R10577 GND.n5121 GND.n2668 0.0300385
R10578 GND.n5121 GND.n5120 0.0300385
R10579 GND.n5120 GND.n5119 0.0300385
R10580 GND.n5119 GND.n2671 0.0300385
R10581 GND.n5115 GND.n2671 0.0300385
R10582 GND.n5115 GND.n5114 0.0300385
R10583 GND.n5114 GND.n5113 0.0300385
R10584 GND.n5113 GND.n2674 0.0300385
R10585 GND.n5109 GND.n2674 0.0300385
R10586 GND.n5109 GND.n5108 0.0300385
R10587 GND.n5108 GND.n5107 0.0300385
R10588 GND.n5107 GND.n2677 0.0300385
R10589 GND.n5103 GND.n2677 0.0300385
R10590 GND.n5103 GND.n5102 0.0300385
R10591 GND.n5102 GND.n5101 0.0300385
R10592 GND.n5101 GND.n2680 0.0300385
R10593 GND.n5097 GND.n2680 0.0300385
R10594 GND.n5097 GND.n5096 0.0300385
R10595 GND.n5096 GND.n5095 0.0300385
R10596 GND.n5095 GND.n2683 0.0300385
R10597 GND.n5091 GND.n2683 0.0300385
R10598 GND.n5091 GND.n5090 0.0300385
R10599 GND.n5090 GND.n5089 0.0300385
R10600 GND.n5089 GND.n2686 0.0300385
R10601 GND.n5085 GND.n2686 0.0300385
R10602 GND.n5085 GND.n5084 0.0300385
R10603 GND.n5084 GND.n5083 0.0300385
R10604 GND.n5083 GND.n2688 0.0300385
R10605 GND.n5079 GND.n2688 0.0300385
R10606 GND.n5079 GND.n2690 0.0300385
R10607 GND.n5074 GND.n2690 0.0300385
R10608 GND.n5074 GND.n2695 0.0300385
R10609 GND.n5070 GND.n2695 0.0300385
R10610 GND.n5070 GND.n2697 0.0300385
R10611 GND.n5065 GND.n2697 0.0300385
R10612 GND.n5065 GND.n2701 0.0300385
R10613 GND.n5061 GND.n2701 0.0300385
R10614 GND.n5061 GND.n2703 0.0300385
R10615 GND.n5056 GND.n2703 0.0300385
R10616 GND.n5056 GND.n2707 0.0300385
R10617 GND.n5052 GND.n2707 0.0300385
R10618 GND.n5052 GND.n2709 0.0300385
R10619 GND.n5047 GND.n2709 0.0300385
R10620 GND.n5047 GND.n2713 0.0300385
R10621 GND.n5043 GND.n2713 0.0300385
R10622 GND.n5043 GND.n2715 0.0300385
R10623 GND.n5038 GND.n2715 0.0300385
R10624 GND.n5038 GND.n2719 0.0300385
R10625 GND.n5034 GND.n2719 0.0300385
R10626 GND.n5034 GND.n2721 0.0300385
R10627 GND.n5029 GND.n2721 0.0300385
R10628 GND.n5029 GND.n2725 0.0300385
R10629 GND.n5025 GND.n2725 0.0300385
R10630 GND.n5025 GND.n2727 0.0300385
R10631 GND.n5020 GND.n2727 0.0300385
R10632 GND.n5020 GND.n2731 0.0300385
R10633 GND.n5016 GND.n2731 0.0300385
R10634 GND.n5016 GND.n2733 0.0300385
R10635 GND.n5011 GND.n2733 0.0300385
R10636 GND.n5011 GND.n2737 0.0300385
R10637 GND.n5007 GND.n2737 0.0300385
R10638 GND.n5007 GND.n2739 0.0300385
R10639 GND.n5002 GND.n2739 0.0300385
R10640 GND.n5002 GND.n2743 0.0300385
R10641 GND.n4998 GND.n2743 0.0300385
R10642 GND.n4998 GND.n2745 0.0300385
R10643 GND.n4993 GND.n2745 0.0300385
R10644 GND.n4993 GND.n2749 0.0300385
R10645 GND.n4989 GND.n2749 0.0300385
R10646 GND.n4989 GND.n2751 0.0300385
R10647 GND.n4984 GND.n2751 0.0300385
R10648 GND.n4984 GND.n2755 0.0300385
R10649 GND.n4980 GND.n2755 0.0300385
R10650 GND.n4980 GND.n2757 0.0300385
R10651 GND.n4975 GND.n2757 0.0300385
R10652 GND.n4975 GND.n2761 0.0300385
R10653 GND.n2769 GND.n2764 0.0300385
R10654 GND.n1775 GND.n1774 0.0300385
R10655 GND.n1774 GND.n1773 0.0300385
R10656 GND.n1773 GND.n1772 0.0300385
R10657 GND.n1772 GND.n1771 0.0300385
R10658 GND.n1771 GND.n1770 0.0300385
R10659 GND.n1770 GND.n1769 0.0300385
R10660 GND.n1769 GND.n1768 0.0300385
R10661 GND.n1768 GND.n1767 0.0300385
R10662 GND.n1767 GND.n1766 0.0300385
R10663 GND.n1766 GND.n1765 0.0300385
R10664 GND.n1765 GND.n1764 0.0300385
R10665 GND.n1764 GND.n1763 0.0300385
R10666 GND.n1763 GND.n1762 0.0300385
R10667 GND.n1762 GND.n1761 0.0300385
R10668 GND.n1761 GND.n1760 0.0300385
R10669 GND.n1760 GND.n1759 0.0300385
R10670 GND.n1759 GND.n1758 0.0300385
R10671 GND.n1758 GND.n1757 0.0300385
R10672 GND.n1757 GND.n1756 0.0300385
R10673 GND.n1756 GND.n1755 0.0300385
R10674 GND.n1755 GND.n1754 0.0300385
R10675 GND.n1754 GND.n1753 0.0300385
R10676 GND.n1753 GND.n1752 0.0300385
R10677 GND.n1752 GND.n1751 0.0300385
R10678 GND.n1751 GND.n1750 0.0300385
R10679 GND.n1750 GND.n1749 0.0300385
R10680 GND.n1749 GND.n1748 0.0300385
R10681 GND.n1748 GND.n1747 0.0300385
R10682 GND.n1747 GND.n1746 0.0300385
R10683 GND.n1746 GND.n1745 0.0300385
R10684 GND.n1745 GND.n1744 0.0300385
R10685 GND.n1744 GND.n1743 0.0300385
R10686 GND.n1743 GND.n1742 0.0300385
R10687 GND.n1742 GND.n1741 0.0300385
R10688 GND.n1741 GND.n1740 0.0300385
R10689 GND.n1740 GND.n1739 0.0300385
R10690 GND.n1739 GND.n1738 0.0300385
R10691 GND.n1738 GND.n1737 0.0300385
R10692 GND.n1737 GND.n1736 0.0300385
R10693 GND.n1736 GND.n1735 0.0300385
R10694 GND.n1735 GND.n1734 0.0300385
R10695 GND.n1734 GND.n1733 0.0300385
R10696 GND.n1733 GND.n1732 0.0300385
R10697 GND.n1732 GND.n1731 0.0300385
R10698 GND.n1731 GND.n1730 0.0300385
R10699 GND.n1730 GND.n1729 0.0300385
R10700 GND.n1729 GND.n1728 0.0300385
R10701 GND.n1728 GND.n1727 0.0300385
R10702 GND.n1727 GND.n1726 0.0300385
R10703 GND.n1726 GND.n1725 0.0300385
R10704 GND.n1725 GND.n1724 0.0300385
R10705 GND.n1724 GND.n1723 0.0300385
R10706 GND.n1723 GND.n1722 0.0300385
R10707 GND.n1722 GND.n1721 0.0300385
R10708 GND.n1721 GND.n1720 0.0300385
R10709 GND.n1720 GND.n1719 0.0300385
R10710 GND.n1719 GND.n1718 0.0300385
R10711 GND.n1718 GND.n1717 0.0300385
R10712 GND.n1717 GND.n1716 0.0300385
R10713 GND.n1716 GND.n1715 0.0300385
R10714 GND.n1715 GND.n1714 0.0300385
R10715 GND.n1714 GND.n1713 0.0300385
R10716 GND.n1713 GND.n1712 0.0300385
R10717 GND.n1712 GND.n1711 0.0300385
R10718 GND.n1711 GND.n1710 0.0300385
R10719 GND.n1710 GND.n1709 0.0300385
R10720 GND.n1709 GND.n1708 0.0300385
R10721 GND.n1708 GND.n1707 0.0300385
R10722 GND.n1707 GND.n1706 0.0300385
R10723 GND.n1706 GND.n1705 0.0300385
R10724 GND.n1705 GND.n1704 0.0300385
R10725 GND.n1704 GND.n1703 0.0300385
R10726 GND.n1703 GND.n1702 0.0300385
R10727 GND.n1702 GND.n1701 0.0300385
R10728 GND.n1701 GND.n1700 0.0300385
R10729 GND.n1700 GND.n1699 0.0300385
R10730 GND.n1699 GND.n1698 0.0300385
R10731 GND.n1698 GND.n1697 0.0300385
R10732 GND.n1697 GND.n1696 0.0300385
R10733 GND.n1696 GND.n1695 0.0300385
R10734 GND.n1695 GND.n1694 0.0300385
R10735 GND.n1694 GND.n1693 0.0300385
R10736 GND.n1693 GND.n1692 0.0300385
R10737 GND.n1692 GND.n1691 0.0300385
R10738 GND.n1691 GND.n1690 0.0300385
R10739 GND.n1690 GND.n1689 0.0300385
R10740 GND.n1689 GND.n1688 0.0300385
R10741 GND.n1688 GND.n1687 0.0300385
R10742 GND.n1687 GND.n1686 0.0300385
R10743 GND.n1686 GND.n1685 0.0300385
R10744 GND.n1685 GND.n1684 0.0300385
R10745 GND.n1684 GND.n1683 0.0300385
R10746 GND.n1683 GND.n1682 0.0300385
R10747 GND.n1682 GND.n1681 0.0300385
R10748 GND.n1681 GND.n1680 0.0300385
R10749 GND.n1680 GND.n1679 0.0300385
R10750 GND.n1679 GND.n1678 0.0300385
R10751 GND.n1678 GND.n1677 0.0300385
R10752 GND.n1677 GND.n1676 0.0300385
R10753 GND.n1676 GND.n1675 0.0300385
R10754 GND.n1675 GND.n1674 0.0300385
R10755 GND.n1674 GND.n1673 0.0300385
R10756 GND.n1673 GND.n1672 0.0300385
R10757 GND.n1672 GND.n1671 0.0300385
R10758 GND.n6336 GND.n1671 0.0300385
R10759 GND.n6336 GND.n6335 0.0300385
R10760 GND.n6335 GND.n2252 0.0300385
R10761 GND.n6326 GND.n2252 0.0300385
R10762 GND.n6327 GND.n6326 0.0300385
R10763 GND.n6327 GND.n2256 0.0300385
R10764 GND.n6320 GND.n2256 0.0300385
R10765 GND.n6320 GND.n6319 0.0300385
R10766 GND.n6319 GND.n2258 0.0300385
R10767 GND.n6311 GND.n2258 0.0300385
R10768 GND.n6311 GND.n2318 0.0300385
R10769 GND.n6306 GND.n2318 0.0300385
R10770 GND.n6306 GND.n6305 0.0300385
R10771 GND.n6305 GND.n2320 0.0300385
R10772 GND.n6297 GND.n2320 0.0300385
R10773 GND.n6297 GND.n2322 0.0300385
R10774 GND.n6292 GND.n2322 0.0300385
R10775 GND.n6292 GND.n2324 0.0300385
R10776 GND.n6285 GND.n2324 0.0300385
R10777 GND.n6285 GND.n2326 0.0300385
R10778 GND.n6281 GND.n2326 0.0300385
R10779 GND.n6281 GND.n2328 0.0300385
R10780 GND.n6274 GND.n2328 0.0300385
R10781 GND.n6274 GND.n2331 0.0300385
R10782 GND.n6270 GND.n2331 0.0300385
R10783 GND.n6270 GND.n2333 0.0300385
R10784 GND.n6263 GND.n2333 0.0300385
R10785 GND.n6263 GND.n2335 0.0300385
R10786 GND.n6259 GND.n2335 0.0300385
R10787 GND.n6259 GND.n2337 0.0300385
R10788 GND.n6253 GND.n2337 0.0300385
R10789 GND.n6253 GND.n2340 0.0300385
R10790 GND.n6249 GND.n2340 0.0300385
R10791 GND.n6249 GND.n2342 0.0300385
R10792 GND.n6242 GND.n2342 0.0300385
R10793 GND.n6242 GND.n2344 0.0300385
R10794 GND.n6238 GND.n2344 0.0300385
R10795 GND.n6238 GND.n2346 0.0300385
R10796 GND.n6230 GND.n2346 0.0300385
R10797 GND.n6230 GND.n2348 0.0300385
R10798 GND.n6226 GND.n2348 0.0300385
R10799 GND.n6226 GND.n2350 0.0300385
R10800 GND.n6219 GND.n2350 0.0300385
R10801 GND.n6219 GND.n2352 0.0300385
R10802 GND.n6215 GND.n2352 0.0300385
R10803 GND.n6215 GND.n2354 0.0300385
R10804 GND.n6208 GND.n2354 0.0300385
R10805 GND.n6208 GND.n2356 0.0300385
R10806 GND.n6204 GND.n2356 0.0300385
R10807 GND.n6204 GND.n2358 0.0300385
R10808 GND.n6196 GND.n2358 0.0300385
R10809 GND.n6196 GND.n2360 0.0300385
R10810 GND.n6192 GND.n2360 0.0300385
R10811 GND.n6192 GND.n2362 0.0300385
R10812 GND.n6185 GND.n2362 0.0300385
R10813 GND.n6185 GND.n2365 0.0300385
R10814 GND.n6181 GND.n2365 0.0300385
R10815 GND.n6181 GND.n2367 0.0300385
R10816 GND.n6173 GND.n2367 0.0300385
R10817 GND.n6173 GND.n2369 0.0300385
R10818 GND.n6169 GND.n2369 0.0300385
R10819 GND.n6169 GND.n2371 0.0300385
R10820 GND.n6161 GND.n2371 0.0300385
R10821 GND.n6161 GND.n2373 0.0300385
R10822 GND.n6157 GND.n2373 0.0300385
R10823 GND.n6157 GND.n2375 0.0300385
R10824 GND.n6149 GND.n2375 0.0300385
R10825 GND.n6149 GND.n2377 0.0300385
R10826 GND.n6145 GND.n2377 0.0300385
R10827 GND.n6145 GND.n2379 0.0300385
R10828 GND.n6137 GND.n2379 0.0300385
R10829 GND.n6137 GND.n2381 0.0300385
R10830 GND.n6133 GND.n2381 0.0300385
R10831 GND.n6133 GND.n2383 0.0300385
R10832 GND.n6125 GND.n2383 0.0300385
R10833 GND.n6125 GND.n2385 0.0300385
R10834 GND.n6121 GND.n2385 0.0300385
R10835 GND.n6121 GND.n2387 0.0300385
R10836 GND.n6113 GND.n2387 0.0300385
R10837 GND.n6113 GND.n2389 0.0300385
R10838 GND.n6109 GND.n2389 0.0300385
R10839 GND.n6109 GND.n2391 0.0300385
R10840 GND.n6101 GND.n2391 0.0300385
R10841 GND.n6101 GND.n2393 0.0300385
R10842 GND.n6097 GND.n2393 0.0300385
R10843 GND.n6097 GND.n2395 0.0300385
R10844 GND.n6089 GND.n2395 0.0300385
R10845 GND.n6089 GND.n2397 0.0300385
R10846 GND.n6085 GND.n2397 0.0300385
R10847 GND.n6085 GND.n2399 0.0300385
R10848 GND.n6077 GND.n2399 0.0300385
R10849 GND.n6077 GND.n2401 0.0300385
R10850 GND.n6073 GND.n2401 0.0300385
R10851 GND.n6073 GND.n2403 0.0300385
R10852 GND.n6065 GND.n2403 0.0300385
R10853 GND.n6065 GND.n2405 0.0300385
R10854 GND.n6061 GND.n2405 0.0300385
R10855 GND.n6061 GND.n2407 0.0300385
R10856 GND.n6055 GND.n2407 0.0300385
R10857 GND.n6055 GND.n2409 0.0300385
R10858 GND.n6051 GND.n2409 0.0300385
R10859 GND.n6051 GND.n2411 0.0300385
R10860 GND.n6044 GND.n2411 0.0300385
R10861 GND.n6044 GND.n2414 0.0300385
R10862 GND.n6040 GND.n2414 0.0300385
R10863 GND.n6040 GND.n2416 0.0300385
R10864 GND.n6034 GND.n2416 0.0300385
R10865 GND.n6034 GND.n2418 0.0300385
R10866 GND.n6030 GND.n2418 0.0300385
R10867 GND.n6030 GND.n2420 0.0300385
R10868 GND.n6020 GND.n2420 0.0300385
R10869 GND.n6021 GND.n6020 0.0300385
R10870 GND.n6021 GND.n2423 0.0300385
R10871 GND.n6015 GND.n2423 0.0300385
R10872 GND.n6015 GND.n6014 0.0300385
R10873 GND.n6014 GND.n1410 0.0300385
R10874 GND.n1410 GND.n1409 0.0300385
R10875 GND.n1409 GND.n1408 0.0300385
R10876 GND.n1408 GND.n1407 0.0300385
R10877 GND.n1407 GND.n1406 0.0300385
R10878 GND.n1406 GND.n1405 0.0300385
R10879 GND.n1405 GND.n1404 0.0300385
R10880 GND.n1404 GND.n1403 0.0300385
R10881 GND.n1403 GND.n1402 0.0300385
R10882 GND.n1402 GND.n1401 0.0300385
R10883 GND.n1401 GND.n1400 0.0300385
R10884 GND.n1400 GND.n1399 0.0300385
R10885 GND.n1399 GND.n1398 0.0300385
R10886 GND.n1398 GND.n1397 0.0300385
R10887 GND.n1397 GND.n1396 0.0300385
R10888 GND.n1396 GND.n1395 0.0300385
R10889 GND.n1395 GND.n1394 0.0300385
R10890 GND.n1394 GND.n1393 0.0300385
R10891 GND.n1393 GND.n1392 0.0300385
R10892 GND.n1392 GND.n1391 0.0300385
R10893 GND.n1391 GND.n1390 0.0300385
R10894 GND.n1390 GND.n1389 0.0300385
R10895 GND.n1389 GND.n1388 0.0300385
R10896 GND.n1388 GND.n1387 0.0300385
R10897 GND.n1387 GND.n1386 0.0300385
R10898 GND.n1386 GND.n1385 0.0300385
R10899 GND.n1385 GND.n1384 0.0300385
R10900 GND.n1384 GND.n1383 0.0300385
R10901 GND.n1383 GND.n1382 0.0300385
R10902 GND.n1382 GND.n1381 0.0300385
R10903 GND.n1381 GND.n1380 0.0300385
R10904 GND.n1380 GND.n1379 0.0300385
R10905 GND.n1379 GND.n1378 0.0300385
R10906 GND.n1378 GND.n1377 0.0300385
R10907 GND.n1377 GND.n1376 0.0300385
R10908 GND.n1376 GND.n1375 0.0300385
R10909 GND.n1375 GND.n1374 0.0300385
R10910 GND.n1374 GND.n1373 0.0300385
R10911 GND.n1373 GND.n1372 0.0300385
R10912 GND.n1372 GND.n1371 0.0300385
R10913 GND.n1371 GND.n1370 0.0300385
R10914 GND.n1370 GND.n1369 0.0300385
R10915 GND.n1369 GND.n1368 0.0300385
R10916 GND.n1368 GND.n1367 0.0300385
R10917 GND.n1367 GND.n1366 0.0300385
R10918 GND.n1366 GND.n1365 0.0300385
R10919 GND.n1365 GND.n1364 0.0300385
R10920 GND.n1364 GND.n1363 0.0300385
R10921 GND.n1363 GND.n1362 0.0300385
R10922 GND.n1362 GND.n1361 0.0300385
R10923 GND.n1361 GND.n1360 0.0300385
R10924 GND.n1360 GND.n1359 0.0300385
R10925 GND.n1359 GND.n1358 0.0300385
R10926 GND.n1358 GND.n1357 0.0300385
R10927 GND.n1357 GND.n1356 0.0300385
R10928 GND.n1356 GND.n1355 0.0300385
R10929 GND.n1355 GND.n1354 0.0300385
R10930 GND.n1354 GND.n1353 0.0300385
R10931 GND.n1353 GND.n1352 0.0300385
R10932 GND.n1352 GND.n1351 0.0300385
R10933 GND.n1351 GND.n1350 0.0300385
R10934 GND.n1350 GND.n1349 0.0300385
R10935 GND.n1349 GND.n1348 0.0300385
R10936 GND.n1348 GND.n1347 0.0300385
R10937 GND.n1347 GND.n1346 0.0300385
R10938 GND.n1346 GND.n1345 0.0300385
R10939 GND.n1345 GND.n1344 0.0300385
R10940 GND.n1344 GND.n1343 0.0300385
R10941 GND.n1343 GND.n1342 0.0300385
R10942 GND.n1342 GND.n1341 0.0300385
R10943 GND.n1341 GND.n1340 0.0300385
R10944 GND.n1340 GND.n1339 0.0300385
R10945 GND.n1339 GND.n1338 0.0300385
R10946 GND.n1338 GND.n1337 0.0300385
R10947 GND.n1337 GND.n1336 0.0300385
R10948 GND.n1336 GND.n1335 0.0300385
R10949 GND.n1335 GND.n1334 0.0300385
R10950 GND.n1334 GND.n1333 0.0300385
R10951 GND.n1333 GND.n1332 0.0300385
R10952 GND.n1332 GND.n1331 0.0300385
R10953 GND.n1331 GND.n1330 0.0300385
R10954 GND.n1330 GND.n1329 0.0300385
R10955 GND.n1329 GND.n1328 0.0300385
R10956 GND.n1328 GND.n1327 0.0300385
R10957 GND.n1327 GND.n1326 0.0300385
R10958 GND.n1326 GND.n1325 0.0300385
R10959 GND.n1325 GND.n1324 0.0300385
R10960 GND.n1324 GND.n1323 0.0300385
R10961 GND.n1323 GND.n1322 0.0300385
R10962 GND.n1322 GND.n1321 0.0300385
R10963 GND.n1321 GND.n1320 0.0300385
R10964 GND.n1320 GND.n1319 0.0300385
R10965 GND.n1319 GND.n1318 0.0300385
R10966 GND.n1318 GND.n1317 0.0300385
R10967 GND.n1317 GND.n1316 0.0300385
R10968 GND.n1316 GND.n1315 0.0300385
R10969 GND.n1315 GND.n1314 0.0300385
R10970 GND.n5914 GND.n1314 0.0300385
R10971 GND.n5914 GND.n5913 0.0300385
R10972 GND.n5913 GND.n2425 0.0300385
R10973 GND.n5908 GND.n2425 0.0300385
R10974 GND.n5908 GND.n2428 0.0300385
R10975 GND.n5903 GND.n2428 0.0300385
R10976 GND.n5903 GND.n5901 0.0300385
R10977 GND.n5901 GND.n5900 0.0300385
R10978 GND.n5900 GND.n2430 0.0300385
R10979 GND.n5896 GND.n2430 0.0300385
R10980 GND.n5896 GND.n5894 0.0300385
R10981 GND.n5894 GND.n5893 0.0300385
R10982 GND.n5893 GND.n2432 0.0300385
R10983 GND.n5889 GND.n2432 0.0300385
R10984 GND.n5889 GND.n5888 0.0300385
R10985 GND.n5888 GND.n5887 0.0300385
R10986 GND.n5887 GND.n2434 0.0300385
R10987 GND.n5883 GND.n2434 0.0300385
R10988 GND.n5883 GND.n5882 0.0300385
R10989 GND.n5882 GND.n5881 0.0300385
R10990 GND.n5881 GND.n2436 0.0300385
R10991 GND.n5877 GND.n2436 0.0300385
R10992 GND.n5877 GND.n5876 0.0300385
R10993 GND.n5876 GND.n5875 0.0300385
R10994 GND.n5875 GND.n2438 0.0300385
R10995 GND.n5871 GND.n2438 0.0300385
R10996 GND.n5871 GND.n5870 0.0300385
R10997 GND.n5870 GND.n5869 0.0300385
R10998 GND.n5869 GND.n2440 0.0300385
R10999 GND.n5865 GND.n2440 0.0300385
R11000 GND.n5865 GND.n5864 0.0300385
R11001 GND.n5864 GND.n5863 0.0300385
R11002 GND.n5863 GND.n2442 0.0300385
R11003 GND.n5859 GND.n2442 0.0300385
R11004 GND.n5859 GND.n5858 0.0300385
R11005 GND.n5858 GND.n5857 0.0300385
R11006 GND.n5857 GND.n2444 0.0300385
R11007 GND.n5853 GND.n2444 0.0300385
R11008 GND.n5853 GND.n5852 0.0300385
R11009 GND.n5852 GND.n5851 0.0300385
R11010 GND.n5851 GND.n2446 0.0300385
R11011 GND.n5847 GND.n2446 0.0300385
R11012 GND.n5847 GND.n5846 0.0300385
R11013 GND.n5846 GND.n5845 0.0300385
R11014 GND.n5845 GND.n2448 0.0300385
R11015 GND.n5841 GND.n2448 0.0300385
R11016 GND.n5841 GND.n5840 0.0300385
R11017 GND.n5840 GND.n5839 0.0300385
R11018 GND.n5839 GND.n2450 0.0300385
R11019 GND.n5835 GND.n2450 0.0300385
R11020 GND.n5835 GND.n5834 0.0300385
R11021 GND.n5834 GND.n5833 0.0300385
R11022 GND.n5833 GND.n2452 0.0300385
R11023 GND.n5829 GND.n2452 0.0300385
R11024 GND.n5829 GND.n5828 0.0300385
R11025 GND.n5828 GND.n5827 0.0300385
R11026 GND.n5827 GND.n2454 0.0300385
R11027 GND.n5823 GND.n2454 0.0300385
R11028 GND.n5823 GND.n5822 0.0300385
R11029 GND.n5822 GND.n5821 0.0300385
R11030 GND.n5821 GND.n2456 0.0300385
R11031 GND.n5817 GND.n2456 0.0300385
R11032 GND.n5817 GND.n5816 0.0300385
R11033 GND.n5816 GND.n5815 0.0300385
R11034 GND.n5815 GND.n2458 0.0300385
R11035 GND.n5811 GND.n2458 0.0300385
R11036 GND.n5811 GND.n5810 0.0300385
R11037 GND.n5810 GND.n5809 0.0300385
R11038 GND.n5809 GND.n2460 0.0300385
R11039 GND.n5805 GND.n2460 0.0300385
R11040 GND.n5805 GND.n5804 0.0300385
R11041 GND.n5804 GND.n5803 0.0300385
R11042 GND.n5803 GND.n2462 0.0300385
R11043 GND.n5799 GND.n2462 0.0300385
R11044 GND.n5799 GND.n5798 0.0300385
R11045 GND.n5798 GND.n5797 0.0300385
R11046 GND.n5797 GND.n2464 0.0300385
R11047 GND.n5793 GND.n2464 0.0300385
R11048 GND.n5793 GND.n5792 0.0300385
R11049 GND.n5792 GND.n5791 0.0300385
R11050 GND.n5791 GND.n2466 0.0300385
R11051 GND.n5787 GND.n2466 0.0300385
R11052 GND.n5787 GND.n5786 0.0300385
R11053 GND.n5786 GND.n5785 0.0300385
R11054 GND.n5785 GND.n2468 0.0300385
R11055 GND.n5781 GND.n2468 0.0300385
R11056 GND.n5781 GND.n5780 0.0300385
R11057 GND.n5780 GND.n5779 0.0300385
R11058 GND.n5779 GND.n2470 0.0300385
R11059 GND.n5775 GND.n2470 0.0300385
R11060 GND.n5775 GND.n5774 0.0300385
R11061 GND.n5774 GND.n5773 0.0300385
R11062 GND.n5773 GND.n2472 0.0300385
R11063 GND.n5769 GND.n2472 0.0300385
R11064 GND.n5769 GND.n5768 0.0300385
R11065 GND.n5768 GND.n5767 0.0300385
R11066 GND.n5767 GND.n2474 0.0300385
R11067 GND.n5763 GND.n2474 0.0300385
R11068 GND.n5763 GND.n5762 0.0300385
R11069 GND.n5762 GND.n5761 0.0300385
R11070 GND.n5761 GND.n2476 0.0300385
R11071 GND.n5757 GND.n2476 0.0300385
R11072 GND.n5757 GND.n5756 0.0300385
R11073 GND.n5756 GND.n5755 0.0300385
R11074 GND.n5755 GND.n2478 0.0300385
R11075 GND.n5751 GND.n2478 0.0300385
R11076 GND.n5751 GND.n5750 0.0300385
R11077 GND.n5750 GND.n5749 0.0300385
R11078 GND.n5749 GND.n2480 0.0300385
R11079 GND.n5745 GND.n2480 0.0300385
R11080 GND.n5745 GND.n5744 0.0300385
R11081 GND.n5744 GND.n5743 0.0300385
R11082 GND.n5743 GND.n2482 0.0300385
R11083 GND.n5739 GND.n2482 0.0300385
R11084 GND.n5739 GND.n5738 0.0300385
R11085 GND.n5738 GND.n5737 0.0300385
R11086 GND.n5737 GND.n2484 0.0300385
R11087 GND.n5733 GND.n2484 0.0300385
R11088 GND.n6444 GND.n1776 0.0300385
R11089 GND.n2248 GND.n1776 0.0300385
R11090 GND.n2248 GND.n2247 0.0300385
R11091 GND.n2247 GND.n2246 0.0300385
R11092 GND.n2246 GND.n1778 0.0300385
R11093 GND.n2241 GND.n1778 0.0300385
R11094 GND.n2241 GND.n2240 0.0300385
R11095 GND.n2240 GND.n2239 0.0300385
R11096 GND.n2239 GND.n1780 0.0300385
R11097 GND.n2234 GND.n1780 0.0300385
R11098 GND.n2234 GND.n2233 0.0300385
R11099 GND.n2233 GND.n2232 0.0300385
R11100 GND.n2232 GND.n1782 0.0300385
R11101 GND.n2227 GND.n1782 0.0300385
R11102 GND.n2227 GND.n2226 0.0300385
R11103 GND.n2226 GND.n2225 0.0300385
R11104 GND.n2225 GND.n1784 0.0300385
R11105 GND.n2220 GND.n1784 0.0300385
R11106 GND.n2220 GND.n2219 0.0300385
R11107 GND.n2219 GND.n2218 0.0300385
R11108 GND.n2218 GND.n1786 0.0300385
R11109 GND.n2213 GND.n1786 0.0300385
R11110 GND.n2213 GND.n2212 0.0300385
R11111 GND.n2212 GND.n2211 0.0300385
R11112 GND.n2211 GND.n1788 0.0300385
R11113 GND.n2206 GND.n1788 0.0300385
R11114 GND.n2206 GND.n2205 0.0300385
R11115 GND.n2205 GND.n2204 0.0300385
R11116 GND.n2204 GND.n1790 0.0300385
R11117 GND.n2199 GND.n1790 0.0300385
R11118 GND.n2199 GND.n2198 0.0300385
R11119 GND.n2198 GND.n2197 0.0300385
R11120 GND.n2197 GND.n1792 0.0300385
R11121 GND.n2192 GND.n1792 0.0300385
R11122 GND.n2192 GND.n2191 0.0300385
R11123 GND.n2191 GND.n2190 0.0300385
R11124 GND.n2190 GND.n1794 0.0300385
R11125 GND.n2185 GND.n1794 0.0300385
R11126 GND.n2185 GND.n2184 0.0300385
R11127 GND.n2184 GND.n2183 0.0300385
R11128 GND.n2183 GND.n1796 0.0300385
R11129 GND.n2178 GND.n1796 0.0300385
R11130 GND.n2178 GND.n2177 0.0300385
R11131 GND.n2177 GND.n2176 0.0300385
R11132 GND.n2176 GND.n1798 0.0300385
R11133 GND.n2171 GND.n1798 0.0300385
R11134 GND.n2171 GND.n2170 0.0300385
R11135 GND.n2170 GND.n2169 0.0300385
R11136 GND.n2169 GND.n1800 0.0300385
R11137 GND.n2164 GND.n1800 0.0300385
R11138 GND.n2164 GND.n2163 0.0300385
R11139 GND.n2163 GND.n2162 0.0300385
R11140 GND.n2162 GND.n1802 0.0300385
R11141 GND.n2157 GND.n1802 0.0300385
R11142 GND.n2157 GND.n2156 0.0300385
R11143 GND.n2156 GND.n2155 0.0300385
R11144 GND.n2155 GND.n1804 0.0300385
R11145 GND.n2150 GND.n1804 0.0300385
R11146 GND.n2150 GND.n2149 0.0300385
R11147 GND.n2149 GND.n2148 0.0300385
R11148 GND.n2148 GND.n1806 0.0300385
R11149 GND.n2143 GND.n1806 0.0300385
R11150 GND.n2143 GND.n2142 0.0300385
R11151 GND.n2142 GND.n2141 0.0300385
R11152 GND.n2141 GND.n1808 0.0300385
R11153 GND.n2136 GND.n1808 0.0300385
R11154 GND.n2136 GND.n2135 0.0300385
R11155 GND.n2135 GND.n2134 0.0300385
R11156 GND.n2134 GND.n1810 0.0300385
R11157 GND.n2129 GND.n1810 0.0300385
R11158 GND.n2129 GND.n2128 0.0300385
R11159 GND.n2128 GND.n2127 0.0300385
R11160 GND.n2127 GND.n1812 0.0300385
R11161 GND.n2122 GND.n1812 0.0300385
R11162 GND.n2122 GND.n2121 0.0300385
R11163 GND.n2121 GND.n2120 0.0300385
R11164 GND.n2120 GND.n1814 0.0300385
R11165 GND.n2115 GND.n1814 0.0300385
R11166 GND.n2115 GND.n2114 0.0300385
R11167 GND.n2114 GND.n2113 0.0300385
R11168 GND.n2113 GND.n1816 0.0300385
R11169 GND.n2108 GND.n1816 0.0300385
R11170 GND.n2108 GND.n2107 0.0300385
R11171 GND.n2107 GND.n2106 0.0300385
R11172 GND.n2106 GND.n1818 0.0300385
R11173 GND.n2101 GND.n1818 0.0300385
R11174 GND.n2101 GND.n2100 0.0300385
R11175 GND.n2100 GND.n2099 0.0300385
R11176 GND.n2099 GND.n1820 0.0300385
R11177 GND.n2094 GND.n1820 0.0300385
R11178 GND.n2094 GND.n2093 0.0300385
R11179 GND.n2093 GND.n2092 0.0300385
R11180 GND.n2092 GND.n1822 0.0300385
R11181 GND.n2087 GND.n1822 0.0300385
R11182 GND.n2087 GND.n2086 0.0300385
R11183 GND.n2086 GND.n2085 0.0300385
R11184 GND.n2085 GND.n1824 0.0300385
R11185 GND.n2080 GND.n1824 0.0300385
R11186 GND.n2080 GND.n2079 0.0300385
R11187 GND.n2079 GND.n2078 0.0300385
R11188 GND.n2078 GND.n1826 0.0300385
R11189 GND.n2073 GND.n1826 0.0300385
R11190 GND.n2073 GND.n2072 0.0300385
R11191 GND.n2072 GND.n2071 0.0300385
R11192 GND.n2071 GND.n1828 0.0300385
R11193 GND.n2066 GND.n1828 0.0300385
R11194 GND.n2066 GND.n2065 0.0300385
R11195 GND.n2065 GND.n2063 0.0300385
R11196 GND.n2063 GND.n1830 0.0300385
R11197 GND.n2059 GND.n1830 0.0300385
R11198 GND.n2059 GND.n2058 0.0300385
R11199 GND.n2058 GND.n2056 0.0300385
R11200 GND.n2056 GND.n1832 0.0300385
R11201 GND.n2052 GND.n1832 0.0300385
R11202 GND.n2052 GND.n2051 0.0300385
R11203 GND.n2051 GND.n2049 0.0300385
R11204 GND.n2049 GND.n1834 0.0300385
R11205 GND.n2045 GND.n1834 0.0300385
R11206 GND.n2045 GND.n2044 0.0300385
R11207 GND.n2044 GND.n2042 0.0300385
R11208 GND.n2042 GND.n1836 0.0300385
R11209 GND.n2038 GND.n1836 0.0300385
R11210 GND.n2038 GND.n2037 0.0300385
R11211 GND.n2037 GND.n2035 0.0300385
R11212 GND.n2035 GND.n1838 0.0300385
R11213 GND.n2031 GND.n1838 0.0300385
R11214 GND.n2031 GND.n2030 0.0300385
R11215 GND.n2030 GND.n2028 0.0300385
R11216 GND.n2028 GND.n1840 0.0300385
R11217 GND.n2024 GND.n1840 0.0300385
R11218 GND.n2024 GND.n2023 0.0300385
R11219 GND.n2023 GND.n2021 0.0300385
R11220 GND.n2021 GND.n1842 0.0300385
R11221 GND.n2017 GND.n1842 0.0300385
R11222 GND.n2017 GND.n2016 0.0300385
R11223 GND.n2016 GND.n2014 0.0300385
R11224 GND.n2014 GND.n1844 0.0300385
R11225 GND.n2010 GND.n1844 0.0300385
R11226 GND.n2010 GND.n2009 0.0300385
R11227 GND.n2009 GND.n2007 0.0300385
R11228 GND.n2007 GND.n1846 0.0300385
R11229 GND.n2003 GND.n1846 0.0300385
R11230 GND.n2003 GND.n2002 0.0300385
R11231 GND.n2002 GND.n2000 0.0300385
R11232 GND.n2000 GND.n1848 0.0300385
R11233 GND.n1996 GND.n1848 0.0300385
R11234 GND.n1996 GND.n1995 0.0300385
R11235 GND.n1995 GND.n1993 0.0300385
R11236 GND.n1993 GND.n1850 0.0300385
R11237 GND.n1989 GND.n1850 0.0300385
R11238 GND.n1989 GND.n1988 0.0300385
R11239 GND.n1988 GND.n1986 0.0300385
R11240 GND.n1986 GND.n1852 0.0300385
R11241 GND.n1982 GND.n1852 0.0300385
R11242 GND.n1982 GND.n1981 0.0300385
R11243 GND.n1981 GND.n1979 0.0300385
R11244 GND.n1979 GND.n1854 0.0300385
R11245 GND.n1975 GND.n1854 0.0300385
R11246 GND.n1975 GND.n1974 0.0300385
R11247 GND.n1974 GND.n1972 0.0300385
R11248 GND.n1972 GND.n1856 0.0300385
R11249 GND.n1968 GND.n1856 0.0300385
R11250 GND.n1968 GND.n1967 0.0300385
R11251 GND.n1967 GND.n1965 0.0300385
R11252 GND.n1965 GND.n1858 0.0300385
R11253 GND.n1961 GND.n1858 0.0300385
R11254 GND.n1961 GND.n1960 0.0300385
R11255 GND.n1960 GND.n1958 0.0300385
R11256 GND.n1958 GND.n1860 0.0300385
R11257 GND.n1954 GND.n1860 0.0300385
R11258 GND.n1954 GND.n1953 0.0300385
R11259 GND.n1953 GND.n1951 0.0300385
R11260 GND.n1951 GND.n1862 0.0300385
R11261 GND.n1947 GND.n1862 0.0300385
R11262 GND.n1947 GND.n1946 0.0300385
R11263 GND.n1946 GND.n1944 0.0300385
R11264 GND.n1944 GND.n1864 0.0300385
R11265 GND.n1940 GND.n1864 0.0300385
R11266 GND.n1940 GND.n1939 0.0300385
R11267 GND.n1939 GND.n1937 0.0300385
R11268 GND.n1937 GND.n1866 0.0300385
R11269 GND.n1933 GND.n1866 0.0300385
R11270 GND.n1933 GND.n1932 0.0300385
R11271 GND.n1932 GND.n1930 0.0300385
R11272 GND.n1930 GND.n1868 0.0300385
R11273 GND.n1926 GND.n1868 0.0300385
R11274 GND.n1926 GND.n1925 0.0300385
R11275 GND.n1925 GND.n1923 0.0300385
R11276 GND.n1923 GND.n1870 0.0300385
R11277 GND.n1919 GND.n1870 0.0300385
R11278 GND.n1919 GND.n1918 0.0300385
R11279 GND.n1918 GND.n1916 0.0300385
R11280 GND.n1916 GND.n1872 0.0300385
R11281 GND.n1912 GND.n1872 0.0300385
R11282 GND.n1912 GND.n1911 0.0300385
R11283 GND.n1911 GND.n1909 0.0300385
R11284 GND.n1909 GND.n1874 0.0300385
R11285 GND.n1905 GND.n1874 0.0300385
R11286 GND.n1905 GND.n1904 0.0300385
R11287 GND.n1904 GND.n1902 0.0300385
R11288 GND.n1902 GND.n1876 0.0300385
R11289 GND.n1898 GND.n1876 0.0300385
R11290 GND.n1898 GND.n1897 0.0300385
R11291 GND.n1897 GND.n1895 0.0300385
R11292 GND.n1895 GND.n1878 0.0300385
R11293 GND.n1891 GND.n1878 0.0300385
R11294 GND.n1891 GND.n1890 0.0300385
R11295 GND.n1890 GND.n1888 0.0300385
R11296 GND.n1888 GND.n1880 0.0300385
R11297 GND.n1884 GND.n1880 0.0300385
R11298 GND.n1884 GND.n1883 0.0300385
R11299 GND.n1883 GND.n1424 0.0300385
R11300 GND.n6791 GND.n1424 0.0300385
R11301 GND.n6792 GND.n6791 0.0300385
R11302 GND.n6793 GND.n6792 0.0300385
R11303 GND.n6794 GND.n6793 0.0300385
R11304 GND.n6795 GND.n6794 0.0300385
R11305 GND.n6795 GND.n1418 0.0300385
R11306 GND.n4751 GND.n1418 0.0300385
R11307 GND.n4752 GND.n4751 0.0300385
R11308 GND.n4752 GND.n4283 0.0300385
R11309 GND.n4745 GND.n4283 0.0300385
R11310 GND.n4745 GND.n4744 0.0300385
R11311 GND.n4744 GND.n4742 0.0300385
R11312 GND.n4742 GND.n4285 0.0300385
R11313 GND.n4738 GND.n4285 0.0300385
R11314 GND.n4738 GND.n4737 0.0300385
R11315 GND.n4737 GND.n4735 0.0300385
R11316 GND.n4735 GND.n4287 0.0300385
R11317 GND.n4731 GND.n4287 0.0300385
R11318 GND.n4731 GND.n4730 0.0300385
R11319 GND.n4730 GND.n4728 0.0300385
R11320 GND.n4728 GND.n4289 0.0300385
R11321 GND.n4724 GND.n4289 0.0300385
R11322 GND.n4724 GND.n4723 0.0300385
R11323 GND.n4723 GND.n4721 0.0300385
R11324 GND.n4721 GND.n4291 0.0300385
R11325 GND.n4717 GND.n4291 0.0300385
R11326 GND.n4717 GND.n4716 0.0300385
R11327 GND.n4716 GND.n4714 0.0300385
R11328 GND.n4714 GND.n4293 0.0300385
R11329 GND.n4710 GND.n4293 0.0300385
R11330 GND.n4710 GND.n4709 0.0300385
R11331 GND.n4709 GND.n4707 0.0300385
R11332 GND.n4707 GND.n4295 0.0300385
R11333 GND.n4703 GND.n4295 0.0300385
R11334 GND.n4703 GND.n4702 0.0300385
R11335 GND.n4702 GND.n4700 0.0300385
R11336 GND.n4700 GND.n4297 0.0300385
R11337 GND.n4696 GND.n4297 0.0300385
R11338 GND.n4696 GND.n4695 0.0300385
R11339 GND.n4695 GND.n4693 0.0300385
R11340 GND.n4693 GND.n4299 0.0300385
R11341 GND.n4689 GND.n4299 0.0300385
R11342 GND.n4689 GND.n4688 0.0300385
R11343 GND.n4688 GND.n4686 0.0300385
R11344 GND.n4686 GND.n4301 0.0300385
R11345 GND.n4682 GND.n4301 0.0300385
R11346 GND.n4682 GND.n4681 0.0300385
R11347 GND.n4681 GND.n4679 0.0300385
R11348 GND.n4679 GND.n4303 0.0300385
R11349 GND.n4675 GND.n4303 0.0300385
R11350 GND.n4675 GND.n4674 0.0300385
R11351 GND.n4674 GND.n4672 0.0300385
R11352 GND.n4672 GND.n4305 0.0300385
R11353 GND.n4668 GND.n4305 0.0300385
R11354 GND.n4668 GND.n4667 0.0300385
R11355 GND.n4667 GND.n4665 0.0300385
R11356 GND.n4665 GND.n4307 0.0300385
R11357 GND.n4661 GND.n4307 0.0300385
R11358 GND.n4661 GND.n4660 0.0300385
R11359 GND.n4660 GND.n4658 0.0300385
R11360 GND.n4658 GND.n4309 0.0300385
R11361 GND.n4654 GND.n4309 0.0300385
R11362 GND.n4654 GND.n4653 0.0300385
R11363 GND.n4653 GND.n4651 0.0300385
R11364 GND.n4651 GND.n4311 0.0300385
R11365 GND.n4647 GND.n4311 0.0300385
R11366 GND.n4647 GND.n4646 0.0300385
R11367 GND.n4646 GND.n4644 0.0300385
R11368 GND.n4644 GND.n4313 0.0300385
R11369 GND.n4640 GND.n4313 0.0300385
R11370 GND.n4640 GND.n4639 0.0300385
R11371 GND.n4639 GND.n4637 0.0300385
R11372 GND.n4637 GND.n4315 0.0300385
R11373 GND.n4633 GND.n4315 0.0300385
R11374 GND.n4633 GND.n4632 0.0300385
R11375 GND.n4632 GND.n4630 0.0300385
R11376 GND.n4630 GND.n4317 0.0300385
R11377 GND.n4626 GND.n4317 0.0300385
R11378 GND.n4626 GND.n4625 0.0300385
R11379 GND.n4625 GND.n4623 0.0300385
R11380 GND.n4623 GND.n4319 0.0300385
R11381 GND.n4619 GND.n4319 0.0300385
R11382 GND.n4619 GND.n4618 0.0300385
R11383 GND.n4618 GND.n4616 0.0300385
R11384 GND.n4616 GND.n4321 0.0300385
R11385 GND.n4612 GND.n4321 0.0300385
R11386 GND.n4612 GND.n4611 0.0300385
R11387 GND.n4611 GND.n4609 0.0300385
R11388 GND.n4609 GND.n4323 0.0300385
R11389 GND.n4605 GND.n4323 0.0300385
R11390 GND.n4605 GND.n4604 0.0300385
R11391 GND.n4604 GND.n4602 0.0300385
R11392 GND.n4602 GND.n4325 0.0300385
R11393 GND.n4598 GND.n4325 0.0300385
R11394 GND.n4598 GND.n4597 0.0300385
R11395 GND.n4597 GND.n4595 0.0300385
R11396 GND.n4595 GND.n4327 0.0300385
R11397 GND.n4591 GND.n4327 0.0300385
R11398 GND.n4591 GND.n4590 0.0300385
R11399 GND.n4590 GND.n4588 0.0300385
R11400 GND.n4588 GND.n4329 0.0300385
R11401 GND.n4584 GND.n4329 0.0300385
R11402 GND.n4584 GND.n4583 0.0300385
R11403 GND.n4583 GND.n4581 0.0300385
R11404 GND.n4581 GND.n4331 0.0300385
R11405 GND.n4577 GND.n4331 0.0300385
R11406 GND.n4577 GND.n4576 0.0300385
R11407 GND.n4576 GND.n4574 0.0300385
R11408 GND.n4574 GND.n4333 0.0300385
R11409 GND.n4570 GND.n4333 0.0300385
R11410 GND.n4570 GND.n4569 0.0300385
R11411 GND.n4569 GND.n4335 0.0300385
R11412 GND.n4564 GND.n4335 0.0300385
R11413 GND.n4565 GND.n4564 0.0300385
R11414 GND.n4565 GND.n4337 0.0300385
R11415 GND.n4558 GND.n4337 0.0300385
R11416 GND.n4558 GND.n4557 0.0300385
R11417 GND.n4557 GND.n4556 0.0300385
R11418 GND.n4556 GND.n4340 0.0300385
R11419 GND.n4552 GND.n4340 0.0300385
R11420 GND.n4552 GND.n4551 0.0300385
R11421 GND.n4551 GND.n4550 0.0300385
R11422 GND.n4550 GND.n4343 0.0300385
R11423 GND.n4546 GND.n4343 0.0300385
R11424 GND.n4546 GND.n4545 0.0300385
R11425 GND.n4545 GND.n4544 0.0300385
R11426 GND.n4544 GND.n4346 0.0300385
R11427 GND.n4540 GND.n4346 0.0300385
R11428 GND.n4540 GND.n4539 0.0300385
R11429 GND.n4539 GND.n4538 0.0300385
R11430 GND.n4538 GND.n4349 0.0300385
R11431 GND.n4534 GND.n4349 0.0300385
R11432 GND.n4534 GND.n4533 0.0300385
R11433 GND.n4533 GND.n4532 0.0300385
R11434 GND.n4532 GND.n4352 0.0300385
R11435 GND.n4528 GND.n4352 0.0300385
R11436 GND.n4528 GND.n4527 0.0300385
R11437 GND.n4527 GND.n4526 0.0300385
R11438 GND.n4526 GND.n4355 0.0300385
R11439 GND.n4522 GND.n4355 0.0300385
R11440 GND.n4522 GND.n4521 0.0300385
R11441 GND.n4521 GND.n4520 0.0300385
R11442 GND.n4520 GND.n4358 0.0300385
R11443 GND.n4516 GND.n4358 0.0300385
R11444 GND.n4516 GND.n4515 0.0300385
R11445 GND.n4515 GND.n4514 0.0300385
R11446 GND.n4514 GND.n4361 0.0300385
R11447 GND.n4510 GND.n4361 0.0300385
R11448 GND.n4510 GND.n4509 0.0300385
R11449 GND.n4509 GND.n4508 0.0300385
R11450 GND.n4508 GND.n4364 0.0300385
R11451 GND.n4504 GND.n4364 0.0300385
R11452 GND.n4504 GND.n4503 0.0300385
R11453 GND.n4503 GND.n4502 0.0300385
R11454 GND.n4502 GND.n4367 0.0300385
R11455 GND.n4498 GND.n4367 0.0300385
R11456 GND.n4498 GND.n4497 0.0300385
R11457 GND.n4497 GND.n4496 0.0300385
R11458 GND.n4496 GND.n4370 0.0300385
R11459 GND.n4492 GND.n4370 0.0300385
R11460 GND.n4492 GND.n4491 0.0300385
R11461 GND.n4491 GND.n4490 0.0300385
R11462 GND.n4490 GND.n4373 0.0300385
R11463 GND.n4486 GND.n4373 0.0300385
R11464 GND.n4486 GND.n4485 0.0300385
R11465 GND.n4485 GND.n4484 0.0300385
R11466 GND.n4484 GND.n4376 0.0300385
R11467 GND.n4480 GND.n4376 0.0300385
R11468 GND.n4480 GND.n4479 0.0300385
R11469 GND.n4479 GND.n4478 0.0300385
R11470 GND.n4478 GND.n4379 0.0300385
R11471 GND.n4474 GND.n4379 0.0300385
R11472 GND.n4474 GND.n4473 0.0300385
R11473 GND.n4473 GND.n4472 0.0300385
R11474 GND.n4472 GND.n4382 0.0300385
R11475 GND.n4468 GND.n4382 0.0300385
R11476 GND.n4468 GND.n4467 0.0300385
R11477 GND.n4467 GND.n4466 0.0300385
R11478 GND.n4466 GND.n4385 0.0300385
R11479 GND.n4462 GND.n4385 0.0300385
R11480 GND.n4462 GND.n4461 0.0300385
R11481 GND.n4461 GND.n4460 0.0300385
R11482 GND.n4460 GND.n4388 0.0300385
R11483 GND.n4456 GND.n4388 0.0300385
R11484 GND.n4456 GND.n4455 0.0300385
R11485 GND.n4455 GND.n4454 0.0300385
R11486 GND.n4454 GND.n4391 0.0300385
R11487 GND.n4450 GND.n4391 0.0300385
R11488 GND.n4450 GND.n4449 0.0300385
R11489 GND.n4449 GND.n4448 0.0300385
R11490 GND.n4448 GND.n4394 0.0300385
R11491 GND.n4444 GND.n4394 0.0300385
R11492 GND.n4444 GND.n4443 0.0300385
R11493 GND.n4443 GND.n4442 0.0300385
R11494 GND.n4442 GND.n4397 0.0300385
R11495 GND.n4438 GND.n4397 0.0300385
R11496 GND.n4438 GND.n4437 0.0300385
R11497 GND.n4437 GND.n4436 0.0300385
R11498 GND.n4436 GND.n4400 0.0300385
R11499 GND.n4432 GND.n4400 0.0300385
R11500 GND.n4432 GND.n4431 0.0300385
R11501 GND.n4431 GND.n4430 0.0300385
R11502 GND.n4430 GND.n4403 0.0300385
R11503 GND.n4426 GND.n4403 0.0300385
R11504 GND.n4426 GND.n4425 0.0300385
R11505 GND.n4425 GND.n4424 0.0300385
R11506 GND.n4424 GND.n4406 0.0300385
R11507 GND.n4420 GND.n4406 0.0300385
R11508 GND.n4420 GND.n4419 0.0300385
R11509 GND.n4419 GND.n4418 0.0300385
R11510 GND.n4418 GND.n4409 0.0300385
R11511 GND.n4414 GND.n4409 0.0300385
R11512 GND.n4414 GND.n4413 0.0300385
R11513 GND.n4413 GND.n4412 0.0300385
R11514 GND.n4412 GND.n3004 0.0300385
R11515 GND.n4907 GND.n3004 0.0300385
R11516 GND.n4907 GND.n3003 0.0300385
R11517 GND.n4105 GND.n3003 0.0300385
R11518 GND.n4105 GND.n3011 0.0300385
R11519 GND.n4101 GND.n3011 0.0300385
R11520 GND.n4101 GND.n3013 0.0300385
R11521 GND.n3648 GND.n3606 0.0300385
R11522 GND.n3649 GND.n3648 0.0300385
R11523 GND.n3650 GND.n3649 0.0300385
R11524 GND.n3650 GND.n3601 0.0300385
R11525 GND.n3654 GND.n3601 0.0300385
R11526 GND.n3655 GND.n3654 0.0300385
R11527 GND.n3656 GND.n3655 0.0300385
R11528 GND.n3656 GND.n3596 0.0300385
R11529 GND.n3660 GND.n3596 0.0300385
R11530 GND.n3661 GND.n3660 0.0300385
R11531 GND.n3662 GND.n3661 0.0300385
R11532 GND.n3662 GND.n3591 0.0300385
R11533 GND.n3666 GND.n3591 0.0300385
R11534 GND.n3667 GND.n3666 0.0300385
R11535 GND.n3668 GND.n3667 0.0300385
R11536 GND.n3668 GND.n3586 0.0300385
R11537 GND.n3672 GND.n3586 0.0300385
R11538 GND.n3673 GND.n3672 0.0300385
R11539 GND.n3674 GND.n3673 0.0300385
R11540 GND.n3674 GND.n3581 0.0300385
R11541 GND.n3678 GND.n3581 0.0300385
R11542 GND.n3679 GND.n3678 0.0300385
R11543 GND.n3680 GND.n3679 0.0300385
R11544 GND.n3680 GND.n3576 0.0300385
R11545 GND.n3684 GND.n3576 0.0300385
R11546 GND.n3685 GND.n3684 0.0300385
R11547 GND.n3686 GND.n3685 0.0300385
R11548 GND.n3686 GND.n3571 0.0300385
R11549 GND.n3690 GND.n3571 0.0300385
R11550 GND.n3691 GND.n3690 0.0300385
R11551 GND.n3692 GND.n3691 0.0300385
R11552 GND.n3692 GND.n3566 0.0300385
R11553 GND.n3696 GND.n3566 0.0300385
R11554 GND.n3697 GND.n3696 0.0300385
R11555 GND.n3698 GND.n3697 0.0300385
R11556 GND.n3698 GND.n3214 0.0300385
R11557 GND.n3702 GND.n3214 0.0300385
R11558 GND.n3702 GND.n3213 0.0300385
R11559 GND.n3559 GND.n3213 0.0300385
R11560 GND.n3559 GND.n3216 0.0300385
R11561 GND.n3554 GND.n3216 0.0300385
R11562 GND.n3554 GND.n3220 0.0300385
R11563 GND.n3550 GND.n3220 0.0300385
R11564 GND.n3550 GND.n3222 0.0300385
R11565 GND.n3545 GND.n3222 0.0300385
R11566 GND.n3545 GND.n3226 0.0300385
R11567 GND.n3541 GND.n3226 0.0300385
R11568 GND.n3541 GND.n3228 0.0300385
R11569 GND.n3536 GND.n3228 0.0300385
R11570 GND.n3536 GND.n3231 0.0300385
R11571 GND.n3532 GND.n3231 0.0300385
R11572 GND.n3532 GND.n3233 0.0300385
R11573 GND.n3527 GND.n3233 0.0300385
R11574 GND.n3527 GND.n3238 0.0300385
R11575 GND.n3523 GND.n3238 0.0300385
R11576 GND.n3523 GND.n3240 0.0300385
R11577 GND.n3518 GND.n3240 0.0300385
R11578 GND.n3518 GND.n3245 0.0300385
R11579 GND.n3514 GND.n3245 0.0300385
R11580 GND.n3514 GND.n3247 0.0300385
R11581 GND.n3509 GND.n3247 0.0300385
R11582 GND.n3509 GND.n3252 0.0300385
R11583 GND.n3505 GND.n3252 0.0300385
R11584 GND.n3505 GND.n3254 0.0300385
R11585 GND.n3500 GND.n3254 0.0300385
R11586 GND.n3500 GND.n3258 0.0300385
R11587 GND.n3496 GND.n3258 0.0300385
R11588 GND.n3496 GND.n3260 0.0300385
R11589 GND.n3491 GND.n3260 0.0300385
R11590 GND.n3491 GND.n3265 0.0300385
R11591 GND.n3487 GND.n3265 0.0300385
R11592 GND.n3487 GND.n3267 0.0300385
R11593 GND.n3482 GND.n3267 0.0300385
R11594 GND.n3482 GND.n3271 0.0300385
R11595 GND.n3478 GND.n3271 0.0300385
R11596 GND.n3820 GND.n3817 0.0300385
R11597 GND.n3821 GND.n3820 0.0300385
R11598 GND.n3822 GND.n3821 0.0300385
R11599 GND.n3822 GND.n3805 0.0300385
R11600 GND.n3826 GND.n3805 0.0300385
R11601 GND.n3827 GND.n3826 0.0300385
R11602 GND.n3828 GND.n3827 0.0300385
R11603 GND.n3828 GND.n3795 0.0300385
R11604 GND.n3832 GND.n3795 0.0300385
R11605 GND.n3833 GND.n3832 0.0300385
R11606 GND.n3834 GND.n3833 0.0300385
R11607 GND.n3834 GND.n3785 0.0300385
R11608 GND.n3838 GND.n3785 0.0300385
R11609 GND.n3839 GND.n3838 0.0300385
R11610 GND.n3840 GND.n3839 0.0300385
R11611 GND.n3840 GND.n3775 0.0300385
R11612 GND.n3844 GND.n3775 0.0300385
R11613 GND.n3845 GND.n3844 0.0300385
R11614 GND.n3846 GND.n3845 0.0300385
R11615 GND.n3846 GND.n3765 0.0300385
R11616 GND.n3850 GND.n3765 0.0300385
R11617 GND.n3851 GND.n3850 0.0300385
R11618 GND.n3852 GND.n3851 0.0300385
R11619 GND.n3852 GND.n3755 0.0300385
R11620 GND.n3856 GND.n3755 0.0300385
R11621 GND.n3857 GND.n3856 0.0300385
R11622 GND.n3858 GND.n3857 0.0300385
R11623 GND.n3858 GND.n3747 0.0300385
R11624 GND.n3862 GND.n3747 0.0300385
R11625 GND.n3863 GND.n3862 0.0300385
R11626 GND.n3864 GND.n3863 0.0300385
R11627 GND.n3864 GND.n3737 0.0300385
R11628 GND.n3868 GND.n3737 0.0300385
R11629 GND.n3869 GND.n3868 0.0300385
R11630 GND.n3870 GND.n3869 0.0300385
R11631 GND.n3870 GND.n3727 0.0300385
R11632 GND.n3874 GND.n3727 0.0300385
R11633 GND.n3875 GND.n3874 0.0300385
R11634 GND.n3876 GND.n3875 0.0300385
R11635 GND.n3876 GND.n3201 0.0300385
R11636 GND.n3880 GND.n3201 0.0300385
R11637 GND.n3880 GND.n3200 0.0300385
R11638 GND.n3717 GND.n3200 0.0300385
R11639 GND.n3717 GND.n3203 0.0300385
R11640 GND.n3711 GND.n3203 0.0300385
R11641 GND.n3711 GND.n3206 0.0300385
R11642 GND.n3707 GND.n3206 0.0300385
R11643 GND.n3707 GND.n3208 0.0300385
R11644 GND.n3408 GND.n3208 0.0300385
R11645 GND.n3409 GND.n3408 0.0300385
R11646 GND.n3409 GND.n3400 0.0300385
R11647 GND.n3413 GND.n3400 0.0300385
R11648 GND.n3414 GND.n3413 0.0300385
R11649 GND.n3415 GND.n3414 0.0300385
R11650 GND.n3415 GND.n3390 0.0300385
R11651 GND.n3419 GND.n3390 0.0300385
R11652 GND.n3420 GND.n3419 0.0300385
R11653 GND.n3421 GND.n3420 0.0300385
R11654 GND.n3421 GND.n3380 0.0300385
R11655 GND.n3425 GND.n3380 0.0300385
R11656 GND.n3426 GND.n3425 0.0300385
R11657 GND.n3427 GND.n3426 0.0300385
R11658 GND.n3427 GND.n3370 0.0300385
R11659 GND.n3431 GND.n3370 0.0300385
R11660 GND.n3432 GND.n3431 0.0300385
R11661 GND.n3433 GND.n3432 0.0300385
R11662 GND.n3433 GND.n3360 0.0300385
R11663 GND.n3437 GND.n3360 0.0300385
R11664 GND.n3438 GND.n3437 0.0300385
R11665 GND.n3439 GND.n3438 0.0300385
R11666 GND.n3439 GND.n3350 0.0300385
R11667 GND.n3443 GND.n3350 0.0300385
R11668 GND.n3444 GND.n3443 0.0300385
R11669 GND.n3445 GND.n3444 0.0300385
R11670 GND.n3445 GND.n3340 0.0300385
R11671 GND.n3449 GND.n3340 0.0300385
R11672 GND.n3450 GND.n3449 0.0300385
R11673 GND.n3451 GND.n3450 0.0300385
R11674 GND.n3451 GND.n3330 0.0300385
R11675 GND.n3455 GND.n3330 0.0300385
R11676 GND.n3456 GND.n3455 0.0300385
R11677 GND.n3457 GND.n3456 0.0300385
R11678 GND.n3457 GND.n3320 0.0300385
R11679 GND.n3461 GND.n3320 0.0300385
R11680 GND.n3462 GND.n3461 0.0300385
R11681 GND.n3463 GND.n3462 0.0300385
R11682 GND.n3463 GND.n3310 0.0300385
R11683 GND.n3467 GND.n3310 0.0300385
R11684 GND.n3468 GND.n3467 0.0300385
R11685 GND.n3469 GND.n3468 0.0300385
R11686 GND.n3469 GND.n3303 0.0300385
R11687 GND.n3473 GND.n3303 0.0300385
R11688 GND.n4097 GND.n3017 0.0300385
R11689 GND.n4093 GND.n3017 0.0300385
R11690 GND.n4093 GND.n3019 0.0300385
R11691 GND.n4088 GND.n3019 0.0300385
R11692 GND.n4088 GND.n3024 0.0300385
R11693 GND.n4084 GND.n3024 0.0300385
R11694 GND.n4084 GND.n3026 0.0300385
R11695 GND.n4079 GND.n3026 0.0300385
R11696 GND.n4079 GND.n3031 0.0300385
R11697 GND.n4075 GND.n3031 0.0300385
R11698 GND.n4075 GND.n3033 0.0300385
R11699 GND.n4070 GND.n3033 0.0300385
R11700 GND.n4070 GND.n3037 0.0300385
R11701 GND.n4066 GND.n3037 0.0300385
R11702 GND.n4066 GND.n3039 0.0300385
R11703 GND.n4061 GND.n3039 0.0300385
R11704 GND.n4061 GND.n3043 0.0300385
R11705 GND.n4057 GND.n3043 0.0300385
R11706 GND.n4057 GND.n3045 0.0300385
R11707 GND.n4052 GND.n3045 0.0300385
R11708 GND.n4052 GND.n3050 0.0300385
R11709 GND.n4048 GND.n3050 0.0300385
R11710 GND.n4048 GND.n3052 0.0300385
R11711 GND.n4043 GND.n3052 0.0300385
R11712 GND.n4043 GND.n3056 0.0300385
R11713 GND.n4039 GND.n3056 0.0300385
R11714 GND.n4039 GND.n3058 0.0300385
R11715 GND.n4034 GND.n3058 0.0300385
R11716 GND.n4034 GND.n3063 0.0300385
R11717 GND.n4030 GND.n3063 0.0300385
R11718 GND.n4030 GND.n3065 0.0300385
R11719 GND.n4025 GND.n3065 0.0300385
R11720 GND.n4025 GND.n3070 0.0300385
R11721 GND.n4021 GND.n3070 0.0300385
R11722 GND.n4021 GND.n3072 0.0300385
R11723 GND.n4016 GND.n3072 0.0300385
R11724 GND.n4016 GND.n3077 0.0300385
R11725 GND.n4012 GND.n3077 0.0300385
R11726 GND.n4012 GND.n3079 0.0300385
R11727 GND.n4007 GND.n3079 0.0300385
R11728 GND.n4007 GND.n3084 0.0300385
R11729 GND.n4003 GND.n3084 0.0300385
R11730 GND.n4003 GND.n3086 0.0300385
R11731 GND.n3998 GND.n3086 0.0300385
R11732 GND.n3998 GND.n3090 0.0300385
R11733 GND.n3994 GND.n3090 0.0300385
R11734 GND.n3994 GND.n3092 0.0300385
R11735 GND.n3989 GND.n3092 0.0300385
R11736 GND.n3989 GND.n3096 0.0300385
R11737 GND.n3985 GND.n3096 0.0300385
R11738 GND.n3985 GND.n3098 0.0300385
R11739 GND.n3980 GND.n3098 0.0300385
R11740 GND.n3980 GND.n3102 0.0300385
R11741 GND.n3976 GND.n3102 0.0300385
R11742 GND.n3976 GND.n3104 0.0300385
R11743 GND.n3971 GND.n3104 0.0300385
R11744 GND.n3971 GND.n3109 0.0300385
R11745 GND.n3967 GND.n3109 0.0300385
R11746 GND.n3967 GND.n3111 0.0300385
R11747 GND.n3962 GND.n3111 0.0300385
R11748 GND.n3962 GND.n3116 0.0300385
R11749 GND.n3958 GND.n3116 0.0300385
R11750 GND.n3958 GND.n3118 0.0300385
R11751 GND.n3953 GND.n3118 0.0300385
R11752 GND.n3953 GND.n3123 0.0300385
R11753 GND.n3949 GND.n3123 0.0300385
R11754 GND.n3949 GND.n3125 0.0300385
R11755 GND.n3944 GND.n3125 0.0300385
R11756 GND.n3944 GND.n3129 0.0300385
R11757 GND.n3940 GND.n3129 0.0300385
R11758 GND.n3940 GND.n3131 0.0300385
R11759 GND.n3935 GND.n3131 0.0300385
R11760 GND.n3935 GND.n3136 0.0300385
R11761 GND.n3931 GND.n3136 0.0300385
R11762 GND.n3931 GND.n3138 0.0300385
R11763 GND.n3926 GND.n3138 0.0300385
R11764 GND.n3926 GND.n3142 0.0300385
R11765 GND.n3922 GND.n3142 0.0300385
R11766 GND.n3922 GND.n3144 0.0300385
R11767 GND.n3917 GND.n3144 0.0300385
R11768 GND.n3917 GND.n3148 0.0300385
R11769 GND.n3913 GND.n3148 0.0300385
R11770 GND.n3913 GND.n3150 0.0300385
R11771 GND.n3908 GND.n3150 0.0300385
R11772 GND.n3908 GND.n3154 0.0300385
R11773 GND.n3904 GND.n3154 0.0300385
R11774 GND.n3904 GND.n3156 0.0300385
R11775 GND.n3899 GND.n3156 0.0300385
R11776 GND.n3899 GND.n3160 0.0300385
R11777 GND.n3895 GND.n3160 0.0300385
R11778 GND.n3895 GND.n3162 0.0300385
R11779 GND.n3890 GND.n3162 0.0300385
R11780 GND.n3890 GND.n3166 0.0300385
R11781 GND.n3886 GND.n3166 0.0300385
R11782 GND.n4098 GND.n3016 0.0300385
R11783 GND.n4092 GND.n3016 0.0300385
R11784 GND.n4092 GND.n3020 0.0300385
R11785 GND.n4089 GND.n3020 0.0300385
R11786 GND.n4089 GND.n3023 0.0300385
R11787 GND.n4083 GND.n3023 0.0300385
R11788 GND.n4083 GND.n3027 0.0300385
R11789 GND.n4080 GND.n3027 0.0300385
R11790 GND.n4080 GND.n3030 0.0300385
R11791 GND.n4074 GND.n3030 0.0300385
R11792 GND.n4074 GND.n3034 0.0300385
R11793 GND.n4071 GND.n3034 0.0300385
R11794 GND.n4071 GND.n3036 0.0300385
R11795 GND.n4065 GND.n3036 0.0300385
R11796 GND.n4065 GND.n3040 0.0300385
R11797 GND.n4062 GND.n3040 0.0300385
R11798 GND.n4062 GND.n3042 0.0300385
R11799 GND.n4056 GND.n3042 0.0300385
R11800 GND.n4056 GND.n3046 0.0300385
R11801 GND.n4053 GND.n3046 0.0300385
R11802 GND.n4053 GND.n3049 0.0300385
R11803 GND.n4047 GND.n3049 0.0300385
R11804 GND.n4047 GND.n3053 0.0300385
R11805 GND.n4044 GND.n3053 0.0300385
R11806 GND.n4044 GND.n3055 0.0300385
R11807 GND.n4038 GND.n3055 0.0300385
R11808 GND.n4038 GND.n3059 0.0300385
R11809 GND.n4035 GND.n3059 0.0300385
R11810 GND.n4035 GND.n3062 0.0300385
R11811 GND.n4029 GND.n3062 0.0300385
R11812 GND.n4029 GND.n3066 0.0300385
R11813 GND.n4026 GND.n3066 0.0300385
R11814 GND.n4026 GND.n3069 0.0300385
R11815 GND.n4020 GND.n3069 0.0300385
R11816 GND.n4020 GND.n3073 0.0300385
R11817 GND.n4017 GND.n3073 0.0300385
R11818 GND.n4017 GND.n3076 0.0300385
R11819 GND.n4011 GND.n3076 0.0300385
R11820 GND.n4011 GND.n3080 0.0300385
R11821 GND.n4008 GND.n3080 0.0300385
R11822 GND.n4008 GND.n3083 0.0300385
R11823 GND.n4002 GND.n3083 0.0300385
R11824 GND.n4002 GND.n3087 0.0300385
R11825 GND.n3999 GND.n3087 0.0300385
R11826 GND.n3999 GND.n3089 0.0300385
R11827 GND.n3993 GND.n3089 0.0300385
R11828 GND.n3993 GND.n3093 0.0300385
R11829 GND.n3990 GND.n3093 0.0300385
R11830 GND.n3990 GND.n3095 0.0300385
R11831 GND.n3984 GND.n3095 0.0300385
R11832 GND.n3984 GND.n3099 0.0300385
R11833 GND.n3981 GND.n3099 0.0300385
R11834 GND.n3981 GND.n3101 0.0300385
R11835 GND.n3975 GND.n3101 0.0300385
R11836 GND.n3975 GND.n3105 0.0300385
R11837 GND.n3972 GND.n3105 0.0300385
R11838 GND.n3972 GND.n3108 0.0300385
R11839 GND.n3966 GND.n3108 0.0300385
R11840 GND.n3966 GND.n3112 0.0300385
R11841 GND.n3963 GND.n3112 0.0300385
R11842 GND.n3963 GND.n3115 0.0300385
R11843 GND.n3957 GND.n3115 0.0300385
R11844 GND.n3957 GND.n3119 0.0300385
R11845 GND.n3954 GND.n3119 0.0300385
R11846 GND.n3954 GND.n3122 0.0300385
R11847 GND.n3948 GND.n3122 0.0300385
R11848 GND.n3948 GND.n3126 0.0300385
R11849 GND.n3945 GND.n3126 0.0300385
R11850 GND.n3945 GND.n3128 0.0300385
R11851 GND.n3939 GND.n3128 0.0300385
R11852 GND.n3939 GND.n3132 0.0300385
R11853 GND.n3936 GND.n3132 0.0300385
R11854 GND.n3936 GND.n3135 0.0300385
R11855 GND.n3930 GND.n3135 0.0300385
R11856 GND.n3930 GND.n3139 0.0300385
R11857 GND.n3927 GND.n3139 0.0300385
R11858 GND.n3927 GND.n3141 0.0300385
R11859 GND.n3921 GND.n3141 0.0300385
R11860 GND.n3921 GND.n3145 0.0300385
R11861 GND.n3918 GND.n3145 0.0300385
R11862 GND.n3918 GND.n3147 0.0300385
R11863 GND.n3912 GND.n3147 0.0300385
R11864 GND.n3912 GND.n3151 0.0300385
R11865 GND.n3909 GND.n3151 0.0300385
R11866 GND.n3909 GND.n3153 0.0300385
R11867 GND.n3903 GND.n3153 0.0300385
R11868 GND.n3903 GND.n3157 0.0300385
R11869 GND.n3900 GND.n3157 0.0300385
R11870 GND.n3900 GND.n3159 0.0300385
R11871 GND.n3894 GND.n3159 0.0300385
R11872 GND.n3894 GND.n3163 0.0300385
R11873 GND.n3891 GND.n3163 0.0300385
R11874 GND.n3891 GND.n3165 0.0300385
R11875 GND.n3885 GND.n3165 0.0300385
R11876 GND.n3816 GND.n3815 0.0300385
R11877 GND.n3815 GND.n3813 0.0300385
R11878 GND.n3813 GND.n3810 0.0300385
R11879 GND.n3810 GND.n3809 0.0300385
R11880 GND.n3809 GND.n3804 0.0300385
R11881 GND.n3804 GND.n3803 0.0300385
R11882 GND.n3803 GND.n3800 0.0300385
R11883 GND.n3800 GND.n3799 0.0300385
R11884 GND.n3799 GND.n3794 0.0300385
R11885 GND.n3794 GND.n3793 0.0300385
R11886 GND.n3793 GND.n3790 0.0300385
R11887 GND.n3790 GND.n3789 0.0300385
R11888 GND.n3789 GND.n3784 0.0300385
R11889 GND.n3784 GND.n3783 0.0300385
R11890 GND.n3783 GND.n3780 0.0300385
R11891 GND.n3780 GND.n3779 0.0300385
R11892 GND.n3779 GND.n3774 0.0300385
R11893 GND.n3774 GND.n3773 0.0300385
R11894 GND.n3773 GND.n3770 0.0300385
R11895 GND.n3770 GND.n3769 0.0300385
R11896 GND.n3769 GND.n3764 0.0300385
R11897 GND.n3764 GND.n3763 0.0300385
R11898 GND.n3763 GND.n3760 0.0300385
R11899 GND.n3760 GND.n3759 0.0300385
R11900 GND.n3759 GND.n3754 0.0300385
R11901 GND.n3754 GND.n3753 0.0300385
R11902 GND.n3753 GND.n3751 0.0300385
R11903 GND.n3751 GND.n3750 0.0300385
R11904 GND.n3750 GND.n3746 0.0300385
R11905 GND.n3746 GND.n3743 0.0300385
R11906 GND.n3743 GND.n3742 0.0300385
R11907 GND.n3742 GND.n3739 0.0300385
R11908 GND.n3739 GND.n3736 0.0300385
R11909 GND.n3736 GND.n3733 0.0300385
R11910 GND.n3733 GND.n3732 0.0300385
R11911 GND.n3732 GND.n3729 0.0300385
R11912 GND.n3729 GND.n3726 0.0300385
R11913 GND.n3726 GND.n3723 0.0300385
R11914 GND.n3723 GND.n3722 0.0300385
R11915 GND.n3722 GND.n3199 0.0300385
R11916 GND.n3881 GND.n3199 0.0300385
R11917 GND.n3881 GND.n3198 0.0300385
R11918 GND.n3716 GND.n3198 0.0300385
R11919 GND.n3716 GND.n3204 0.0300385
R11920 GND.n3712 GND.n3204 0.0300385
R11921 GND.n3712 GND.n3205 0.0300385
R11922 GND.n3706 GND.n3205 0.0300385
R11923 GND.n3706 GND.n3209 0.0300385
R11924 GND.n3407 GND.n3209 0.0300385
R11925 GND.n3407 GND.n3406 0.0300385
R11926 GND.n3406 GND.n3404 0.0300385
R11927 GND.n3404 GND.n3399 0.0300385
R11928 GND.n3399 GND.n3398 0.0300385
R11929 GND.n3398 GND.n3395 0.0300385
R11930 GND.n3395 GND.n3394 0.0300385
R11931 GND.n3394 GND.n3389 0.0300385
R11932 GND.n3389 GND.n3388 0.0300385
R11933 GND.n3388 GND.n3385 0.0300385
R11934 GND.n3385 GND.n3384 0.0300385
R11935 GND.n3384 GND.n3379 0.0300385
R11936 GND.n3379 GND.n3378 0.0300385
R11937 GND.n3378 GND.n3375 0.0300385
R11938 GND.n3375 GND.n3374 0.0300385
R11939 GND.n3374 GND.n3369 0.0300385
R11940 GND.n3369 GND.n3368 0.0300385
R11941 GND.n3368 GND.n3365 0.0300385
R11942 GND.n3365 GND.n3364 0.0300385
R11943 GND.n3364 GND.n3359 0.0300385
R11944 GND.n3359 GND.n3358 0.0300385
R11945 GND.n3358 GND.n3355 0.0300385
R11946 GND.n3355 GND.n3354 0.0300385
R11947 GND.n3354 GND.n3349 0.0300385
R11948 GND.n3349 GND.n3348 0.0300385
R11949 GND.n3348 GND.n3345 0.0300385
R11950 GND.n3345 GND.n3344 0.0300385
R11951 GND.n3344 GND.n3339 0.0300385
R11952 GND.n3339 GND.n3338 0.0300385
R11953 GND.n3338 GND.n3335 0.0300385
R11954 GND.n3335 GND.n3334 0.0300385
R11955 GND.n3334 GND.n3329 0.0300385
R11956 GND.n3329 GND.n3328 0.0300385
R11957 GND.n3328 GND.n3325 0.0300385
R11958 GND.n3325 GND.n3324 0.0300385
R11959 GND.n3324 GND.n3319 0.0300385
R11960 GND.n3319 GND.n3318 0.0300385
R11961 GND.n3318 GND.n3315 0.0300385
R11962 GND.n3315 GND.n3314 0.0300385
R11963 GND.n3314 GND.n3309 0.0300385
R11964 GND.n3309 GND.n3308 0.0300385
R11965 GND.n3308 GND.n3305 0.0300385
R11966 GND.n3305 GND.n3302 0.0300385
R11967 GND.n3474 GND.n3302 0.0300385
R11968 GND.n3645 GND.n3607 0.0300385
R11969 GND.n3607 GND.n3605 0.0300385
R11970 GND.n3605 GND.n3604 0.0300385
R11971 GND.n3604 GND.n3603 0.0300385
R11972 GND.n3609 GND.n3603 0.0300385
R11973 GND.n3609 GND.n3600 0.0300385
R11974 GND.n3600 GND.n3599 0.0300385
R11975 GND.n3599 GND.n3598 0.0300385
R11976 GND.n3610 GND.n3598 0.0300385
R11977 GND.n3610 GND.n3595 0.0300385
R11978 GND.n3595 GND.n3594 0.0300385
R11979 GND.n3594 GND.n3593 0.0300385
R11980 GND.n3611 GND.n3593 0.0300385
R11981 GND.n3611 GND.n3590 0.0300385
R11982 GND.n3590 GND.n3589 0.0300385
R11983 GND.n3589 GND.n3588 0.0300385
R11984 GND.n3612 GND.n3588 0.0300385
R11985 GND.n3612 GND.n3585 0.0300385
R11986 GND.n3585 GND.n3584 0.0300385
R11987 GND.n3584 GND.n3583 0.0300385
R11988 GND.n3613 GND.n3583 0.0300385
R11989 GND.n3613 GND.n3580 0.0300385
R11990 GND.n3580 GND.n3579 0.0300385
R11991 GND.n3579 GND.n3578 0.0300385
R11992 GND.n3614 GND.n3578 0.0300385
R11993 GND.n3614 GND.n3575 0.0300385
R11994 GND.n3575 GND.n3574 0.0300385
R11995 GND.n3574 GND.n3573 0.0300385
R11996 GND.n3616 GND.n3573 0.0300385
R11997 GND.n3616 GND.n3570 0.0300385
R11998 GND.n3570 GND.n3569 0.0300385
R11999 GND.n3569 GND.n3568 0.0300385
R12000 GND.n3619 GND.n3568 0.0300385
R12001 GND.n3619 GND.n3565 0.0300385
R12002 GND.n3565 GND.n3564 0.0300385
R12003 GND.n3564 GND.n3563 0.0300385
R12004 GND.n3563 GND.n3212 0.0300385
R12005 GND.n3703 GND.n3212 0.0300385
R12006 GND.n3703 GND.n3211 0.0300385
R12007 GND.n3558 GND.n3211 0.0300385
R12008 GND.n3558 GND.n3217 0.0300385
R12009 GND.n3555 GND.n3217 0.0300385
R12010 GND.n3555 GND.n3219 0.0300385
R12011 GND.n3549 GND.n3219 0.0300385
R12012 GND.n3549 GND.n3223 0.0300385
R12013 GND.n3546 GND.n3223 0.0300385
R12014 GND.n3546 GND.n3225 0.0300385
R12015 GND.n3540 GND.n3225 0.0300385
R12016 GND.n3540 GND.n3229 0.0300385
R12017 GND.n3537 GND.n3229 0.0300385
R12018 GND.n3537 GND.n3230 0.0300385
R12019 GND.n3531 GND.n3230 0.0300385
R12020 GND.n3531 GND.n3234 0.0300385
R12021 GND.n3528 GND.n3234 0.0300385
R12022 GND.n3528 GND.n3237 0.0300385
R12023 GND.n3522 GND.n3237 0.0300385
R12024 GND.n3522 GND.n3241 0.0300385
R12025 GND.n3519 GND.n3241 0.0300385
R12026 GND.n3519 GND.n3244 0.0300385
R12027 GND.n3513 GND.n3244 0.0300385
R12028 GND.n3513 GND.n3248 0.0300385
R12029 GND.n3510 GND.n3248 0.0300385
R12030 GND.n3510 GND.n3251 0.0300385
R12031 GND.n3504 GND.n3251 0.0300385
R12032 GND.n3504 GND.n3255 0.0300385
R12033 GND.n3501 GND.n3255 0.0300385
R12034 GND.n3501 GND.n3257 0.0300385
R12035 GND.n3495 GND.n3257 0.0300385
R12036 GND.n3495 GND.n3261 0.0300385
R12037 GND.n3492 GND.n3261 0.0300385
R12038 GND.n3492 GND.n3264 0.0300385
R12039 GND.n3486 GND.n3264 0.0300385
R12040 GND.n3486 GND.n3268 0.0300385
R12041 GND.n3483 GND.n3268 0.0300385
R12042 GND.n3483 GND.n3270 0.0300385
R12043 GND.n3477 GND.n3270 0.0300385
R12044 GND.n3643 GND.n3608 0.0300385
R12045 GND.n3643 GND.n3642 0.0300385
R12046 GND.n6 GND.n3641 0.0156729
R12047 GND.n3641 GND.n7 0.0300385
R12048 GND.n8 GND.n7 0.0156729
R12049 GND.n3640 GND.n3639 0.0300385
R12050 GND.n3639 GND.n9 0.0156729
R12051 GND.n3638 GND.n10 0.0300385
R12052 GND.n11 GND.n10 0.0156729
R12053 GND.n3637 GND.n3636 0.0300385
R12054 GND.n3636 GND.n12 0.0156729
R12055 GND.n3635 GND.n13 0.0300385
R12056 GND.n14 GND.n13 0.0157411
R12057 GND.n3634 GND.n3633 0.0300385
R12058 GND.n3633 GND.n15 0.0156729
R12059 GND.n3632 GND.n16 0.0300385
R12060 GND.n17 GND.n16 0.0156729
R12061 GND.n3631 GND.n3630 0.0300385
R12062 GND.n18 GND.n3629 0.0156729
R12063 GND.n3629 GND.n19 0.0300385
R12064 GND.n20 GND.n19 0.0156729
R12065 GND.n3628 GND.n3627 0.0300385
R12066 GND.n3627 GND.n21 0.0156729
R12067 GND.n3626 GND.n3615 0.0300385
R12068 GND.n3625 GND.n22 0.0156729
R12069 GND.n3625 GND.n3624 0.0300385
R12070 GND.n3624 GND.n23 0.0156729
R12071 GND.n3623 GND.n24 0.0300385
R12072 GND.n25 GND.n24 0.0156729
R12073 GND.n3622 GND.n3621 0.0300385
R12074 GND.n26 GND.n27 0.0156729
R12075 GND.n3620 GND.n27 0.0300385
R12076 GND.n28 GND.n3618 0.0156729
R12077 GND.n3618 GND.n3617 0.0300385
R12078 GND.n29 GND.n30 0.0156729
R12079 GND.n30 GND.n3210 0.0300385
R12080 GND.n3704 GND.n31 0.0156729
R12081 GND.n3704 GND.n33 0.0300385
R12082 GND.n32 GND.n33 0.0156752
R12083 GND.n3557 GND.n34 0.0300385
R12084 GND.n35 GND.n34 0.0156729
R12085 GND.n3556 GND.n3218 0.0300385
R12086 GND.n3548 GND.n36 0.0156729
R12087 GND.n3548 GND.n37 0.0300385
R12088 GND.n38 GND.n37 0.0156729
R12089 GND.n3547 GND.n3224 0.0300385
R12090 GND.n39 GND.n3224 0.0156729
R12091 GND.n3539 GND.n40 0.0300385
R12092 GND.n41 GND.n40 0.0156729
R12093 GND.n3538 GND.n809 0.0300385
R12094 GND.n3530 GND.n42 0.0156729
R12095 GND.n3530 GND.n3235 0.0300385
R12096 GND.n3529 GND.n43 0.0156729
R12097 GND.n3529 GND.n3236 0.0300385
R12098 GND.n44 GND.n3236 0.0156729
R12099 GND.n3521 GND.n3242 0.0300385
R12100 GND.n3520 GND.n45 0.0156729
R12101 GND.n3520 GND.n3243 0.0300385
R12102 GND.n46 GND.n3243 0.0156729
R12103 GND.n3512 GND.n3249 0.0300385
R12104 GND.n3511 GND.n47 0.0156729
R12105 GND.n3511 GND.n3250 0.0300385
R12106 GND.n3503 GND.n48 0.0156729
R12107 GND.n3503 GND.n49 0.0300385
R12108 GND.n50 GND.n49 0.0156729
R12109 GND.n3502 GND.n3256 0.0300385
R12110 GND.n3494 GND.n51 0.0156729
R12111 GND.n3494 GND.n3262 0.0300385
R12112 GND.n3493 GND.n52 0.0156729
R12113 GND.n3493 GND.n3263 0.0300385
R12114 GND.n3485 GND.n53 0.0156729
R12115 GND.n3485 GND.n54 0.0300385
R12116 GND.n55 GND.n54 0.0156729
R12117 GND.n3484 GND.n3269 0.0300385
R12118 GND.n56 GND.n3269 0.0156729
R12119 GND.n3814 GND.n3185 0.0300385
R12120 GND.n3812 GND.n3811 0.0300385
R12121 GND.n3808 GND.n3807 0.0300385
R12122 GND.n3802 GND.n3801 0.0300385
R12123 GND.n3798 GND.n3797 0.0300385
R12124 GND.n3792 GND.n3791 0.0300385
R12125 GND.n3788 GND.n3787 0.0300385
R12126 GND.n3782 GND.n3781 0.0300385
R12127 GND.n3778 GND.n3777 0.0300385
R12128 GND.n3772 GND.n3771 0.0300385
R12129 GND.n3768 GND.n3767 0.0300385
R12130 GND.n3762 GND.n3761 0.0300385
R12131 GND.n3758 GND.n3757 0.0300385
R12132 GND.n3752 GND.n3176 0.0300385
R12133 GND.n3749 GND.n3176 0.0300385
R12134 GND.n3745 GND.n3744 0.0300385
R12135 GND.n3741 GND.n3740 0.0300385
R12136 GND.n3735 GND.n3734 0.0300385
R12137 GND.n3731 GND.n3730 0.0300385
R12138 GND.n3725 GND.n3724 0.0300385
R12139 GND.n3721 GND.n3196 0.0300385
R12140 GND.n3882 GND.n3197 0.0300385
R12141 GND.n3715 GND.n3714 0.0300385
R12142 GND.n61 GND.n3713 0.0156729
R12143 GND.n3713 GND.n60 0.0300385
R12144 GND.n59 GND.n60 0.0156729
R12145 GND.n3705 GND.n58 0.0300385
R12146 GND.n3289 GND.n57 0.0156729
R12147 GND.n3405 GND.n3289 0.0300385
R12148 GND.n3403 GND.n3402 0.0300385
R12149 GND.n3397 GND.n3396 0.0300385
R12150 GND.n3393 GND.n3392 0.0300385
R12151 GND.n3387 GND.n3386 0.0300385
R12152 GND.n3383 GND.n3382 0.0300385
R12153 GND.n3377 GND.n3376 0.0300385
R12154 GND.n3373 GND.n3372 0.0300385
R12155 GND.n3367 GND.n3366 0.0300385
R12156 GND.n3363 GND.n3362 0.0300385
R12157 GND.n3357 GND.n3356 0.0300385
R12158 GND.n3353 GND.n3352 0.0300385
R12159 GND.n3347 GND.n3346 0.0300385
R12160 GND.n3343 GND.n3342 0.0300385
R12161 GND.n3337 GND.n3336 0.0300385
R12162 GND.n3333 GND.n3332 0.0300385
R12163 GND.n3327 GND.n3326 0.0300385
R12164 GND.n3323 GND.n3322 0.0300385
R12165 GND.n3317 GND.n3316 0.0300385
R12166 GND.n3313 GND.n3312 0.0300385
R12167 GND.n3307 GND.n3306 0.0300385
R12168 GND.n3475 GND.n3301 0.0300385
R12169 GND.n123 GND.n3015 0.0156729
R12170 GND.n4091 GND.n3015 0.0300385
R12171 GND.n4091 GND.n122 0.0156729
R12172 GND.n4090 GND.n3021 0.0300385
R12173 GND.n4090 GND.n121 0.0156729
R12174 GND.n4082 GND.n3022 0.0300385
R12175 GND.n4082 GND.n120 0.0156729
R12176 GND.n4081 GND.n3028 0.0300385
R12177 GND.n4081 GND.n119 0.0156729
R12178 GND.n4073 GND.n3029 0.0300385
R12179 GND.n118 GND.n117 0.0156729
R12180 GND.n4072 GND.n117 0.0300385
R12181 GND.n4072 GND.n116 0.0156729
R12182 GND.n4064 GND.n3035 0.0300385
R12183 GND.n115 GND.n114 0.0156729
R12184 GND.n4063 GND.n114 0.0300385
R12185 GND.n113 GND.n3041 0.0156729
R12186 GND.n4055 GND.n3041 0.0300385
R12187 GND.n4055 GND.n112 0.0156729
R12188 GND.n4054 GND.n3047 0.0300385
R12189 GND.n111 GND.n3048 0.0156729
R12190 GND.n4046 GND.n3048 0.0300385
R12191 GND.n110 GND.n109 0.0156729
R12192 GND.n4045 GND.n109 0.0300385
R12193 GND.n4045 GND.n108 0.0156729
R12194 GND.n4037 GND.n3054 0.0300385
R12195 GND.n4037 GND.n107 0.0156729
R12196 GND.n4036 GND.n3060 0.0300385
R12197 GND.n106 GND.n3061 0.0156729
R12198 GND.n4028 GND.n3061 0.0300385
R12199 GND.n4028 GND.n105 0.0156729
R12200 GND.n4027 GND.n3067 0.0300385
R12201 GND.n104 GND.n3068 0.0156729
R12202 GND.n4019 GND.n3068 0.0300385
R12203 GND.n4019 GND.n103 0.0156729
R12204 GND.n4018 GND.n3074 0.0300385
R12205 GND.n4018 GND.n102 0.0156729
R12206 GND.n4010 GND.n3075 0.0300385
R12207 GND.n4010 GND.n101 0.0156729
R12208 GND.n4009 GND.n3081 0.0300385
R12209 GND.n4009 GND.n100 0.0156729
R12210 GND.n4001 GND.n3082 0.0300385
R12211 GND.n99 GND.n98 0.0156729
R12212 GND.n4000 GND.n98 0.0300385
R12213 GND.n4000 GND.n93 0.0156729
R12214 GND.n3992 GND.n3088 0.0300385
R12215 GND.n3992 GND.n92 0.0156729
R12216 GND.n3991 GND.n3094 0.0300385
R12217 GND.n91 GND.n90 0.0156625
R12218 GND.n3983 GND.n90 0.0300385
R12219 GND.n89 GND.n88 0.0156729
R12220 GND.n3982 GND.n88 0.0300385
R12221 GND.n3982 GND.n87 0.0156729
R12222 GND.n3974 GND.n3100 0.0300385
R12223 GND.n3974 GND.n86 0.0156729
R12224 GND.n3973 GND.n3106 0.0300385
R12225 GND.n3973 GND.n85 0.0156729
R12226 GND.n3965 GND.n3107 0.0300385
R12227 GND.n3965 GND.n84 0.0156729
R12228 GND.n3964 GND.n3113 0.0300385
R12229 GND.n3964 GND.n83 0.0156729
R12230 GND.n3956 GND.n3114 0.0300385
R12231 GND.n3956 GND.n82 0.0156729
R12232 GND.n3955 GND.n3120 0.0300385
R12233 GND.n3955 GND.n81 0.0156729
R12234 GND.n3947 GND.n3121 0.0300385
R12235 GND.n3947 GND.n80 0.0156729
R12236 GND.n3946 GND.n3127 0.0300385
R12237 GND.n3946 GND.n79 0.0156729
R12238 GND.n3938 GND.n808 0.0300385
R12239 GND.n3938 GND.n78 0.0156729
R12240 GND.n3937 GND.n3133 0.0300385
R12241 GND.n3937 GND.n77 0.0156729
R12242 GND.n3929 GND.n3134 0.0300385
R12243 GND.n76 GND.n75 0.0156729
R12244 GND.n3928 GND.n75 0.0300385
R12245 GND.n3928 GND.n74 0.0156729
R12246 GND.n3920 GND.n3140 0.0300385
R12247 GND.n73 GND.n72 0.0156729
R12248 GND.n3919 GND.n72 0.0300385
R12249 GND.n3919 GND.n71 0.0156729
R12250 GND.n3911 GND.n3146 0.0300385
R12251 GND.n70 GND.n69 0.0156729
R12252 GND.n3910 GND.n69 0.0300385
R12253 GND.n3910 GND.n68 0.0156729
R12254 GND.n3902 GND.n3152 0.0300385
R12255 GND.n67 GND.n66 0.0156729
R12256 GND.n3901 GND.n66 0.0300385
R12257 GND.n65 GND.n3158 0.0156729
R12258 GND.n3893 GND.n3158 0.0300385
R12259 GND.n64 GND.n63 0.0156729
R12260 GND.n3892 GND.n63 0.0300385
R12261 GND.n3892 GND.n62 0.0156729
R12262 GND.n3884 GND.n3164 0.0300385
R12263 GND.n7136 GND.n377 0.0156729
R12264 GND.n7137 GND.n1140 0.0300385
R12265 GND.n7138 GND.n378 0.0156729
R12266 GND.n7139 GND.n7138 0.0300385
R12267 GND.n380 GND.n379 0.0156729
R12268 GND.n7140 GND.n379 0.0300385
R12269 GND.n7141 GND.n381 0.0156729
R12270 GND.n7142 GND.n7141 0.0300385
R12271 GND.n383 GND.n382 0.0156729
R12272 GND.n7143 GND.n382 0.0300385
R12273 GND.n7144 GND.n384 0.0156729
R12274 GND.n7145 GND.n7144 0.0300385
R12275 GND.n386 GND.n385 0.0156729
R12276 GND.n7146 GND.n385 0.0300385
R12277 GND.n7147 GND.n387 0.0156729
R12278 GND.n7148 GND.n7147 0.0300385
R12279 GND.n389 GND.n388 0.0156729
R12280 GND.n7149 GND.n388 0.0300385
R12281 GND.n7150 GND.n390 0.0156729
R12282 GND.n7151 GND.n7150 0.0300385
R12283 GND.n392 GND.n391 0.0156729
R12284 GND.n7152 GND.n391 0.0300385
R12285 GND.n7153 GND.n393 0.0156729
R12286 GND.n7154 GND.n7153 0.0300385
R12287 GND.n395 GND.n394 0.0156729
R12288 GND.n7155 GND.n394 0.0300385
R12289 GND.n7156 GND.n396 0.0156729
R12290 GND.n7157 GND.n7156 0.0300385
R12291 GND.n398 GND.n397 0.0156729
R12292 GND.n7158 GND.n397 0.0300385
R12293 GND.n7159 GND.n399 0.0156729
R12294 GND.n7160 GND.n7159 0.0300385
R12295 GND.n401 GND.n400 0.0156729
R12296 GND.n7161 GND.n400 0.0300385
R12297 GND.n7162 GND.n402 0.0156729
R12298 GND.n7163 GND.n7162 0.0300385
R12299 GND.n404 GND.n403 0.0156729
R12300 GND.n7164 GND.n403 0.0300385
R12301 GND.n7165 GND.n405 0.0156729
R12302 GND.n7166 GND.n7165 0.0300385
R12303 GND.n407 GND.n406 0.0156729
R12304 GND.n7167 GND.n406 0.0300385
R12305 GND.n7168 GND.n408 0.0156729
R12306 GND.n7169 GND.n7168 0.0300385
R12307 GND.n410 GND.n409 0.0156729
R12308 GND.n7170 GND.n409 0.0300385
R12309 GND.n7171 GND.n411 0.0156729
R12310 GND.n7172 GND.n7171 0.0300385
R12311 GND.n413 GND.n412 0.0156729
R12312 GND.n7173 GND.n412 0.0300385
R12313 GND.n7174 GND.n414 0.0156729
R12314 GND.n7175 GND.n7174 0.0300385
R12315 GND.n7175 GND.n688 0.0300385
R12316 GND.n689 GND.n688 0.0156729
R12317 GND.n7177 GND.n7176 0.0300385
R12318 GND.n415 GND.n7177 0.0156729
R12319 GND.n7178 GND.n1097 0.0300385
R12320 GND.n7179 GND.n416 0.0156729
R12321 GND.n7180 GND.n7179 0.0300385
R12322 GND.n7181 GND.n417 0.0156729
R12323 GND.n7181 GND.n1093 0.0300385
R12324 GND.n7182 GND.n418 0.0156729
R12325 GND.n7183 GND.n7182 0.0300385
R12326 GND.n7184 GND.n419 0.0156729
R12327 GND.n7184 GND.n1089 0.0300385
R12328 GND.n7185 GND.n420 0.0156729
R12329 GND.n7186 GND.n7185 0.0300385
R12330 GND.n7187 GND.n421 0.0156729
R12331 GND.n7187 GND.n1085 0.0300385
R12332 GND.n7188 GND.n422 0.0156729
R12333 GND.n7189 GND.n7188 0.0300385
R12334 GND.n7190 GND.n423 0.0156729
R12335 GND.n7190 GND.n1081 0.0300385
R12336 GND.n7191 GND.n424 0.0156729
R12337 GND.n7192 GND.n7191 0.0300385
R12338 GND.n7193 GND.n425 0.0156729
R12339 GND.n7193 GND.n1077 0.0300385
R12340 GND.n7194 GND.n426 0.0156729
R12341 GND.n7195 GND.n7194 0.0300385
R12342 GND.n7196 GND.n427 0.0156729
R12343 GND.n7196 GND.n1073 0.0300385
R12344 GND.n7197 GND.n428 0.0156729
R12345 GND.n7198 GND.n7197 0.0300385
R12346 GND.n7199 GND.n429 0.0156729
R12347 GND.n7199 GND.n1069 0.0300385
R12348 GND.n7200 GND.n430 0.0156729
R12349 GND.n7201 GND.n7200 0.0300385
R12350 GND.n7202 GND.n431 0.0156729
R12351 GND.n7202 GND.n1065 0.0300385
R12352 GND.n7203 GND.n432 0.0156729
R12353 GND.n7204 GND.n7203 0.0300385
R12354 GND.n7205 GND.n433 0.0156729
R12355 GND.n7205 GND.n1061 0.0300385
R12356 GND.n7206 GND.n434 0.0156729
R12357 GND.n7207 GND.n7206 0.0300385
R12358 GND.n7208 GND.n435 0.0156729
R12359 GND.n7208 GND.n1057 0.0300385
R12360 GND.n7209 GND.n436 0.0156729
R12361 GND.n7210 GND.n7209 0.0300385
R12362 GND.n7211 GND.n437 0.0156729
R12363 GND.n7211 GND.n1053 0.0300385
R12364 GND.n7212 GND.n438 0.0156729
R12365 GND.n7213 GND.n7212 0.0300385
R12366 GND.n7214 GND.n439 0.0156729
R12367 GND.n7214 GND.n810 0.0300385
R12368 GND.n156 GND.n810 0.0752841
R12369 GND.n7215 GND.n155 0.0300385
R12370 GND.n173 GND.n7215 0.0156729
R12371 GND.n7217 GND.n7216 0.0300385
R12372 GND.n316 GND.n315 0.0156729
R12373 GND.n7218 GND.n315 0.0300385
R12374 GND.n7219 GND.n317 0.0156729
R12375 GND.n7220 GND.n7219 0.0300385
R12376 GND.n319 GND.n318 0.0156729
R12377 GND.n7221 GND.n318 0.0300385
R12378 GND.n7222 GND.n320 0.0156729
R12379 GND.n7223 GND.n7222 0.0300385
R12380 GND.n322 GND.n321 0.0156729
R12381 GND.n7224 GND.n321 0.0300385
R12382 GND.n7225 GND.n323 0.0156729
R12383 GND.n7226 GND.n7225 0.0300385
R12384 GND.n325 GND.n324 0.0156729
R12385 GND.n7227 GND.n324 0.0300385
R12386 GND.n7228 GND.n326 0.0156729
R12387 GND.n7229 GND.n7228 0.0300385
R12388 GND.n328 GND.n327 0.0156729
R12389 GND.n7230 GND.n327 0.0300385
R12390 GND.n7231 GND.n329 0.0156729
R12391 GND.n7232 GND.n7231 0.0300385
R12392 GND.n331 GND.n330 0.0156729
R12393 GND.n7233 GND.n330 0.0300385
R12394 GND.n7234 GND.n332 0.0156729
R12395 GND.n7235 GND.n7234 0.0300385
R12396 GND.n334 GND.n333 0.0156729
R12397 GND.n7236 GND.n333 0.0300385
R12398 GND.n7237 GND.n335 0.0156729
R12399 GND.n7238 GND.n7237 0.0300385
R12400 GND.n337 GND.n336 0.0156729
R12401 GND.n7239 GND.n336 0.0300385
R12402 GND.n7240 GND.n338 0.0156729
R12403 GND.n7241 GND.n7240 0.0300385
R12404 GND.n340 GND.n339 0.0156729
R12405 GND.n7242 GND.n339 0.0300385
R12406 GND.n7243 GND.n341 0.0156729
R12407 GND.n7244 GND.n7243 0.0300385
R12408 GND.n343 GND.n342 0.0156729
R12409 GND.n7245 GND.n342 0.0300385
R12410 GND.n7246 GND.n344 0.0156729
R12411 GND.n7247 GND.n7246 0.0300385
R12412 GND.n346 GND.n345 0.0156729
R12413 GND.n7248 GND.n345 0.0300385
R12414 GND.n7249 GND.n347 0.0156729
R12415 GND.n7250 GND.n7249 0.0300385
R12416 GND.n349 GND.n348 0.0156729
R12417 GND.n7251 GND.n348 0.0300385
R12418 GND.n7252 GND.n350 0.0156729
R12419 GND.n7253 GND.n7252 0.0300385
R12420 GND.n352 GND.n351 0.0156729
R12421 GND.n7254 GND.n351 0.0300385
R12422 GND.n7255 GND.n685 0.0156729
R12423 GND.n7256 GND.n7255 0.0300385
R12424 GND.n7256 GND.n1004 0.0300385
R12425 GND.n7257 GND.n353 0.0156729
R12426 GND.n7258 GND.n7257 0.0300385
R12427 GND.n7259 GND.n354 0.0156729
R12428 GND.n7259 GND.n1000 0.0300385
R12429 GND.n7260 GND.n355 0.0156729
R12430 GND.n7261 GND.n7260 0.0300385
R12431 GND.n7262 GND.n356 0.0156729
R12432 GND.n7262 GND.n996 0.0300385
R12433 GND.n7263 GND.n357 0.0156729
R12434 GND.n7264 GND.n7263 0.0300385
R12435 GND.n7265 GND.n358 0.0156729
R12436 GND.n7265 GND.n992 0.0300385
R12437 GND.n7266 GND.n359 0.0156729
R12438 GND.n7267 GND.n7266 0.0300385
R12439 GND.n7268 GND.n360 0.0156729
R12440 GND.n7268 GND.n988 0.0300385
R12441 GND.n7269 GND.n361 0.0156729
R12442 GND.n7270 GND.n7269 0.0300385
R12443 GND.n7271 GND.n362 0.0156729
R12444 GND.n7271 GND.n984 0.0300385
R12445 GND.n7272 GND.n363 0.0156729
R12446 GND.n7273 GND.n7272 0.0300385
R12447 GND.n7274 GND.n364 0.0156729
R12448 GND.n7274 GND.n980 0.0300385
R12449 GND.n7275 GND.n365 0.0156729
R12450 GND.n7276 GND.n7275 0.0300385
R12451 GND.n7277 GND.n366 0.0156729
R12452 GND.n7277 GND.n976 0.0300385
R12453 GND.n7278 GND.n367 0.0156729
R12454 GND.n7279 GND.n7278 0.0300385
R12455 GND.n7280 GND.n368 0.0156729
R12456 GND.n7280 GND.n972 0.0300385
R12457 GND.n7281 GND.n369 0.0156729
R12458 GND.n7282 GND.n7281 0.0300385
R12459 GND.n7283 GND.n370 0.0156729
R12460 GND.n7283 GND.n968 0.0300385
R12461 GND.n7284 GND.n371 0.0156729
R12462 GND.n7285 GND.n7284 0.0300385
R12463 GND.n7286 GND.n372 0.0156729
R12464 GND.n7286 GND.n964 0.0300385
R12465 GND.n7287 GND.n373 0.0156729
R12466 GND.n7288 GND.n7287 0.0300385
R12467 GND.n7289 GND.n374 0.0156729
R12468 GND.n7289 GND.n960 0.0300385
R12469 GND.n7290 GND.n375 0.0156729
R12470 GND.n7291 GND.n7290 0.0300385
R12471 GND.n7292 GND.n376 0.0156729
R12472 GND.n7292 GND.n691 0.0300385
R12473 GND.n182 GND.n691 0.0156729
R12474 GND.n148 GND.n147 0.0300385
R12475 GND.n7293 GND.n141 0.101253
R12476 GND.n7294 GND.n7293 0.0300385
R12477 GND.n7295 GND.n265 0.0156729
R12478 GND.n7295 GND.n947 0.0300385
R12479 GND.n7296 GND.n266 0.0156729
R12480 GND.n7297 GND.n7296 0.0300385
R12481 GND.n7298 GND.n267 0.0156729
R12482 GND.n7298 GND.n943 0.0300385
R12483 GND.n7299 GND.n268 0.0156729
R12484 GND.n7300 GND.n7299 0.0300385
R12485 GND.n7301 GND.n269 0.0156729
R12486 GND.n7301 GND.n939 0.0300385
R12487 GND.n7302 GND.n270 0.0156729
R12488 GND.n7303 GND.n7302 0.0300385
R12489 GND.n7304 GND.n271 0.0156729
R12490 GND.n7304 GND.n935 0.0300385
R12491 GND.n7305 GND.n272 0.0156729
R12492 GND.n7306 GND.n7305 0.0300385
R12493 GND.n7307 GND.n273 0.0156729
R12494 GND.n7307 GND.n931 0.0300385
R12495 GND.n7308 GND.n274 0.0156729
R12496 GND.n7309 GND.n7308 0.0300385
R12497 GND.n7310 GND.n275 0.0156729
R12498 GND.n7310 GND.n927 0.0300385
R12499 GND.n7311 GND.n276 0.0156729
R12500 GND.n7312 GND.n7311 0.0300385
R12501 GND.n7313 GND.n277 0.0156729
R12502 GND.n7313 GND.n923 0.0300385
R12503 GND.n7314 GND.n278 0.0156729
R12504 GND.n7315 GND.n7314 0.0300385
R12505 GND.n7316 GND.n279 0.0156729
R12506 GND.n7316 GND.n919 0.0300385
R12507 GND.n7317 GND.n280 0.0156729
R12508 GND.n7318 GND.n7317 0.0300385
R12509 GND.n7319 GND.n281 0.0156729
R12510 GND.n7319 GND.n915 0.0300385
R12511 GND.n7320 GND.n282 0.0156729
R12512 GND.n7321 GND.n7320 0.0300385
R12513 GND.n7322 GND.n283 0.0156729
R12514 GND.n7322 GND.n911 0.0300385
R12515 GND.n7323 GND.n284 0.0156729
R12516 GND.n7324 GND.n7323 0.0300385
R12517 GND.n7325 GND.n285 0.0156729
R12518 GND.n7325 GND.n907 0.0300385
R12519 GND.n7326 GND.n286 0.0156729
R12520 GND.n7327 GND.n7326 0.0300385
R12521 GND.n7328 GND.n287 0.0156729
R12522 GND.n7328 GND.n288 0.0300385
R12523 GND.n7329 GND.n288 0.0300385
R12524 GND.n686 GND.n7329 0.0156729
R12525 GND.n7330 GND.n289 0.0300385
R12526 GND.n290 GND.n289 0.0156729
R12527 GND.n7332 GND.n7331 0.0300385
R12528 GND.n7333 GND.n291 0.0156729
R12529 GND.n7333 GND.n898 0.0300385
R12530 GND.n7334 GND.n292 0.0156729
R12531 GND.n7335 GND.n7334 0.0300385
R12532 GND.n7336 GND.n293 0.0156729
R12533 GND.n7336 GND.n894 0.0300385
R12534 GND.n7337 GND.n294 0.0156729
R12535 GND.n7338 GND.n7337 0.0300385
R12536 GND.n7339 GND.n295 0.0156729
R12537 GND.n7339 GND.n890 0.0300385
R12538 GND.n7340 GND.n296 0.0156729
R12539 GND.n7341 GND.n7340 0.0300385
R12540 GND.n7342 GND.n297 0.0156729
R12541 GND.n7342 GND.n886 0.0300385
R12542 GND.n7343 GND.n298 0.0156729
R12543 GND.n7344 GND.n7343 0.0300385
R12544 GND.n7345 GND.n299 0.0156729
R12545 GND.n7345 GND.n882 0.0300385
R12546 GND.n7346 GND.n300 0.0156729
R12547 GND.n7347 GND.n7346 0.0300385
R12548 GND.n7348 GND.n301 0.0156729
R12549 GND.n7348 GND.n878 0.0300385
R12550 GND.n7349 GND.n302 0.0156729
R12551 GND.n7350 GND.n7349 0.0300385
R12552 GND.n7351 GND.n303 0.0156729
R12553 GND.n7351 GND.n874 0.0300385
R12554 GND.n7352 GND.n304 0.0156729
R12555 GND.n7353 GND.n7352 0.0300385
R12556 GND.n7354 GND.n305 0.0156729
R12557 GND.n7354 GND.n870 0.0300385
R12558 GND.n7355 GND.n306 0.0156729
R12559 GND.n7356 GND.n7355 0.0300385
R12560 GND.n7357 GND.n307 0.0156729
R12561 GND.n7357 GND.n866 0.0300385
R12562 GND.n7358 GND.n308 0.0156729
R12563 GND.n7359 GND.n7358 0.0300385
R12564 GND.n7360 GND.n309 0.0156729
R12565 GND.n7360 GND.n862 0.0300385
R12566 GND.n7361 GND.n310 0.0156729
R12567 GND.n7362 GND.n7361 0.0300385
R12568 GND.n7363 GND.n311 0.0156729
R12569 GND.n7363 GND.n858 0.0300385
R12570 GND.n7364 GND.n312 0.0156729
R12571 GND.n7365 GND.n7364 0.0300385
R12572 GND.n7366 GND.n313 0.0156729
R12573 GND.n7366 GND.n854 0.0300385
R12574 GND.n7367 GND.n314 0.0156729
R12575 GND.n7368 GND.n7367 0.0300385
R12576 GND.n170 GND.n7368 0.0156729
R12577 GND.n7369 GND.n163 0.0300385
R12578 GND.n153 GND.n196 0.101417
R12579 GND.n7370 GND.n196 0.0300385
R12580 GND.n7371 GND.n197 0.0156729
R12581 GND.n7372 GND.n7371 0.0300385
R12582 GND.n199 GND.n198 0.0156729
R12583 GND.n7373 GND.n198 0.0300385
R12584 GND.n7374 GND.n200 0.0156729
R12585 GND.n7375 GND.n7374 0.0300385
R12586 GND.n202 GND.n201 0.0156729
R12587 GND.n7376 GND.n201 0.0300385
R12588 GND.n7377 GND.n203 0.0156729
R12589 GND.n7378 GND.n7377 0.0300385
R12590 GND.n205 GND.n204 0.0156729
R12591 GND.n7379 GND.n204 0.0300385
R12592 GND.n7380 GND.n206 0.0156729
R12593 GND.n7381 GND.n7380 0.0300385
R12594 GND.n208 GND.n207 0.0156729
R12595 GND.n7382 GND.n207 0.0300385
R12596 GND.n7383 GND.n209 0.0156729
R12597 GND.n7384 GND.n7383 0.0300385
R12598 GND.n211 GND.n210 0.0156729
R12599 GND.n7385 GND.n210 0.0300385
R12600 GND.n7386 GND.n212 0.0156729
R12601 GND.n7387 GND.n7386 0.0300385
R12602 GND.n214 GND.n213 0.0156729
R12603 GND.n7388 GND.n213 0.0300385
R12604 GND.n7389 GND.n215 0.0156729
R12605 GND.n7390 GND.n7389 0.0300385
R12606 GND.n217 GND.n216 0.0156729
R12607 GND.n7391 GND.n216 0.0300385
R12608 GND.n7392 GND.n218 0.0156729
R12609 GND.n7393 GND.n7392 0.0300385
R12610 GND.n220 GND.n219 0.0156729
R12611 GND.n7394 GND.n219 0.0300385
R12612 GND.n7395 GND.n221 0.0156729
R12613 GND.n7396 GND.n7395 0.0300385
R12614 GND.n223 GND.n222 0.0156729
R12615 GND.n7397 GND.n222 0.0300385
R12616 GND.n7398 GND.n224 0.0156729
R12617 GND.n7399 GND.n7398 0.0300385
R12618 GND.n226 GND.n225 0.0156729
R12619 GND.n7400 GND.n225 0.0300385
R12620 GND.n7401 GND.n227 0.0156729
R12621 GND.n7402 GND.n7401 0.0300385
R12622 GND.n229 GND.n228 0.0156729
R12623 GND.n7403 GND.n228 0.0300385
R12624 GND.n7404 GND.n230 0.0156729
R12625 GND.n7405 GND.n7404 0.0300385
R12626 GND.n678 GND.n811 0.0156729
R12627 GND.n5077 GND.n811 0.0300385
R12628 GND.n232 GND.n231 0.0156729
R12629 GND.n5076 GND.n231 0.0300385
R12630 GND.n233 GND.n2693 0.0156729
R12631 GND.n5068 GND.n2693 0.0300385
R12632 GND.n235 GND.n234 0.0156729
R12633 GND.n5067 GND.n234 0.0300385
R12634 GND.n236 GND.n2699 0.0156729
R12635 GND.n5059 GND.n2699 0.0300385
R12636 GND.n238 GND.n237 0.0156729
R12637 GND.n5058 GND.n237 0.0300385
R12638 GND.n239 GND.n2705 0.0156729
R12639 GND.n5050 GND.n2705 0.0300385
R12640 GND.n241 GND.n240 0.0156729
R12641 GND.n5049 GND.n240 0.0300385
R12642 GND.n242 GND.n2711 0.0156729
R12643 GND.n5041 GND.n2711 0.0300385
R12644 GND.n244 GND.n243 0.0156729
R12645 GND.n5040 GND.n243 0.0300385
R12646 GND.n245 GND.n2717 0.0156729
R12647 GND.n5032 GND.n2717 0.0300385
R12648 GND.n247 GND.n246 0.0156729
R12649 GND.n5031 GND.n246 0.0300385
R12650 GND.n248 GND.n2723 0.0156729
R12651 GND.n5023 GND.n2723 0.0300385
R12652 GND.n250 GND.n249 0.0156729
R12653 GND.n5022 GND.n249 0.0300385
R12654 GND.n251 GND.n2729 0.0156729
R12655 GND.n5014 GND.n2729 0.0300385
R12656 GND.n253 GND.n252 0.0156729
R12657 GND.n5013 GND.n252 0.0300385
R12658 GND.n254 GND.n2735 0.0156729
R12659 GND.n5005 GND.n2735 0.0300385
R12660 GND.n256 GND.n255 0.0156729
R12661 GND.n5004 GND.n255 0.0300385
R12662 GND.n257 GND.n2741 0.0156729
R12663 GND.n4996 GND.n2741 0.0300385
R12664 GND.n259 GND.n258 0.0156729
R12665 GND.n4995 GND.n258 0.0300385
R12666 GND.n260 GND.n2747 0.0156729
R12667 GND.n4987 GND.n2747 0.0300385
R12668 GND.n262 GND.n261 0.0156729
R12669 GND.n4986 GND.n261 0.0300385
R12670 GND.n263 GND.n2753 0.0156729
R12671 GND.n4978 GND.n2753 0.0300385
R12672 GND.n681 GND.n680 0.0156729
R12673 GND.n4977 GND.n680 0.0300385
R12674 GND.n264 GND.n2759 0.0156729
R12675 GND.n2766 GND.n2759 0.0300385
R12676 GND.n160 GND.n163 0.0380316
R12677 GND.n144 GND.n148 0.0381873
R12678 GND.n124 GND.n128 0.0385679
R12679 GND.n133 GND.n134 0.0376071
R12680 GND.n139 GND.n137 0.0431554
R12681 GND.n2879 GND.n796 0.0293504
R12682 GND.n2867 GND.n2780 0.0293504
R12683 GND.n3171 GND.n3168 0.0285
R12684 GND.n3172 GND.n3169 0.0285
R12685 GND.n3173 GND.n3170 0.0285
R12686 GND.n3278 GND.n3275 0.0266538
R12687 GND.n3276 GND.n3273 0.0263462
R12688 GND.n3277 GND.n3274 0.0263462
R12689 GND.t0 GND.n14 1.12386
R12690 GND.n6984 GND.n6983 0.0156729
R12691 GND.n6988 GND.n6987 0.0156729
R12692 GND.n6991 GND.n6990 0.0156729
R12693 GND.n6995 GND.n6994 0.0156729
R12694 GND.n6998 GND.n6997 0.0156729
R12695 GND.n7001 GND.n7000 0.0156729
R12696 GND.n7003 GND.n7002 0.0156729
R12697 GND.n7006 GND.n7005 0.0156729
R12698 GND.n7010 GND.n7009 0.0156729
R12699 GND.n7014 GND.n7013 0.0156729
R12700 GND.n7017 GND.n7016 0.0156729
R12701 GND.n7019 GND.n7018 0.0156729
R12702 GND.n7023 GND.n7022 0.0156729
R12703 GND.n7025 GND.n7024 0.0156729
R12704 GND.n7029 GND.n7028 0.0156729
R12705 GND.n7033 GND.n7032 0.0156729
R12706 GND.n7035 GND.n7034 0.0156729
R12707 GND.n7039 GND.n7038 0.0156729
R12708 GND.n7042 GND.n7041 0.0156729
R12709 GND.n7045 GND.n7044 0.0156729
R12710 GND.n7048 GND.n7047 0.0156729
R12711 GND.n7052 GND.n7051 0.0156729
R12712 GND.n7055 GND.n7054 0.0156729
R12713 GND.n7058 GND.n7057 0.0156729
R12714 GND.n7061 GND.n7060 0.0156729
R12715 GND.n7064 GND.n7063 0.0156729
R12716 GND.n7068 GND.n7067 0.0156729
R12717 GND.n7071 GND.n7070 0.0156729
R12718 GND.n7074 GND.n7073 0.0156729
R12719 GND.n7078 GND.n7077 0.0156729
R12720 GND.n7081 GND.n7080 0.0156729
R12721 GND.n7084 GND.n7083 0.0156729
R12722 GND.n7087 GND.n7086 0.0156729
R12723 GND.n7090 GND.n7089 0.0156729
R12724 GND.n7092 GND.n7091 0.0156729
R12725 GND.n7096 GND.n7095 0.0156729
R12726 GND.n7099 GND.n7098 0.0156729
R12727 GND.n7102 GND.n7101 0.0156729
R12728 GND.n7105 GND.n7104 0.0156729
R12729 GND.n7108 GND.n7107 0.0156729
R12730 GND.n7111 GND.n7110 0.0156729
R12731 GND.n7115 GND.n7114 0.0156729
R12732 GND.n7119 GND.n7118 0.0156729
R12733 GND.n7123 GND.n7122 0.0156729
R12734 GND.n7127 GND.n7126 0.0156729
R12735 GND.n7131 GND.n7130 0.0156729
R12736 GND.n7134 GND.n7133 0.0156729
R12737 GND.n6804 GND.n1279 0.0156729
R12738 GND.n6810 GND.n1280 0.0156729
R12739 GND.n6811 GND.n1277 0.0156729
R12740 GND.n6818 GND.n1281 0.0156729
R12741 GND.n6821 GND.n1282 0.0156729
R12742 GND.n6824 GND.n1284 0.0156729
R12743 GND.n6831 GND.n1276 0.0156729
R12744 GND.n6835 GND.n1275 0.0156729
R12745 GND.n6836 GND.n1285 0.0156729
R12746 GND.n6842 GND.n1274 0.0156729
R12747 GND.n6847 GND.n1286 0.0156729
R12748 GND.n6850 GND.n1288 0.0156729
R12749 GND.n6856 GND.n1272 0.0156729
R12750 GND.n6859 GND.n1270 0.0156729
R12751 GND.n6865 GND.n1289 0.0156729
R12752 GND.n6871 GND.n1269 0.0156729
R12753 GND.n6874 GND.n1268 0.0156729
R12754 GND.n6880 GND.n1291 0.0156729
R12755 GND.n6884 GND.n1292 0.0156729
R12756 GND.n6888 GND.n1293 0.0156729
R12757 GND.n6889 GND.n1266 0.0156729
R12758 GND.n6896 GND.n1294 0.0156729
R12759 GND.n6900 GND.n1295 0.0156729
R12760 GND.n6904 GND.n1296 0.0156729
R12761 GND.n6907 GND.n1297 0.0156729
R12762 GND.n6912 GND.n1265 0.0156729
R12763 GND.n6918 GND.n1299 0.0156729
R12764 GND.n6922 GND.n1300 0.0156729
R12765 GND.n6923 GND.n1263 0.0156729
R12766 GND.n6929 GND.n1301 0.0156729
R12767 GND.n6935 GND.n1262 0.0156729
R12768 GND.n6938 GND.n1261 0.0156729
R12769 GND.n6943 GND.n1303 0.0156729
R12770 GND.n6948 GND.n1259 0.0156729
R12771 GND.n6954 GND.n1305 0.0156729
R12772 GND.n6958 GND.n1306 0.0156729
R12773 GND.n6962 GND.n1307 0.0156729
R12774 GND.n6965 GND.n1308 0.0156729
R12775 GND.n6970 GND.n1257 0.0156729
R12776 GND.n6976 GND.n1310 0.0156729
R12777 GND.n6980 GND.n1311 0.0156729
R12778 GND.n5910 GND.n1255 0.0156729
R12779 GND.n2426 GND.n1253 0.0156729
R12780 GND.n6448 GND.n1635 0.0156729
R12781 GND.n6454 GND.n1636 0.0156729
R12782 GND.n6455 GND.n1633 0.0156729
R12783 GND.n6462 GND.n1637 0.0156729
R12784 GND.n6466 GND.n1638 0.0156729
R12785 GND.n6467 GND.n1632 0.0156729
R12786 GND.n6474 GND.n1639 0.0156729
R12787 GND.n6478 GND.n1640 0.0156729
R12788 GND.n6482 GND.n1641 0.0156729
R12789 GND.n6483 GND.n1631 0.0156729
R12790 GND.n6487 GND.n1630 0.0156729
R12791 GND.n6494 GND.n1642 0.0156729
R12792 GND.n6498 GND.n1643 0.0156729
R12793 GND.n6501 GND.n1644 0.0156729
R12794 GND.n6506 GND.n1629 0.0156729
R12795 GND.n6511 GND.n1646 0.0156729
R12796 GND.n6516 GND.n1627 0.0156729
R12797 GND.n6522 GND.n1648 0.0156729
R12798 GND.n6526 GND.n1649 0.0156729
R12799 GND.n6530 GND.n1650 0.0156729
R12800 GND.n6534 GND.n1651 0.0156729
R12801 GND.n6538 GND.n1652 0.0156729
R12802 GND.n6539 GND.n1625 0.0156729
R12803 GND.n6543 GND.n1624 0.0156729
R12804 GND.n6549 GND.n1653 0.0156729
R12805 GND.n6554 GND.n1623 0.0156729
R12806 GND.n6560 GND.n1655 0.0156729
R12807 GND.n6564 GND.n1656 0.0156729
R12808 GND.n6567 GND.n1657 0.0156729
R12809 GND.n6573 GND.n1621 0.0156729
R12810 GND.n6577 GND.n1620 0.0156729
R12811 GND.n6581 GND.n1619 0.0156729
R12812 GND.n6584 GND.n1618 0.0156729
R12813 GND.n6590 GND.n1659 0.0156729
R12814 GND.n6594 GND.n1660 0.0156729
R12815 GND.n6598 GND.n1661 0.0156729
R12816 GND.n6602 GND.n1662 0.0156729
R12817 GND.n6605 GND.n1663 0.0156729
R12818 GND.n6611 GND.n1616 0.0156729
R12819 GND.n6615 GND.n1615 0.0156729
R12820 GND.n6619 GND.n1614 0.0156729
R12821 GND.n6622 GND.n1613 0.0156729
R12822 GND.n6628 GND.n1665 0.0156729
R12823 GND.n6631 GND.n1666 0.0156729
R12824 GND.n6636 GND.n1611 0.0156729
R12825 GND.n6642 GND.n6641 0.0156729
R12826 GND.n1669 GND.n1609 0.0156729
R12827 GND.n6316 GND.n2260 0.0156729
R12828 GND.n6315 GND.n6314 0.0156729
R12829 GND.n6303 GND.n2314 0.0156729
R12830 GND.n6302 GND.n2313 0.0156729
R12831 GND.n6290 GND.n2312 0.0156729
R12832 GND.n6286 GND.n2311 0.0156729
R12833 GND.n6277 GND.n2309 0.0156729
R12834 GND.n2329 GND.n2308 0.0156729
R12835 GND.n6265 GND.n2306 0.0156729
R12836 GND.n6257 GND.n2305 0.0156729
R12837 GND.n2338 GND.n2303 0.0156729
R12838 GND.n6246 GND.n2301 0.0156729
R12839 GND.n6236 GND.n2300 0.0156729
R12840 GND.n6235 GND.n2299 0.0156729
R12841 GND.n6224 GND.n2298 0.0156729
R12842 GND.n6220 GND.n2297 0.0156729
R12843 GND.n6211 GND.n2295 0.0156729
R12844 GND.n6201 GND.n2294 0.0156729
R12845 GND.n6199 GND.n2293 0.0156729
R12846 GND.n6189 GND.n2292 0.0156729
R12847 GND.n6187 GND.n2291 0.0156729
R12848 GND.n6179 GND.n2289 0.0156729
R12849 GND.n6175 GND.n2288 0.0156729
R12850 GND.n6167 GND.n2287 0.0156729
R12851 GND.n6163 GND.n2286 0.0156729
R12852 GND.n6155 GND.n2285 0.0156729
R12853 GND.n6151 GND.n2284 0.0156729
R12854 GND.n6143 GND.n2283 0.0156729
R12855 GND.n6139 GND.n2282 0.0156729
R12856 GND.n6131 GND.n2281 0.0156729
R12857 GND.n6127 GND.n2280 0.0156729
R12858 GND.n6119 GND.n2279 0.0156729
R12859 GND.n6115 GND.n2278 0.0156729
R12860 GND.n6114 GND.n2277 0.0156729
R12861 GND.n6103 GND.n2276 0.0156729
R12862 GND.n6095 GND.n2275 0.0156729
R12863 GND.n6091 GND.n2274 0.0156729
R12864 GND.n6083 GND.n2273 0.0156729
R12865 GND.n6079 GND.n2272 0.0156729
R12866 GND.n6071 GND.n2271 0.0156729
R12867 GND.n6067 GND.n2270 0.0156729
R12868 GND.n6059 GND.n2269 0.0156729
R12869 GND.n6048 GND.n2267 0.0156729
R12870 GND.n6046 GND.n2266 0.0156729
R12871 GND.n6038 GND.n2264 0.0156729
R12872 GND.n6027 GND.n2262 0.0156729
R12873 GND.n6028 GND.n2261 0.0156729
R12874 GND.n6446 GND.n1635 0.0156729
R12875 GND.n6451 GND.n1636 0.0156729
R12876 GND.n6458 GND.n1633 0.0156729
R12877 GND.n6459 GND.n1637 0.0156729
R12878 GND.n6463 GND.n1638 0.0156729
R12879 GND.n6470 GND.n1632 0.0156729
R12880 GND.n6471 GND.n1639 0.0156729
R12881 GND.n6475 GND.n1640 0.0156729
R12882 GND.n6479 GND.n1641 0.0156729
R12883 GND.n6486 GND.n1631 0.0156729
R12884 GND.n6490 GND.n1630 0.0156729
R12885 GND.n6491 GND.n1642 0.0156729
R12886 GND.n6495 GND.n1643 0.0156729
R12887 GND.n6499 GND.n1644 0.0156729
R12888 GND.n6504 GND.n1629 0.0156729
R12889 GND.n6509 GND.n1646 0.0156729
R12890 GND.n6514 GND.n1627 0.0156729
R12891 GND.n6519 GND.n1648 0.0156729
R12892 GND.n6523 GND.n1649 0.0156729
R12893 GND.n6527 GND.n1650 0.0156729
R12894 GND.n6531 GND.n1651 0.0156729
R12895 GND.n6535 GND.n1652 0.0156729
R12896 GND.n6542 GND.n1625 0.0156729
R12897 GND.n6546 GND.n1624 0.0156729
R12898 GND.n6547 GND.n1653 0.0156729
R12899 GND.n6552 GND.n1623 0.0156729
R12900 GND.n6557 GND.n1655 0.0156729
R12901 GND.n6561 GND.n1656 0.0156729
R12902 GND.n6565 GND.n1657 0.0156729
R12903 GND.n6570 GND.n1621 0.0156729
R12904 GND.n6574 GND.n1620 0.0156729
R12905 GND.n6578 GND.n1619 0.0156729
R12906 GND.n6582 GND.n1618 0.0156729
R12907 GND.n6587 GND.n1659 0.0156729
R12908 GND.n6591 GND.n1660 0.0156729
R12909 GND.n6595 GND.n1661 0.0156729
R12910 GND.n6599 GND.n1662 0.0156729
R12911 GND.n6603 GND.n1663 0.0156729
R12912 GND.n6608 GND.n1616 0.0156729
R12913 GND.n6612 GND.n1615 0.0156729
R12914 GND.n6616 GND.n1614 0.0156729
R12915 GND.n6620 GND.n1613 0.0156729
R12916 GND.n6625 GND.n1665 0.0156729
R12917 GND.n6629 GND.n1666 0.0156729
R12918 GND.n6634 GND.n1611 0.0156729
R12919 GND.n6642 GND.n1668 0.0156729
R12920 GND.n6333 GND.n1609 0.0156729
R12921 GND.n6317 GND.n6316 0.0156729
R12922 GND.n6315 GND.n2315 0.0156729
R12923 GND.n2316 GND.n2314 0.0156729
R12924 GND.n6299 GND.n2313 0.0156729
R12925 GND.n6298 GND.n2312 0.0156729
R12926 GND.n6289 GND.n2311 0.0156729
R12927 GND.n6279 GND.n2309 0.0156729
R12928 GND.n6276 GND.n2308 0.0156729
R12929 GND.n6267 GND.n2306 0.0156729
R12930 GND.n6264 GND.n2305 0.0156729
R12931 GND.n6254 GND.n2303 0.0156729
R12932 GND.n6244 GND.n2301 0.0156729
R12933 GND.n6243 GND.n2300 0.0156729
R12934 GND.n6232 GND.n2299 0.0156729
R12935 GND.n6231 GND.n2298 0.0156729
R12936 GND.n6223 GND.n2297 0.0156729
R12937 GND.n6213 GND.n2295 0.0156729
R12938 GND.n6210 GND.n2294 0.0156729
R12939 GND.n6202 GND.n2293 0.0156729
R12940 GND.n6198 GND.n2292 0.0156729
R12941 GND.n6190 GND.n2291 0.0156729
R12942 GND.n2363 GND.n2289 0.0156729
R12943 GND.n6178 GND.n2288 0.0156729
R12944 GND.n6174 GND.n2287 0.0156729
R12945 GND.n6166 GND.n2286 0.0156729
R12946 GND.n6162 GND.n2285 0.0156729
R12947 GND.n6154 GND.n2284 0.0156729
R12948 GND.n6150 GND.n2283 0.0156729
R12949 GND.n6142 GND.n2282 0.0156729
R12950 GND.n6138 GND.n2281 0.0156729
R12951 GND.n6130 GND.n2280 0.0156729
R12952 GND.n6126 GND.n2279 0.0156729
R12953 GND.n6118 GND.n2278 0.0156729
R12954 GND.n6107 GND.n2277 0.0156729
R12955 GND.n6106 GND.n2276 0.0156729
R12956 GND.n6102 GND.n2275 0.0156729
R12957 GND.n6094 GND.n2274 0.0156729
R12958 GND.n6090 GND.n2273 0.0156729
R12959 GND.n6082 GND.n2272 0.0156729
R12960 GND.n6078 GND.n2271 0.0156729
R12961 GND.n6070 GND.n2270 0.0156729
R12962 GND.n6066 GND.n2269 0.0156729
R12963 GND.n6056 GND.n2267 0.0156729
R12964 GND.n6049 GND.n2266 0.0156729
R12965 GND.n2412 GND.n2264 0.0156729
R12966 GND.n6035 GND.n2262 0.0156729
R12967 GND.n6025 GND.n2261 0.0156729
R12968 GND.n6802 GND.n1279 0.0156729
R12969 GND.n6807 GND.n1280 0.0156729
R12970 GND.n6814 GND.n1277 0.0156729
R12971 GND.n6815 GND.n1281 0.0156729
R12972 GND.n6819 GND.n1282 0.0156729
R12973 GND.n6827 GND.n1284 0.0156729
R12974 GND.n6828 GND.n1276 0.0156729
R12975 GND.n6832 GND.n1275 0.0156729
R12976 GND.n6839 GND.n1285 0.0156729
R12977 GND.n6840 GND.n1274 0.0156729
R12978 GND.n6845 GND.n1286 0.0156729
R12979 GND.n6853 GND.n1288 0.0156729
R12980 GND.n6854 GND.n1272 0.0156729
R12981 GND.n6862 GND.n1270 0.0156729
R12982 GND.n6863 GND.n1289 0.0156729
R12983 GND.n6868 GND.n1269 0.0156729
R12984 GND.n6872 GND.n1268 0.0156729
R12985 GND.n6877 GND.n1291 0.0156729
R12986 GND.n6881 GND.n1292 0.0156729
R12987 GND.n6885 GND.n1293 0.0156729
R12988 GND.n6892 GND.n1266 0.0156729
R12989 GND.n6893 GND.n1294 0.0156729
R12990 GND.n6897 GND.n1295 0.0156729
R12991 GND.n6901 GND.n1296 0.0156729
R12992 GND.n6905 GND.n1297 0.0156729
R12993 GND.n6910 GND.n1265 0.0156729
R12994 GND.n6915 GND.n1299 0.0156729
R12995 GND.n6919 GND.n1300 0.0156729
R12996 GND.n6926 GND.n1263 0.0156729
R12997 GND.n6927 GND.n1301 0.0156729
R12998 GND.n6932 GND.n1262 0.0156729
R12999 GND.n6936 GND.n1261 0.0156729
R13000 GND.n6941 GND.n1303 0.0156729
R13001 GND.n6946 GND.n1259 0.0156729
R13002 GND.n6951 GND.n1305 0.0156729
R13003 GND.n6955 GND.n1306 0.0156729
R13004 GND.n6959 GND.n1307 0.0156729
R13005 GND.n6963 GND.n1308 0.0156729
R13006 GND.n6968 GND.n1257 0.0156729
R13007 GND.n6973 GND.n1310 0.0156729
R13008 GND.n6977 GND.n1311 0.0156729
R13009 GND.n1312 GND.n1255 0.0156729
R13010 GND.n1253 GND.n127 0.0156729
R13011 GND.n6985 GND.n6984 0.0156729
R13012 GND.n6987 GND.n6986 0.0156729
R13013 GND.n6990 GND.n6989 0.0156729
R13014 GND.n6994 GND.n6993 0.0156729
R13015 GND.n6997 GND.n6996 0.0156729
R13016 GND.n7000 GND.n6999 0.0156729
R13017 GND.n7004 GND.n7003 0.0156729
R13018 GND.n7007 GND.n7006 0.0156729
R13019 GND.n7009 GND.n7008 0.0156729
R13020 GND.n7013 GND.n7012 0.0156729
R13021 GND.n7016 GND.n7015 0.0156729
R13022 GND.n7020 GND.n7019 0.0156729
R13023 GND.n7022 GND.n7021 0.0156729
R13024 GND.n7026 GND.n7025 0.0156729
R13025 GND.n7028 GND.n7027 0.0156729
R13026 GND.n7032 GND.n7031 0.0156729
R13027 GND.n7036 GND.n7035 0.0156729
R13028 GND.n7038 GND.n7037 0.0156729
R13029 GND.n7041 GND.n7040 0.0156729
R13030 GND.n7044 GND.n7043 0.0156729
R13031 GND.n7047 GND.n7046 0.0156729
R13032 GND.n7051 GND.n7050 0.0156729
R13033 GND.n7054 GND.n7053 0.0156729
R13034 GND.n7057 GND.n7056 0.0156729
R13035 GND.n7060 GND.n7059 0.0156729
R13036 GND.n7063 GND.n7062 0.0156729
R13037 GND.n7067 GND.n7066 0.0156729
R13038 GND.n7070 GND.n7069 0.0156729
R13039 GND.n7073 GND.n7072 0.0156729
R13040 GND.n7077 GND.n7076 0.0156729
R13041 GND.n7080 GND.n7079 0.0156729
R13042 GND.n7083 GND.n7082 0.0156729
R13043 GND.n7086 GND.n7085 0.0156729
R13044 GND.n7089 GND.n7088 0.0156729
R13045 GND.n7093 GND.n7092 0.0156729
R13046 GND.n7095 GND.n7094 0.0156729
R13047 GND.n7098 GND.n7097 0.0156729
R13048 GND.n7101 GND.n7100 0.0156729
R13049 GND.n7104 GND.n7103 0.0156729
R13050 GND.n7107 GND.n7106 0.0156729
R13051 GND.n7110 GND.n7109 0.0156729
R13052 GND.n7114 GND.n7113 0.0156729
R13053 GND.n7118 GND.n7117 0.0156729
R13054 GND.n7122 GND.n7121 0.0156729
R13055 GND.n7126 GND.n7125 0.0156729
R13056 GND.n7130 GND.n7129 0.0156729
R13057 GND.n7133 GND.n7132 0.0156729
R13058 GND.n2764 GND.n2763 0.0156729
R13059 GND.n2763 GND.n2761 0.0156729
R13060 GND.n3814 GND.n3186 0.0156729
R13061 GND.n3808 GND.n3184 0.0156729
R13062 GND.n3802 GND.n3183 0.0156729
R13063 GND.n3798 GND.n3182 0.0156729
R13064 GND.n3797 GND.n3187 0.0156729
R13065 GND.n3788 GND.n3181 0.0156729
R13066 GND.n3782 GND.n3180 0.0156729
R13067 GND.n3778 GND.n3179 0.0156729
R13068 GND.n3777 GND.n3188 0.0156729
R13069 GND.n3768 GND.n3178 0.0156729
R13070 GND.n3767 GND.n3189 0.0156729
R13071 GND.n3761 GND.n3190 0.0156729
R13072 GND.n3752 GND.n3177 0.0156729
R13073 GND.n3745 GND.n3191 0.0156729
R13074 GND.n3744 GND.n3175 0.0156729
R13075 GND.n3735 GND.n3192 0.0156729
R13076 GND.n3731 GND.n3193 0.0156729
R13077 GND.n3725 GND.n3194 0.0156729
R13078 GND.n3721 GND.n3195 0.0156729
R13079 GND.n3883 GND.n3882 0.0156729
R13080 GND.n3197 GND.n3174 0.0156729
R13081 GND.n3405 GND.n3288 0.0156729
R13082 GND.n3397 GND.n3290 0.0156729
R13083 GND.n3393 GND.n3291 0.0156729
R13084 GND.n3392 GND.n3287 0.0156729
R13085 GND.n3383 GND.n3292 0.0156729
R13086 GND.n3377 GND.n3293 0.0156729
R13087 GND.n3373 GND.n3294 0.0156729
R13088 GND.n3367 GND.n3295 0.0156729
R13089 GND.n3366 GND.n3286 0.0156729
R13090 GND.n3357 GND.n3296 0.0156729
R13091 GND.n3353 GND.n3297 0.0156729
R13092 GND.n3352 GND.n3285 0.0156729
R13093 GND.n3346 GND.n3284 0.0156729
R13094 GND.n3342 GND.n3283 0.0156729
R13095 GND.n3336 GND.n3282 0.0156729
R13096 GND.n3332 GND.n3281 0.0156729
R13097 GND.n3323 GND.n3298 0.0156729
R13098 GND.n3322 GND.n3280 0.0156729
R13099 GND.n3316 GND.n3279 0.0156729
R13100 GND.n3307 GND.n3299 0.0156729
R13101 GND.n3301 GND.n3300 0.0156729
R13102 GND.n3812 GND.n3186 0.0156729
R13103 GND.n3811 GND.n3184 0.0156729
R13104 GND.n3807 GND.n3183 0.0156729
R13105 GND.n3801 GND.n3182 0.0156729
R13106 GND.n3792 GND.n3187 0.0156729
R13107 GND.n3791 GND.n3181 0.0156729
R13108 GND.n3787 GND.n3180 0.0156729
R13109 GND.n3781 GND.n3179 0.0156729
R13110 GND.n3772 GND.n3188 0.0156729
R13111 GND.n3771 GND.n3178 0.0156729
R13112 GND.n3762 GND.n3189 0.0156729
R13113 GND.n3758 GND.n3190 0.0156729
R13114 GND.n3757 GND.n3177 0.0156729
R13115 GND.n3749 GND.n3191 0.0156729
R13116 GND.n3741 GND.n3175 0.0156729
R13117 GND.n3740 GND.n3192 0.0156729
R13118 GND.n3734 GND.n3193 0.0156729
R13119 GND.n3730 GND.n3194 0.0156729
R13120 GND.n3724 GND.n3195 0.0156729
R13121 GND.n3883 GND.n3196 0.0156729
R13122 GND.n3715 GND.n3174 0.0156729
R13123 GND.n3403 GND.n3288 0.0156729
R13124 GND.n3402 GND.n3290 0.0156729
R13125 GND.n3396 GND.n3291 0.0156729
R13126 GND.n3387 GND.n3287 0.0156729
R13127 GND.n3386 GND.n3292 0.0156729
R13128 GND.n3382 GND.n3293 0.0156729
R13129 GND.n3376 GND.n3294 0.0156729
R13130 GND.n3372 GND.n3295 0.0156729
R13131 GND.n3363 GND.n3286 0.0156729
R13132 GND.n3362 GND.n3296 0.0156729
R13133 GND.n3356 GND.n3297 0.0156729
R13134 GND.n3347 GND.n3285 0.0156729
R13135 GND.n3343 GND.n3284 0.0156729
R13136 GND.n3337 GND.n3283 0.0156729
R13137 GND.n3333 GND.n3282 0.0156729
R13138 GND.n3327 GND.n3281 0.0156729
R13139 GND.n3326 GND.n3298 0.0156729
R13140 GND.n3317 GND.n3280 0.0156729
R13141 GND.n3313 GND.n3279 0.0156729
R13142 GND.n3312 GND.n3299 0.0156729
R13143 GND.n3306 GND.n3300 0.0156729
R13144 GND.n2767 GND.n2766 0.0156703
R13145 GND.n3644 GND.n3608 0.0155798
R13146 GND.n3646 GND.n3606 0.0155551
R13147 GND.n4974 GND.n4973 0.0115764
R13148 GND.t0 GND.n94 2.25518
R13149 GND.n703 GND.n702 0.130257
R13150 GND.n794 GND.n2778 0.130257
R13151 GND.n781 GND.n778 0.00801386
R13152 GND.n772 GND.n732 0.00649396
R13153 GND.n755 GND.n2929 0.00572691
R13154 GND.n744 GND.n718 0.00572691
R13155 GND.n3479 GND.n3272 0.00508333
R13156 GND.n768 GND.n730 0.00495229
R13157 GND.n764 GND.n728 0.00495229
R13158 GND.n760 GND.n726 0.00495229
R13159 GND.n751 GND.n2930 0.00495229
R13160 GND.n3478 GND.n3273 0.00419231
R13161 GND.n3477 GND.n3274 0.00419231
R13162 GND.n3476 GND.n3275 0.00388462
R13163 GND.n3991 GND.n91 0.0156834
R13164 GND.n742 GND.n718 0.00349994
R13165 GND.n2988 GND.n736 0.00339596
R13166 GND.n4909 GND.n4908 0.00240972
R13167 GND.n3887 GND.n3167 0.00240972
R13168 GND.n3886 GND.n3168 0.00203846
R13169 GND.n3885 GND.n3169 0.00203846
R13170 GND.n3884 GND.n3170 0.00203846
R13171 GND.n788 GND.n739 0.002
R13172 GND.n806 GND.n716 0.002
R13173 GND.n776 GND.n734 0.00199997
R13174 GND.n770 GND.n732 0.00199997
R13175 GND.n766 GND.n730 0.00199997
R13176 GND.n762 GND.n728 0.00199997
R13177 GND.n758 GND.n726 0.00199997
R13178 GND.n724 GND.n723 0.00183332
R13179 GND.n721 GND.n720 0.00183332
R13180 GND.n742 GND.n741 0.00149995
R13181 GND.n2931 GND.n720 0.00166667
R13182 GND.n749 GND.n748 0.00169993
R13183 GND.n2929 GND.n723 0.00166667
R13184 GND.n779 GND.n777 0.00169993
R13185 GND.n806 GND.n805 0.0015
R13186 GND.n801 GND.n805 0.0015
R13187 GND.n738 GND.n801 0.0015
R13188 GND.n739 GND.n738 0.0015
R13189 GND.n792 GND.n788 0.0015
R13190 GND.n792 GND.n736 0.0015
R13191 GND.n779 GND.n778 0.0015
R13192 GND.n2930 GND.n749 0.0015
R13193 GND.n2932 GND.n740 0.0015
R13194 GND.t0 GND.n32 1.11884
R13195 GND.n2793 GND.n168 1.39085
R13196 GND.n0 GND.n2084 2.25419
R13197 GND GND.t0 0.0005
C64 OUT GND 30.11885f
C65 IN GND 20.3627f
C66 a_30943_n7093# GND 10.4283f ; **FLOATING
C67 a_22713_n6529# GND 9.97681f ; **FLOATING
C68 a_30943_n5965# GND 9.94357f ; **FLOATING
C69 a_22713_n5401# GND 9.95134f ; **FLOATING
C70 a_30943_n4837# GND 9.94186f ; **FLOATING
C71 a_22713_n4273# GND 9.95134f ; **FLOATING
C72 a_30943_n3709# GND 9.94357f ; **FLOATING
C73 a_22713_n3145# GND 9.97681f ; **FLOATING
C74 a_30943_n2581# GND 10.43105f ; **FLOATING
C75 a_30943_17828# GND 10.43105f ; **FLOATING
C76 a_22713_18392# GND 9.97681f ; **FLOATING
C77 a_30943_18956# GND 9.94357f ; **FLOATING
C78 a_22713_19520# GND 9.95134f ; **FLOATING
C79 a_30943_20084# GND 9.94186f ; **FLOATING
C80 a_22713_20648# GND 9.95134f ; **FLOATING
C81 a_30943_21212# GND 9.94357f ; **FLOATING
C82 a_22713_21776# GND 9.97681f ; **FLOATING
C83 a_30943_22340# GND 10.4283f ; **FLOATING
C84 a_22713_22904# GND 0.14957p ; **FLOATING
.ends

