[2026-09-25 17:15:08,228] [INFO]    GDS input file passed, running in LVS mode
[2026-09-25 17:15:08,283] [INFO]    Found cell CHARGE_PUMP in GDS /foss/designs/unicasss-tools/SG13G2_2.4GHz_LC_VCO_FPLL/gds/blocks/CHARGE_PUMP_V2.gds (only top cell)
[2026-09-25 17:15:08,298] [INFO]    LVS input schematic not specified (argument --schematic), using dummy schematic
[2026-09-25 17:15:08,491] [INFO]    Calling MAGIC
[2026-09-25 17:15:08,495] [SUBPROCESS]    magic -dnull -noconsole -rcfile /foss/pdks/ihp-sg13g2/libs.tech/magic/ihp-sg13g2.magicrc /foss/designs/unicasss-tools/SG13G2_2.4GHz_LC_VCO_FPLL/pex/CHARGE_PUMP_V2__CHARGE_PUMP/magic_RC/CHARGE_PUMP_MAGIC_RC_Script.tcl, output file: /foss/designs/unicasss-tools/SG13G2_2.4GHz_LC_VCO_FPLL/pex/CHARGE_PUMP_V2__CHARGE_PUMP/magic_RC/CHARGE_PUMP_MAGIC_RC_Output.txt
[2026-09-25 17:15:08,569] [SUBPROCESS]    
[2026-09-25 17:15:08,571] [SUBPROCESS]    Magic 8.3 revision 681 - Compiled on Tue Aug 25 11:50:23 AM CEST 2026.
[2026-09-25 17:15:08,575] [SUBPROCESS]    Starting magic under Tcl interpreter
[2026-09-25 17:15:08,576] [SUBPROCESS]    Using the terminal as the console.
[2026-09-25 17:15:08,585] [SUBPROCESS]    WARNING: RLIMIT_NOFILE is above 1024 and Tcl_Version<9 this may cause runtime issues [rlim_cur=1048576]
[2026-09-25 17:15:08,587] [SUBPROCESS]    Using NULL graphics device.
[2026-09-25 17:15:08,721] [SUBPROCESS]    Processing system .magicrc file
[2026-09-25 17:15:08,803] [SUBPROCESS]    Switching to WIRING tool.
[2026-09-25 17:15:08,812] [SUBPROCESS]    Switching to NETLIST tool.
[2026-09-25 17:15:08,835] [SUBPROCESS]    Switching to PICK tool.
[2026-09-25 17:15:08,854] [SUBPROCESS]    Switching to BOX tool.
[2026-09-25 17:15:08,859] [SUBPROCESS]    Sourcing design .magicrc for technology ihp-sg13g2 ...
[2026-09-25 17:15:08,872] [SUBPROCESS]    2 Magic internal units = 1 Lambda
[2026-09-25 17:15:08,951] [SUBPROCESS]    Input style sg13g2(): scaleFactor=2, multiplier=2
[2026-09-25 17:15:06,490] [SUBPROCESS]    The following types are not handled by extraction and will be treated as non-electrical types:
[2026-09-25 17:15:06,494] [SUBPROCESS]        pblock sealcont difffill nemitter hvnemitter hvisodiffres sealvia1 sealvia2 sealvia3 sealvia4 sealvia5 sealvia6 pillar solder seal glass thruvia inductor 
[2026-09-25 17:15:06,513] [SUBPROCESS]    Scaled tech values by 2 / 1 to match internal grid scaling
[2026-09-25 17:15:12,818] [SUBPROCESS]    Loading ihp-sg13g2 Device Generator Menu ...
[2026-09-25 17:15:12,860] [SUBPROCESS]    Loading "/foss/designs/unicasss-tools/SG13G2_2.4GHz_LC_VCO_FPLL/pex/CHARGE_PUMP_V2__CHARGE_PUMP/magic_RC/CHARGE_PUMP_MAGIC_RC_Script.tcl" from command line.
[2026-09-25 17:15:12,927] [SUBPROCESS]    Warning: Calma reading is not undoable!  I hope that's OK.
[2026-09-25 17:15:12,939] [SUBPROCESS]    Library written using GDS-II Release 6.0
[2026-09-25 17:15:12,982] [SUBPROCESS]    Library name: LIB
[2026-09-25 17:15:12,998] [SUBPROCESS]    Reading "$$$CONTEXT_INFO$$$".
[2026-09-25 17:15:13,001] [SUBPROCESS]    Reading "via_stack$15".
[2026-09-25 17:15:13,015] [SUBPROCESS]    Reading "via_stack$10".
[2026-09-25 17:15:13,033] [SUBPROCESS]    Reading "via_stack$11".
[2026-09-25 17:15:13,060] [SUBPROCESS]    Reading "guard_ring$3".
[2026-09-25 17:15:13,066] [SUBPROCESS]    Reading "nmos$4".
[2026-09-25 17:15:13,067] [SUBPROCESS]    Reading "guard_ring$5".
[2026-09-25 17:15:13,068] [SUBPROCESS]    Reading "nmos$3".
[2026-09-25 17:15:13,072] [SUBPROCESS]    Reading "nmos$2".
[2026-09-25 17:15:13,083] [SUBPROCESS]    Reading "via_stack$8".
[2026-09-25 17:15:13,090] [SUBPROCESS]    Reading "via_stack$9".
[2026-09-25 17:15:13,091] [SUBPROCESS]    Reading "pmos$5".
[2026-09-25 17:15:13,093] [SUBPROCESS]    Reading "via_stack$6".
[2026-09-25 17:15:13,094] [SUBPROCESS]    Reading "pmos$4".
[2026-09-25 17:15:13,098] [SUBPROCESS]    Reading "via_stack".
[2026-09-25 17:15:13,099] [SUBPROCESS]    Reading "via_stack$3".
[2026-09-25 17:15:13,100] [SUBPROCESS]    Reading "pmos".
[2026-09-25 17:15:13,118] [SUBPROCESS]    Reading "pmos$2".
[2026-09-25 17:15:13,141] [SUBPROCESS]    Reading "via_stack$4".
[2026-09-25 17:15:13,157] [SUBPROCESS]    Reading "via_stack$5".
[2026-09-25 17:15:13,201] [SUBPROCESS]    Reading "via_stack$12".
[2026-09-25 17:15:13,213] [SUBPROCESS]    Reading "guard_ring".
[2026-09-25 17:15:13,222] [SUBPROCESS]    Reading "guard_ring$2".
[2026-09-25 17:15:13,246] [SUBPROCESS]    Reading "via_stack$14".
[2026-09-25 17:15:13,253] [SUBPROCESS]    Reading "via_stack$17".
[2026-09-25 17:15:13,257] [SUBPROCESS]    Reading "guard_ring$6".
[2026-09-25 17:15:13,276] [SUBPROCESS]    Reading "nmos".
[2026-09-25 17:15:13,289] [SUBPROCESS]    Reading "CHARGE_PUMP".
[2026-09-25 17:15:13,295] [SUBPROCESS]    Error while reading cell "CHARGE_PUMP" (byte position 303210): Unknown layer/datatype in boundary, layer=10 type=1
[2026-09-25 17:15:13,319] [SUBPROCESS]    Error while reading cell "CHARGE_PUMP" (byte position 303274): Unknown layer/datatype in boundary, layer=8 type=1
[2026-09-25 17:15:13,417] [SUBPROCESS]    Extracting CHARGE_PUMP into /foss/designs/unicasss-tools/SG13G2_2.4GHz_LC_VCO_FPLL/pex/CHARGE_PUMP_V2__CHARGE_PUMP/magic_RC/CHARGE_PUMP.ext:
[2026-09-25 17:15:13,419] [SUBPROCESS]    Processing CHARGE_PUMP
[2026-09-25 17:15:13,962] [SUBPROCESS]    exttosim finished.
[2026-09-25 17:15:13,964] [SUBPROCESS]    Note:  This option has been deprecated and is unused.
[2026-09-25 17:15:13,997] [SUBPROCESS]    Extracting a_n11685_3060#
[2026-09-25 17:15:14,229] [SUBPROCESS]    Extracting a_n11649_3460#
[2026-09-25 17:15:14,248] [SUBPROCESS]    Extracting a_n9213_3460#
[2026-09-25 17:15:14,273] [SUBPROCESS]    Extracting a_n6777_3460#
[2026-09-25 17:15:14,293] [SUBPROCESS]    Extracting a_n11849_145#
[2026-09-25 17:15:14,331] [SUBPROCESS]    Extracting a_n11917_334#
[2026-09-25 17:15:14,352] [SUBPROCESS]    Extracting a_n9131_334#
[2026-09-25 17:15:14,365] [SUBPROCESS]    Extracting GND
[2026-09-25 17:15:14,449] [SUBPROCESS]    Warning:  Orphaned node "GND" arbitrarily attached to "GND.n0"
[2026-09-25 17:15:14,462] [SUBPROCESS]    Extracting VDD
[2026-09-25 17:15:14,652] [SUBPROCESS]    Warning:  Orphaned node "VDD" arbitrarily attached to "VDD.n0"
[2026-09-25 17:15:14,728] [SUBPROCESS]    Extracting VBGR
[2026-09-25 17:15:14,744] [SUBPROCESS]    Extracting UP
[2026-09-25 17:15:14,754] [SUBPROCESS]    Extracting VCP
[2026-09-25 17:15:14,849] [SUBPROCESS]    Extracting DN
[2026-09-25 17:15:14,881] [SUBPROCESS]    Total Nets: 13
[2026-09-25 17:15:14,884] [SUBPROCESS]    Nets extracted: 13 (1.000000)
[2026-09-25 17:15:14,893] [SUBPROCESS]    Nets output: 3 (0.230769)
[2026-09-25 17:15:15,432] [SUBPROCESS]    exttospice finished.
[2026-09-25 17:15:15,463] [INFO]    MAGIC succeeded after 6.939s
[2026-09-25 17:15:16,779] [SUBPROCESS]    Report DB saved at: /foss/designs/unicasss-tools/SG13G2_2.4GHz_LC_VCO_FPLL/pex/CHARGE_PUMP_V2__CHARGE_PUMP/magic_RC/CHARGE_PUMP_MAGIC_report.rdb.gz
[2026-09-25 17:15:16,793] [SUBPROCESS]    SPICE netlist saved at: /foss/designs/unicasss-tools/SG13G2_2.4GHz_LC_VCO_FPLL/pex/CHARGE_PUMP_V2__CHARGE_PUMP/magic_RC/CHARGE_PUMP.pex.spice
[2026-09-25 17:15:16,816] [SUBPROCESS]    * NGSPICE file created from CHARGE_PUMP.ext - technology: ihp-sg13g2

.subckt CHARGE_PUMP GND VDD UP DN VCP VBGR
X0 VCP a_n11685_3060.t61 a_n6777_3460# VDD.t0 sg13_lv_pmos ad=2.7812p pd=17.04u as=1.5542p ps=8.56u w=8.18u l=2u
X1 a_n6777_3460# a_n11685_3060.t31 VCP VDD.t0 sg13_lv_pmos ad=1.5542p pd=8.56u as=1.5542p ps=8.56u w=8.18u l=2u
X2 a_n11849_145# a_n11685_3060.t62 a_n9213_3460# VDD.t0 sg13_lv_pmos ad=2.7812p pd=17.04u as=1.5542p ps=8.56u w=8.18u l=2u
X3 a_n11685_3060.t1 a_n11685_3060.t19 a_n11649_3460# VDD.t0 sg13_lv_pmos ad=1.5542p pd=8.56u as=1.5542p ps=8.56u w=8.18u l=2u
X4 a_n11849_145# a_n11849_145# a_n11917_334# GND.t4 sg13_lv_nmos ad=1.5466p pd=8.52u as=2.7676p ps=16.96u w=8.14u l=2u
X5 a_n6777_3460# a_n11685_3060.t55 VCP VDD.t0 sg13_lv_pmos ad=1.5542p pd=8.56u as=1.5542p ps=8.56u w=8.18u l=2u
X6 a_n11849_145# a_n11685_3060.t30 a_n9213_3460# VDD.t0 sg13_lv_pmos ad=1.5542p pd=8.56u as=1.5542p ps=8.56u w=8.18u l=2u
X7 a_n9213_3460# GND.t22 VDD.t2 VDD.t0 sg13_lv_pmos ad=1.1248p pd=6.3u as=1.1248p ps=6.3u w=5.92u l=2u
X8 a_n9213_3460# a_n11685_3060.t56 a_n11849_145# VDD.t0 sg13_lv_pmos ad=1.5542p pd=8.56u as=1.5542p ps=8.56u w=8.18u l=2u
X9 a_n6777_3460# a_n11685_3060.t43 VCP VDD.t0 sg13_lv_pmos ad=1.5542p pd=8.56u as=1.5542p ps=8.56u w=8.18u l=2u
X10 a_n9131_334# a_n11849_145# VCP GND.t12 sg13_lv_nmos ad=1.5466p pd=8.52u as=1.5466p ps=8.52u w=8.14u l=2u
X11 a_n11685_3060.t1 a_n11685_3060.t7 a_n11649_3460# VDD.t0 sg13_lv_pmos ad=1.5542p pd=8.56u as=1.5542p ps=8.56u w=8.18u l=2u
X12 a_n11849_145# a_n11685_3060.t42 a_n9213_3460# VDD.t0 sg13_lv_pmos ad=1.5542p pd=8.56u as=1.5542p ps=8.56u w=8.18u l=2u
X13 VDD.t10 UP a_n6777_3460# VDD.t0 sg13_lv_pmos ad=1.1248p pd=6.3u as=1.1248p ps=6.3u w=5.92u l=2u
X14 a_n11649_3460# a_n11685_3060.t16 a_n11685_3060.t1 VDD.t0 sg13_lv_pmos ad=1.5542p pd=8.56u as=1.5542p ps=8.56u w=8.18u l=2u
X15 VCP a_n11849_145# a_n9131_334# GND.t11 sg13_lv_nmos ad=1.5466p pd=8.52u as=1.5466p ps=8.52u w=8.14u l=2u
X16 VCP a_n11685_3060.t37 a_n6777_3460# VDD.t0 sg13_lv_pmos ad=1.5542p pd=8.56u as=1.5542p ps=8.56u w=8.18u l=2u
X17 a_n6777_3460# a_n11685_3060.t35 VCP VDD.t0 sg13_lv_pmos ad=1.5542p pd=8.56u as=1.5542p ps=8.56u w=8.18u l=2u
X18 a_n11649_3460# a_n11685_3060.t10 a_n11685_3060.t1 VDD.t0 sg13_lv_pmos ad=1.5542p pd=8.56u as=1.5542p ps=8.56u w=8.18u l=2u
X19 a_n9213_3460# a_n11685_3060.t24 a_n11849_145# VDD.t0 sg13_lv_pmos ad=1.5542p pd=8.56u as=2.7812p ps=17.04u w=8.18u l=2u
X20 a_n9131_334# a_n11849_145# VCP GND.t10 sg13_lv_nmos ad=1.5466p pd=8.52u as=1.5466p ps=8.52u w=8.14u l=2u
X21 a_n6777_3460# a_n11685_3060.t59 VCP VDD.t0 sg13_lv_pmos ad=1.5542p pd=8.56u as=1.5542p ps=8.56u w=8.18u l=2u
X22 a_n9213_3460# a_n11685_3060.t48 a_n11849_145# VDD.t0 sg13_lv_pmos ad=1.5542p pd=8.56u as=1.5542p ps=8.56u w=8.18u l=2u
X23 VDD.t3 GND.t21 a_n11649_3460# VDD.t0 sg13_lv_pmos ad=1.1248p pd=6.3u as=1.1248p ps=6.3u w=5.92u l=2u
X24 VDD.t1 GND.t16 a_n9213_3460# VDD.t0 sg13_lv_pmos ad=1.1248p pd=6.3u as=2.0128p ps=12.52u w=5.92u l=2u
X25 a_n9213_3460# a_n11685_3060.t60 a_n11849_145# VDD.t0 sg13_lv_pmos ad=1.5542p pd=8.56u as=1.5542p ps=8.56u w=8.18u l=2u
X26 VCP a_n11685_3060.t29 a_n6777_3460# VDD.t0 sg13_lv_pmos ad=1.5542p pd=8.56u as=1.5542p ps=8.56u w=8.18u l=2u
X27 VCP a_n11849_145# a_n9131_334# GND.t9 sg13_lv_nmos ad=1.5466p pd=8.52u as=2.7676p ps=16.96u w=8.14u l=2u
X28 a_n11685_3060.t22 VBGR GND.t3 GND.t2 sg13_lv_nmos ad=1.326p pd=8.48u as=1.326p ps=8.48u w=3.9u l=2u
X29 VDD.t9 UP a_n6777_3460# VDD.t0 sg13_lv_pmos ad=2.0128p pd=12.52u as=1.1248p ps=6.3u w=5.92u l=2u
X30 a_n11685_3060.t1 a_n11685_3060.t3 a_n11649_3460# VDD.t0 sg13_lv_pmos ad=1.5542p pd=8.56u as=1.5542p ps=8.56u w=8.18u l=2u
X31 a_n11685_3060.t1 a_n11685_3060.t13 a_n11649_3460# VDD.t0 sg13_lv_pmos ad=1.5542p pd=8.56u as=1.5542p ps=8.56u w=8.18u l=2u
X32 a_n11649_3460# a_n11685_3060.t14 a_n11685_3060.t1 VDD.t0 sg13_lv_pmos ad=1.5542p pd=8.56u as=1.5542p ps=8.56u w=8.18u l=2u
X33 VCP a_n11685_3060.t41 a_n6777_3460# VDD.t0 sg13_lv_pmos ad=1.5542p pd=8.56u as=1.5542p ps=8.56u w=8.18u l=2u
X34 a_n9213_3460# a_n11685_3060.t40 a_n11849_145# VDD.t0 sg13_lv_pmos ad=1.5542p pd=8.56u as=1.5542p ps=8.56u w=8.18u l=2u
X35 a_n6777_3460# UP VDD.t12 VDD.t0 sg13_lv_pmos ad=1.1248p pd=6.3u as=1.1248p ps=6.3u w=5.92u l=2u
X36 VCP a_n11685_3060.t53 a_n6777_3460# VDD.t0 sg13_lv_pmos ad=1.5542p pd=8.56u as=1.5542p ps=8.56u w=8.18u l=2u
X37 a_n9213_3460# a_n11685_3060.t28 a_n11849_145# VDD.t0 sg13_lv_pmos ad=1.5542p pd=8.56u as=1.5542p ps=8.56u w=8.18u l=2u
X38 a_n11849_145# a_n11685_3060.t54 a_n9213_3460# VDD.t0 sg13_lv_pmos ad=1.5542p pd=8.56u as=1.5542p ps=8.56u w=8.18u l=2u
X39 a_n9213_3460# a_n11685_3060.t52 a_n11849_145# VDD.t0 sg13_lv_pmos ad=1.5542p pd=8.56u as=1.5542p ps=8.56u w=8.18u l=2u
X40 a_n11685_3060.t1 a_n11685_3060.t17 a_n11649_3460# VDD.t0 sg13_lv_pmos ad=1.5542p pd=8.56u as=1.5542p ps=8.56u w=8.18u l=2u
X41 VDD.t6 GND.t25 a_n11649_3460# VDD.t0 sg13_lv_pmos ad=2.0128p pd=12.52u as=1.1248p ps=6.3u w=5.92u l=2u
X42 a_n6777_3460# a_n11685_3060.t23 VCP VDD.t0 sg13_lv_pmos ad=1.5542p pd=8.56u as=2.7812p ps=17.04u w=8.18u l=2u
X43 a_n11849_145# a_n11849_145# a_n11917_334# GND.t8 sg13_lv_nmos ad=2.7676p pd=16.96u as=1.5466p ps=8.52u w=8.14u l=2u
X44 a_n6777_3460# a_n11685_3060.t47 VCP VDD.t0 sg13_lv_pmos ad=1.5542p pd=8.56u as=1.5542p ps=8.56u w=8.18u l=2u
X45 a_n11649_3460# GND.t19 VDD.t7 VDD.t0 sg13_lv_pmos ad=1.1248p pd=6.3u as=1.1248p ps=6.3u w=5.92u l=2u
X46 a_n11685_3060.t1 a_n11685_3060.t0 a_n11649_3460# VDD.t0 sg13_lv_pmos ad=2.7812p pd=17.04u as=1.5542p ps=8.56u w=8.18u l=2u
X47 a_n11849_145# a_n11685_3060.t46 a_n9213_3460# VDD.t0 sg13_lv_pmos ad=1.5542p pd=8.56u as=1.5542p ps=8.56u w=8.18u l=2u
X48 a_n11685_3060.t1 a_n11685_3060.t11 a_n11649_3460# VDD.t0 sg13_lv_pmos ad=1.5542p pd=8.56u as=1.5542p ps=8.56u w=8.18u l=2u
X49 a_n11849_145# a_n11685_3060.t34 a_n9213_3460# VDD.t0 sg13_lv_pmos ad=1.5542p pd=8.56u as=1.5542p ps=8.56u w=8.18u l=2u
X50 a_n11917_334# VDD.t16 GND.t15 GND.t14 sg13_lv_nmos ad=2.04p pd=12.68u as=2.04p ps=12.68u w=6u l=2u
X51 a_n6777_3460# UP VDD.t10 VDD.t0 sg13_lv_pmos ad=1.1248p pd=6.3u as=1.1248p ps=6.3u w=5.92u l=2u
X52 a_n11917_334# a_n11849_145# a_n11849_145# GND.t7 sg13_lv_nmos ad=1.5466p pd=8.52u as=1.5466p ps=8.52u w=8.14u l=2u
X53 a_n11649_3460# a_n11685_3060.t4 a_n11685_3060.t1 VDD.t0 sg13_lv_pmos ad=1.5542p pd=8.56u as=1.5542p ps=8.56u w=8.18u l=2u
X54 a_n6777_3460# a_n11685_3060.t39 VCP VDD.t0 sg13_lv_pmos ad=1.5542p pd=8.56u as=1.5542p ps=8.56u w=8.18u l=2u
X55 a_n9131_334# DN GND.t1 GND.t0 sg13_lv_nmos ad=2.04p pd=12.68u as=2.04p ps=12.68u w=6u l=2u
X56 a_n6777_3460# a_n11685_3060.t27 VCP VDD.t0 sg13_lv_pmos ad=1.5542p pd=8.56u as=1.5542p ps=8.56u w=8.18u l=2u
X57 a_n11849_145# a_n11685_3060.t26 a_n9213_3460# VDD.t0 sg13_lv_pmos ad=1.5542p pd=8.56u as=1.5542p ps=8.56u w=8.18u l=2u
X58 a_n11649_3460# a_n11685_3060.t20 a_n11685_3060.t21 VDD.t0 sg13_lv_pmos ad=1.5542p pd=8.56u as=2.7812p ps=17.04u w=8.18u l=2u
X59 a_n11649_3460# a_n11685_3060.t8 a_n11685_3060.t1 VDD.t0 sg13_lv_pmos ad=1.5542p pd=8.56u as=1.5542p ps=8.56u w=8.18u l=2u
X60 a_n11849_145# a_n11849_145# a_n11917_334# GND.t6 sg13_lv_nmos ad=1.5466p pd=8.52u as=1.5466p ps=8.52u w=8.14u l=2u
X61 a_n11649_3460# GND.t23 VDD.t3 VDD.t0 sg13_lv_pmos ad=1.1248p pd=6.3u as=1.1248p ps=6.3u w=5.92u l=2u
X62 VDD.t2 GND.t20 a_n9213_3460# VDD.t0 sg13_lv_pmos ad=1.1248p pd=6.3u as=1.1248p ps=6.3u w=5.92u l=2u
X63 a_n6777_3460# a_n11685_3060.t51 VCP VDD.t0 sg13_lv_pmos ad=1.5542p pd=8.56u as=1.5542p ps=8.56u w=8.18u l=2u
X64 a_n11917_334# a_n11849_145# a_n11849_145# GND.t5 sg13_lv_nmos ad=1.5466p pd=8.52u as=1.5466p ps=8.52u w=8.14u l=2u
X65 a_n11849_145# a_n11685_3060.t50 a_n9213_3460# VDD.t0 sg13_lv_pmos ad=1.5542p pd=8.56u as=1.5542p ps=8.56u w=8.18u l=2u
X66 VDD.t12 UP a_n6777_3460# VDD.t0 sg13_lv_pmos ad=1.1248p pd=6.3u as=2.0128p ps=12.52u w=5.92u l=2u
X67 a_n11649_3460# a_n11685_3060.t2 a_n11685_3060.t1 VDD.t0 sg13_lv_pmos ad=1.5542p pd=8.56u as=1.5542p ps=8.56u w=8.18u l=2u
X68 a_n11649_3460# a_n11685_3060.t12 a_n11685_3060.t1 VDD.t0 sg13_lv_pmos ad=1.5542p pd=8.56u as=1.5542p ps=8.56u w=8.18u l=2u
X69 VCP a_n11685_3060.t45 a_n6777_3460# VDD.t0 sg13_lv_pmos ad=1.5542p pd=8.56u as=1.5542p ps=8.56u w=8.18u l=2u
X70 VCP a_n11685_3060.t33 a_n6777_3460# VDD.t0 sg13_lv_pmos ad=1.5542p pd=8.56u as=1.5542p ps=8.56u w=8.18u l=2u
X71 a_n9213_3460# a_n11685_3060.t32 a_n11849_145# VDD.t0 sg13_lv_pmos ad=1.5542p pd=8.56u as=1.5542p ps=8.56u w=8.18u l=2u
X72 a_n11649_3460# a_n11685_3060.t18 a_n11685_3060.t1 VDD.t0 sg13_lv_pmos ad=1.5542p pd=8.56u as=1.5542p ps=8.56u w=8.18u l=2u
X73 VCP a_n11849_145# a_n9131_334# GND.t13 sg13_lv_nmos ad=2.7676p pd=16.96u as=1.5466p ps=8.52u w=8.14u l=2u
X74 VCP a_n11685_3060.t57 a_n6777_3460# VDD.t0 sg13_lv_pmos ad=1.5542p pd=8.56u as=1.5542p ps=8.56u w=8.18u l=2u
X75 a_n11649_3460# a_n11685_3060.t6 a_n11685_3060.t1 VDD.t0 sg13_lv_pmos ad=1.5542p pd=8.56u as=1.5542p ps=8.56u w=8.18u l=2u
X76 a_n9213_3460# a_n11685_3060.t44 a_n11849_145# VDD.t0 sg13_lv_pmos ad=1.5542p pd=8.56u as=1.5542p ps=8.56u w=8.18u l=2u
X77 VDD.t4 GND.t24 a_n9213_3460# VDD.t0 sg13_lv_pmos ad=2.0128p pd=12.52u as=1.1248p ps=6.3u w=5.92u l=2u
X78 VDD.t7 GND.t17 a_n11649_3460# VDD.t0 sg13_lv_pmos ad=1.1248p pd=6.3u as=2.0128p ps=12.52u w=5.92u l=2u
X79 a_n11849_145# a_n11685_3060.t58 a_n9213_3460# VDD.t0 sg13_lv_pmos ad=1.5542p pd=8.56u as=1.5542p ps=8.56u w=8.18u l=2u
X80 VCP a_n11685_3060.t25 a_n6777_3460# VDD.t0 sg13_lv_pmos ad=1.5542p pd=8.56u as=1.5542p ps=8.56u w=8.18u l=2u
X81 a_n9213_3460# GND.t18 VDD.t1 VDD.t0 sg13_lv_pmos ad=1.1248p pd=6.3u as=1.1248p ps=6.3u w=5.92u l=2u
X82 a_n11685_3060.t1 a_n11685_3060.t5 a_n11649_3460# VDD.t0 sg13_lv_pmos ad=1.5542p pd=8.56u as=1.5542p ps=8.56u w=8.18u l=2u
X83 a_n11685_3060.t1 a_n11685_3060.t9 a_n11649_3460# VDD.t0 sg13_lv_pmos ad=1.5542p pd=8.56u as=1.5542p ps=8.56u w=8.18u l=2u
X84 a_n11849_145# a_n11685_3060.t38 a_n9213_3460# VDD.t0 sg13_lv_pmos ad=1.5542p pd=8.56u as=1.5542p ps=8.56u w=8.18u l=2u
X85 a_n9213_3460# a_n11685_3060.t36 a_n11849_145# VDD.t0 sg13_lv_pmos ad=1.5542p pd=8.56u as=1.5542p ps=8.56u w=8.18u l=2u
X86 a_n11685_3060.t1 a_n11685_3060.t15 a_n11649_3460# VDD.t0 sg13_lv_pmos ad=1.5542p pd=8.56u as=1.5542p ps=8.56u w=8.18u l=2u
X87 VCP a_n11685_3060.t49 a_n6777_3460# VDD.t0 sg13_lv_pmos ad=1.5542p pd=8.56u as=1.5542p ps=8.56u w=8.18u l=2u
C0 a_n11849_145# a_n9213_3460# 2.03006f
C1 VDD VBGR 0.09067f
C2 a_n11849_145# a_n11649_3460# 0.03156f
C3 VCP VDD 3.47823f
C4 a_n6777_3460# VCP 2.03096f
C5 VCP a_n9131_334# 0.41839f
C6 a_n11849_145# VCP 4.15245f
C7 a_n9213_3460# VCP 0.02343f
C8 a_n11917_334# VDD 0.4943f
C9 DN VDD 0.02373f
C10 a_n6777_3460# VDD 5.98713f
C11 UP VDD 12.0856f
C12 a_n11849_145# VDD 3.32824f
C13 a_n9213_3460# VDD 4.36533f
C14 a_n11917_334# a_n9131_334# 0.0154f
C15 a_n11849_145# a_n11917_334# 3.74961f
C16 DN a_n9131_334# 0.48191f
C17 a_n11649_3460# VDD 4.45731f
C18 a_n6777_3460# UP 2.8409f
C19 a_n11849_145# a_n9131_334# 3.43032f
R0 VDD.n2 VDD.n0 10.2629
R1 VDD.n3 VDD.n463 20.5485
R2 VDD.n4 VDD.n2 0.0252317
R3 VDD.n17 VDD.n196 17.0005
R4 VDD.n17 VDD.n194 17.0005
R5 VDD.n17 VDD.n20 8.46995
R6 VDD.n17 VDD.n193 17.0005
R7 VDD.n17 VDD.n303 17.0005
R8 VDD.n21 VDD.n17 17.0005
R9 VDD.n23 VDD.n22 0.0631056
R10 VDD.n17 VDD.n23 8.46995
R11 VDD.n17 VDD.n302 17.0005
R12 VDD.n17 VDD.n13 5.62815
R13 VDD.n17 VDD.n305 17.0005
R14 VDD.n17 VDD.n308 17.0005
R15 VDD.n17 VDD.n100 8.46995
R16 VDD.n17 VDD.n306 17.0005
R17 VDD.n17 VDD.n95 8.46995
R18 VDD.n17 VDD.n307 17.0005
R19 VDD.n17 VDD.n190 17.0005
R20 VDD.n17 VDD.n24 8.46995
R21 VDD.n17 VDD.n189 17.0005
R22 VDD.n17 VDD.n312 17.0005
R23 VDD.n17 VDD.n311 17.0005
R24 VDD.n10 VDD.n17 5.62815
R25 VDD.n8 VDD.n7 0.0631056
R26 VDD.n17 VDD.n8 8.46995
R27 VDD.n17 VDD.n186 17.0005
R28 VDD.n17 VDD.n185 17.0005
R29 VDD.n17 VDD.n183 17.0005
R30 VDD.n94 VDD.n17 8.46995
R31 VDD.n17 VDD.n182 17.0005
R32 VDD.n17 VDD.n180 17.0005
R33 VDD.n18 VDD.n17 8.46995
R34 VDD.n17 VDD.n179 17.0005
R35 VDD.n17 VDD.n177 17.0005
R36 VDD.n17 VDD.n175 17.0005
R37 VDD.n17 VDD.n173 17.0005
R38 VDD.n17 VDD.n172 17.0005
R39 VDD.n17 VDD.n170 17.0005
R40 VDD.n17 VDD.n168 17.0005
R41 VDD.n17 VDD.n166 17.0005
R42 VDD.n17 VDD.n164 17.0005
R43 VDD.n17 VDD.n162 17.0005
R44 VDD.n340 VDD.n97 17.0005
R45 VDD.n338 VDD.n97 17.0005
R46 VDD.n334 VDD.n97 17.0005
R47 VDD.n330 VDD.n97 17.0005
R48 VDD.n326 VDD.n97 17.0005
R49 VDD.n458 VDD.n97 17.0005
R50 VDD.n454 VDD.n97 17.0005
R51 VDD.n450 VDD.n97 17.0005
R52 VDD.n446 VDD.n97 17.0005
R53 VDD.n444 VDD.n97 17.0005
R54 VDD.n440 VDD.n97 17.0005
R55 VDD.n436 VDD.n97 17.0005
R56 VDD.n432 VDD.n97 17.0005
R57 VDD.n428 VDD.n97 17.0005
R58 VDD.n424 VDD.n97 17.0005
R59 VDD.n420 VDD.n97 17.0005
R60 VDD.n416 VDD.n97 17.0005
R61 VDD.n412 VDD.n97 17.0005
R62 VDD.n408 VDD.n97 17.0005
R63 VDD.n406 VDD.n97 17.0005
R64 VDD.n402 VDD.n97 17.0005
R65 VDD.n398 VDD.n97 17.0005
R66 VDD.n394 VDD.n97 17.0005
R67 VDD.n390 VDD.n97 17.0005
R68 VDD.n386 VDD.n97 17.0005
R69 VDD.n382 VDD.n97 17.0005
R70 VDD.n378 VDD.n97 17.0005
R71 VDD.n376 VDD.n97 17.0005
R72 VDD.n372 VDD.n97 17.0005
R73 VDD.n368 VDD.n97 17.0005
R74 VDD.n364 VDD.n97 17.0005
R75 VDD.n360 VDD.n97 17.0005
R76 VDD.n356 VDD.n97 17.0005
R77 VDD.n352 VDD.n97 17.0005
R78 VDD.n348 VDD.n97 17.0005
R79 VDD.n344 VDD.n97 17.0005
R80 VDD.n17 VDD.n198 17.0005
R81 VDD.n17 VDD.n199 17.0005
R82 VDD.n17 VDD.n200 17.0005
R83 VDD.n17 VDD.n201 17.0005
R84 VDD.n17 VDD.n202 17.0005
R85 VDD.n17 VDD.n203 17.0005
R86 VDD.n17 VDD.n204 17.0005
R87 VDD.n17 VDD.n205 17.0005
R88 VDD.n17 VDD.n206 17.0005
R89 VDD.n17 VDD.n207 17.0005
R90 VDD.n17 VDD.n208 17.0005
R91 VDD.n17 VDD.n209 17.0005
R92 VDD.n17 VDD.n210 17.0005
R93 VDD.n17 VDD.n211 17.0005
R94 VDD.n17 VDD.n212 17.0005
R95 VDD.n17 VDD.n213 17.0005
R96 VDD.n17 VDD.n235 17.0005
R97 VDD.n17 VDD.n236 17.0005
R98 VDD.n17 VDD.n237 17.0005
R99 VDD.n17 VDD.n238 17.0005
R100 VDD.n17 VDD.n239 17.0005
R101 VDD.n17 VDD.n240 17.0005
R102 VDD.n17 VDD.n241 17.0005
R103 VDD.n17 VDD.n242 17.0005
R104 VDD.n17 VDD.n243 17.0005
R105 VDD.n17 VDD.n244 17.0005
R106 VDD.n17 VDD.n245 17.0005
R107 VDD.n17 VDD.n246 17.0005
R108 VDD.n17 VDD.n247 17.0005
R109 VDD.n17 VDD.n248 17.0005
R110 VDD.n17 VDD.n249 17.0005
R111 VDD.n17 VDD.n271 17.0005
R112 VDD.n17 VDD.n272 17.0005
R113 VDD.n17 VDD.n273 17.0005
R114 VDD.n17 VDD.n274 17.0005
R115 VDD.n17 VDD.n275 17.0005
R116 VDD.n17 VDD.n276 17.0005
R117 VDD.n17 VDD.n277 17.0005
R118 VDD.n17 VDD.n278 17.0005
R119 VDD.n17 VDD.n279 17.0005
R120 VDD.n17 VDD.n280 17.0005
R121 VDD.n17 VDD.n281 17.0005
R122 VDD.n17 VDD.n282 17.0005
R123 VDD.n17 VDD.n283 17.0005
R124 VDD.n17 VDD.n284 17.0005
R125 VDD.n17 VDD.n285 17.0005
R126 VDD.n17 VDD.n286 17.0005
R127 VDD.t9 VDD.n32 17.0005
R128 VDD.n57 VDD.t9 4.16349
R129 VDD.n50 VDD.n54 0.120467
R130 VDD.t9 VDD.n50 8.44127
R131 VDD.n45 VDD.n49 0.120467
R132 VDD.t9 VDD.n45 8.44127
R133 VDD.n25 VDD.n30 0.120467
R134 VDD.t9 VDD.n25 8.44127
R135 VDD.n38 VDD.n37 0.120467
R136 VDD.n38 VDD.t4 8.44127
R137 VDD.n36 VDD.n35 0.120467
R138 VDD.t4 VDD.n36 8.44127
R139 VDD.n77 VDD.n76 0.120467
R140 VDD.t4 VDD.n77 8.44127
R141 VDD.n73 VDD.n72 0.120467
R142 VDD.t4 VDD.n73 8.44127
R143 VDD.n65 VDD.n69 0.120467
R144 VDD.t4 VDD.n65 8.44127
R145 VDD.t4 VDD.n64 17.0005
R146 VDD.n44 VDD.n43 0.120467
R147 VDD.n44 VDD.t6 8.44127
R148 VDD.n42 VDD.n41 0.120467
R149 VDD.t6 VDD.n42 8.44127
R150 VDD.n93 VDD.n92 0.120467
R151 VDD.t6 VDD.n93 8.44127
R152 VDD.n89 VDD.n88 0.120467
R153 VDD.t6 VDD.n89 8.44127
R154 VDD.n81 VDD.n85 0.120467
R155 VDD.t6 VDD.n81 8.44127
R156 VDD.t6 VDD.n80 17.0005
R157 VDD.t0 VDD.n17 0.0606425
R158 VDD.n313 VDD.n19 1.15217
R159 VDD.n19 VDD.n17 0.121467
R160 VDD.n17 VDD.n195 8.46995
R161 VDD.n17 VDD.n192 8.46995
R162 VDD.n17 VDD.n304 8.46995
R163 VDD.n17 VDD.n309 8.46995
R164 VDD.n17 VDD.n191 8.46995
R165 VDD.n17 VDD.n310 8.46995
R166 VDD.n17 VDD.n188 8.46995
R167 VDD.n17 VDD.n187 8.46995
R168 VDD.n17 VDD.n184 8.46995
R169 VDD.n17 VDD.n181 8.46995
R170 VDD.n17 VDD.n178 8.46995
R171 VDD.n17 VDD.n176 8.46995
R172 VDD.n17 VDD.n174 8.46995
R173 VDD.n17 VDD.n171 8.46995
R174 VDD.n17 VDD.n169 8.46995
R175 VDD.n17 VDD.n167 8.46995
R176 VDD.n17 VDD.n165 8.46995
R177 VDD.n17 VDD.n163 8.46995
R178 VDD.n342 VDD.n97 8.46995
R179 VDD.n336 VDD.n97 8.46995
R180 VDD.n328 VDD.n97 8.46995
R181 VDD.n456 VDD.n97 8.46995
R182 VDD.n448 VDD.n97 8.46995
R183 VDD.n442 VDD.n97 8.46995
R184 VDD.n434 VDD.n97 8.46995
R185 VDD.n426 VDD.n97 8.46995
R186 VDD.n418 VDD.n97 8.46995
R187 VDD.n410 VDD.n97 8.46995
R188 VDD.n404 VDD.n97 8.46995
R189 VDD.n396 VDD.n97 8.46995
R190 VDD.n388 VDD.n97 8.46995
R191 VDD.n380 VDD.n97 8.46995
R192 VDD.n374 VDD.n97 8.46995
R193 VDD.n366 VDD.n97 8.46995
R194 VDD.n358 VDD.n97 8.46995
R195 VDD.n350 VDD.n97 8.46995
R196 VDD.n332 VDD.n97 8.46995
R197 VDD.n324 VDD.n97 8.46995
R198 VDD.n460 VDD.n97 8.46995
R199 VDD.n452 VDD.n97 8.46995
R200 VDD.n438 VDD.n97 8.46995
R201 VDD.n430 VDD.n97 8.46995
R202 VDD.n422 VDD.n97 8.46995
R203 VDD.n414 VDD.n97 8.46995
R204 VDD.n400 VDD.n97 8.46995
R205 VDD.n392 VDD.n97 8.46995
R206 VDD.n384 VDD.n97 8.46995
R207 VDD.n370 VDD.n97 8.46995
R208 VDD.n362 VDD.n97 8.46995
R209 VDD.n354 VDD.n97 8.46995
R210 VDD.n346 VDD.n97 8.46995
R211 VDD.t9 VDD.n300 8.44468
R212 VDD.t4 VDD.n268 8.44383
R213 VDD.t6 VDD.n232 8.44383
R214 VDD.t9 VDD.n290 8.44127
R215 VDD.t9 VDD.n295 8.44127
R216 VDD.t4 VDD.n254 8.44127
R217 VDD.t4 VDD.n263 8.44127
R218 VDD.t6 VDD.n222 8.44127
R219 VDD.t6 VDD.n227 8.44127
R220 VDD.n96 VDD.n17 0.894941
R221 VDD.n229 VDD.n96 0.78737
R222 VDD.n197 VDD.n14 5.11825
R223 VDD.n287 VDD.t12 4.75394
R224 VDD.n250 VDD.t1 4.75138
R225 VDD.n214 VDD.t7 4.75134
R226 VDD.n32 VDD.n287 2.76883
R227 VDD.n37 VDD.n250 2.76883
R228 VDD.n43 VDD.n214 2.76883
R229 VDD.n464 VDD.n102 2.29168
R230 VDD.n469 VDD.n102 2.26579
R231 VDD.n287 VDD.t10 2.25995
R232 VDD.n466 VDD.n3 2.25984
R233 VDD.n463 VDD.n105 2.25984
R234 VDD.n250 VDD.t2 2.25785
R235 VDD.n214 VDD.t3 2.25779
R236 VDD.n465 VDD.t16 2.2505
R237 VDD.n103 VDD.n101 2.2505
R238 VDD.n471 VDD.n470 2.2505
R239 VDD.n466 VDD.n465 2.2505
R240 VDD.n467 VDD.n103 2.2505
R241 VDD.n470 VDD.n104 2.2505
R242 VDD.n469 VDD.n468 2.2505
R243 VDD.n4 VDD.n5 1.11866
R244 VDD.n5 VDD.n104 0.0156729
R245 VDD.n1 VDD.n14 0.751455
R246 VDD.n15 VDD.n105 2.31554
R247 VDD.n97 VDD.n98 1.39592
R248 VDD.n99 VDD.n97 1.32551
R249 VDD.n16 VDD.n301 1.40925
R250 VDD.n16 VDD.n107 1.36117
R251 VDD.n268 VDD.n265 1.09505
R252 VDD.n232 VDD.n229 1.09505
R253 VDD.n300 VDD.n299 1.09335
R254 VDD.n17 VDD.n270 1.0738
R255 VDD.n17 VDD.n234 1.07377
R256 VDD.n301 VDD.n32 0.97675
R257 VDD.n298 VDD.n297 0.97675
R258 VDD.n27 VDD.n26 0.97675
R259 VDD.n30 VDD.n29 0.97675
R260 VDD.n28 VDD.n46 0.97675
R261 VDD.n49 VDD.n48 0.97675
R262 VDD.n47 VDD.n51 0.97675
R263 VDD.n54 VDD.n53 0.97675
R264 VDD.n57 VDD.n55 0.97675
R265 VDD.n56 VDD.n58 0.97675
R266 VDD.n59 VDD.n60 0.97675
R267 VDD.n31 VDD.n61 0.97675
R268 VDD.n52 VDD.n296 0.97675
R269 VDD.n294 VDD.n291 0.97675
R270 VDD.n293 VDD.n292 0.97675
R271 VDD.n289 VDD.n288 0.97675
R272 VDD.n269 VDD.n37 0.97675
R273 VDD.n267 VDD.n266 0.97675
R274 VDD.n64 VDD.n63 0.97675
R275 VDD.n62 VDD.n66 0.97675
R276 VDD.n69 VDD.n68 0.97675
R277 VDD.n257 VDD.n256 0.97675
R278 VDD.n72 VDD.n71 0.97675
R279 VDD.n70 VDD.n253 0.97675
R280 VDD.n76 VDD.n75 0.97675
R281 VDD.n74 VDD.n252 0.97675
R282 VDD.n35 VDD.n34 0.97675
R283 VDD.n33 VDD.n251 0.97675
R284 VDD.n67 VDD.n264 0.97675
R285 VDD.n262 VDD.n255 0.97675
R286 VDD.n261 VDD.n260 0.97675
R287 VDD.n259 VDD.n258 0.97675
R288 VDD.n233 VDD.n43 0.97675
R289 VDD.n231 VDD.n230 0.97675
R290 VDD.n80 VDD.n79 0.97675
R291 VDD.n78 VDD.n82 0.97675
R292 VDD.n85 VDD.n84 0.97675
R293 VDD.n220 VDD.n219 0.97675
R294 VDD.n88 VDD.n87 0.97675
R295 VDD.n86 VDD.n217 0.97675
R296 VDD.n92 VDD.n91 0.97675
R297 VDD.n90 VDD.n216 0.97675
R298 VDD.n41 VDD.n40 0.97675
R299 VDD.n39 VDD.n215 0.97675
R300 VDD.n83 VDD.n228 0.97675
R301 VDD.n226 VDD.n223 0.97675
R302 VDD.n225 VDD.n224 0.97675
R303 VDD.n221 VDD.n218 0.97675
R304 VDD.n265 VDD.n234 0.701407
R305 VDD.n270 VDD.n269 0.701277
R306 VDD.n234 VDD.n233 0.698252
R307 VDD.n299 VDD.n270 0.698252
R308 VDD.n462 VDD.n99 0.489106
R309 VDD.n323 VDD.n106 0.48175
R310 VDD.n325 VDD.n322 0.48175
R311 VDD.n327 VDD.n321 0.48175
R312 VDD.n329 VDD.n320 0.48175
R313 VDD.n331 VDD.n319 0.48175
R314 VDD.n333 VDD.n318 0.48175
R315 VDD.n335 VDD.n317 0.48175
R316 VDD.n337 VDD.n316 0.48175
R317 VDD.n339 VDD.n315 0.48175
R318 VDD.n98 VDD.n107 0.489471
R319 VDD.n461 VDD.n108 0.48175
R320 VDD.n459 VDD.n109 0.48175
R321 VDD.n457 VDD.n110 0.48175
R322 VDD.n455 VDD.n111 0.48175
R323 VDD.n453 VDD.n112 0.48175
R324 VDD.n451 VDD.n113 0.48175
R325 VDD.n449 VDD.n114 0.48175
R326 VDD.n447 VDD.n22 0.48175
R327 VDD.n445 VDD.n115 0.48175
R328 VDD.n441 VDD.n117 0.48175
R329 VDD.n439 VDD.n12 0.48175
R330 VDD.n437 VDD.n11 0.48175
R331 VDD.n435 VDD.n118 0.48175
R332 VDD.n433 VDD.n119 0.48175
R333 VDD.n431 VDD.n120 0.48175
R334 VDD.n429 VDD.n121 0.48175
R335 VDD.n427 VDD.n122 0.48175
R336 VDD.n425 VDD.n123 0.48175
R337 VDD.n423 VDD.n124 0.48175
R338 VDD.n421 VDD.n125 0.48175
R339 VDD.n419 VDD.n126 0.48175
R340 VDD.n417 VDD.n127 0.48175
R341 VDD.n415 VDD.n128 0.48175
R342 VDD.n413 VDD.n129 0.48175
R343 VDD.n411 VDD.n130 0.48175
R344 VDD.n407 VDD.n132 0.48175
R345 VDD.n405 VDD.n9 0.48175
R346 VDD.n403 VDD.n6 0.48175
R347 VDD.n401 VDD.n7 0.48175
R348 VDD.n399 VDD.n133 0.48175
R349 VDD.n395 VDD.n135 0.48175
R350 VDD.n393 VDD.n136 0.48175
R351 VDD.n391 VDD.n137 0.48175
R352 VDD.n389 VDD.n138 0.48175
R353 VDD.n387 VDD.n139 0.48175
R354 VDD.n385 VDD.n140 0.48175
R355 VDD.n383 VDD.n141 0.48175
R356 VDD.n381 VDD.n142 0.48175
R357 VDD.n379 VDD.n143 0.48175
R358 VDD.n377 VDD.n144 0.48175
R359 VDD.n375 VDD.n145 0.48175
R360 VDD.n373 VDD.n146 0.48175
R361 VDD.n371 VDD.n147 0.48175
R362 VDD.n369 VDD.n148 0.48175
R363 VDD.n367 VDD.n149 0.48175
R364 VDD.n365 VDD.n150 0.48175
R365 VDD.n361 VDD.n152 0.48175
R366 VDD.n359 VDD.n153 0.48175
R367 VDD.n357 VDD.n154 0.48175
R368 VDD.n355 VDD.n155 0.48175
R369 VDD.n353 VDD.n156 0.48175
R370 VDD.n351 VDD.n157 0.48175
R371 VDD.n349 VDD.n158 0.48175
R372 VDD.n347 VDD.n159 0.48175
R373 VDD.n345 VDD.n160 0.48175
R374 VDD.n363 VDD.n151 0.48175
R375 VDD.n397 VDD.n134 0.48175
R376 VDD.n409 VDD.n131 0.48175
R377 VDD.n443 VDD.n116 0.48175
R378 VDD.n341 VDD.n314 0.48175
R379 VDD.n343 VDD.n161 0.475767
R380 VDD.n15 VDD.n462 1.45682
R381 VDD.n197 VDD.n19 1.38334
R382 VDD.n54 VDD.n52 0.241125
R383 VDD.n294 VDD.n293 0.241125
R384 VDD.n289 VDD.n57 0.241125
R385 VDD.n69 VDD.n67 0.241125
R386 VDD.n262 VDD.n261 0.241125
R387 VDD.n258 VDD.n257 0.241125
R388 VDD.n85 VDD.n83 0.241125
R389 VDD.n226 VDD.n225 0.241125
R390 VDD.n221 VDD.n220 0.241125
R391 VDD.n72 VDD.n70 0.237688
R392 VDD.n76 VDD.n74 0.237688
R393 VDD.n88 VDD.n86 0.237688
R394 VDD.n92 VDD.n90 0.237688
R395 VDD.n35 VDD.n33 0.23425
R396 VDD.n41 VDD.n39 0.23425
R397 VDD.n96 VDD.n197 0.590635
R398 VDD.n32 VDD.n31 0.248
R399 VDD.n78 VDD.n81 0.120467
R400 VDD.n80 VDD.n78 0.241125
R401 VDD.n231 VDD.n80 0.241125
R402 VDD.n62 VDD.n65 0.120467
R403 VDD.n64 VDD.n62 0.241125
R404 VDD.n267 VDD.n64 0.241125
R405 VDD.n47 VDD.n50 0.120467
R406 VDD.n49 VDD.n47 0.241125
R407 VDD.n28 VDD.n45 0.120467
R408 VDD.n30 VDD.n28 0.241125
R409 VDD.n27 VDD.n25 0.120467
R410 VDD.n298 VDD.n27 0.241125
R411 VDD.n74 VDD.n36 0.127342
R412 VDD.n38 VDD.n33 0.127342
R413 VDD.n90 VDD.n42 0.127342
R414 VDD.n44 VDD.n39 0.127342
R415 VDD.n59 VDD.n31 0.240482
R416 VDD.n56 VDD.n59 0.239934
R417 VDD.n57 VDD.n56 0.23966
R418 VDD.n257 VDD.n73 0.123905
R419 VDD.n70 VDD.n77 0.123905
R420 VDD.n220 VDD.n89 0.123905
R421 VDD.n86 VDD.n93 0.123905
R422 VDD.n7 VDD.n6 0.1765
R423 VDD.n260 VDD.n259 0.128833
R424 VDD.n341 VDD.n340 0.125167
R425 VDD.n376 VDD.n375 0.125167
R426 VDD.n409 VDD.n408 0.125167
R427 VDD.n444 VDD.n443 0.125167
R428 VDD.n172 VDD.n151 0.125167
R429 VDD.n18 VDD.n143 0.0924389
R430 VDD.n94 VDD.n139 0.107106
R431 VDD.n186 VDD.n134 0.125167
R432 VDD.n311 VDD.n131 0.125167
R433 VDD.n302 VDD.n116 0.125167
R434 VDD.n22 VDD.n21 0.125167
R435 VDD.n300 VDD.n298 0.123929
R436 VDD.n268 VDD.n267 0.122186
R437 VDD.n232 VDD.n231 0.122186
R438 VDD.n343 VDD.n342 0.122172
R439 VDD.n374 VDD.n373 0.121772
R440 VDD.n411 VDD.n410 0.121772
R441 VDD.n442 VDD.n441 0.121772
R442 VDD.n171 VDD.n152 0.121772
R443 VDD.n187 VDD.n133 0.121772
R444 VDD.n188 VDD.n132 0.121772
R445 VDD.n304 VDD.n117 0.121772
R446 VDD.n290 VDD.n289 0.120467
R447 VDD.n295 VDD.n294 0.120467
R448 VDD.n52 VDD.n295 0.120467
R449 VDD.n293 VDD.n290 0.120467
R450 VDD.n258 VDD.n254 0.120467
R451 VDD.n263 VDD.n262 0.120467
R452 VDD.n67 VDD.n263 0.120467
R453 VDD.n261 VDD.n254 0.120467
R454 VDD.n225 VDD.n222 0.120467
R455 VDD.n83 VDD.n227 0.120467
R456 VDD.n227 VDD.n226 0.120467
R457 VDD.n222 VDD.n221 0.120467
R458 VDD.n338 VDD.n337 0.117833
R459 VDD.n345 VDD.n344 0.117833
R460 VDD.n372 VDD.n371 0.117833
R461 VDD.n379 VDD.n378 0.117833
R462 VDD.n406 VDD.n405 0.117833
R463 VDD.n413 VDD.n412 0.117833
R464 VDD.n440 VDD.n439 0.117833
R465 VDD.n447 VDD.n446 0.117833
R466 VDD.n170 VDD.n153 0.117833
R467 VDD.n173 VDD.n149 0.117833
R468 VDD.n185 VDD.n136 0.117833
R469 VDD.n10 VDD.n9 0.0398384
R470 VDD.n312 VDD.n129 0.117833
R471 VDD.n13 VDD.n12 0.0398384
R472 VDD.n336 VDD.n335 0.114439
R473 VDD.n381 VDD.n380 0.114439
R474 VDD.n404 VDD.n403 0.114439
R475 VDD.n449 VDD.n448 0.114439
R476 VDD.n169 VDD.n154 0.114439
R477 VDD.n174 VDD.n148 0.114439
R478 VDD.n184 VDD.n137 0.114439
R479 VDD.n310 VDD.n128 0.114439
R480 VDD.n347 VDD.n346 0.114439
R481 VDD.n370 VDD.n369 0.114439
R482 VDD.n415 VDD.n414 0.114439
R483 VDD.n438 VDD.n437 0.114439
R484 VDD.n334 VDD.n333 0.1105
R485 VDD.n349 VDD.n348 0.1105
R486 VDD.n368 VDD.n367 0.1105
R487 VDD.n383 VDD.n382 0.1105
R488 VDD.n402 VDD.n401 0.1105
R489 VDD.n417 VDD.n416 0.1105
R490 VDD.n436 VDD.n435 0.1105
R491 VDD.n451 VDD.n450 0.1105
R492 VDD.n168 VDD.n155 0.1105
R493 VDD.n175 VDD.n147 0.1105
R494 VDD.n183 VDD.n138 0.1105
R495 VDD.n189 VDD.n127 0.1105
R496 VDD.n305 VDD.n118 0.1105
R497 VDD.n303 VDD.n113 0.1105
R498 VDD.n351 VDD.n350 0.107106
R499 VDD.n366 VDD.n365 0.107106
R500 VDD.n419 VDD.n418 0.107106
R501 VDD.n434 VDD.n433 0.107106
R502 VDD.n167 VDD.n156 0.107106
R503 VDD.n176 VDD.n146 0.107106
R504 VDD.n309 VDD.n119 0.107106
R505 VDD.n192 VDD.n112 0.107106
R506 VDD.n332 VDD.n331 0.107106
R507 VDD.n385 VDD.n384 0.107106
R508 VDD.n400 VDD.n399 0.107106
R509 VDD.n453 VDD.n452 0.107106
R510 VDD.n233 VDD.n213 0.106833
R511 VDD.n299 VDD.n271 0.106833
R512 VDD.n330 VDD.n329 0.103167
R513 VDD.n353 VDD.n352 0.103167
R514 VDD.n364 VDD.n363 0.103167
R515 VDD.n387 VDD.n386 0.103167
R516 VDD.n398 VDD.n397 0.103167
R517 VDD.n421 VDD.n420 0.103167
R518 VDD.n432 VDD.n431 0.103167
R519 VDD.n455 VDD.n454 0.103167
R520 VDD.n166 VDD.n157 0.103167
R521 VDD.n177 VDD.n145 0.103167
R522 VDD.n182 VDD.n140 0.103167
R523 VDD.n190 VDD.n125 0.103167
R524 VDD.n308 VDD.n120 0.103167
R525 VDD.n193 VDD.n111 0.103167
R526 VDD.n215 VDD.n212 0.103167
R527 VDD.n265 VDD.n235 0.103167
R528 VDD.n269 VDD.n249 0.103167
R529 VDD.n297 VDD.n272 0.103167
R530 VDD.n328 VDD.n327 0.0997723
R531 VDD.n355 VDD.n354 0.0997723
R532 VDD.n362 VDD.n361 0.0997723
R533 VDD.n389 VDD.n388 0.0997723
R534 VDD.n396 VDD.n395 0.0997723
R535 VDD.n423 VDD.n422 0.0997723
R536 VDD.n430 VDD.n429 0.0997723
R537 VDD.n457 VDD.n456 0.0997723
R538 VDD.n165 VDD.n158 0.0997723
R539 VDD.n178 VDD.n144 0.0997723
R540 VDD.n181 VDD.n141 0.0997723
R541 VDD.n191 VDD.n124 0.0997723
R542 VDD.n40 VDD.n211 0.0995
R543 VDD.n266 VDD.n236 0.0995
R544 VDD.n251 VDD.n248 0.0995
R545 VDD.n26 VDD.n273 0.0995
R546 VDD.n323 VDD.n99 0.177059
R547 VDD.n326 VDD.n325 0.0958333
R548 VDD.n357 VDD.n356 0.0958333
R549 VDD.n360 VDD.n359 0.0958333
R550 VDD.n391 VDD.n390 0.0958333
R551 VDD.n394 VDD.n393 0.0958333
R552 VDD.n425 VDD.n424 0.0958333
R553 VDD.n428 VDD.n427 0.0958333
R554 VDD.n459 VDD.n458 0.0958333
R555 VDD.n98 VDD.n461 0.176697
R556 VDD.n115 VDD.n23 0.129106
R557 VDD.n162 VDD.n160 0.0958333
R558 VDD.n164 VDD.n159 0.0958333
R559 VDD.n179 VDD.n143 0.0958333
R560 VDD.n180 VDD.n142 0.0958333
R561 VDD.n307 VDD.n123 0.0958333
R562 VDD.n306 VDD.n122 0.0958333
R563 VDD.n194 VDD.n109 0.0958333
R564 VDD.n196 VDD.n108 0.0958333
R565 VDD.n216 VDD.n210 0.0958333
R566 VDD.n63 VDD.n237 0.0958333
R567 VDD.n34 VDD.n247 0.0958333
R568 VDD.n29 VDD.n274 0.0958333
R569 VDD.n358 VDD.n357 0.092439
R570 VDD.n359 VDD.n358 0.092439
R571 VDD.n426 VDD.n425 0.092439
R572 VDD.n427 VDD.n426 0.092439
R573 VDD.n163 VDD.n160 0.092439
R574 VDD.n163 VDD.n159 0.092439
R575 VDD.n195 VDD.n109 0.092439
R576 VDD.n195 VDD.n108 0.092439
R577 VDD.n324 VDD.n323 0.0924389
R578 VDD.n325 VDD.n324 0.0924389
R579 VDD.n392 VDD.n391 0.0924389
R580 VDD.n393 VDD.n392 0.0924389
R581 VDD.n460 VDD.n459 0.0924389
R582 VDD.n461 VDD.n460 0.0924389
R583 VDD.n91 VDD.n209 0.0921667
R584 VDD.n66 VDD.n238 0.0921667
R585 VDD.n252 VDD.n246 0.0921667
R586 VDD.n46 VDD.n275 0.0921667
R587 VDD.n322 VDD.n321 0.0906639
R588 VDD.n321 VDD.n320 0.0906639
R589 VDD.n320 VDD.n319 0.0906639
R590 VDD.n319 VDD.n318 0.0906639
R591 VDD.n318 VDD.n317 0.0906639
R592 VDD.n317 VDD.n316 0.0906639
R593 VDD.n316 VDD.n315 0.0906639
R594 VDD.n315 VDD.n314 0.0906639
R595 VDD.n327 VDD.n326 0.0885
R596 VDD.n356 VDD.n355 0.0885
R597 VDD.n361 VDD.n360 0.0885
R598 VDD.n390 VDD.n389 0.0885
R599 VDD.n395 VDD.n394 0.0885
R600 VDD.n424 VDD.n423 0.0885
R601 VDD.n429 VDD.n428 0.0885
R602 VDD.n458 VDD.n457 0.0885
R603 VDD.n164 VDD.n158 0.0885
R604 VDD.n179 VDD.n144 0.0885
R605 VDD.n180 VDD.n141 0.0885
R606 VDD.n307 VDD.n124 0.0885
R607 VDD.n306 VDD.n121 0.0885
R608 VDD.n194 VDD.n110 0.0885
R609 VDD.n196 VDD.n107 0.0885
R610 VDD.n217 VDD.n208 0.0885
R611 VDD.n68 VDD.n239 0.0885
R612 VDD.n75 VDD.n245 0.0885
R613 VDD.n48 VDD.n276 0.0885
R614 VDD.n329 VDD.n328 0.0851056
R615 VDD.n388 VDD.n387 0.0851056
R616 VDD.n397 VDD.n396 0.0851056
R617 VDD.n456 VDD.n455 0.0851056
R618 VDD.n165 VDD.n157 0.0851056
R619 VDD.n178 VDD.n145 0.0851056
R620 VDD.n181 VDD.n140 0.0851056
R621 VDD.n191 VDD.n125 0.0851056
R622 VDD.n354 VDD.n353 0.0851056
R623 VDD.n363 VDD.n362 0.0851056
R624 VDD.n422 VDD.n421 0.0851056
R625 VDD.n431 VDD.n430 0.0851056
R626 VDD.n87 VDD.n207 0.0848333
R627 VDD.n264 VDD.n240 0.0848333
R628 VDD.n253 VDD.n244 0.0848333
R629 VDD.n51 VDD.n277 0.0848333
R630 VDD.n331 VDD.n330 0.0811667
R631 VDD.n352 VDD.n351 0.0811667
R632 VDD.n365 VDD.n364 0.0811667
R633 VDD.n386 VDD.n385 0.0811667
R634 VDD.n399 VDD.n398 0.0811667
R635 VDD.n420 VDD.n419 0.0811667
R636 VDD.n433 VDD.n432 0.0811667
R637 VDD.n454 VDD.n453 0.0811667
R638 VDD.n166 VDD.n156 0.0811667
R639 VDD.n177 VDD.n146 0.0811667
R640 VDD.n182 VDD.n139 0.0811667
R641 VDD.n190 VDD.n126 0.0811667
R642 VDD.n308 VDD.n119 0.0811667
R643 VDD.n193 VDD.n112 0.0811667
R644 VDD.n219 VDD.n206 0.0811667
R645 VDD.n255 VDD.n241 0.0811667
R646 VDD.n71 VDD.n243 0.0811667
R647 VDD.n53 VDD.n278 0.0811667
R648 VDD.n162 VDD.n161 0.0790081
R649 VDD.n350 VDD.n349 0.0777723
R650 VDD.n367 VDD.n366 0.0777723
R651 VDD.n418 VDD.n417 0.0777723
R652 VDD.n435 VDD.n434 0.0777723
R653 VDD.n167 VDD.n155 0.0777723
R654 VDD.n176 VDD.n147 0.0777723
R655 VDD.n309 VDD.n118 0.0777723
R656 VDD.n192 VDD.n113 0.0777723
R657 VDD.n333 VDD.n332 0.0777723
R658 VDD.n384 VDD.n383 0.0777723
R659 VDD.n401 VDD.n400 0.0777723
R660 VDD.n452 VDD.n451 0.0777723
R661 VDD.n229 VDD.n198 0.0775
R662 VDD.n218 VDD.n205 0.0775
R663 VDD.n256 VDD.n242 0.0775
R664 VDD.n296 VDD.n279 0.0775
R665 VDD.n301 VDD.n286 0.0775
R666 VDD.n322 VDD.n106 0.0744127
R667 VDD.n335 VDD.n334 0.0738333
R668 VDD.n348 VDD.n347 0.0738333
R669 VDD.n369 VDD.n368 0.0738333
R670 VDD.n382 VDD.n381 0.0738333
R671 VDD.n403 VDD.n402 0.0738333
R672 VDD.n416 VDD.n415 0.0738333
R673 VDD.n437 VDD.n436 0.0738333
R674 VDD.n450 VDD.n449 0.0738333
R675 VDD.n168 VDD.n154 0.0738333
R676 VDD.n175 VDD.n148 0.0738333
R677 VDD.n183 VDD.n137 0.0738333
R678 VDD.n189 VDD.n128 0.0738333
R679 VDD.n305 VDD.n11 0.0738333
R680 VDD.n303 VDD.n114 0.0738333
R681 VDD.n230 VDD.n199 0.0738333
R682 VDD.n224 VDD.n204 0.0738333
R683 VDD.n291 VDD.n280 0.0738333
R684 VDD.n61 VDD.n285 0.0738333
R685 VDD.n314 VDD.n313 0.0726311
R686 VDD.n337 VDD.n336 0.070439
R687 VDD.n380 VDD.n379 0.070439
R688 VDD.n405 VDD.n404 0.070439
R689 VDD.n448 VDD.n447 0.070439
R690 VDD.n169 VDD.n153 0.070439
R691 VDD.n174 VDD.n149 0.070439
R692 VDD.n184 VDD.n136 0.070439
R693 VDD.n310 VDD.n129 0.070439
R694 VDD.n346 VDD.n345 0.0704389
R695 VDD.n371 VDD.n370 0.0704389
R696 VDD.n414 VDD.n413 0.0704389
R697 VDD.n439 VDD.n438 0.0704389
R698 VDD.n79 VDD.n200 0.0701667
R699 VDD.n223 VDD.n203 0.0701667
R700 VDD.n292 VDD.n281 0.0701667
R701 VDD.n60 VDD.n284 0.0701667
R702 VDD.n462 VDD.n106 0.0667651
R703 VDD.n344 VDD.n343 0.0665655
R704 VDD.n339 VDD.n338 0.0665
R705 VDD.n373 VDD.n372 0.0665
R706 VDD.n378 VDD.n377 0.0665
R707 VDD.n407 VDD.n406 0.0665
R708 VDD.n412 VDD.n411 0.0665
R709 VDD.n441 VDD.n440 0.0665
R710 VDD.n446 VDD.n445 0.0665
R711 VDD.n170 VDD.n152 0.0665
R712 VDD.n173 VDD.n150 0.0665
R713 VDD.n185 VDD.n135 0.0665
R714 VDD.n10 VDD.n132 0.144957
R715 VDD.n312 VDD.n130 0.0665
R716 VDD.n13 VDD.n117 0.144957
R717 VDD.n82 VDD.n201 0.0665
R718 VDD.n228 VDD.n202 0.0665
R719 VDD.n288 VDD.n282 0.0665
R720 VDD.n58 VDD.n283 0.0665
R721 VDD.n187 VDD.n134 0.0631056
R722 VDD.n342 VDD.n341 0.0631056
R723 VDD.n410 VDD.n409 0.0631056
R724 VDD.n375 VDD.n374 0.0631056
R725 VDD.n443 VDD.n442 0.0631056
R726 VDD.n171 VDD.n151 0.0631056
R727 VDD.n188 VDD.n131 0.0631056
R728 VDD.n304 VDD.n116 0.0631056
R729 VDD.n84 VDD.n201 0.0628333
R730 VDD.n84 VDD.n202 0.0628333
R731 VDD.n55 VDD.n282 0.0628333
R732 VDD.n55 VDD.n283 0.0628333
R733 VDD.n340 VDD.n339 0.0591667
R734 VDD.n377 VDD.n376 0.0591667
R735 VDD.n408 VDD.n407 0.0591667
R736 VDD.n445 VDD.n444 0.0591667
R737 VDD.n172 VDD.n150 0.0591667
R738 VDD.n186 VDD.n135 0.0591667
R739 VDD.n311 VDD.n130 0.0591667
R740 VDD.n302 VDD.n115 0.0591667
R741 VDD.n82 VDD.n200 0.0591667
R742 VDD.n228 VDD.n203 0.0591667
R743 VDD.n288 VDD.n281 0.0591667
R744 VDD.n58 VDD.n284 0.0591667
R745 VDD.n79 VDD.n199 0.0555
R746 VDD.n223 VDD.n204 0.0555
R747 VDD.n292 VDD.n280 0.0555
R748 VDD.n60 VDD.n285 0.0555
R749 VDD.n21 VDD.n114 0.0518333
R750 VDD.n230 VDD.n198 0.0518333
R751 VDD.n224 VDD.n205 0.0518333
R752 VDD.n259 VDD.n242 0.0518333
R753 VDD.n291 VDD.n279 0.0518333
R754 VDD.n61 VDD.n286 0.0518333
R755 VDD.n218 VDD.n206 0.0481667
R756 VDD.n260 VDD.n241 0.0481667
R757 VDD.n256 VDD.n243 0.0481667
R758 VDD.n296 VDD.n278 0.0481667
R759 VDD.n24 VDD.n126 0.107106
R760 VDD.n219 VDD.n207 0.0445
R761 VDD.n255 VDD.n240 0.0445
R762 VDD.n71 VDD.n244 0.0445
R763 VDD.n53 VDD.n277 0.0445
R764 VDD.n87 VDD.n208 0.0408333
R765 VDD.n264 VDD.n239 0.0408333
R766 VDD.n253 VDD.n245 0.0408333
R767 VDD.n51 VDD.n276 0.0408333
R768 VDD.n100 VDD.n121 0.0997723
R769 VDD.n20 VDD.n110 0.0997723
R770 VDD.n217 VDD.n209 0.0371667
R771 VDD.n68 VDD.n238 0.0371667
R772 VDD.n75 VDD.n246 0.0371667
R773 VDD.n48 VDD.n275 0.0371667
R774 VDD.n91 VDD.n210 0.0335
R775 VDD.n66 VDD.n237 0.0335
R776 VDD.n252 VDD.n247 0.0335
R777 VDD.n46 VDD.n274 0.0335
R778 VDD.n471 VDD.n101 0.0300385
R779 VDD.n470 VDD.n469 0.0300385
R780 VDD.n470 VDD.n103 0.0300385
R781 VDD.n465 VDD.n103 0.0300385
R782 VDD.n468 VDD.n104 0.0300385
R783 VDD.n467 VDD.n5 0.0156729
R784 VDD.n467 VDD.n466 0.0300385
R785 VDD.n12 VDD.n11 0.184378
R786 VDD.n9 VDD.n6 0.184378
R787 VDD.n133 VDD.n8 0.129106
R788 VDD.n1 VDD.n0 0.753026
R789 VDD.n1 VDD.n105 0.0473987
R790 VDD.n18 VDD.n142 0.0924389
R791 VDD.n95 VDD.n123 0.0924389
R792 VDD.n95 VDD.n122 0.0924389
R793 VDD.n15 VDD.n14 0.0225763
R794 VDD.n216 VDD.n211 0.0298333
R795 VDD.n63 VDD.n236 0.0298333
R796 VDD.n34 VDD.n248 0.0298333
R797 VDD.n29 VDD.n273 0.0298333
R798 VDD.n40 VDD.n212 0.0261667
R799 VDD.n266 VDD.n235 0.0261667
R800 VDD.n251 VDD.n249 0.0261667
R801 VDD.n26 VDD.n272 0.0261667
R802 VDD.n100 VDD.n120 0.0851056
R803 VDD.t0 VDD.n97 0.0344708
R804 VDD.n20 VDD.n111 0.0851056
R805 VDD.n17 VDD.n16 0.0835513
R806 VDD.n215 VDD.n213 0.0225
R807 VDD.n297 VDD.n271 0.0225
R808 VDD.n4 VDD.n3 0.020089
R809 VDD.n313 VDD.n161 0.019522
R810 VDD.t16 VDD.n464 0.0157923
R811 VDD.n471 VDD.n102 0.0155551
R812 VDD.n464 VDD.n101 0.0155551
R813 VDD.n94 VDD.n138 0.0777723
R814 VDD.n24 VDD.n127 0.0777723
R815 VDD.n463 VDD.n0 0.0686096
R816 VDD.n468 VDD.n2 2.28457
R817 VDD VDD.n0 0.0005
R818 GND.n16 GND.t2 31.4019
R819 GND.n16 GND.n15 0.00114068
R820 GND.n376 GND.n100 41.1048
R821 GND.n375 GND.n101 41.1048
R822 GND.n374 GND.n102 41.1048
R823 GND.n373 GND.n103 41.1048
R824 GND.n372 GND.n104 41.1048
R825 GND.n370 GND.n106 41.1048
R826 GND.n369 GND.n107 41.1048
R827 GND.n368 GND.n108 41.1048
R828 GND.n367 GND.n109 41.1048
R829 GND.n366 GND.n110 41.1048
R830 GND.n365 GND.n111 41.1048
R831 GND.n363 GND.n113 41.1048
R832 GND.n362 GND.n114 41.1048
R833 GND.n361 GND.n115 41.1048
R834 GND.n360 GND.n116 41.1048
R835 GND.n359 GND.n117 41.1048
R836 GND.n358 GND.n118 41.1048
R837 GND.n356 GND.n120 41.1048
R838 GND.n355 GND.n121 41.1048
R839 GND.n354 GND.n122 41.1048
R840 GND.n353 GND.n123 41.1048
R841 GND.n352 GND.n124 41.1048
R842 GND.n351 GND.n125 41.1048
R843 GND.n350 GND.n126 41.1048
R844 GND.n349 GND.n127 41.1048
R845 GND.n9 GND.n128 11.8108
R846 GND.n391 GND.n86 39.8778
R847 GND.n390 GND.n87 39.8778
R848 GND.n388 GND.n89 39.8778
R849 GND.n387 GND.n90 39.8778
R850 GND.n386 GND.n91 39.8778
R851 GND.n384 GND.n93 39.8778
R852 GND.n383 GND.n94 39.8778
R853 GND.n382 GND.n95 39.8778
R854 GND.n381 GND.n96 39.8778
R855 GND.n380 GND.n97 39.8778
R856 GND.n379 GND.n98 39.8778
R857 GND.n377 GND.n100 39.8778
R858 GND.t4 GND.n228 33.7428
R859 GND.t5 GND.n202 33.7428
R860 GND.t6 GND.n220 33.7428
R861 GND.t11 GND.n105 33.7428
R862 GND.t13 GND.n119 33.7428
R863 GND.t0 GND.n112 33.1293
R864 GND.t14 GND.n88 31.9023
R865 GND.n385 GND.t9 31.9023
R866 GND.n378 GND.t10 31.9023
R867 GND.n216 GND.n72 25.1539
R868 GND.n403 GND.n73 25.1539
R869 GND.n404 GND.n74 25.1539
R870 GND.n402 GND.n75 25.1539
R871 GND.n401 GND.n76 25.1539
R872 GND.n400 GND.n77 25.1539
R873 GND.n399 GND.n78 25.1539
R874 GND.n398 GND.n79 25.1539
R875 GND.n397 GND.n80 25.1539
R876 GND.n396 GND.n81 25.1539
R877 GND.n395 GND.n82 25.1539
R878 GND.n394 GND.n83 25.1539
R879 GND.n393 GND.n84 25.1539
R880 GND.n392 GND.n85 25.1539
R881 GND.n0 GND.n2 11.8798
R882 GND.n21 GND.n20 23.7796
R883 GND.n10 GND.n2 0.023407
R884 GND.n230 GND.n147 18.7343
R885 GND.n231 GND.n145 18.7343
R886 GND.n233 GND.n142 18.7343
R887 GND.n222 GND.n195 18.7343
R888 GND.n233 GND.n141 18.7343
R889 GND.n232 GND.n142 18.7343
R890 GND.n232 GND.n140 18.7343
R891 GND.n231 GND.n140 18.7343
R892 GND.n230 GND.n145 18.7343
R893 GND.n227 GND.n137 18.7343
R894 GND.n227 GND.n135 18.7343
R895 GND.n226 GND.n135 18.7343
R896 GND.n226 GND.n133 18.7343
R897 GND.n225 GND.n133 18.7343
R898 GND.n224 GND.n201 18.7343
R899 GND.n223 GND.n201 18.7343
R900 GND.n223 GND.n198 18.7343
R901 GND.n222 GND.n198 18.7343
R902 GND.n219 GND.n193 18.7343
R903 GND.n219 GND.n192 18.7343
R904 GND.n218 GND.n192 18.7343
R905 GND.n218 GND.n189 18.7343
R906 GND.n5 GND.n613 17.0005
R907 GND.n5 GND.n136 17.0005
R908 GND.n5 GND.n146 17.0005
R909 GND.n5 GND.n139 17.0005
R910 GND.n5 GND.n129 17.0005
R911 GND.n614 GND.n5 17.0005
R912 GND.n5 GND.n128 17.0005
R913 GND.n5 GND.n127 8.49608
R914 GND.n5 GND.n149 17.0005
R915 GND.n5 GND.n150 17.0005
R916 GND.n5 GND.n123 8.49628
R917 GND.n5 GND.n152 17.0005
R918 GND.n5 GND.n154 17.0005
R919 GND.n5 GND.n119 8.49389
R920 GND.n5 GND.n156 17.0005
R921 GND.n5 GND.n158 17.0005
R922 GND.n5 GND.n112 8.49288
R923 GND.n5 GND.n111 8.49045
R924 GND.n5 GND.n160 17.0005
R925 GND.n5 GND.n162 17.0005
R926 GND.n5 GND.n105 8.4956
R927 GND.n5 GND.n164 17.0005
R928 GND.n5 GND.n103 8.49623
R929 GND.n5 GND.n166 17.0005
R930 GND.n5 GND.n167 17.0005
R931 GND.n5 GND.n100 8.4914
R932 GND.n5 GND.n169 17.0005
R933 GND.n5 GND.n95 8.49784
R934 GND.n5 GND.n171 17.0005
R935 GND.n5 GND.n94 8.49584
R936 GND.n5 GND.n173 17.0005
R937 GND.n5 GND.n90 8.49197
R938 GND.n5 GND.n175 17.0005
R939 GND.n3 GND.n88 8.49675
R940 GND.n5 GND.n177 17.0005
R941 GND.n5 GND.n178 17.0005
R942 GND.n5 GND.n84 8.49093
R943 GND.n5 GND.n4 0.0236915
R944 GND.n5 GND.n82 17.0005
R945 GND.n5 GND.n180 17.0005
R946 GND.n5 GND.n81 17.0005
R947 GND.n5 GND.n80 17.0005
R948 GND.n5 GND.n79 17.0005
R949 GND.n5 GND.n182 17.0005
R950 GND.n5 GND.n77 17.0005
R951 GND.n5 GND.n76 8.49517
R952 GND.n5 GND.n184 17.0005
R953 GND.n5 GND.n75 17.0005
R954 GND.n5 GND.n73 8.49614
R955 GND.n5 GND.n186 17.0005
R956 GND.n5 GND.n188 17.0005
R957 GND.n5 GND.n190 17.0005
R958 GND.n5 GND.n194 17.0005
R959 GND.n5 GND.n197 17.0005
R960 GND.n5 GND.n200 17.0005
R961 GND.n5 GND.n202 17.0005
R962 GND.n5 GND.n204 17.0005
R963 GND.n511 GND.n22 17.0005
R964 GND.n513 GND.n22 17.0005
R965 GND.n517 GND.n22 17.0005
R966 GND.n521 GND.n22 17.0005
R967 GND.n525 GND.n22 17.0005
R968 GND.n529 GND.n22 17.0005
R969 GND.n533 GND.n22 17.0005
R970 GND.n537 GND.n22 17.0005
R971 GND.n541 GND.n22 17.0005
R972 GND.n545 GND.n22 17.0005
R973 GND.n547 GND.n22 17.0005
R974 GND.n549 GND.n22 17.0005
R975 GND.n551 GND.n22 17.0005
R976 GND.n555 GND.n22 17.0005
R977 GND.n559 GND.n22 17.0005
R978 GND.n563 GND.n22 17.0005
R979 GND.n567 GND.n22 17.0005
R980 GND.n571 GND.n22 17.0005
R981 GND.n575 GND.n22 17.0005
R982 GND.n579 GND.n22 17.0005
R983 GND.n583 GND.n22 17.0005
R984 GND.n585 GND.n22 17.0005
R985 GND.n3 GND.n9 0.306824
R986 GND.n3 GND.n126 8.4947
R987 GND.n3 GND.n125 8.49164
R988 GND.n3 GND.n124 8.49116
R989 GND.n3 GND.n122 8.49445
R990 GND.n3 GND.n121 8.49421
R991 GND.n3 GND.n120 8.49021
R992 GND.n3 GND.n118 8.49068
R993 GND.n3 GND.n117 8.49397
R994 GND.n3 GND.n116 8.49372
R995 GND.n3 GND.n115 8.49092
R996 GND.n3 GND.n114 8.49348
R997 GND.n3 GND.n113 8.49324
R998 GND.n3 GND.n110 8.49299
R999 GND.n3 GND.n109 8.49275
R1000 GND.n3 GND.n108 8.49251
R1001 GND.n3 GND.n107 8.49227
R1002 GND.n3 GND.n106 8.49203
R1003 GND.n3 GND.n104 8.49179
R1004 GND.n3 GND.n102 8.49044
R1005 GND.n3 GND.n101 8.49155
R1006 GND.n3 GND.n99 8.49515
R1007 GND.n3 GND.n98 8.49131
R1008 GND.n3 GND.n97 8.49107
R1009 GND.n3 GND.n96 8.49083
R1010 GND.n3 GND.n93 8.4906
R1011 GND.n3 GND.n92 8.4918
R1012 GND.n3 GND.n91 8.49036
R1013 GND.n3 GND.n89 8.49012
R1014 GND.n3 GND.n87 8.4917
R1015 GND.n3 GND.n86 8.49312
R1016 GND.n3 GND.n85 8.48989
R1017 GND.n4 GND.n83 8.48965
R1018 GND.n3 GND.n82 17.0005
R1019 GND.n3 GND.n81 17.0005
R1020 GND.n3 GND.n80 17.0005
R1021 GND.n3 GND.n79 17.0005
R1022 GND.n3 GND.n78 8.49492
R1023 GND.n3 GND.n77 17.0005
R1024 GND.n3 GND.n75 17.0005
R1025 GND.n3 GND.n74 8.4914
R1026 GND.n5 GND.n72 8.49732
R1027 GND.n3 GND.n217 17.0005
R1028 GND.n3 GND.n220 17.0005
R1029 GND.n3 GND.n221 17.0005
R1030 GND.n3 GND.n228 17.0005
R1031 GND.n3 GND.n229 17.0005
R1032 GND.n506 GND.n22 17.0005
R1033 GND.n40 GND.n22 8.46995
R1034 GND.n43 GND.n40 0.0631056
R1035 GND.n30 GND.n28 0.0631056
R1036 GND.n28 GND.n22 8.46995
R1037 GND.n502 GND.n22 17.0005
R1038 GND.n500 GND.n22 17.0005
R1039 GND.n498 GND.n22 17.0005
R1040 GND.n496 GND.n22 17.0005
R1041 GND.n494 GND.n22 17.0005
R1042 GND.n492 GND.n22 17.0005
R1043 GND.n490 GND.n22 17.0005
R1044 GND.n488 GND.n22 17.0005
R1045 GND.n486 GND.n22 17.0005
R1046 GND.n484 GND.n22 17.0005
R1047 GND.n480 GND.n22 17.0005
R1048 GND.n478 GND.n22 17.0005
R1049 GND.n476 GND.n22 17.0005
R1050 GND.n474 GND.n22 17.0005
R1051 GND.n472 GND.n22 17.0005
R1052 GND.n470 GND.n22 17.0005
R1053 GND.n468 GND.n22 17.0005
R1054 GND.n466 GND.n22 17.0005
R1055 GND.n464 GND.n22 17.0005
R1056 GND.n462 GND.n22 17.0005
R1057 GND.n36 GND.n22 8.46995
R1058 GND.n39 GND.n36 0.0631056
R1059 GND.n26 GND.n24 0.0631056
R1060 GND.n24 GND.n22 8.46995
R1061 GND.n458 GND.n22 17.0005
R1062 GND.n15 GND.n70 17.0005
R1063 GND.n35 GND.n15 8.47177
R1064 GND.n244 GND.n15 17.0005
R1065 GND.n15 GND.n71 17.0005
R1066 GND.n15 GND.n252 17.0005
R1067 GND.n15 GND.n34 8.47177
R1068 GND.n7 GND.n15 17.0005
R1069 GND.t3 GND.n235 17.0005
R1070 GND.t3 GND.n247 17.0005
R1071 GND.n257 GND.t3 17.0005
R1072 GND.t15 GND.n58 5.58843
R1073 GND.n54 GND.n56 0.122162
R1074 GND.t15 GND.n54 8.44042
R1075 GND.n52 GND.n38 0.122162
R1076 GND.t15 GND.n52 8.44042
R1077 GND.n46 GND.n47 0.122162
R1078 GND.t15 GND.n46 8.44042
R1079 GND.t1 GND.n49 5.58956
R1080 GND.t1 GND.n67 4.16223
R1081 GND.n63 GND.n65 0.122162
R1082 GND.t1 GND.n63 8.44042
R1083 GND.n217 GND.n216 16.5649
R1084 GND.n404 GND.n73 16.5649
R1085 GND.n402 GND.n74 16.5649
R1086 GND.n401 GND.n75 16.5649
R1087 GND.n400 GND.n76 16.5649
R1088 GND.n399 GND.n77 16.5649
R1089 GND.n398 GND.n78 16.5649
R1090 GND.n396 GND.n80 16.5649
R1091 GND.n395 GND.n81 16.5649
R1092 GND.n394 GND.n82 16.5649
R1093 GND.n393 GND.n83 16.5649
R1094 GND.n392 GND.n84 16.5649
R1095 GND.n391 GND.n85 16.5649
R1096 GND.n348 GND.n141 9.36739
R1097 GND.n217 GND.n189 9.36739
R1098 GND.n220 GND.n193 9.36739
R1099 GND.n225 GND.n204 9.36739
R1100 GND.n229 GND.n147 9.36739
R1101 GND.n228 GND.n137 9.36739
R1102 GND.n224 GND.n202 9.36739
R1103 GND.n221 GND.n195 9.36739
R1104 GND.n403 GND.t7 8.58946
R1105 GND.n397 GND.t8 8.58946
R1106 GND.n22 GND.n404 8.50125
R1107 GND.n348 GND.n3 0.469243
R1108 GND.n348 GND.n16 19284.6
R1109 GND.n22 GND.n349 8.5005
R1110 GND.n22 GND.n350 8.5005
R1111 GND.n22 GND.n351 8.5005
R1112 GND.n22 GND.n352 8.5005
R1113 GND.n22 GND.n353 8.5005
R1114 GND.n22 GND.n354 8.5005
R1115 GND.n22 GND.n355 8.5005
R1116 GND.n22 GND.n356 8.5005
R1117 GND.n22 GND.n357 8.5005
R1118 GND.n22 GND.n358 8.5005
R1119 GND.n22 GND.n359 8.5005
R1120 GND.n22 GND.n360 8.5005
R1121 GND.n22 GND.n361 8.5005
R1122 GND.n22 GND.n362 8.5005
R1123 GND.n22 GND.n363 8.5005
R1124 GND.n22 GND.n364 8.5005
R1125 GND.n22 GND.n365 8.5005
R1126 GND.n22 GND.n366 8.5005
R1127 GND.n22 GND.n367 8.5005
R1128 GND.n22 GND.n368 8.5005
R1129 GND.n22 GND.n369 8.5005
R1130 GND.n22 GND.n370 8.5005
R1131 GND.n22 GND.n371 8.5005
R1132 GND.n22 GND.n372 8.5005
R1133 GND.n22 GND.n373 8.5005
R1134 GND.n22 GND.n374 8.5005
R1135 GND.n22 GND.n375 8.5005
R1136 GND.n22 GND.n376 8.5005
R1137 GND.n22 GND.n377 8.5005
R1138 GND.n22 GND.n378 8.5005
R1139 GND.n22 GND.n379 8.5005
R1140 GND.n22 GND.n380 8.5005
R1141 GND.n22 GND.n381 8.5005
R1142 GND.n22 GND.n382 8.5005
R1143 GND.n22 GND.n383 8.5005
R1144 GND.n22 GND.n384 8.5005
R1145 GND.n22 GND.n385 8.5005
R1146 GND.n22 GND.n386 8.5005
R1147 GND.n22 GND.n387 8.5005
R1148 GND.n22 GND.n388 8.5005
R1149 GND.n22 GND.n389 8.5005
R1150 GND.n22 GND.n390 8.5005
R1151 GND.n22 GND.n391 8.5005
R1152 GND.n22 GND.n392 8.5005
R1153 GND.n22 GND.n393 8.5005
R1154 GND.n22 GND.n394 8.5005
R1155 GND.n22 GND.n395 8.5005
R1156 GND.n22 GND.n396 8.5005
R1157 GND.n22 GND.n397 8.5005
R1158 GND.n22 GND.n398 8.5005
R1159 GND.n22 GND.n399 8.5005
R1160 GND.n22 GND.n400 8.5005
R1161 GND.n22 GND.n401 8.5005
R1162 GND.n22 GND.n402 8.5005
R1163 GND.n22 GND.n403 8.5005
R1164 GND.n259 GND.n15 8.48544
R1165 GND.n345 GND.n15 8.48544
R1166 GND.n333 GND.n15 8.47815
R1167 GND.n587 GND.n22 8.47683
R1168 GND.n5 GND.n134 8.46995
R1169 GND.n5 GND.n148 8.46995
R1170 GND.n5 GND.n138 8.46995
R1171 GND.n5 GND.n144 8.46995
R1172 GND.n5 GND.n151 8.46995
R1173 GND.n5 GND.n155 8.46995
R1174 GND.n5 GND.n159 8.46995
R1175 GND.n5 GND.n163 8.46995
R1176 GND.n5 GND.n170 8.46995
R1177 GND.n5 GND.n174 8.46995
R1178 GND.n5 GND.n181 8.46995
R1179 GND.n5 GND.n185 8.46995
R1180 GND.n5 GND.n196 8.46995
R1181 GND.n5 GND.n203 8.46995
R1182 GND.n519 GND.n22 8.46995
R1183 GND.n527 GND.n22 8.46995
R1184 GND.n535 GND.n22 8.46995
R1185 GND.n543 GND.n22 8.46995
R1186 GND.n553 GND.n22 8.46995
R1187 GND.n561 GND.n22 8.46995
R1188 GND.n569 GND.n22 8.46995
R1189 GND.n577 GND.n22 8.46995
R1190 GND.n504 GND.n22 8.46995
R1191 GND.n460 GND.n22 8.46995
R1192 GND.n5 GND.n153 8.46995
R1193 GND.n5 GND.n157 8.46995
R1194 GND.n5 GND.n161 8.46995
R1195 GND.n5 GND.n165 8.46995
R1196 GND.n5 GND.n168 8.46995
R1197 GND.n5 GND.n172 8.46995
R1198 GND.n5 GND.n176 8.46995
R1199 GND.n5 GND.n179 8.46995
R1200 GND.n5 GND.n183 8.46995
R1201 GND.n5 GND.n187 8.46995
R1202 GND.n5 GND.n191 8.46995
R1203 GND.n5 GND.n199 8.46995
R1204 GND.n515 GND.n22 8.46995
R1205 GND.n523 GND.n22 8.46995
R1206 GND.n531 GND.n22 8.46995
R1207 GND.n539 GND.n22 8.46995
R1208 GND.n557 GND.n22 8.46995
R1209 GND.n565 GND.n22 8.46995
R1210 GND.n573 GND.n22 8.46995
R1211 GND.n581 GND.n22 8.46995
R1212 GND.t3 GND.n256 8.46676
R1213 GND.t3 GND.n248 8.46676
R1214 GND.t3 GND.n240 8.46676
R1215 GND.t3 GND.n239 8.46676
R1216 GND.t1 GND.n443 8.44469
R1217 GND.n456 GND.t15 8.44383
R1218 GND.t15 GND.n450 8.44298
R1219 GND.n449 GND.t1 8.44213
R1220 GND.t15 GND.n454 8.44042
R1221 GND.t15 GND.n455 8.44042
R1222 GND.t1 GND.n447 8.44042
R1223 GND.t1 GND.n448 8.44042
R1224 GND.n229 GND.t4 7.97596
R1225 GND.n204 GND.t5 7.97596
R1226 GND.n221 GND.t6 7.97596
R1227 GND.t7 GND.n72 7.97596
R1228 GND.t8 GND.n79 7.97596
R1229 GND.n389 GND.t14 7.97596
R1230 GND.t9 GND.n92 7.97596
R1231 GND.t10 GND.n99 7.97596
R1232 GND.n371 GND.t11 7.36246
R1233 GND.n364 GND.t12 7.36246
R1234 GND.n357 GND.t13 7.36246
R1235 GND.n347 GND.n15 5.64343
R1236 GND.n292 GND.t21 4.34814
R1237 GND.n306 GND.t20 4.34814
R1238 GND.n305 GND.t21 4.34781
R1239 GND.t20 GND.n269 4.34781
R1240 GND.n320 GND.n319 4.31983
R1241 GND.n5 GND.n133 3.8178
R1242 GND.n5 GND.n135 3.8178
R1243 GND.n5 GND.n137 3.8178
R1244 GND.n5 GND.n147 3.8178
R1245 GND.n5 GND.n145 3.8178
R1246 GND.n5 GND.n140 3.8178
R1247 GND.n5 GND.n142 3.8178
R1248 GND.n5 GND.n141 3.8178
R1249 GND.n5 GND.n189 3.8178
R1250 GND.n5 GND.n192 3.8178
R1251 GND.n5 GND.n193 3.8178
R1252 GND.n5 GND.n195 3.8178
R1253 GND.n5 GND.n198 3.8178
R1254 GND.n5 GND.n201 3.8178
R1255 GND.n3 GND.n218 3.8178
R1256 GND.n3 GND.n219 3.8178
R1257 GND.n3 GND.n222 3.8178
R1258 GND.n3 GND.n223 3.8178
R1259 GND.n3 GND.n224 3.8178
R1260 GND.n3 GND.n225 3.8178
R1261 GND.n3 GND.n226 3.8178
R1262 GND.n3 GND.n227 3.8178
R1263 GND.n3 GND.n230 3.8178
R1264 GND.n3 GND.n231 3.8178
R1265 GND.n3 GND.n232 3.8178
R1266 GND.n3 GND.n233 3.8178
R1267 GND.n276 GND.t25 2.72677
R1268 GND.t16 GND.n289 2.72636
R1269 GND.n277 GND.t23 2.72636
R1270 GND.n318 GND.t22 2.72614
R1271 GND.n294 GND.t17 2.72614
R1272 GND.n290 GND.t18 2.72572
R1273 GND.n317 GND.t24 2.7255
R1274 GND.n293 GND.t19 2.7255
R1275 GND.n318 GND.t24 2.72505
R1276 GND.n294 GND.t19 2.72505
R1277 GND.n290 GND.t16 2.72497
R1278 GND.t23 GND.n276 2.72497
R1279 GND.n289 GND.t18 2.72319
R1280 GND.t22 GND.n317 2.72319
R1281 GND.n277 GND.t25 2.72319
R1282 GND.t17 GND.n293 2.72319
R1283 GND.n289 GND.n269 2.4713
R1284 GND.n293 GND.n292 2.4713
R1285 GND.n325 GND.n324 2.32663
R1286 GND.n20 GND.n14 0.0157673
R1287 GND.n21 GND.n12 0.0157673
R1288 GND.n19 GND.n18 1.12531
R1289 GND.n31 GND.n44 2.2505
R1290 GND.n44 GND.n131 2.2505
R1291 GND.n616 GND.n615 2.2505
R1292 GND.n13 GND.n130 2.2505
R1293 GND.n615 GND.n33 2.2505
R1294 GND.n19 GND.n130 0.0155868
R1295 GND.n262 GND.n261 2.2505
R1296 GND.n332 GND.n331 2.2505
R1297 GND.n329 GND.n328 2.2505
R1298 GND.n11 GND.n262 2.2505
R1299 GND.n331 GND.n330 2.2505
R1300 GND.n1 GND.n0 1.11866
R1301 GND.n1 GND.n329 0.0156729
R1302 GND.n12 GND.n11 2.2505
R1303 GND.n330 GND.n21 2.2505
R1304 GND.n10 GND.n616 2.2505
R1305 GND.n14 GND.n13 2.2505
R1306 GND.n617 GND.n20 2.2505
R1307 GND.n325 GND.n263 1.9937
R1308 GND.n482 GND.n22 1.94493
R1309 GND.n390 GND.n86 1.84099
R1310 GND.n389 GND.n87 1.84099
R1311 GND.n388 GND.n88 1.84099
R1312 GND.n387 GND.n89 1.84099
R1313 GND.n386 GND.n90 1.84099
R1314 GND.n385 GND.n91 1.84099
R1315 GND.n384 GND.n92 1.84099
R1316 GND.n383 GND.n93 1.84099
R1317 GND.n382 GND.n94 1.84099
R1318 GND.n381 GND.n95 1.84099
R1319 GND.n380 GND.n96 1.84099
R1320 GND.n379 GND.n97 1.84099
R1321 GND.n378 GND.n98 1.84099
R1322 GND.n377 GND.n99 1.84099
R1323 GND.n319 GND.n269 1.5713
R1324 GND.n292 GND.n263 1.5713
R1325 GND.n326 GND.n325 1.21766
R1326 GND.n508 GND.n507 1.19426
R1327 GND.n324 GND.n264 1.1885
R1328 GND.n323 GND.n265 1.1885
R1329 GND.n322 GND.n266 1.1885
R1330 GND.n321 GND.n267 1.1885
R1331 GND.n320 GND.n268 1.1885
R1332 GND.n327 GND.n261 1.16442
R1333 GND.n457 GND.n215 1.14337
R1334 GND.n481 GND.n450 1.10362
R1335 GND.n483 GND.n449 1.1036
R1336 GND.n507 GND.n443 1.10193
R1337 GND.n457 GND.n456 1.10192
R1338 GND.n510 GND.n508 1.08039
R1339 GND.n335 GND.n332 1.06455
R1340 GND.n588 GND.n215 1.03259
R1341 GND.n22 GND.n216 1.0005
R1342 GND.n344 GND.n235 0.983625
R1343 GND.n247 GND.n71 0.983625
R1344 GND.n258 GND.n257 0.983625
R1345 GND.n479 GND.n60 0.983625
R1346 GND.n477 GND.n59 0.983625
R1347 GND.n475 GND.n57 0.983625
R1348 GND.n473 GND.n58 0.983625
R1349 GND.n463 GND.n56 0.983625
R1350 GND.n461 GND.n53 0.983625
R1351 GND.n39 GND.n38 0.983625
R1352 GND.n37 GND.n51 0.983625
R1353 GND.n459 GND.n47 0.983625
R1354 GND.n26 GND.n25 0.983625
R1355 GND.n23 GND.n45 0.983625
R1356 GND.n465 GND.n55 0.983625
R1357 GND.n467 GND.n453 0.983625
R1358 GND.n469 GND.n452 0.983625
R1359 GND.n471 GND.n451 0.983625
R1360 GND.n505 GND.n50 0.983625
R1361 GND.n43 GND.n42 0.983625
R1362 GND.n41 GND.n48 0.983625
R1363 GND.n503 GND.n49 0.983625
R1364 GND.n30 GND.n29 0.983625
R1365 GND.n27 GND.n68 0.983625
R1366 GND.n501 GND.n66 0.983625
R1367 GND.n499 GND.n67 0.983625
R1368 GND.n489 GND.n65 0.983625
R1369 GND.n487 GND.n62 0.983625
R1370 GND.n485 GND.n61 0.983625
R1371 GND.n491 GND.n64 0.983625
R1372 GND.n493 GND.n446 0.983625
R1373 GND.n495 GND.n445 0.983625
R1374 GND.n497 GND.n444 0.983625
R1375 GND.n249 GND.n7 0.928625
R1376 GND.n251 GND.n250 0.928625
R1377 GND.n238 GND.n70 0.928625
R1378 GND.n246 GND.n245 0.928625
R1379 GND.n243 GND.n242 0.928625
R1380 GND.n241 GND.n6 0.928625
R1381 GND.n254 GND.n253 0.928625
R1382 GND.n255 GND.n8 0.928625
R1383 GND.n319 GND.n318 0.9005
R1384 GND.n291 GND.n290 0.9005
R1385 GND.n295 GND.n294 0.9005
R1386 GND.n278 GND.n277 0.9005
R1387 GND.n317 GND.n316 0.9005
R1388 GND.n276 GND.n263 0.9005
R1389 GND.n296 GND.n288 0.6825
R1390 GND.n298 GND.n297 0.6825
R1391 GND.n299 GND.n287 0.6825
R1392 GND.n300 GND.n286 0.6825
R1393 GND.n302 GND.n301 0.6825
R1394 GND.n303 GND.n285 0.6825
R1395 GND.n304 GND.n284 0.6825
R1396 GND.n306 GND.n305 0.6825
R1397 GND.n307 GND.n283 0.6825
R1398 GND.n308 GND.n282 0.6825
R1399 GND.n310 GND.n309 0.6825
R1400 GND.n311 GND.n281 0.6825
R1401 GND.n312 GND.n280 0.6825
R1402 GND.n314 GND.n313 0.6825
R1403 GND.n315 GND.n279 0.6825
R1404 GND.n275 GND.n270 0.6825
R1405 GND.n274 GND.n273 0.6825
R1406 GND.n272 GND.n271 0.6825
R1407 GND.n376 GND.n101 0.613997
R1408 GND.n375 GND.n102 0.613997
R1409 GND.n374 GND.n103 0.613997
R1410 GND.n373 GND.n104 0.613997
R1411 GND.n372 GND.n105 0.613997
R1412 GND.n371 GND.n106 0.613997
R1413 GND.n370 GND.n107 0.613997
R1414 GND.n369 GND.n108 0.613997
R1415 GND.n368 GND.n109 0.613997
R1416 GND.n367 GND.n110 0.613997
R1417 GND.n366 GND.n111 0.613997
R1418 GND.n365 GND.n112 0.613997
R1419 GND.t12 GND.t0 0.613997
R1420 GND.n364 GND.n113 0.613997
R1421 GND.n363 GND.n114 0.613997
R1422 GND.n362 GND.n115 0.613997
R1423 GND.n361 GND.n116 0.613997
R1424 GND.n360 GND.n117 0.613997
R1425 GND.n359 GND.n118 0.613997
R1426 GND.n358 GND.n119 0.613997
R1427 GND.n357 GND.n120 0.613997
R1428 GND.n356 GND.n121 0.613997
R1429 GND.n355 GND.n122 0.613997
R1430 GND.n354 GND.n123 0.613997
R1431 GND.n353 GND.n124 0.613997
R1432 GND.n352 GND.n125 0.613997
R1433 GND.n351 GND.n126 0.613997
R1434 GND.n350 GND.n127 0.613997
R1435 GND.n349 GND.n128 0.613997
R1436 GND.n22 GND.n9 1.74045
R1437 GND.n17 GND.n334 1.34084
R1438 GND.n482 GND.n481 0.530652
R1439 GND.n483 GND.n482 0.527983
R1440 GND.n132 GND.n18 0.48175
R1441 GND.n610 GND.n599 0.48175
R1442 GND.n612 GND.n611 0.48175
R1443 GND.n510 GND.n509 0.48175
R1444 GND.n586 GND.n405 0.48175
R1445 GND.n584 GND.n406 0.48175
R1446 GND.n582 GND.n407 0.48175
R1447 GND.n580 GND.n408 0.48175
R1448 GND.n578 GND.n409 0.48175
R1449 GND.n576 GND.n410 0.48175
R1450 GND.n574 GND.n411 0.48175
R1451 GND.n572 GND.n412 0.48175
R1452 GND.n570 GND.n413 0.48175
R1453 GND.n568 GND.n414 0.48175
R1454 GND.n566 GND.n415 0.48175
R1455 GND.n564 GND.n416 0.48175
R1456 GND.n562 GND.n417 0.48175
R1457 GND.n560 GND.n418 0.48175
R1458 GND.n558 GND.n419 0.48175
R1459 GND.n556 GND.n420 0.48175
R1460 GND.n554 GND.n421 0.48175
R1461 GND.n552 GND.n422 0.48175
R1462 GND.n550 GND.n423 0.48175
R1463 GND.n548 GND.n424 0.48175
R1464 GND.n546 GND.n425 0.48175
R1465 GND.n544 GND.n426 0.48175
R1466 GND.n542 GND.n427 0.48175
R1467 GND.n540 GND.n428 0.48175
R1468 GND.n538 GND.n429 0.48175
R1469 GND.n536 GND.n430 0.48175
R1470 GND.n534 GND.n431 0.48175
R1471 GND.n532 GND.n432 0.48175
R1472 GND.n530 GND.n433 0.48175
R1473 GND.n528 GND.n434 0.48175
R1474 GND.n526 GND.n435 0.48175
R1475 GND.n524 GND.n436 0.48175
R1476 GND.n522 GND.n437 0.48175
R1477 GND.n520 GND.n438 0.48175
R1478 GND.n518 GND.n439 0.48175
R1479 GND.n516 GND.n440 0.48175
R1480 GND.n514 GND.n441 0.48175
R1481 GND.n512 GND.n442 0.48175
R1482 GND.n589 GND.n214 0.48175
R1483 GND.n590 GND.n213 0.48175
R1484 GND.n591 GND.n212 0.48175
R1485 GND.n592 GND.n211 0.48175
R1486 GND.n593 GND.n210 0.48175
R1487 GND.n594 GND.n209 0.48175
R1488 GND.n595 GND.n208 0.48175
R1489 GND.n596 GND.n207 0.48175
R1490 GND.n597 GND.n206 0.48175
R1491 GND.n608 GND.n601 0.48175
R1492 GND.n609 GND.n600 0.48175
R1493 GND.n605 GND.n604 0.48175
R1494 GND.n606 GND.n603 0.48175
R1495 GND.n607 GND.n602 0.48175
R1496 GND.n143 GND.n31 0.48175
R1497 GND.n33 GND.n32 0.48175
R1498 GND.n598 GND.n205 0.47837
R1499 GND.n69 GND.n234 0.45143
R1500 GND.n295 GND.n291 0.430671
R1501 GND.n22 GND.n215 0.413262
R1502 GND.n335 GND.n334 0.350667
R1503 GND.n346 GND.n234 0.350667
R1504 GND.n344 GND.n343 0.350667
R1505 GND.n340 GND.n71 0.350667
R1506 GND.n337 GND.n258 0.350667
R1507 GND.n336 GND.n260 0.350667
R1508 GND.n508 GND.n22 0.347047
R1509 GND.n338 GND.n6 0.295667
R1510 GND.n339 GND.n237 0.295667
R1511 GND.n341 GND.n236 0.295667
R1512 GND.n342 GND.n8 0.295667
R1513 GND.n17 GND.n69 1.47377
R1514 GND.n3 GND.n132 1.3619
R1515 GND.n56 GND.n55 0.244562
R1516 GND.n453 GND.n452 0.244562
R1517 GND.n451 GND.n58 0.244562
R1518 GND.n65 GND.n64 0.244562
R1519 GND.n446 GND.n445 0.244562
R1520 GND.n444 GND.n67 0.244562
R1521 GND.n265 GND.n264 0.171
R1522 GND.n266 GND.n265 0.171
R1523 GND.n267 GND.n266 0.171
R1524 GND.n268 GND.n267 0.171
R1525 GND.n249 GND.n235 0.138
R1526 GND.n247 GND.n246 0.138
R1527 GND.n250 GND.n247 0.138
R1528 GND.n257 GND.n238 0.138
R1529 GND.n242 GND.n241 0.138
R1530 GND.n255 GND.n254 0.138
R1531 GND.n324 GND.n323 0.1369
R1532 GND.n323 GND.n322 0.1369
R1533 GND.n322 GND.n321 0.1369
R1534 GND.n321 GND.n320 0.1369
R1535 GND.n456 GND.n45 0.125624
R1536 GND.n50 GND.n443 0.125612
R1537 GND.n449 GND.n61 0.123893
R1538 GND.n60 GND.n450 0.123881
R1539 GND.n614 GND.n132 0.123333
R1540 GND.n212 GND.n190 0.123333
R1541 GND.n424 GND.n167 0.123333
R1542 GND.n441 GND.n150 0.123333
R1543 GND.n39 GND.n37 0.123333
R1544 GND.n43 GND.n41 0.123333
R1545 GND.n454 GND.n452 0.122162
R1546 GND.n455 GND.n453 0.122162
R1547 GND.n455 GND.n55 0.122162
R1548 GND.n454 GND.n451 0.122162
R1549 GND.n447 GND.n445 0.122162
R1550 GND.n448 GND.n64 0.122162
R1551 GND.n448 GND.n446 0.122162
R1552 GND.n447 GND.n444 0.122162
R1553 GND.n586 GND.n585 0.1215
R1554 GND.n583 GND.n582 0.1215
R1555 GND.n552 GND.n551 0.1215
R1556 GND.n549 GND.n548 0.1215
R1557 GND.n548 GND.n547 0.1215
R1558 GND.n545 GND.n544 0.1215
R1559 GND.n514 GND.n513 0.1215
R1560 GND.n511 GND.n510 0.1215
R1561 GND.n459 GND.n26 0.1215
R1562 GND.n503 GND.n30 0.1215
R1563 GND.n440 GND.n151 0.119939
R1564 GND.n211 GND.n191 0.119939
R1565 GND.n423 GND.n168 0.119939
R1566 GND.n143 GND.n129 0.119667
R1567 GND.n214 GND.n188 0.119667
R1568 GND.n426 GND.n166 0.119667
R1569 GND.n509 GND.n149 0.119667
R1570 GND.n554 GND.n553 0.118106
R1571 GND.n543 GND.n542 0.118106
R1572 GND.n581 GND.n580 0.118106
R1573 GND.n516 GND.n515 0.118106
R1574 GND.n604 GND.n144 0.116272
R1575 GND.n405 GND.n187 0.116272
R1576 GND.n427 GND.n165 0.116272
R1577 GND.n210 GND.n194 0.116
R1578 GND.n422 GND.n169 0.116
R1579 GND.n439 GND.n152 0.116
R1580 GND.n579 GND.n578 0.114167
R1581 GND.n556 GND.n555 0.114167
R1582 GND.n541 GND.n540 0.114167
R1583 GND.n518 GND.n517 0.114167
R1584 GND.n209 GND.n196 0.112606
R1585 GND.n421 GND.n170 0.112606
R1586 GND.n438 GND.n153 0.112606
R1587 GND.n603 GND.n139 0.112333
R1588 GND.n406 GND.n186 0.112333
R1589 GND.n428 GND.n164 0.112333
R1590 GND.n462 GND.n461 0.112333
R1591 GND.n506 GND.n505 0.112333
R1592 GND.n577 GND.n576 0.110772
R1593 GND.n558 GND.n557 0.110772
R1594 GND.n539 GND.n538 0.110772
R1595 GND.n520 GND.n519 0.110772
R1596 GND.n23 GND.n458 0.1105
R1597 GND.n27 GND.n502 0.1105
R1598 GND.n602 GND.n138 0.108939
R1599 GND.n407 GND.n185 0.108939
R1600 GND.n429 GND.n163 0.108939
R1601 GND.n208 GND.n197 0.108667
R1602 GND.n420 GND.n171 0.108667
R1603 GND.n437 GND.n154 0.108667
R1604 GND.n575 GND.n574 0.106833
R1605 GND.n560 GND.n559 0.106833
R1606 GND.n537 GND.n536 0.106833
R1607 GND.n522 GND.n521 0.106833
R1608 GND.n464 GND.n463 0.106833
R1609 GND.n297 GND.n296 0.1061
R1610 GND.n298 GND.n288 0.1061
R1611 GND.n299 GND.n298 0.1061
R1612 GND.n297 GND.n287 0.1061
R1613 GND.n287 GND.n286 0.1061
R1614 GND.n300 GND.n299 0.1061
R1615 GND.n301 GND.n300 0.1061
R1616 GND.n302 GND.n286 0.1061
R1617 GND.n303 GND.n302 0.1061
R1618 GND.n301 GND.n285 0.1061
R1619 GND.n285 GND.n284 0.1061
R1620 GND.n304 GND.n303 0.1061
R1621 GND.n305 GND.n304 0.1061
R1622 GND.n307 GND.n306 0.1061
R1623 GND.n306 GND.n284 0.1061
R1624 GND.n305 GND.n283 0.1061
R1625 GND.n283 GND.n282 0.1061
R1626 GND.n308 GND.n307 0.1061
R1627 GND.n309 GND.n308 0.1061
R1628 GND.n310 GND.n282 0.1061
R1629 GND.n311 GND.n310 0.1061
R1630 GND.n309 GND.n281 0.1061
R1631 GND.n281 GND.n280 0.1061
R1632 GND.n312 GND.n311 0.1061
R1633 GND.n313 GND.n312 0.1061
R1634 GND.n314 GND.n280 0.1061
R1635 GND.n315 GND.n314 0.1061
R1636 GND.n313 GND.n279 0.1061
R1637 GND.n273 GND.n270 0.1061
R1638 GND.n275 GND.n274 0.1061
R1639 GND.n274 GND.n271 0.1061
R1640 GND.n273 GND.n272 0.1061
R1641 GND.n272 GND.n268 0.1061
R1642 GND.n271 GND.n264 0.1061
R1643 GND.n207 GND.n199 0.105272
R1644 GND.n419 GND.n172 0.105272
R1645 GND.n436 GND.n155 0.105272
R1646 GND.n601 GND.n146 0.105
R1647 GND.n408 GND.n184 0.105
R1648 GND.n430 GND.n162 0.105
R1649 GND.n501 GND.n500 0.105
R1650 GND.n562 GND.n561 0.103439
R1651 GND.n535 GND.n534 0.103439
R1652 GND.n573 GND.n572 0.103439
R1653 GND.n524 GND.n523 0.103439
R1654 GND.n600 GND.n148 0.101606
R1655 GND.n409 GND.n183 0.101606
R1656 GND.n431 GND.n161 0.101606
R1657 GND.n206 GND.n200 0.101333
R1658 GND.n413 GND.n178 0.101333
R1659 GND.n418 GND.n173 0.101333
R1660 GND.n435 GND.n156 0.101333
R1661 GND.n466 GND.n465 0.101333
R1662 GND.n343 GND.n234 0.101263
R1663 GND.n343 GND.n342 0.101263
R1664 GND.n342 GND.n341 0.101263
R1665 GND.n341 GND.n340 0.101263
R1666 GND.n340 GND.n339 0.101263
R1667 GND.n339 GND.n338 0.101263
R1668 GND.n338 GND.n337 0.101263
R1669 GND.n337 GND.n336 0.101263
R1670 GND.n336 GND.n335 0.101263
R1671 GND.n571 GND.n570 0.0995
R1672 GND.n564 GND.n563 0.0995
R1673 GND.n533 GND.n532 0.0995
R1674 GND.n526 GND.n525 0.0995
R1675 GND.n499 GND.n498 0.0995
R1676 GND.n205 GND.n203 0.0981012
R1677 GND.n417 GND.n174 0.0979389
R1678 GND.n412 GND.n179 0.0979389
R1679 GND.n434 GND.n157 0.0979389
R1680 GND.n599 GND.n136 0.0976667
R1681 GND.n410 GND.n182 0.0976667
R1682 GND.n415 GND.n177 0.0976667
R1683 GND.n432 GND.n160 0.0976667
R1684 GND.n569 GND.n568 0.0961056
R1685 GND.n528 GND.n527 0.0961056
R1686 GND.n566 GND.n565 0.0961056
R1687 GND.n531 GND.n530 0.0961056
R1688 GND.n468 GND.n467 0.0958333
R1689 GND.n612 GND.n134 0.0942723
R1690 GND.n411 GND.n181 0.0942723
R1691 GND.n433 GND.n159 0.0942723
R1692 GND.n416 GND.n176 0.0942723
R1693 GND.n613 GND.n612 0.094
R1694 GND.n411 GND.n180 0.094
R1695 GND.n416 GND.n175 0.094
R1696 GND.n433 GND.n158 0.094
R1697 GND.n497 GND.n496 0.094
R1698 GND.n568 GND.n567 0.0921667
R1699 GND.n567 GND.n566 0.0921667
R1700 GND.n530 GND.n529 0.0921667
R1701 GND.n529 GND.n528 0.0921667
R1702 GND.n597 GND.n596 0.0914091
R1703 GND.n596 GND.n595 0.0914091
R1704 GND.n595 GND.n594 0.0914091
R1705 GND.n594 GND.n593 0.0914091
R1706 GND.n593 GND.n592 0.0914091
R1707 GND.n592 GND.n591 0.0914091
R1708 GND.n591 GND.n590 0.0914091
R1709 GND.n590 GND.n589 0.0914091
R1710 GND.n613 GND.n205 0.0907851
R1711 GND.n599 GND.n134 0.0906056
R1712 GND.n410 GND.n181 0.0906056
R1713 GND.n432 GND.n159 0.0906056
R1714 GND.n415 GND.n176 0.0906056
R1715 GND.n412 GND.n180 0.0903333
R1716 GND.n417 GND.n175 0.0903333
R1717 GND.n434 GND.n158 0.0903333
R1718 GND.n470 GND.n469 0.0903333
R1719 GND.n598 GND.n597 0.0888902
R1720 GND.n570 GND.n569 0.0887723
R1721 GND.n527 GND.n526 0.0887723
R1722 GND.n565 GND.n564 0.0887723
R1723 GND.n532 GND.n531 0.0887723
R1724 GND.n8 GND.n7 0.0885
R1725 GND.n70 GND.n6 0.0885
R1726 GND.n495 GND.n494 0.0885
R1727 GND.n206 GND.n203 0.0869389
R1728 GND.n418 GND.n174 0.0869389
R1729 GND.n413 GND.n179 0.0869389
R1730 GND.n435 GND.n157 0.0869389
R1731 GND.n600 GND.n136 0.0866667
R1732 GND.n409 GND.n182 0.0866667
R1733 GND.n414 GND.n177 0.0866667
R1734 GND.n431 GND.n160 0.0866667
R1735 GND.n572 GND.n571 0.0848333
R1736 GND.n563 GND.n562 0.0848333
R1737 GND.n534 GND.n533 0.0848333
R1738 GND.n525 GND.n524 0.0848333
R1739 GND.n472 GND.n471 0.0848333
R1740 GND.n601 GND.n148 0.0832723
R1741 GND.n408 GND.n183 0.0832723
R1742 GND.n430 GND.n161 0.0832723
R1743 GND.n207 GND.n200 0.083
R1744 GND.n414 GND.n178 0.083
R1745 GND.n419 GND.n173 0.083
R1746 GND.n436 GND.n156 0.083
R1747 GND.n493 GND.n492 0.083
R1748 GND.n561 GND.n560 0.081439
R1749 GND.n536 GND.n535 0.081439
R1750 GND.n574 GND.n573 0.0814389
R1751 GND.n523 GND.n522 0.0814389
R1752 GND.n346 GND.n345 0.0797763
R1753 GND.n260 GND.n259 0.0797763
R1754 GND.n437 GND.n155 0.0796056
R1755 GND.n208 GND.n199 0.0796056
R1756 GND.n420 GND.n172 0.0796056
R1757 GND.n602 GND.n146 0.0793333
R1758 GND.n407 GND.n184 0.0793333
R1759 GND.n429 GND.n162 0.0793333
R1760 GND.n474 GND.n473 0.0793333
R1761 GND.n576 GND.n575 0.0775
R1762 GND.n559 GND.n558 0.0775
R1763 GND.n538 GND.n537 0.0775
R1764 GND.n521 GND.n520 0.0775
R1765 GND.n344 GND.n7 0.0775
R1766 GND.n251 GND.n71 0.0775
R1767 GND.n245 GND.n71 0.0775
R1768 GND.n258 GND.n70 0.0775
R1769 GND.n491 GND.n490 0.0775
R1770 GND.n603 GND.n138 0.0759389
R1771 GND.n406 GND.n185 0.0759389
R1772 GND.n428 GND.n163 0.0759389
R1773 GND.n209 GND.n197 0.0756667
R1774 GND.n421 GND.n171 0.0756667
R1775 GND.n438 GND.n154 0.0756667
R1776 GND.n578 GND.n577 0.0741056
R1777 GND.n519 GND.n518 0.0741056
R1778 GND.n557 GND.n556 0.0741056
R1779 GND.n540 GND.n539 0.0741056
R1780 GND.n476 GND.n475 0.0738333
R1781 GND.n210 GND.n196 0.0722723
R1782 GND.n422 GND.n170 0.0722723
R1783 GND.n439 GND.n153 0.0722723
R1784 GND.n604 GND.n139 0.072
R1785 GND.n405 GND.n186 0.072
R1786 GND.n427 GND.n164 0.072
R1787 GND.n489 GND.n488 0.072
R1788 GND.n580 GND.n579 0.0701667
R1789 GND.n555 GND.n554 0.0701667
R1790 GND.n542 GND.n541 0.0701667
R1791 GND.n517 GND.n516 0.0701667
R1792 GND.n484 GND.n483 0.0701667
R1793 GND.n256 GND.n249 0.0694731
R1794 GND.n250 GND.n248 0.0694731
R1795 GND.n246 GND.n240 0.0694731
R1796 GND.n241 GND.n239 0.0694731
R1797 GND.n239 GND.n238 0.0694731
R1798 GND.n242 GND.n240 0.0694731
R1799 GND.n254 GND.n248 0.0694731
R1800 GND.n256 GND.n255 0.0694731
R1801 GND.n144 GND.n143 0.0686056
R1802 GND.n509 GND.n3 1.36363
R1803 GND.n29 GND.n49 0.244562
R1804 GND.n63 GND.n62 0.122162
R1805 GND.n62 GND.n61 0.244562
R1806 GND.n59 GND.n60 0.244562
R1807 GND.n54 GND.n53 0.122162
R1808 GND.n53 GND.n38 0.244562
R1809 GND.n52 GND.n51 0.122162
R1810 GND.n51 GND.n47 0.244562
R1811 GND.n42 GND.n50 0.244562
R1812 GND.n46 GND.n25 0.122162
R1813 GND.n25 GND.n45 0.244562
R1814 GND.n48 GND.n42 0.243919
R1815 GND.n68 GND.n29 0.243872
R1816 GND.n57 GND.n59 0.243872
R1817 GND.n49 GND.n48 0.243372
R1818 GND.n66 GND.n68 0.243308
R1819 GND.n58 GND.n57 0.243308
R1820 GND.n67 GND.n66 0.243026
R1821 GND.n24 GND.n23 0.0777723
R1822 GND.n28 GND.n27 0.0777723
R1823 GND.n214 GND.n187 0.0686056
R1824 GND.n426 GND.n165 0.0686056
R1825 GND.n211 GND.n194 0.0683333
R1826 GND.n423 GND.n169 0.0683333
R1827 GND.n440 GND.n152 0.0683333
R1828 GND.n478 GND.n477 0.0683333
R1829 GND.n481 GND.n480 0.0683333
R1830 GND.n347 GND.n346 0.0682956
R1831 GND.n611 GND.n598 0.0677202
R1832 GND.n611 GND.n610 0.0671667
R1833 GND.n553 GND.n552 0.0667723
R1834 GND.n544 GND.n543 0.0667723
R1835 GND.n460 GND.n459 0.0667723
R1836 GND.n504 GND.n503 0.0667723
R1837 GND.n582 GND.n581 0.0667723
R1838 GND.n515 GND.n514 0.0667723
R1839 GND.n278 GND.n275 0.0665
R1840 GND.n316 GND.n270 0.0665
R1841 GND.n252 GND.n236 0.0665
R1842 GND.n244 GND.n237 0.0665
R1843 GND.n487 GND.n486 0.0665
R1844 GND.n334 GND.n333 0.0650434
R1845 GND.n441 GND.n151 0.0649389
R1846 GND.n37 GND.n460 0.0649389
R1847 GND.n41 GND.n504 0.0649389
R1848 GND.n212 GND.n191 0.0649389
R1849 GND.n424 GND.n168 0.0649389
R1850 GND.n32 GND.n129 0.0646667
R1851 GND.n213 GND.n188 0.0646667
R1852 GND.n425 GND.n166 0.0646667
R1853 GND.n442 GND.n149 0.0646667
R1854 GND.n486 GND.n485 0.0646667
R1855 GND.n585 GND.n584 0.0628333
R1856 GND.n584 GND.n583 0.0628333
R1857 GND.n551 GND.n550 0.0628333
R1858 GND.n550 GND.n549 0.0628333
R1859 GND.n547 GND.n546 0.0628333
R1860 GND.n546 GND.n545 0.0628333
R1861 GND.n513 GND.n512 0.0628333
R1862 GND.n512 GND.n511 0.0628333
R1863 GND.n479 GND.n478 0.0628333
R1864 GND.n480 GND.n479 0.0628333
R1865 GND.n32 GND.n614 0.061
R1866 GND.n213 GND.n190 0.061
R1867 GND.n425 GND.n167 0.061
R1868 GND.n442 GND.n150 0.061
R1869 GND.n485 GND.n484 0.061
R1870 GND.n488 GND.n487 0.0591667
R1871 GND.n610 GND.n609 0.0576823
R1872 GND.n477 GND.n476 0.0573333
R1873 GND.n609 GND.n608 0.0546872
R1874 GND.n490 GND.n489 0.0536667
R1875 GND.n587 GND.n586 0.0529986
R1876 GND.n475 GND.n474 0.0518333
R1877 GND.n608 GND.n607 0.0509226
R1878 GND.n588 GND.n587 0.0493319
R1879 GND.n492 GND.n491 0.0481667
R1880 GND.n333 GND.n260 0.0467101
R1881 GND.n473 GND.n472 0.0463333
R1882 GND.n606 GND.n605 0.0450344
R1883 GND.n607 GND.n606 0.0450344
R1884 GND.n253 GND.n236 0.0445
R1885 GND.n243 GND.n237 0.0445
R1886 GND.n69 GND.n347 0.0442934
R1887 GND.n494 GND.n493 0.0426667
R1888 GND.n471 GND.n470 0.0408333
R1889 GND.n291 GND.n288 0.0401
R1890 GND.n296 GND.n295 0.0401
R1891 GND.n279 GND.n278 0.0401
R1892 GND.n316 GND.n315 0.0401
R1893 GND.n332 GND.n261 0.0371667
R1894 GND.n496 GND.n495 0.0371667
R1895 GND.n33 GND.n31 0.0371667
R1896 GND.n469 GND.n468 0.0353333
R1897 GND.n605 GND.n31 0.0351796
R1898 GND.n259 GND.n258 0.0321096
R1899 GND.n345 GND.n344 0.0321096
R1900 GND.n498 GND.n497 0.0316667
R1901 GND.n615 GND.n130 0.0300385
R1902 GND.n615 GND.n44 0.0300385
R1903 GND.n331 GND.n262 0.0300385
R1904 GND.n328 GND.n262 0.0300385
R1905 GND.n330 GND.n11 0.0300385
R1906 GND.n329 GND.n11 0.0300385
R1907 GND.n1 GND.n326 2.26567
R1908 GND.n617 GND.n13 0.0300385
R1909 GND.n616 GND.n13 0.0300385
R1910 GND.n616 GND.n131 0.0300385
R1911 GND.n617 GND.n19 2.26576
R1912 GND.n34 GND.n8 0.103465
R1913 GND.n35 GND.n6 0.103465
R1914 GND.n467 GND.n466 0.0298333
R1915 GND.n14 GND.n10 0.0300873
R1916 GND.n17 GND.n15 0.0356406
R1917 GND.n589 GND.n588 0.0277727
R1918 GND.n500 GND.n499 0.0261667
R1919 GND.n465 GND.n464 0.0243333
R1920 GND.n252 GND.n251 0.0225
R1921 GND.n245 GND.n244 0.0225
R1922 GND.n458 GND.n457 0.0206667
R1923 GND.n502 GND.n501 0.0206667
R1924 GND.n463 GND.n462 0.0188333
R1925 GND.n507 GND.n506 0.0188333
R1926 GND.n327 GND.n326 0.0157923
R1927 GND.n328 GND.n327 0.0155551
R1928 GND.n253 GND.n34 0.0741316
R1929 GND.n35 GND.n243 0.0741316
R1930 GND.n461 GND.n36 0.075939
R1931 GND.n505 GND.n40 0.075939
R1932 GND.n12 GND.n0 0.0749419
R1933 GND.n33 GND.n18 0.0470972
R1934 GND.n4 GND.n3 0.0236915
R1935 GND.n131 GND.n2 2.27341
R1936 GND GND.n0 0.0005
R1937 a_n11685_3060.t2 a_n11685_3060.n4 2.59741
R1938 a_n11685_3060.t62 a_n11685_3060.n110 3.75442
R1939 a_n11685_3060.t60 a_n11685_3060.n8 2.54375
R1940 a_n11685_3060.t60 a_n11685_3060.n5 2.55888
R1941 a_n11685_3060.n98 a_n11685_3060.n6 0.206782
R1942 a_n11685_3060.t59 a_n11685_3060.n9 2.54386
R1943 a_n11685_3060.t58 a_n11685_3060.n112 3.75442
R1944 a_n11685_3060.n99 a_n11685_3060.n14 0.206782
R1945 a_n11685_3060.t4 a_n11685_3060.n17 2.54375
R1946 a_n11685_3060.t56 a_n11685_3060.n18 2.54386
R1947 a_n11685_3060.t56 a_n11685_3060.n12 2.59752
R1948 a_n11685_3060.t55 a_n11685_3060.n13 2.55888
R1949 a_n11685_3060.n113 a_n11685_3060.t54 3.75442
R1950 a_n11685_3060.n100 a_n11685_3060.n23 0.206782
R1951 a_n11685_3060.t6 a_n11685_3060.n26 2.54375
R1952 a_n11685_3060.t52 a_n11685_3060.n27 2.54386
R1953 a_n11685_3060.t52 a_n11685_3060.n20 2.59752
R1954 a_n11685_3060.t51 a_n11685_3060.n21 2.55888
R1955 a_n11685_3060.t50 a_n11685_3060.n115 3.75442
R1956 a_n11685_3060.n101 a_n11685_3060.n32 0.206782
R1957 a_n11685_3060.t8 a_n11685_3060.n35 2.54375
R1958 a_n11685_3060.t48 a_n11685_3060.n36 2.54386
R1959 a_n11685_3060.t48 a_n11685_3060.n30 2.59752
R1960 a_n11685_3060.t47 a_n11685_3060.n31 2.55888
R1961 a_n11685_3060.n116 a_n11685_3060.t46 3.75442
R1962 a_n11685_3060.n102 a_n11685_3060.n41 0.206782
R1963 a_n11685_3060.t10 a_n11685_3060.n44 2.54375
R1964 a_n11685_3060.t44 a_n11685_3060.n45 2.54386
R1965 a_n11685_3060.t44 a_n11685_3060.n38 2.59752
R1966 a_n11685_3060.t43 a_n11685_3060.n39 2.55888
R1967 a_n11685_3060.t42 a_n11685_3060.n0 2.58153
R1968 a_n11685_3060.n117 a_n11685_3060.t42 3.75442
R1969 a_n11685_3060.n103 a_n11685_3060.n47 0.206782
R1970 a_n11685_3060.t12 a_n11685_3060.n50 2.54375
R1971 a_n11685_3060.t40 a_n11685_3060.n51 2.54386
R1972 a_n11685_3060.t41 a_n11685_3060.n0 2.57845
R1973 a_n11685_3060.t39 a_n11685_3060.n1 2.55114
R1974 a_n11685_3060.t14 a_n11685_3060.n54 2.59741
R1975 a_n11685_3060.t38 a_n11685_3060.n120 3.75442
R1976 a_n11685_3060.t36 a_n11685_3060.n58 2.54375
R1977 a_n11685_3060.t36 a_n11685_3060.n55 2.55888
R1978 a_n11685_3060.n104 a_n11685_3060.n56 0.206782
R1979 a_n11685_3060.t35 a_n11685_3060.n59 2.54386
R1980 a_n11685_3060.t16 a_n11685_3060.n62 2.59741
R1981 a_n11685_3060.t34 a_n11685_3060.n123 3.75442
R1982 a_n11685_3060.t32 a_n11685_3060.n66 2.54375
R1983 a_n11685_3060.t32 a_n11685_3060.n63 2.55888
R1984 a_n11685_3060.n105 a_n11685_3060.n64 0.206782
R1985 a_n11685_3060.t31 a_n11685_3060.n67 2.54386
R1986 a_n11685_3060.t18 a_n11685_3060.n70 2.59741
R1987 a_n11685_3060.t30 a_n11685_3060.n126 3.75442
R1988 a_n11685_3060.t28 a_n11685_3060.n74 2.54375
R1989 a_n11685_3060.t28 a_n11685_3060.n71 2.55888
R1990 a_n11685_3060.n106 a_n11685_3060.n72 0.206782
R1991 a_n11685_3060.t27 a_n11685_3060.n75 2.54386
R1992 a_n11685_3060.t20 a_n11685_3060.n77 2.59741
R1993 a_n11685_3060.t26 a_n11685_3060.n129 3.75442
R1994 a_n11685_3060.t24 a_n11685_3060.n81 2.54375
R1995 a_n11685_3060.t24 a_n11685_3060.n78 2.55888
R1996 a_n11685_3060.n107 a_n11685_3060.n79 0.206782
R1997 a_n11685_3060.t23 a_n11685_3060.n82 2.54386
R1998 a_n11685_3060.t62 a_n11685_3060.n108 7.46848
R1999 a_n11685_3060.t61 a_n11685_3060.n98 2.4252
R2000 a_n11685_3060.t58 a_n11685_3060.n111 7.46848
R2001 a_n11685_3060.n99 a_n11685_3060.t3 2.4252
R2002 a_n11685_3060.t54 a_n11685_3060.n130 7.46848
R2003 a_n11685_3060.n100 a_n11685_3060.t5 2.4252
R2004 a_n11685_3060.t50 a_n11685_3060.n114 7.46848
R2005 a_n11685_3060.n101 a_n11685_3060.t7 2.4252
R2006 a_n11685_3060.t46 a_n11685_3060.n131 7.46848
R2007 a_n11685_3060.n102 a_n11685_3060.t9 2.4252
R2008 a_n11685_3060.t42 a_n11685_3060.n132 7.46848
R2009 a_n11685_3060.n103 a_n11685_3060.t11 2.4252
R2010 a_n11685_3060.t38 a_n11685_3060.n118 7.46848
R2011 a_n11685_3060.t37 a_n11685_3060.n104 2.4252
R2012 a_n11685_3060.t34 a_n11685_3060.n121 7.46848
R2013 a_n11685_3060.t33 a_n11685_3060.n105 2.4252
R2014 a_n11685_3060.t30 a_n11685_3060.n124 7.46848
R2015 a_n11685_3060.t29 a_n11685_3060.n106 2.4252
R2016 a_n11685_3060.t26 a_n11685_3060.n127 7.46848
R2017 a_n11685_3060.t25 a_n11685_3060.n107 2.4252
R2018 a_n11685_3060.n110 a_n11685_3060.n6 0.422632
R2019 a_n11685_3060.n5 a_n11685_3060.n3 0.0952789
R2020 a_n11685_3060.n7 a_n11685_3060.n9 0.0908122
R2021 a_n11685_3060.n16 a_n11685_3060.n18 0.0908122
R2022 a_n11685_3060.n13 a_n11685_3060.n11 0.0952789
R2023 a_n11685_3060.n27 a_n11685_3060.n25 0.0908122
R2024 a_n11685_3060.n19 a_n11685_3060.n21 0.0952789
R2025 a_n11685_3060.n34 a_n11685_3060.n36 0.0908122
R2026 a_n11685_3060.n31 a_n11685_3060.n29 0.0952789
R2027 a_n11685_3060.n45 a_n11685_3060.n43 0.0908122
R2028 a_n11685_3060.n37 a_n11685_3060.n39 0.0952789
R2029 a_n11685_3060.n51 a_n11685_3060.n49 0.0908122
R2030 a_n11685_3060.n120 a_n11685_3060.n56 0.422632
R2031 a_n11685_3060.n55 a_n11685_3060.n53 0.0952789
R2032 a_n11685_3060.n57 a_n11685_3060.n59 0.0908122
R2033 a_n11685_3060.n123 a_n11685_3060.n64 0.422632
R2034 a_n11685_3060.n63 a_n11685_3060.n61 0.0952789
R2035 a_n11685_3060.n65 a_n11685_3060.n67 0.0908122
R2036 a_n11685_3060.n126 a_n11685_3060.n72 0.422632
R2037 a_n11685_3060.n71 a_n11685_3060.n69 0.0952789
R2038 a_n11685_3060.n73 a_n11685_3060.n75 0.0908122
R2039 a_n11685_3060.n129 a_n11685_3060.n79 0.422632
R2040 a_n11685_3060.n78 a_n11685_3060.n76 0.0952789
R2041 a_n11685_3060.n80 a_n11685_3060.n82 0.0908122
R2042 a_n11685_3060.n3 a_n11685_3060.n4 0.0269108
R2043 a_n11685_3060.n7 a_n11685_3060.n8 0.0908103
R2044 a_n11685_3060.n16 a_n11685_3060.n17 0.0908103
R2045 a_n11685_3060.n25 a_n11685_3060.n26 0.0908103
R2046 a_n11685_3060.n34 a_n11685_3060.n35 0.0908103
R2047 a_n11685_3060.n43 a_n11685_3060.n44 0.0908103
R2048 a_n11685_3060.n49 a_n11685_3060.n50 0.0908103
R2049 a_n11685_3060.n53 a_n11685_3060.n54 0.0269108
R2050 a_n11685_3060.n57 a_n11685_3060.n58 0.0908103
R2051 a_n11685_3060.n61 a_n11685_3060.n62 0.0269108
R2052 a_n11685_3060.n65 a_n11685_3060.n66 0.0908103
R2053 a_n11685_3060.n69 a_n11685_3060.n70 0.0269108
R2054 a_n11685_3060.n73 a_n11685_3060.n74 0.0908103
R2055 a_n11685_3060.n76 a_n11685_3060.n77 0.0269108
R2056 a_n11685_3060.n80 a_n11685_3060.n81 0.0908103
R2057 a_n11685_3060.n138 a_n11685_3060.t22 3.98214
R2058 a_n11685_3060.n150 a_n11685_3060.n87 2.86295
R2059 a_n11685_3060.t21 a_n11685_3060.n150 2.19356
R2060 a_n11685_3060.n87 a_n11685_3060.n149 2.00358
R2061 a_n11685_3060.n68 a_n11685_3060.n90 0.93557
R2062 a_n11685_3060.n89 a_n11685_3060.n60 0.93557
R2063 a_n11685_3060.n52 a_n11685_3060.n88 2.00358
R2064 a_n11685_3060.n133 a_n11685_3060.n147 2.00358
R2065 a_n11685_3060.n146 a_n11685_3060.n46 2.00358
R2066 a_n11685_3060.n145 a_n11685_3060.n144 2.00358
R2067 a_n11685_3060.n40 a_n11685_3060.n136 2.00358
R2068 a_n11685_3060.n140 a_n11685_3060.n139 2.00358
R2069 a_n11685_3060.n95 a_n11685_3060.n134 2.00358
R2070 a_n11685_3060.n22 a_n11685_3060.n96 0.93557
R2071 a_n11685_3060.n86 a_n11685_3060.n85 0.93557
R2072 a_n11685_3060.n2 a_n11685_3060.n138 2.00358
R2073 a_n11685_3060.n149 a_n11685_3060.n148 1.75761
R2074 a_n11685_3060.n91 a_n11685_3060.n68 0.813207
R2075 a_n11685_3060.n91 a_n11685_3060.n93 0.133701
R2076 a_n11685_3060.n94 a_n11685_3060.n60 0.813207
R2077 a_n11685_3060.n92 a_n11685_3060.n52 1.75761
R2078 a_n11685_3060.n133 a_n11685_3060.n135 1.75761
R2079 a_n11685_3060.n137 a_n11685_3060.n46 1.75761
R2080 a_n11685_3060.n144 a_n11685_3060.n143 1.75761
R2081 a_n11685_3060.n142 a_n11685_3060.n40 1.75761
R2082 a_n11685_3060.n141 a_n11685_3060.n140 1.75761
R2083 a_n11685_3060.n134 a_n11685_3060.n28 1.75761
R2084 a_n11685_3060.n97 a_n11685_3060.n22 0.813207
R2085 a_n11685_3060.n97 a_n11685_3060.n84 0.133701
R2086 a_n11685_3060.n10 a_n11685_3060.n85 0.813207
R2087 a_n11685_3060.n83 a_n11685_3060.n2 1.75761
R2088 a_n11685_3060.n150 a_n11685_3060.t1 1.14884
R2089 a_n11685_3060.t21 a_n11685_3060.t1 1.0397
R2090 a_n11685_3060.n60 a_n11685_3060.n52 0.574664
R2091 a_n11685_3060.n22 a_n11685_3060.n85 0.574664
R2092 a_n11685_3060.n68 a_n11685_3060.n60 0.574664
R2093 a_n11685_3060.n85 a_n11685_3060.n2 0.574664
R2094 a_n11685_3060.t0 a_n11685_3060.n4 2.62112
R2095 a_n11685_3060.n109 a_n11685_3060.n7 0.259027
R2096 a_n11685_3060.n108 a_n11685_3060.n109 0.076197
R2097 a_n11685_3060.n16 a_n11685_3060.n15 0.259027
R2098 a_n11685_3060.n111 a_n11685_3060.n15 0.076197
R2099 a_n11685_3060.n12 a_n11685_3060.t58 2.62112
R2100 a_n11685_3060.n25 a_n11685_3060.n24 0.259027
R2101 a_n11685_3060.n130 a_n11685_3060.n24 0.076197
R2102 a_n11685_3060.n20 a_n11685_3060.t54 2.62112
R2103 a_n11685_3060.n34 a_n11685_3060.n33 0.259027
R2104 a_n11685_3060.n114 a_n11685_3060.n33 0.076197
R2105 a_n11685_3060.n30 a_n11685_3060.t50 2.62112
R2106 a_n11685_3060.n43 a_n11685_3060.n42 0.259027
R2107 a_n11685_3060.n131 a_n11685_3060.n42 0.076197
R2108 a_n11685_3060.n38 a_n11685_3060.t46 2.62112
R2109 a_n11685_3060.n49 a_n11685_3060.n48 0.259027
R2110 a_n11685_3060.n132 a_n11685_3060.n48 0.076197
R2111 a_n11685_3060.n1 a_n11685_3060.n0 0.147902
R2112 a_n11685_3060.t13 a_n11685_3060.n54 2.62112
R2113 a_n11685_3060.n119 a_n11685_3060.n57 0.259027
R2114 a_n11685_3060.n118 a_n11685_3060.n119 0.076197
R2115 a_n11685_3060.t15 a_n11685_3060.n62 2.62112
R2116 a_n11685_3060.n122 a_n11685_3060.n65 0.259027
R2117 a_n11685_3060.n121 a_n11685_3060.n122 0.076197
R2118 a_n11685_3060.t17 a_n11685_3060.n70 2.62112
R2119 a_n11685_3060.n125 a_n11685_3060.n73 0.259027
R2120 a_n11685_3060.n124 a_n11685_3060.n125 0.076197
R2121 a_n11685_3060.t19 a_n11685_3060.n77 2.62112
R2122 a_n11685_3060.n128 a_n11685_3060.n80 0.259027
R2123 a_n11685_3060.n127 a_n11685_3060.n128 0.076197
R2124 a_n11685_3060.n149 a_n11685_3060.n76 0.495943
R2125 a_n11685_3060.n3 a_n11685_3060.n2 0.495943
R2126 a_n11685_3060.n83 a_n11685_3060.n7 0.495943
R2127 a_n11685_3060.n148 a_n11685_3060.n80 0.495943
R2128 a_n11685_3060.n69 a_n11685_3060.n68 0.4505
R2129 a_n11685_3060.n61 a_n11685_3060.n60 0.4505
R2130 a_n11685_3060.n53 a_n11685_3060.n52 0.4505
R2131 a_n11685_3060.n49 a_n11685_3060.n46 0.4505
R2132 a_n11685_3060.n137 a_n11685_3060.n0 0.4505
R2133 a_n11685_3060.n43 a_n11685_3060.n40 0.4505
R2134 a_n11685_3060.n142 a_n11685_3060.n37 0.4505
R2135 a_n11685_3060.n134 a_n11685_3060.n34 0.4505
R2136 a_n11685_3060.n25 a_n11685_3060.n22 0.4505
R2137 a_n11685_3060.n85 a_n11685_3060.n16 0.4505
R2138 a_n11685_3060.n11 a_n11685_3060.n10 0.4505
R2139 a_n11685_3060.n84 a_n11685_3060.n19 0.4505
R2140 a_n11685_3060.n29 a_n11685_3060.n28 0.4505
R2141 a_n11685_3060.n92 a_n11685_3060.n57 0.4505
R2142 a_n11685_3060.n94 a_n11685_3060.n65 0.4505
R2143 a_n11685_3060.n93 a_n11685_3060.n73 0.4505
R2144 a_n11685_3060.n82 a_n11685_3060.n107 0.55231
R2145 a_n11685_3060.n75 a_n11685_3060.n106 0.55231
R2146 a_n11685_3060.n67 a_n11685_3060.n105 0.55231
R2147 a_n11685_3060.n59 a_n11685_3060.n104 0.55231
R2148 a_n11685_3060.n50 a_n11685_3060.n103 0.552312
R2149 a_n11685_3060.n149 a_n11685_3060.n68 0.287582
R2150 a_n11685_3060.n90 a_n11685_3060.n87 0.422025
R2151 a_n11685_3060.n90 a_n11685_3060.n89 0.556467
R2152 a_n11685_3060.n89 a_n11685_3060.n88 0.422025
R2153 a_n11685_3060.n147 a_n11685_3060.n88 0.287582
R2154 a_n11685_3060.n133 a_n11685_3060.n46 0.287582
R2155 a_n11685_3060.n147 a_n11685_3060.n146 0.287582
R2156 a_n11685_3060.n146 a_n11685_3060.n145 0.287582
R2157 a_n11685_3060.n144 a_n11685_3060.n46 0.287582
R2158 a_n11685_3060.n144 a_n11685_3060.n40 0.287582
R2159 a_n11685_3060.n145 a_n11685_3060.n136 0.287582
R2160 a_n11685_3060.n139 a_n11685_3060.n136 0.287582
R2161 a_n11685_3060.n140 a_n11685_3060.n40 0.287582
R2162 a_n11685_3060.n139 a_n11685_3060.n95 0.287582
R2163 a_n11685_3060.n134 a_n11685_3060.n22 0.287582
R2164 a_n11685_3060.n96 a_n11685_3060.n95 0.422025
R2165 a_n11685_3060.n96 a_n11685_3060.n86 0.556467
R2166 a_n11685_3060.n86 a_n11685_3060.n138 0.422025
R2167 a_n11685_3060.n10 a_n11685_3060.n83 0.420782
R2168 a_n11685_3060.n28 a_n11685_3060.n97 0.420782
R2169 a_n11685_3060.n142 a_n11685_3060.n141 0.287582
R2170 a_n11685_3060.n143 a_n11685_3060.n142 0.287582
R2171 a_n11685_3060.n143 a_n11685_3060.n137 0.287582
R2172 a_n11685_3060.n137 a_n11685_3060.n135 0.287582
R2173 a_n11685_3060.n94 a_n11685_3060.n92 0.420782
R2174 a_n11685_3060.n148 a_n11685_3060.n91 0.420782
R2175 a_n11685_3060.n92 a_n11685_3060.n135 0.287582
R2176 a_n11685_3060.n141 a_n11685_3060.n28 0.287582
R2177 a_n11685_3060.n140 a_n11685_3060.n134 0.287582
R2178 a_n11685_3060.n52 a_n11685_3060.n133 0.287582
R2179 a_n11685_3060.n128 a_n11685_3060.n129 0.266703
R2180 a_n11685_3060.n125 a_n11685_3060.n126 0.266703
R2181 a_n11685_3060.n122 a_n11685_3060.n123 0.266703
R2182 a_n11685_3060.n119 a_n11685_3060.n120 0.266703
R2183 a_n11685_3060.n117 a_n11685_3060.n48 0.266703
R2184 a_n11685_3060.n116 a_n11685_3060.n42 0.266703
R2185 a_n11685_3060.n115 a_n11685_3060.n33 0.266703
R2186 a_n11685_3060.n113 a_n11685_3060.n24 0.266703
R2187 a_n11685_3060.n112 a_n11685_3060.n15 0.266703
R2188 a_n11685_3060.n109 a_n11685_3060.n110 0.266703
R2189 a_n11685_3060.n8 a_n11685_3060.n108 0.331003
R2190 a_n11685_3060.n18 a_n11685_3060.n111 0.331001
R2191 a_n11685_3060.n130 a_n11685_3060.n27 0.331001
R2192 a_n11685_3060.n36 a_n11685_3060.n114 0.331001
R2193 a_n11685_3060.n131 a_n11685_3060.n45 0.331001
R2194 a_n11685_3060.n132 a_n11685_3060.n51 0.331001
R2195 a_n11685_3060.n58 a_n11685_3060.n118 0.331003
R2196 a_n11685_3060.n66 a_n11685_3060.n121 0.331003
R2197 a_n11685_3060.n74 a_n11685_3060.n124 0.331003
R2198 a_n11685_3060.n81 a_n11685_3060.n127 0.331003
R2199 a_n11685_3060.n112 a_n11685_3060.n14 0.422632
R2200 a_n11685_3060.n12 a_n11685_3060.n11 0.0269113
R2201 a_n11685_3060.n113 a_n11685_3060.n23 0.422632
R2202 a_n11685_3060.n20 a_n11685_3060.n19 0.0269113
R2203 a_n11685_3060.n115 a_n11685_3060.n32 0.422632
R2204 a_n11685_3060.n30 a_n11685_3060.n29 0.0269113
R2205 a_n11685_3060.n116 a_n11685_3060.n41 0.422632
R2206 a_n11685_3060.n38 a_n11685_3060.n37 0.0269113
R2207 a_n11685_3060.n117 a_n11685_3060.n47 0.422632
R2208 a_n11685_3060.n44 a_n11685_3060.n102 0.552312
R2209 a_n11685_3060.n35 a_n11685_3060.n101 0.552312
R2210 a_n11685_3060.n26 a_n11685_3060.n100 0.552312
R2211 a_n11685_3060.n17 a_n11685_3060.n99 0.552312
R2212 a_n11685_3060.n9 a_n11685_3060.n98 0.55231
R2213 a_n11685_3060.n94 a_n11685_3060.n93 0.420782
R2214 a_n11685_3060.n10 a_n11685_3060.n84 0.420782
R2215 a_n11685_3060.n80 a_n11685_3060.n79 0.378931
R2216 a_n11685_3060.t26 a_n11685_3060.n78 2.70757
R2217 a_n11685_3060.n73 a_n11685_3060.n72 0.378931
R2218 a_n11685_3060.t30 a_n11685_3060.n71 2.70757
R2219 a_n11685_3060.n65 a_n11685_3060.n64 0.378931
R2220 a_n11685_3060.t34 a_n11685_3060.n63 2.70757
R2221 a_n11685_3060.n57 a_n11685_3060.n56 0.378931
R2222 a_n11685_3060.t38 a_n11685_3060.n55 2.70757
R2223 a_n11685_3060.n49 a_n11685_3060.n47 0.378931
R2224 a_n11685_3060.n43 a_n11685_3060.n41 0.378931
R2225 a_n11685_3060.n39 a_n11685_3060.t45 2.70757
R2226 a_n11685_3060.n34 a_n11685_3060.n32 0.378931
R2227 a_n11685_3060.n31 a_n11685_3060.t49 2.70757
R2228 a_n11685_3060.n25 a_n11685_3060.n23 0.378931
R2229 a_n11685_3060.n21 a_n11685_3060.t53 2.70757
R2230 a_n11685_3060.n16 a_n11685_3060.n14 0.378931
R2231 a_n11685_3060.n13 a_n11685_3060.t57 2.70757
R2232 a_n11685_3060.n7 a_n11685_3060.n6 0.378931
R2233 a_n11685_3060.t62 a_n11685_3060.n5 2.70757
R2234 a_n11685_3060.t40 a_n11685_3060.n1 2.56549
C20 DN GND 2.30464f
C21 VCP GND 2.4097f
C22 UP GND 0.73099f
C23 VBGR GND 2.15113f
C24 VDD GND 42.2594f
C25 a_n9131_334# GND 1.44503f ; **FLOATING
C26 a_n11917_334# GND 1.51275f ; **FLOATING
C27 a_n11849_145# GND 23.4173f ; **FLOATING
C28 a_n6777_3460# GND 0.32036f ; **FLOATING
C29 a_n9213_3460# GND 3.19862f ; **FLOATING
C30 a_n11649_3460# GND 3.29021f ; **FLOATING
C31 a_n11685_3060.n0 GND 0.44878f ; **FLOATING
C32 a_n11685_3060.n1 GND 0.26061f ; **FLOATING
C33 a_n11685_3060.n2 GND 1.17216f ; **FLOATING
C34 a_n11685_3060.n3 GND 0.5253f ; **FLOATING
C35 a_n11685_3060.n4 GND 0.10261f ; **FLOATING
C36 a_n11685_3060.n5 GND 0.09933f ; **FLOATING
C37 a_n11685_3060.n6 GND 0.10864f ; **FLOATING
C38 a_n11685_3060.n7 GND 0.3877f ; **FLOATING
C39 a_n11685_3060.n8 GND 0.04823f ; **FLOATING
C40 a_n11685_3060.n9 GND 0.05845f ; **FLOATING
C41 a_n11685_3060.n10 GND 1.03389f ; **FLOATING
C42 a_n11685_3060.n11 GND 0.51099f ; **FLOATING
C43 a_n11685_3060.n12 GND 0.10261f ; **FLOATING
C44 a_n11685_3060.n13 GND 0.09933f ; **FLOATING
C45 a_n11685_3060.n14 GND 0.10864f ; **FLOATING
C46 a_n11685_3060.n15 GND 0.01224f ; **FLOATING
C47 a_n11685_3060.n16 GND 0.37339f ; **FLOATING
C48 a_n11685_3060.n17 GND 0.05845f ; **FLOATING
C49 a_n11685_3060.n18 GND 0.04823f ; **FLOATING
C50 a_n11685_3060.n19 GND 0.51099f ; **FLOATING
C51 a_n11685_3060.n20 GND 0.10261f ; **FLOATING
C52 a_n11685_3060.n21 GND 0.09933f ; **FLOATING
C53 a_n11685_3060.n22 GND 2.18261f ; **FLOATING
C54 a_n11685_3060.n23 GND 0.10864f ; **FLOATING
C55 a_n11685_3060.n24 GND 0.01224f ; **FLOATING
C56 a_n11685_3060.n25 GND 0.37339f ; **FLOATING
C57 a_n11685_3060.n26 GND 0.05845f ; **FLOATING
C58 a_n11685_3060.n27 GND 0.04823f ; **FLOATING
C59 a_n11685_3060.n28 GND 0.80592f ; **FLOATING
C60 a_n11685_3060.n29 GND 0.51099f ; **FLOATING
C61 a_n11685_3060.n30 GND 0.10261f ; **FLOATING
C62 a_n11685_3060.n31 GND 0.09933f ; **FLOATING
C63 a_n11685_3060.n32 GND 0.10864f ; **FLOATING
C64 a_n11685_3060.n33 GND 0.01224f ; **FLOATING
C65 a_n11685_3060.n34 GND 0.37339f ; **FLOATING
C66 a_n11685_3060.n35 GND 0.05845f ; **FLOATING
C67 a_n11685_3060.n36 GND 0.04823f ; **FLOATING
C68 a_n11685_3060.n37 GND 0.51099f ; **FLOATING
C69 a_n11685_3060.n38 GND 0.10261f ; **FLOATING
C70 a_n11685_3060.n39 GND 0.09933f ; **FLOATING
C71 a_n11685_3060.n40 GND 1.0913f ; **FLOATING
C72 a_n11685_3060.n41 GND 0.10864f ; **FLOATING
C73 a_n11685_3060.n42 GND 0.01224f ; **FLOATING
C74 a_n11685_3060.n43 GND 0.37339f ; **FLOATING
C75 a_n11685_3060.n44 GND 0.05845f ; **FLOATING
C76 a_n11685_3060.n45 GND 0.04823f ; **FLOATING
C77 a_n11685_3060.n46 GND 1.0913f ; **FLOATING
C78 a_n11685_3060.n47 GND 0.10864f ; **FLOATING
C79 a_n11685_3060.n48 GND 0.01224f ; **FLOATING
C80 a_n11685_3060.n49 GND 0.37339f ; **FLOATING
C81 a_n11685_3060.n50 GND 0.05845f ; **FLOATING
C82 a_n11685_3060.n51 GND 0.04823f ; **FLOATING
C83 a_n11685_3060.n52 GND 1.1042f ; **FLOATING
C84 a_n11685_3060.n53 GND 0.51099f ; **FLOATING
C85 a_n11685_3060.n54 GND 0.10261f ; **FLOATING
C86 a_n11685_3060.n55 GND 0.09933f ; **FLOATING
C87 a_n11685_3060.n56 GND 0.10864f ; **FLOATING
C88 a_n11685_3060.n57 GND 0.37339f ; **FLOATING
C89 a_n11685_3060.n58 GND 0.04823f ; **FLOATING
C90 a_n11685_3060.n59 GND 0.05845f ; **FLOATING
C91 a_n11685_3060.n60 GND 2.18261f ; **FLOATING
C92 a_n11685_3060.n61 GND 0.51099f ; **FLOATING
C93 a_n11685_3060.n62 GND 0.10261f ; **FLOATING
C94 a_n11685_3060.n63 GND 0.09933f ; **FLOATING
C95 a_n11685_3060.n64 GND 0.10864f ; **FLOATING
C96 a_n11685_3060.n65 GND 0.37339f ; **FLOATING
C97 a_n11685_3060.n66 GND 0.04823f ; **FLOATING
C98 a_n11685_3060.n67 GND 0.05845f ; **FLOATING
C99 a_n11685_3060.n68 GND 2.18261f ; **FLOATING
C100 a_n11685_3060.n69 GND 0.51099f ; **FLOATING
C101 a_n11685_3060.n70 GND 0.10261f ; **FLOATING
C102 a_n11685_3060.n71 GND 0.09933f ; **FLOATING
C103 a_n11685_3060.n72 GND 0.10864f ; **FLOATING
C104 a_n11685_3060.n73 GND 0.37339f ; **FLOATING
C105 a_n11685_3060.n74 GND 0.04823f ; **FLOATING
C106 a_n11685_3060.n75 GND 0.05845f ; **FLOATING
C107 a_n11685_3060.n76 GND 0.5253f ; **FLOATING
C108 a_n11685_3060.n77 GND 0.10261f ; **FLOATING
C109 a_n11685_3060.n78 GND 0.09933f ; **FLOATING
C110 a_n11685_3060.n79 GND 0.10864f ; **FLOATING
C111 a_n11685_3060.n80 GND 0.3877f ; **FLOATING
C112 a_n11685_3060.n81 GND 0.04823f ; **FLOATING
C113 a_n11685_3060.n82 GND 0.05845f ; **FLOATING
C114 a_n11685_3060.n83 GND 0.87434f ; **FLOATING
C115 a_n11685_3060.n84 GND 0.638f ; **FLOATING
C116 a_n11685_3060.n85 GND 2.18261f ; **FLOATING
C117 a_n11685_3060.n86 GND 1.12808f ; **FLOATING
C118 a_n11685_3060.n87 GND 1.50679f ; **FLOATING
C119 a_n11685_3060.n88 GND 0.88508f ; **FLOATING
C120 a_n11685_3060.n89 GND 1.12808f ; **FLOATING
C121 a_n11685_3060.n90 GND 1.12808f ; **FLOATING
C122 a_n11685_3060.n91 GND 0.39734f ; **FLOATING
C123 a_n11685_3060.n92 GND 0.80592f ; **FLOATING
C124 a_n11685_3060.n93 GND 0.63655f ; **FLOATING
C125 a_n11685_3060.n94 GND 1.03435f ; **FLOATING
C126 a_n11685_3060.n95 GND 0.88508f ; **FLOATING
C127 a_n11685_3060.n96 GND 1.12808f ; **FLOATING
C128 a_n11685_3060.n97 GND 0.39635f ; **FLOATING
C129 a_n11685_3060.n98 GND 0.03565f ; **FLOATING
C130 a_n11685_3060.n99 GND 0.03565f ; **FLOATING
C131 a_n11685_3060.n100 GND 0.03565f ; **FLOATING
C132 a_n11685_3060.n101 GND 0.03565f ; **FLOATING
C133 a_n11685_3060.n102 GND 0.03565f ; **FLOATING
C134 a_n11685_3060.n103 GND 0.03565f ; **FLOATING
C135 a_n11685_3060.n104 GND 0.03565f ; **FLOATING
C136 a_n11685_3060.n105 GND 0.03565f ; **FLOATING
C137 a_n11685_3060.n106 GND 0.03565f ; **FLOATING
C138 a_n11685_3060.n107 GND 0.03565f ; **FLOATING
C139 a_n11685_3060.t0 GND 2.22801f ; **FLOATING
C140 a_n11685_3060.n108 GND 0.02549f ; **FLOATING
C141 a_n11685_3060.n109 GND 0.01224f ; **FLOATING
C142 a_n11685_3060.n110 GND 0.06073f ; **FLOATING
C143 a_n11685_3060.n111 GND 0.02549f ; **FLOATING
C144 a_n11685_3060.n112 GND 0.06073f ; **FLOATING
C145 a_n11685_3060.n113 GND 0.06073f ; **FLOATING
C146 a_n11685_3060.n114 GND 0.02549f ; **FLOATING
C147 a_n11685_3060.n115 GND 0.06073f ; **FLOATING
C148 a_n11685_3060.n116 GND 0.06073f ; **FLOATING
C149 a_n11685_3060.n117 GND 0.06073f ; **FLOATING
C150 a_n11685_3060.t13 GND 2.22801f ; **FLOATING
C151 a_n11685_3060.n118 GND 0.02549f ; **FLOATING
C152 a_n11685_3060.n119 GND 0.01224f ; **FLOATING
C153 a_n11685_3060.n120 GND 0.06073f ; **FLOATING
C154 a_n11685_3060.t15 GND 2.22801f ; **FLOATING
C155 a_n11685_3060.n121 GND 0.02549f ; **FLOATING
C156 a_n11685_3060.n122 GND 0.01224f ; **FLOATING
C157 a_n11685_3060.n123 GND 0.06073f ; **FLOATING
C158 a_n11685_3060.t17 GND 2.22801f ; **FLOATING
C159 a_n11685_3060.n124 GND 0.02549f ; **FLOATING
C160 a_n11685_3060.n125 GND 0.01224f ; **FLOATING
C161 a_n11685_3060.n126 GND 0.06073f ; **FLOATING
C162 a_n11685_3060.t19 GND 2.22801f ; **FLOATING
C163 a_n11685_3060.n127 GND 0.02549f ; **FLOATING
C164 a_n11685_3060.n128 GND 0.01224f ; **FLOATING
C165 a_n11685_3060.n129 GND 0.06073f ; **FLOATING
C166 a_n11685_3060.n130 GND 0.02549f ; **FLOATING
C167 a_n11685_3060.n131 GND 0.02549f ; **FLOATING
C168 a_n11685_3060.n132 GND 0.02549f ; **FLOATING
C169 a_n11685_3060.n133 GND 1.07841f ; **FLOATING
C170 a_n11685_3060.n134 GND 1.1042f ; **FLOATING
C171 a_n11685_3060.n135 GND 0.59623f ; **FLOATING
C172 a_n11685_3060.t1 GND 6.52029f ; **FLOATING
C173 a_n11685_3060.t23 GND 2.22627f ; **FLOATING
C174 a_n11685_3060.t25 GND 2.2249f ; **FLOATING
C175 a_n11685_3060.t26 GND 2.42072f ; **FLOATING
C176 a_n11685_3060.t20 GND 2.22747f ; **FLOATING
C177 a_n11685_3060.t24 GND 2.41909f ; **FLOATING
C178 a_n11685_3060.t27 GND 2.22627f ; **FLOATING
C179 a_n11685_3060.t31 GND 2.22627f ; **FLOATING
C180 a_n11685_3060.t33 GND 2.2249f ; **FLOATING
C181 a_n11685_3060.t34 GND 2.42072f ; **FLOATING
C182 a_n11685_3060.t16 GND 2.22747f ; **FLOATING
C183 a_n11685_3060.t32 GND 2.41909f ; **FLOATING
C184 a_n11685_3060.t35 GND 2.22627f ; **FLOATING
C185 a_n11685_3060.n136 GND 0.67105f ; **FLOATING
C186 a_n11685_3060.t39 GND 2.22674f ; **FLOATING
C187 a_n11685_3060.t41 GND 2.22688f ; **FLOATING
C188 a_n11685_3060.t42 GND 2.41802f ; **FLOATING
C189 a_n11685_3060.t11 GND 2.2249f ; **FLOATING
C190 a_n11685_3060.t12 GND 2.22627f ; **FLOATING
C191 a_n11685_3060.t40 GND 2.42718f ; **FLOATING
C192 a_n11685_3060.n137 GND 0.60913f ; **FLOATING
C193 a_n11685_3060.t47 GND 2.22686f ; **FLOATING
C194 a_n11685_3060.t7 GND 2.2249f ; **FLOATING
C195 a_n11685_3060.t50 GND 2.41886f ; **FLOATING
C196 a_n11685_3060.t49 GND 2.22987f ; **FLOATING
C197 a_n11685_3060.t48 GND 2.41969f ; **FLOATING
C198 a_n11685_3060.t8 GND 2.22627f ; **FLOATING
C199 a_n11685_3060.t51 GND 2.22686f ; **FLOATING
C200 a_n11685_3060.t22 GND 1.12396f ; **FLOATING
C201 a_n11685_3060.n138 GND 2.17958f ; **FLOATING
C202 a_n11685_3060.t59 GND 2.22627f ; **FLOATING
C203 a_n11685_3060.t61 GND 2.2249f ; **FLOATING
C204 a_n11685_3060.t62 GND 2.42072f ; **FLOATING
C205 a_n11685_3060.t2 GND 2.22747f ; **FLOATING
C206 a_n11685_3060.t60 GND 2.41909f ; **FLOATING
C207 a_n11685_3060.t55 GND 2.22686f ; **FLOATING
C208 a_n11685_3060.t3 GND 2.2249f ; **FLOATING
C209 a_n11685_3060.t58 GND 2.41886f ; **FLOATING
C210 a_n11685_3060.t57 GND 2.22987f ; **FLOATING
C211 a_n11685_3060.t56 GND 2.41969f ; **FLOATING
C212 a_n11685_3060.t4 GND 2.22627f ; **FLOATING
C213 a_n11685_3060.t53 GND 2.22987f ; **FLOATING
C214 a_n11685_3060.t54 GND 2.41886f ; **FLOATING
C215 a_n11685_3060.t5 GND 2.2249f ; **FLOATING
C216 a_n11685_3060.t6 GND 2.22627f ; **FLOATING
C217 a_n11685_3060.t52 GND 2.41969f ; **FLOATING
C218 a_n11685_3060.n139 GND 0.67105f ; **FLOATING
C219 a_n11685_3060.n140 GND 1.07841f ; **FLOATING
C220 a_n11685_3060.n141 GND 0.59623f ; **FLOATING
C221 a_n11685_3060.t43 GND 2.22686f ; **FLOATING
C222 a_n11685_3060.t45 GND 2.22987f ; **FLOATING
C223 a_n11685_3060.t46 GND 2.41886f ; **FLOATING
C224 a_n11685_3060.t9 GND 2.2249f ; **FLOATING
C225 a_n11685_3060.t10 GND 2.22627f ; **FLOATING
C226 a_n11685_3060.t44 GND 2.41969f ; **FLOATING
C227 a_n11685_3060.n142 GND 0.60913f ; **FLOATING
C228 a_n11685_3060.n143 GND 0.60913f ; **FLOATING
C229 a_n11685_3060.n144 GND 1.0913f ; **FLOATING
C230 a_n11685_3060.n145 GND 0.67105f ; **FLOATING
C231 a_n11685_3060.n146 GND 0.67105f ; **FLOATING
C232 a_n11685_3060.n147 GND 0.67105f ; **FLOATING
C233 a_n11685_3060.t37 GND 2.2249f ; **FLOATING
C234 a_n11685_3060.t38 GND 2.42072f ; **FLOATING
C235 a_n11685_3060.t14 GND 2.22747f ; **FLOATING
C236 a_n11685_3060.t36 GND 2.41909f ; **FLOATING
C237 a_n11685_3060.t29 GND 2.2249f ; **FLOATING
C238 a_n11685_3060.t30 GND 2.42072f ; **FLOATING
C239 a_n11685_3060.t18 GND 2.22747f ; **FLOATING
C240 a_n11685_3060.t28 GND 2.41909f ; **FLOATING
C241 a_n11685_3060.n148 GND 0.87434f ; **FLOATING
C242 a_n11685_3060.n149 GND 1.17216f ; **FLOATING
C243 a_n11685_3060.n150 GND 0.48479f ; **FLOATING
C244 a_n11685_3060.t21 GND 0.35857f ; **FLOATING
C245 VDD.n0 GND 1.68427f ; **FLOATING
C246 VDD.n1 GND 0.09789f ; **FLOATING
C247 VDD.n2 GND 0.6826f ; **FLOATING
C248 VDD.n3 GND 0.69007f ; **FLOATING
C249 VDD.n4 GND 0.99318f ; **FLOATING
C250 VDD.n6 GND 0.01164f ; **FLOATING
C251 VDD.n7 GND 0.01123f ; **FLOATING
C252 VDD.n9 GND 0.01194f ; **FLOATING
C253 VDD.n12 GND 0.01194f ; **FLOATING
C254 VDD.n14 GND 0.81402f ; **FLOATING
C255 VDD.n15 GND 0.18594f ; **FLOATING
C256 VDD.n16 GND 0.18905f ; **FLOATING
C257 VDD.n17 GND 1.68113f ; **FLOATING
C258 VDD.n19 GND 0.10972f ; **FLOATING
C259 VDD.n26 GND 0.01016f ; **FLOATING
C260 VDD.n27 GND 0.01047f ; **FLOATING
C261 VDD.n28 GND 0.01047f ; **FLOATING
C262 VDD.n29 GND 0.01016f ; **FLOATING
C263 VDD.n30 GND 0.01049f ; **FLOATING
C264 VDD.n31 GND 0.01047f ; **FLOATING
C265 VDD.n32 GND 0.04128f ; **FLOATING
C266 VDD.n33 GND 0.01037f ; **FLOATING
C267 VDD.n34 GND 0.01016f ; **FLOATING
C268 VDD.n35 GND 0.01047f ; **FLOATING
C269 VDD.n37 GND 0.04126f ; **FLOATING
C270 VDD.n39 GND 0.01037f ; **FLOATING
C271 VDD.n40 GND 0.01016f ; **FLOATING
C272 VDD.n41 GND 0.01047f ; **FLOATING
C273 VDD.n43 GND 0.04126f ; **FLOATING
C274 VDD.n46 GND 0.01016f ; **FLOATING
C275 VDD.n47 GND 0.01047f ; **FLOATING
C276 VDD.n48 GND 0.01016f ; **FLOATING
C277 VDD.n49 GND 0.01047f ; **FLOATING
C278 VDD.n51 GND 0.01016f ; **FLOATING
C279 VDD.n52 GND 0.01047f ; **FLOATING
C280 VDD.n53 GND 0.01016f ; **FLOATING
C281 VDD.n54 GND 0.01049f ; **FLOATING
C282 VDD.n55 GND 0.01016f ; **FLOATING
C283 VDD.n56 GND 0.01047f ; **FLOATING
C284 VDD.n57 GND 0.01049f ; **FLOATING
C285 VDD.n58 GND 0.01016f ; **FLOATING
C286 VDD.n59 GND 0.01047f ; **FLOATING
C287 VDD.n60 GND 0.01016f ; **FLOATING
C288 VDD.n61 GND 0.01016f ; **FLOATING
C289 VDD.n62 GND 0.01047f ; **FLOATING
C290 VDD.n63 GND 0.01016f ; **FLOATING
C291 VDD.n64 GND 0.01047f ; **FLOATING
C292 VDD.n66 GND 0.01016f ; **FLOATING
C293 VDD.n67 GND 0.01047f ; **FLOATING
C294 VDD.n68 GND 0.01016f ; **FLOATING
C295 VDD.n69 GND 0.01049f ; **FLOATING
C296 VDD.n70 GND 0.01042f ; **FLOATING
C297 VDD.n71 GND 0.01016f ; **FLOATING
C298 VDD.n72 GND 0.01047f ; **FLOATING
C299 VDD.n74 GND 0.0104f ; **FLOATING
C300 VDD.n75 GND 0.01016f ; **FLOATING
C301 VDD.n76 GND 0.01047f ; **FLOATING
C302 VDD.n78 GND 0.01047f ; **FLOATING
C303 VDD.n79 GND 0.01016f ; **FLOATING
C304 VDD.n80 GND 0.01047f ; **FLOATING
C305 VDD.n82 GND 0.01016f ; **FLOATING
C306 VDD.n83 GND 0.01047f ; **FLOATING
C307 VDD.n84 GND 0.01016f ; **FLOATING
C308 VDD.n85 GND 0.01049f ; **FLOATING
C309 VDD.n86 GND 0.01042f ; **FLOATING
C310 VDD.n87 GND 0.01016f ; **FLOATING
C311 VDD.n88 GND 0.01047f ; **FLOATING
C312 VDD.n90 GND 0.0104f ; **FLOATING
C313 VDD.n91 GND 0.01016f ; **FLOATING
C314 VDD.n92 GND 0.01047f ; **FLOATING
C315 VDD.n96 GND 0.02684f ; **FLOATING
C316 VDD.n97 GND 5.50953f ; **FLOATING
C317 VDD.n98 GND 0.11796f ; **FLOATING
C318 VDD.n99 GND 0.12653f ; **FLOATING
C319 VDD.n101 GND 0.04236f ; **FLOATING
C320 VDD.n102 GND 0.11062f ; **FLOATING
C321 VDD.n103 GND 0.04236f ; **FLOATING
C322 VDD.n104 GND 0.04236f ; **FLOATING
C323 VDD.n105 GND 0.05391f ; **FLOATING
C324 VDD.n106 GND 0.02955f ; **FLOATING
C325 VDD.n107 GND 0.0787f ; **FLOATING
C326 VDD.n117 GND 0.01151f ; **FLOATING
C327 VDD.n132 GND 0.01151f ; **FLOATING
C328 VDD.n133 GND 0.01125f ; **FLOATING
C329 VDD.n197 GND 0.44763f ; **FLOATING
C330 VDD.t3 GND 0.17152f ; **FLOATING
C331 VDD.t7 GND 0.21926f ; **FLOATING
C332 VDD.n214 GND 0.13653f ; **FLOATING
C333 VDD.n215 GND 0.01016f ; **FLOATING
C334 VDD.n216 GND 0.01016f ; **FLOATING
C335 VDD.n217 GND 0.01016f ; **FLOATING
C336 VDD.n218 GND 0.01016f ; **FLOATING
C337 VDD.n219 GND 0.01016f ; **FLOATING
C338 VDD.n220 GND 0.01044f ; **FLOATING
C339 VDD.n221 GND 0.01047f ; **FLOATING
C340 VDD.n223 GND 0.01016f ; **FLOATING
C341 VDD.n224 GND 0.01016f ; **FLOATING
C342 VDD.n225 GND 0.01047f ; **FLOATING
C343 VDD.n226 GND 0.01047f ; **FLOATING
C344 VDD.n228 GND 0.01016f ; **FLOATING
C345 VDD.n229 GND 0.03837f ; **FLOATING
C346 VDD.n230 GND 0.01016f ; **FLOATING
C347 VDD.n231 GND 0.01042f ; **FLOATING
C348 VDD.t6 GND 0.12422f ; **FLOATING
C349 VDD.n233 GND 0.03522f ; **FLOATING
C350 VDD.n234 GND 0.02647f ; **FLOATING
C351 VDD.t2 GND 0.17152f ; **FLOATING
C352 VDD.t1 GND 0.21926f ; **FLOATING
C353 VDD.n250 GND 0.13653f ; **FLOATING
C354 VDD.n251 GND 0.01016f ; **FLOATING
C355 VDD.n252 GND 0.01016f ; **FLOATING
C356 VDD.n253 GND 0.01016f ; **FLOATING
C357 VDD.n255 GND 0.01016f ; **FLOATING
C358 VDD.n256 GND 0.01016f ; **FLOATING
C359 VDD.n257 GND 0.01044f ; **FLOATING
C360 VDD.n258 GND 0.01047f ; **FLOATING
C361 VDD.n259 GND 0.01155f ; **FLOATING
C362 VDD.n260 GND 0.01145f ; **FLOATING
C363 VDD.n261 GND 0.01047f ; **FLOATING
C364 VDD.n262 GND 0.01047f ; **FLOATING
C365 VDD.n264 GND 0.01016f ; **FLOATING
C366 VDD.n265 GND 0.0363f ; **FLOATING
C367 VDD.n266 GND 0.01016f ; **FLOATING
C368 VDD.n267 GND 0.01042f ; **FLOATING
C369 VDD.t4 GND 0.12422f ; **FLOATING
C370 VDD.n269 GND 0.0352f ; **FLOATING
C371 VDD.n270 GND 0.02643f ; **FLOATING
C372 VDD.t10 GND 0.17152f ; **FLOATING
C373 VDD.t12 GND 0.21923f ; **FLOATING
C374 VDD.n287 GND 0.13655f ; **FLOATING
C375 VDD.n288 GND 0.01016f ; **FLOATING
C376 VDD.n289 GND 0.01047f ; **FLOATING
C377 VDD.n291 GND 0.01016f ; **FLOATING
C378 VDD.n292 GND 0.01016f ; **FLOATING
C379 VDD.n293 GND 0.01047f ; **FLOATING
C380 VDD.n294 GND 0.01047f ; **FLOATING
C381 VDD.n296 GND 0.01016f ; **FLOATING
C382 VDD.n297 GND 0.01016f ; **FLOATING
C383 VDD.n298 GND 0.01037f ; **FLOATING
C384 VDD.n299 GND 0.03634f ; **FLOATING
C385 VDD.t9 GND 0.12422f ; **FLOATING
C386 VDD.n301 GND 0.07848f ; **FLOATING
C387 VDD.t0 GND 0.14829p ; **FLOATING
C388 VDD.n313 GND 0.06774f ; **FLOATING
C389 VDD.n314 GND 0.0204f ; **FLOATING
C390 VDD.n315 GND 0.02228f ; **FLOATING
C391 VDD.n316 GND 0.02228f ; **FLOATING
C392 VDD.n317 GND 0.02228f ; **FLOATING
C393 VDD.n318 GND 0.02228f ; **FLOATING
C394 VDD.n319 GND 0.02228f ; **FLOATING
C395 VDD.n320 GND 0.02228f ; **FLOATING
C396 VDD.n321 GND 0.02228f ; **FLOATING
C397 VDD.n322 GND 0.02302f ; **FLOATING
C398 VDD.n323 GND 0.01138f ; **FLOATING
C399 VDD.n461 GND 0.01138f ; **FLOATING
C400 VDD.n462 GND 0.37259f ; **FLOATING
C401 VDD.n463 GND 0.69007f ; **FLOATING
C402 VDD.n464 GND 0.07632f ; **FLOATING
C403 VDD.t16 GND 1.91676f ; **FLOATING
C404 VDD.n465 GND 0.03398f ; **FLOATING
C405 VDD.n466 GND 0.03406f ; **FLOATING
C406 VDD.n467 GND 0.04236f ; **FLOATING
C407 VDD.n468 GND 0.04153f ; **FLOATING
C408 VDD.n469 GND 0.03421f ; **FLOATING
C409 VDD.n470 GND 0.04236f ; **FLOATING
C410 VDD.n471 GND 0.04236f ; **FLOATING
.ends

