[2026-09-25 17:16:26,157] [INFO]    GDS input file passed, running in LVS mode
[2026-09-25 17:16:26,220] [INFO]    Found cell DSM_N_FREQ_DIV in GDS /foss/designs/unicasss-tools/SG13G2_2.4GHz_LC_VCO_FPLL/gds/blocks/DSM_N_FREQ_DIV.gds (only top cell)
[2026-09-25 17:16:26,276] [INFO]    LVS input schematic not specified (argument --schematic), using dummy schematic
[2026-09-25 17:16:26,527] [INFO]    Calling MAGIC
[2026-09-25 17:16:26,531] [SUBPROCESS]    magic -dnull -noconsole -rcfile /foss/pdks/ihp-sg13g2/libs.tech/magic/ihp-sg13g2.magicrc /foss/designs/unicasss-tools/SG13G2_2.4GHz_LC_VCO_FPLL/pex/DSM_N_FREQ_DIV__DSM_N_FREQ_DIV/magic_RC/DSM_N_FREQ_DIV_MAGIC_RC_Script.tcl, output file: /foss/designs/unicasss-tools/SG13G2_2.4GHz_LC_VCO_FPLL/pex/DSM_N_FREQ_DIV__DSM_N_FREQ_DIV/magic_RC/DSM_N_FREQ_DIV_MAGIC_RC_Output.txt
[2026-09-25 17:16:26,676] [SUBPROCESS]    
[2026-09-25 17:16:26,682] [SUBPROCESS]    Magic 8.3 revision 681 - Compiled on Tue Aug 25 11:50:23 AM CEST 2026.
[2026-09-25 17:16:26,696] [SUBPROCESS]    Starting magic under Tcl interpreter
[2026-09-25 17:16:26,703] [SUBPROCESS]    Using the terminal as the console.
[2026-09-25 17:16:26,731] [SUBPROCESS]    WARNING: RLIMIT_NOFILE is above 1024 and Tcl_Version<9 this may cause runtime issues [rlim_cur=1048576]
[2026-09-25 17:16:26,751] [SUBPROCESS]    Using NULL graphics device.
[2026-09-25 17:16:26,839] [SUBPROCESS]    Processing system .magicrc file
[2026-09-25 17:16:26,872] [SUBPROCESS]    Switching to WIRING tool.
[2026-09-25 17:16:26,874] [SUBPROCESS]    Switching to NETLIST tool.
[2026-09-25 17:16:26,876] [SUBPROCESS]    Switching to PICK tool.
[2026-09-25 17:16:26,878] [SUBPROCESS]    Switching to BOX tool.
[2026-09-25 17:16:26,880] [SUBPROCESS]    Sourcing design .magicrc for technology ihp-sg13g2 ...
[2026-09-25 17:16:26,882] [SUBPROCESS]    2 Magic internal units = 1 Lambda
[2026-09-25 17:16:26,998] [SUBPROCESS]    Input style sg13g2(): scaleFactor=2, multiplier=2
[2026-09-25 17:16:27,735] [SUBPROCESS]    The following types are not handled by extraction and will be treated as non-electrical types:
[2026-09-25 17:16:27,752] [SUBPROCESS]        pblock sealcont difffill nemitter hvnemitter hvisodiffres sealvia1 sealvia2 sealvia3 sealvia4 sealvia5 sealvia6 pillar solder seal glass thruvia inductor 
[2026-09-25 17:16:27,775] [SUBPROCESS]    Scaled tech values by 2 / 1 to match internal grid scaling
[2026-09-25 17:16:27,779] [SUBPROCESS]    Loading ihp-sg13g2 Device Generator Menu ...
[2026-09-25 17:16:27,783] [SUBPROCESS]    Loading "/foss/designs/unicasss-tools/SG13G2_2.4GHz_LC_VCO_FPLL/pex/DSM_N_FREQ_DIV__DSM_N_FREQ_DIV/magic_RC/DSM_N_FREQ_DIV_MAGIC_RC_Script.tcl" from command line.
[2026-09-25 17:16:27,802] [SUBPROCESS]    Warning: Calma reading is not undoable!  I hope that's OK.
[2026-09-25 17:16:27,812] [SUBPROCESS]    Library written using GDS-II Release 6.0
[2026-09-25 17:16:27,814] [SUBPROCESS]    Library name: dsm_and_freq_divider
[2026-09-25 17:16:27,818] [SUBPROCESS]    Reading "sg13g2_decap_8".
[2026-09-25 17:16:27,824] [SUBPROCESS]    Reading "sg13g2_fill_1".
[2026-09-25 17:16:27,841] [SUBPROCESS]    Reading "sg13g2_decap_4".
[2026-09-25 17:16:27,911] [SUBPROCESS]    Reading "sg13g2_dfrbpq_1".
[2026-09-25 17:16:27,920] [SUBPROCESS]    Reading "sg13g2_xnor2_1".
[2026-09-25 17:16:27,923] [SUBPROCESS]    Reading "sg13g2_xor2_1".
[2026-09-25 17:16:27,925] [SUBPROCESS]    Reading "sg13g2_nor2_1".
[2026-09-25 17:16:27,927] [SUBPROCESS]    Reading "sg13g2_a21o_2".
[2026-09-25 17:16:27,940] [SUBPROCESS]    Reading "sg13g2_inv_1".
[2026-09-25 17:16:27,957] [SUBPROCESS]    Reading "sg13g2_a21oi_1".
[2026-09-25 17:16:27,959] [SUBPROCESS]    CIF file read warning: CIF style sg13g2(): units rescaled by factor of 5 / 1
[2026-09-25 17:16:27,970] [SUBPROCESS]    Reading "sg13g2_fill_2".
[2026-09-25 17:16:27,981] [SUBPROCESS]    Reading "sg13g2_mux2_1".
[2026-09-25 17:16:27,995] [SUBPROCESS]    Reading "sg13g2_and2_1".
[2026-09-25 17:16:27,996] [SUBPROCESS]    Reading "sg13g2_buf_1".
[2026-09-25 17:16:27,998] [SUBPROCESS]    Reading "sg13g2_nand2b_1".
[2026-09-25 17:16:28,000] [SUBPROCESS]    Reading "sg13g2_buf_16".
[2026-09-25 17:16:28,085] [SUBPROCESS]    Reading "sg13g2_nand2_1".
[2026-09-25 17:16:28,092] [SUBPROCESS]    Reading "sg13g2_nor2b_1".
[2026-09-25 17:16:28,096] [SUBPROCESS]    Reading "sg13g2_nand3_1".
[2026-09-25 17:16:28,098] [SUBPROCESS]    Reading "sg13g2_a21oi_2".
[2026-09-25 17:16:28,100] [SUBPROCESS]    Reading "sg13g2_a21o_1".
[2026-09-25 17:16:28,107] [SUBPROCESS]    Reading "sg13g2_and3_1".
[2026-09-25 17:16:28,175] [SUBPROCESS]    Reading "sg13g2_o21ai_1".
[2026-09-25 17:16:28,218] [SUBPROCESS]    Reading "sg13g2_nor3_1".
[2026-09-25 17:16:28,244] [SUBPROCESS]    Reading "sg13g2_a221oi_1".
[2026-09-25 17:16:28,265] [SUBPROCESS]    Reading "DSM_N_FREQ_DIV".
[2026-09-25 17:16:28,881] [SUBPROCESS]    Extracting DSM_N_FREQ_DIV into /foss/designs/unicasss-tools/SG13G2_2.4GHz_LC_VCO_FPLL/pex/DSM_N_FREQ_DIV__DSM_N_FREQ_DIV/magic_RC/DSM_N_FREQ_DIV.ext:
[2026-09-25 17:16:28,892] [SUBPROCESS]    Processing DSM_N_FREQ_DIV
[2026-09-25 17:16:35,340] [SUBPROCESS]    DSM_N_FREQ_DIV: 1034 warnings
[2026-09-25 17:16:35,342] [SUBPROCESS]    Total of 1034 warnings.
[2026-09-25 17:16:36,148] [SUBPROCESS]    exttosim finished.
[2026-09-25 17:16:36,160] [SUBPROCESS]    Note:  This option has been deprecated and is unused.
[2026-09-25 17:16:37,116] [SUBPROCESS]    Extracting a_10220_18222#
[2026-09-25 17:16:37,120] [SUBPROCESS]    Extracting _225_.A
[2026-09-25 17:16:37,148] [SUBPROCESS]    Extracting _236_.A
[2026-09-25 17:16:37,194] [SUBPROCESS]    Extracting a_1192_17508#
[2026-09-25 17:16:37,202] [SUBPROCESS]    Extracting fanout8.A
[2026-09-25 17:16:37,244] [SUBPROCESS]    Extracting a_2126_17774#
[2026-09-25 17:16:37,253] [SUBPROCESS]    Extracting a_2232_17770#
[2026-09-25 17:16:37,262] [SUBPROCESS]    Extracting _250_.Q
[2026-09-25 17:16:37,282] [SUBPROCESS]    Extracting _118_.A0
[2026-09-25 17:16:37,294] [SUBPROCESS]    Extracting _124_.S
[2026-09-25 17:16:37,326] [SUBPROCESS]    Extracting _250_.D
[2026-09-25 17:16:37,342] [SUBPROCESS]    Extracting a_2298_17878#
[2026-09-25 17:16:37,344] [SUBPROCESS]    Extracting a_2620_17878#
[2026-09-25 17:16:37,352] [SUBPROCESS]    Extracting fanout6.A
[2026-09-25 17:16:37,364] [SUBPROCESS]    Extracting a_2298_17532#
[2026-09-25 17:16:37,366] [SUBPROCESS]    Extracting a_2558_17532#
[2026-09-25 17:16:37,378] [SUBPROCESS]    Extracting a_4475_17856#
[2026-09-25 17:16:37,431] [SUBPROCESS]    Extracting a_4512_17547#
[2026-09-25 17:16:37,458] [SUBPROCESS]    Extracting a_4661_17878#
[2026-09-25 17:16:37,502] [SUBPROCESS]    Extracting _207_.A2
[2026-09-25 17:16:37,512] [SUBPROCESS]    Extracting a_9352_17508#
[2026-09-25 17:16:37,514] [SUBPROCESS]    Extracting _214_.Y
[2026-09-25 17:16:37,515] [SUBPROCESS]    Extracting _240_.Y
[2026-09-25 17:16:37,517] [SUBPROCESS]    Extracting a_4755_17508#
[2026-09-25 17:16:37,520] [SUBPROCESS]    Extracting a_9734_17946#
[2026-09-25 17:16:37,532] [SUBPROCESS]    Extracting a_9828_17946#
[2026-09-25 17:16:37,534] [SUBPROCESS]    Extracting a_9994_17476#
[2026-09-25 17:16:37,541] [SUBPROCESS]    Extracting a_10020_17512#
[2026-09-25 17:16:37,544] [SUBPROCESS]    Extracting a_10437_17519#
[2026-09-25 17:16:37,546] [SUBPROCESS]    Extracting a_10246_17933#
[2026-09-25 17:16:37,547] [SUBPROCESS]    Extracting a_10308_17933#
[2026-09-25 17:16:37,568] [SUBPROCESS]    Extracting a_10539_17519#
[2026-09-25 17:16:37,591] [SUBPROCESS]    Extracting a_11536_17750#
[2026-09-25 17:16:37,594] [SUBPROCESS]    Extracting a_11279_17869#
[2026-09-25 17:16:37,597] [SUBPROCESS]    Extracting a_11946_17508#
[2026-09-25 17:16:37,609] [SUBPROCESS]    Extracting a_11185_17869#
[2026-09-25 17:16:37,611] [SUBPROCESS]    Extracting a_11698_17946#
[2026-09-25 17:16:37,612] [SUBPROCESS]    Extracting a_10377_17555#
[2026-09-25 17:16:37,628] [SUBPROCESS]    Extracting _214_.A
[2026-09-25 17:16:37,629] [SUBPROCESS]    Extracting a_11481_17631#
[2026-09-25 17:16:37,642] [SUBPROCESS]    Extracting _222_.A
[2026-09-25 17:16:37,657] [SUBPROCESS]    Extracting _250_.RESET_B
[2026-09-25 17:16:37,666] [SUBPROCESS]    Extracting a_1580_16710#
[2026-09-25 17:16:37,669] [SUBPROCESS]    Extracting a_2122_16969#
[2026-09-25 17:16:37,697] [SUBPROCESS]    Extracting _222_.Y
[2026-09-25 17:16:37,701] [SUBPROCESS]    Extracting _118_.X
[2026-09-25 17:16:37,711] [SUBPROCESS]    Extracting a_1862_16746#
[2026-09-25 17:16:37,726] [SUBPROCESS]    Extracting a_2148_17064#
[2026-09-25 17:16:37,729] [SUBPROCESS]    Extracting a_2565_16725#
[2026-09-25 17:16:37,735] [SUBPROCESS]    Extracting a_2667_16868#
[2026-09-25 17:16:37,739] [SUBPROCESS]    Extracting _247_.CLK
[2026-09-25 17:16:37,742] [SUBPROCESS]    Extracting a_2505_17137#
[2026-09-25 17:16:37,751] [SUBPROCESS]    Extracting a_1956_16746#
[2026-09-25 17:16:37,753] [SUBPROCESS]    Extracting a_3407_16823#
[2026-09-25 17:16:37,755] [SUBPROCESS]    Extracting a_3664_16966#
[2026-09-25 17:16:37,757] [SUBPROCESS]    Extracting a_4074_17044#
[2026-09-25 17:16:37,759] [SUBPROCESS]    Extracting _207_.Y
[2026-09-25 17:16:37,766] [SUBPROCESS]    Extracting a_4625_16800#
[2026-09-25 17:16:37,787] [SUBPROCESS]    Extracting _207_.A1
[2026-09-25 17:16:37,807] [SUBPROCESS]    Extracting a_5376_17061#
[2026-09-25 17:16:37,808] [SUBPROCESS]    Extracting _205_.Y
[2026-09-25 17:16:37,811] [SUBPROCESS]    Extracting _208_.X
[2026-09-25 17:16:37,812] [SUBPROCESS]    Extracting a_6720_17061#
[2026-09-25 17:16:37,813] [SUBPROCESS]    Extracting a_3609_17061#
[2026-09-25 17:16:37,814] [SUBPROCESS]    Extracting a_2436_16759#
[2026-09-25 17:16:37,822] [SUBPROCESS]    Extracting a_2374_16759#
[2026-09-25 17:16:37,824] [SUBPROCESS]    Extracting a_3313_16823#
[2026-09-25 17:16:37,826] [SUBPROCESS]    Extracting a_4593_17068#
[2026-09-25 17:16:37,829] [SUBPROCESS]    Extracting a_4796_17044#
[2026-09-25 17:16:37,836] [SUBPROCESS]    Extracting a_5619_17044#
[2026-09-25 17:16:37,840] [SUBPROCESS]    Extracting _199_.B1
[2026-09-25 17:16:37,841] [SUBPROCESS]    Extracting a_3826_16746#
[2026-09-25 17:16:37,842] [SUBPROCESS]    Extracting a_4890_16762#
[2026-09-25 17:16:37,844] [SUBPROCESS]    Extracting a_5339_16792#
[2026-09-25 17:16:37,846] [SUBPROCESS]    Extracting a_5525_16750#
[2026-09-25 17:16:37,848] [SUBPROCESS]    Extracting a_6963_17044#
[2026-09-25 17:16:37,850] [SUBPROCESS]    Extracting _209_.Y
[2026-09-25 17:16:37,855] [SUBPROCESS]    Extracting a_6683_16792#
[2026-09-25 17:16:37,858] [SUBPROCESS]    Extracting a_6869_16750#
[2026-09-25 17:16:37,862] [SUBPROCESS]    Extracting _258_.RESET_B
[2026-09-25 17:16:37,864] [SUBPROCESS]    Extracting _259_.RESET_B
[2026-09-25 17:16:37,870] [SUBPROCESS]    Extracting a_8266_16969#
[2026-09-25 17:16:37,873] [SUBPROCESS]    Extracting a_8006_16746#
[2026-09-25 17:16:37,875] [SUBPROCESS]    Extracting a_8292_17064#
[2026-09-25 17:16:37,877] [SUBPROCESS]    Extracting a_8709_16725#
[2026-09-25 17:16:37,878] [SUBPROCESS]    Extracting a_8811_16868#
[2026-09-25 17:16:37,880] [SUBPROCESS]    Extracting fanout7.A
[2026-09-25 17:16:37,885] [SUBPROCESS]    Extracting a_8649_17137#
[2026-09-25 17:16:37,894] [SUBPROCESS]    Extracting a_8100_16746#
[2026-09-25 17:16:37,899] [SUBPROCESS]    Extracting a_9551_16823#
[2026-09-25 17:16:37,909] [SUBPROCESS]    Extracting a_9808_16966#
[2026-09-25 17:16:37,911] [SUBPROCESS]    Extracting a_10218_17044#
[2026-09-25 17:16:37,915] [SUBPROCESS]    Extracting a_9753_17061#
[2026-09-25 17:16:37,921] [SUBPROCESS]    Extracting a_8580_16759#
[2026-09-25 17:16:37,923] [SUBPROCESS]    Extracting a_8518_16759#
[2026-09-25 17:16:37,924] [SUBPROCESS]    Extracting a_9457_16823#
[2026-09-25 17:16:37,929] [SUBPROCESS]    Extracting a_11338_16969#
[2026-09-25 17:16:37,935] [SUBPROCESS]    Extracting _241_.Y
[2026-09-25 17:16:37,944] [SUBPROCESS]    Extracting a_9970_16746#
[2026-09-25 17:16:37,948] [SUBPROCESS]    Extracting _212_.Y
[2026-09-25 17:16:37,952] [SUBPROCESS]    Extracting a_11078_16746#
[2026-09-25 17:16:37,954] [SUBPROCESS]    Extracting a_11364_17064#
[2026-09-25 17:16:37,955] [SUBPROCESS]    Extracting a_11781_16725#
[2026-09-25 17:16:37,957] [SUBPROCESS]    Extracting a_11883_16868#
[2026-09-25 17:16:37,963] [SUBPROCESS]    Extracting a_11721_17137#
[2026-09-25 17:16:37,966] [SUBPROCESS]    Extracting a_11172_16746#
[2026-09-25 17:16:37,971] [SUBPROCESS]    Extracting a_12623_16823#
[2026-09-25 17:16:37,981] [SUBPROCESS]    Extracting a_12880_16966#
[2026-09-25 17:16:37,986] [SUBPROCESS]    Extracting a_13290_17044#
[2026-09-25 17:16:37,988] [SUBPROCESS]    Extracting a_14240_16921#
[2026-09-25 17:16:37,989] [SUBPROCESS]    Extracting a_14359_16710#
[2026-09-25 17:16:37,990] [SUBPROCESS]    Extracting a_12825_17061#
[2026-09-25 17:16:37,994] [SUBPROCESS]    Extracting a_11652_16759#
[2026-09-25 17:16:38,004] [SUBPROCESS]    Extracting a_11590_16759#
[2026-09-25 17:16:38,012] [SUBPROCESS]    Extracting a_12529_16823#
[2026-09-25 17:16:38,013] [SUBPROCESS]    Extracting _266_.CLK
[2026-09-25 17:16:38,016] [SUBPROCESS]    Extracting _135_.A
[2026-09-25 17:16:38,024] [SUBPROCESS]    Extracting a_13042_16746#
[2026-09-25 17:16:38,025] [SUBPROCESS]    Extracting _238_.Y
[2026-09-25 17:16:38,027] [SUBPROCESS]    Extracting a_15071_17016#
[2026-09-25 17:16:38,029] [SUBPROCESS]    Extracting a_14572_16746#
[2026-09-25 17:16:38,030] [SUBPROCESS]    Extracting a_14919_16964#
[2026-09-25 17:16:38,032] [SUBPROCESS]    Extracting a_14830_17061#
[2026-09-25 17:16:38,033] [SUBPROCESS]    Extracting a_14940_16710#
[2026-09-25 17:16:38,040] [SUBPROCESS]    Extracting a_15767_17137#
[2026-09-25 17:16:38,041] [SUBPROCESS]    Extracting a_15861_16904#
[2026-09-25 17:16:38,046] [SUBPROCESS]    Extracting a_15963_17137#
[2026-09-25 17:16:38,055] [SUBPROCESS]    Extracting _211_.Y
[2026-09-25 17:16:38,058] [SUBPROCESS]    Extracting a_15722_16904#
[2026-09-25 17:16:38,063] [SUBPROCESS]    Extracting a_14666_16746#
[2026-09-25 17:16:38,065] [SUBPROCESS]    Extracting a_14830_16746#
[2026-09-25 17:16:38,071] [SUBPROCESS]    Extracting a_16118_16759#
[2026-09-25 17:16:38,077] [SUBPROCESS]    Extracting a_16514_16746#
[2026-09-25 17:16:38,080] [SUBPROCESS]    Extracting a_1862_16434#
[2026-09-25 17:16:38,083] [SUBPROCESS]    Extracting a_1956_16434#
[2026-09-25 17:16:38,085] [SUBPROCESS]    Extracting a_2122_15964#
[2026-09-25 17:16:38,086] [SUBPROCESS]    Extracting a_2148_16000#
[2026-09-25 17:16:38,092] [SUBPROCESS]    Extracting a_2565_16007#
[2026-09-25 17:16:38,095] [SUBPROCESS]    Extracting a_2374_16421#
[2026-09-25 17:16:38,098] [SUBPROCESS]    Extracting a_2436_16421#
[2026-09-25 17:16:38,108] [SUBPROCESS]    Extracting a_2667_16007#
[2026-09-25 17:16:38,113] [SUBPROCESS]    Extracting a_3664_16238#
[2026-09-25 17:16:38,115] [SUBPROCESS]    Extracting a_3407_16357#
[2026-09-25 17:16:38,132] [SUBPROCESS]    Extracting a_4074_15996#
[2026-09-25 17:16:38,134] [SUBPROCESS]    Extracting a_3313_16357#
[2026-09-25 17:16:38,146] [SUBPROCESS]    Extracting a_3826_16434#
[2026-09-25 17:16:38,168] [SUBPROCESS]    Extracting a_2505_16043#
[2026-09-25 17:16:38,173] [SUBPROCESS]    Extracting a_4462_16052#
[2026-09-25 17:16:38,194] [SUBPROCESS]    Extracting _207_.B1
[2026-09-25 17:16:38,197] [SUBPROCESS]    Extracting _201_.Y
[2026-09-25 17:16:38,201] [SUBPROCESS]    Extracting a_3609_16119#
[2026-09-25 17:16:38,207] [SUBPROCESS]    Extracting a_4684_15996#
[2026-09-25 17:16:38,224] [SUBPROCESS]    Extracting a_5249_16344#
[2026-09-25 17:16:38,231] [SUBPROCESS]    Extracting _202_.Y
[2026-09-25 17:16:38,262] [SUBPROCESS]    Extracting a_5147_15996#
[2026-09-25 17:16:38,275] [SUBPROCESS]    Extracting a_6971_16344#
[2026-09-25 17:16:38,288] [SUBPROCESS]    Extracting a_7008_16035#
[2026-09-25 17:16:38,295] [SUBPROCESS]    Extracting a_7157_16366#
[2026-09-25 17:16:38,301] [SUBPROCESS]    Extracting _258_.D
[2026-09-25 17:16:38,313] [SUBPROCESS]    Extracting a_7622_16434#
[2026-09-25 17:16:38,321] [SUBPROCESS]    Extracting a_7716_16434#
[2026-09-25 17:16:38,323] [SUBPROCESS]    Extracting a_7882_15964#
[2026-09-25 17:16:38,326] [SUBPROCESS]    Extracting a_7908_16000#
[2026-09-25 17:16:38,332] [SUBPROCESS]    Extracting a_8325_16007#
[2026-09-25 17:16:38,348] [SUBPROCESS]    Extracting a_7251_15996#
[2026-09-25 17:16:38,350] [SUBPROCESS]    Extracting a_8134_16421#
[2026-09-25 17:16:38,351] [SUBPROCESS]    Extracting a_8196_16421#
[2026-09-25 17:16:38,354] [SUBPROCESS]    Extracting a_8427_16007#
[2026-09-25 17:16:38,356] [SUBPROCESS]    Extracting a_9424_16238#
[2026-09-25 17:16:38,360] [SUBPROCESS]    Extracting a_9167_16357#
[2026-09-25 17:16:38,361] [SUBPROCESS]    Extracting a_9834_15996#
[2026-09-25 17:16:38,363] [SUBPROCESS]    Extracting a_9073_16357#
[2026-09-25 17:16:38,365] [SUBPROCESS]    Extracting a_9586_16434#
[2026-09-25 17:16:38,367] [SUBPROCESS]    Extracting a_8265_16043#
[2026-09-25 17:16:38,378] [SUBPROCESS]    Extracting a_9369_16119#
[2026-09-25 17:16:38,380] [SUBPROCESS]    Extracting _135_.X
[2026-09-25 17:16:38,383] [SUBPROCESS]    Extracting _237_.Y
[2026-09-25 17:16:38,384] [SUBPROCESS]    Extracting a_12518_16434#
[2026-09-25 17:16:38,386] [SUBPROCESS]    Extracting a_12612_16434#
[2026-09-25 17:16:38,388] [SUBPROCESS]    Extracting a_12778_15964#
[2026-09-25 17:16:38,389] [SUBPROCESS]    Extracting a_12804_16000#
[2026-09-25 17:16:38,391] [SUBPROCESS]    Extracting a_13221_16007#
[2026-09-25 17:16:38,394] [SUBPROCESS]    Extracting a_13030_16421#
[2026-09-25 17:16:38,396] [SUBPROCESS]    Extracting a_13092_16421#
[2026-09-25 17:16:38,397] [SUBPROCESS]    Extracting a_13323_16007#
[2026-09-25 17:16:38,410] [SUBPROCESS]    Extracting a_14320_16238#
[2026-09-25 17:16:38,420] [SUBPROCESS]    Extracting a_14063_16357#
[2026-09-25 17:16:38,427] [SUBPROCESS]    Extracting a_14730_15996#
[2026-09-25 17:16:38,430] [SUBPROCESS]    Extracting a_13969_16357#
[2026-09-25 17:16:38,431] [SUBPROCESS]    Extracting a_14482_16434#
[2026-09-25 17:16:38,436] [SUBPROCESS]    Extracting a_13161_16043#
[2026-09-25 17:16:38,443] [SUBPROCESS]    Extracting _264_.Q
[2026-09-25 17:16:38,447] [SUBPROCESS]    Extracting a_14265_16119#
[2026-09-25 17:16:38,452] [SUBPROCESS]    Extracting a_2126_15424#
[2026-09-25 17:16:38,458] [SUBPROCESS]    Extracting a_2232_15428#
[2026-09-25 17:16:38,461] [SUBPROCESS]    Extracting _119_.A0
[2026-09-25 17:16:38,462] [SUBPROCESS]    Extracting a_2298_15532#
[2026-09-25 17:16:38,470] [SUBPROCESS]    Extracting a_2558_15532#
[2026-09-25 17:16:38,475] [SUBPROCESS]    Extracting _148_.B
[2026-09-25 17:16:38,478] [SUBPROCESS]    Extracting _196_.Y
[2026-09-25 17:16:38,480] [SUBPROCESS]    Extracting _195_.Y
[2026-09-25 17:16:38,481] [SUBPROCESS]    Extracting a_2298_15238#
[2026-09-25 17:16:38,488] [SUBPROCESS]    Extracting a_2620_15238#
[2026-09-25 17:16:38,498] [SUBPROCESS]    Extracting a_5333_15532#
[2026-09-25 17:16:38,500] [SUBPROCESS]    Extracting _199_.Y
[2026-09-25 17:16:38,506] [SUBPROCESS]    Extracting _200_.Y
[2026-09-25 17:16:38,509] [SUBPROCESS]    Extracting a_6286_15276#
[2026-09-25 17:16:38,526] [SUBPROCESS]    Extracting _191_.Y
[2026-09-25 17:16:38,528] [SUBPROCESS]    Extracting _205_.B1
[2026-09-25 17:16:38,530] [SUBPROCESS]    Extracting _186_.Y
[2026-09-25 17:16:38,531] [SUBPROCESS]    Extracting a_7616_15437#
[2026-09-25 17:16:38,532] [SUBPROCESS]    Extracting _193_.Y
[2026-09-25 17:16:38,540] [SUBPROCESS]    Extracting a_5050_15238#
[2026-09-25 17:16:38,542] [SUBPROCESS]    Extracting a_5427_15260#
[2026-09-25 17:16:38,543] [SUBPROCESS]    Extracting a_6508_15532#
[2026-09-25 17:16:38,545] [SUBPROCESS]    Extracting a_6862_15532#
[2026-09-25 17:16:38,546] [SUBPROCESS]    Extracting a_7074_15532#
[2026-09-25 17:16:38,548] [SUBPROCESS]    Extracting a_5906_15242#
[2026-09-25 17:16:38,558] [SUBPROCESS]    Extracting a_6008_15242#
[2026-09-25 17:16:38,559] [SUBPROCESS]    Extracting a_6862_15260#
[2026-09-25 17:16:38,561] [SUBPROCESS]    Extracting a_7168_15260#
[2026-09-25 17:16:38,563] [SUBPROCESS]    Extracting a_7753_15280#
[2026-09-25 17:16:38,565] [SUBPROCESS]    Extracting a_12992_15437#
[2026-09-25 17:16:38,568] [SUBPROCESS]    Extracting _134_.Y
[2026-09-25 17:16:38,579] [SUBPROCESS]    Extracting _239_.Y
[2026-09-25 17:16:38,581] [SUBPROCESS]    Extracting a_14314_15457#
[2026-09-25 17:16:38,595] [SUBPROCESS]    Extracting a_14054_15234#
[2026-09-25 17:16:38,607] [SUBPROCESS]    Extracting a_14340_15552#
[2026-09-25 17:16:38,608] [SUBPROCESS]    Extracting a_14757_15213#
[2026-09-25 17:16:38,612] [SUBPROCESS]    Extracting a_14859_15356#
[2026-09-25 17:16:38,627] [SUBPROCESS]    Extracting a_14697_15625#
[2026-09-25 17:16:38,639] [SUBPROCESS]    Extracting a_13129_15280#
[2026-09-25 17:16:38,642] [SUBPROCESS]    Extracting a_14148_15234#
[2026-09-25 17:16:38,644] [SUBPROCESS]    Extracting a_15599_15311#
[2026-09-25 17:16:38,646] [SUBPROCESS]    Extracting a_15856_15454#
[2026-09-25 17:16:38,649] [SUBPROCESS]    Extracting a_16266_15532#
[2026-09-25 17:16:38,651] [SUBPROCESS]    Extracting a_15801_15549#
[2026-09-25 17:16:38,652] [SUBPROCESS]    Extracting a_14628_15247#
[2026-09-25 17:16:38,654] [SUBPROCESS]    Extracting a_14566_15247#
[2026-09-25 17:16:38,656] [SUBPROCESS]    Extracting a_15505_15311#
[2026-09-25 17:16:38,658] [SUBPROCESS]    Extracting _263_.CLK
[2026-09-25 17:16:38,659] [SUBPROCESS]    Extracting a_16018_15234#
[2026-09-25 17:16:38,662] [SUBPROCESS]    Extracting a_7553_14832#
[2026-09-25 17:16:38,664] [SUBPROCESS]    Extracting a_7451_14484#
[2026-09-25 17:16:38,665] [SUBPROCESS]    Extracting a_2126_13912#
[2026-09-25 17:16:38,667] [SUBPROCESS]    Extracting _119_.X
[2026-09-25 17:16:38,669] [SUBPROCESS]    Extracting a_2232_13916#
[2026-09-25 17:16:38,672] [SUBPROCESS]    Extracting _120_.A0
[2026-09-25 17:16:38,680] [SUBPROCESS]    Extracting clkload0.Y
[2026-09-25 17:16:38,681] [SUBPROCESS]    Extracting a_2298_14020#
[2026-09-25 17:16:38,691] [SUBPROCESS]    Extracting a_2558_14020#
[2026-09-25 17:16:38,702] [SUBPROCESS]    Extracting a_3380_13690#
[2026-09-25 17:16:38,704] [SUBPROCESS]    Extracting clkbuf_1_0__f_sclk.A
[2026-09-25 17:16:38,709] [SUBPROCESS]    Extracting _189_.X
[2026-09-25 17:16:38,711] [SUBPROCESS]    Extracting _190_.A
[2026-09-25 17:16:38,722] [SUBPROCESS]    Extracting a_6958_13764#
[2026-09-25 17:16:38,724] [SUBPROCESS]    Extracting a_7985_13776#
[2026-09-25 17:16:38,725] [SUBPROCESS]    Extracting a_2298_13726#
[2026-09-25 17:16:38,727] [SUBPROCESS]    Extracting a_2620_13726#
[2026-09-25 17:16:38,728] [SUBPROCESS]    Extracting _192_.Y
[2026-09-25 17:16:38,731] [SUBPROCESS]    Extracting a_6106_13726#
[2026-09-25 17:16:38,734] [SUBPROCESS]    Extracting a_7180_14020#
[2026-09-25 17:16:38,737] [SUBPROCESS]    Extracting a_7953_14044#
[2026-09-25 17:16:38,744] [SUBPROCESS]    Extracting a_8156_14020#
[2026-09-25 17:16:38,748] [SUBPROCESS]    Extracting _194_.X
[2026-09-25 17:16:38,757] [SUBPROCESS]    Extracting _230_.Y
[2026-09-25 17:16:38,758] [SUBPROCESS]    Extracting a_9130_13945#
[2026-09-25 17:16:38,759] [SUBPROCESS]    Extracting a_8870_13722#
[2026-09-25 17:16:38,761] [SUBPROCESS]    Extracting a_9156_14040#
[2026-09-25 17:16:38,763] [SUBPROCESS]    Extracting a_9573_13701#
[2026-09-25 17:16:38,765] [SUBPROCESS]    Extracting a_9675_13844#
[2026-09-25 17:16:38,772] [SUBPROCESS]    Extracting a_9513_14113#
[2026-09-25 17:16:38,775] [SUBPROCESS]    Extracting a_8250_13738#
[2026-09-25 17:16:38,777] [SUBPROCESS]    Extracting a_8964_13722#
[2026-09-25 17:16:38,798] [SUBPROCESS]    Extracting a_10415_13799#
[2026-09-25 17:16:38,810] [SUBPROCESS]    Extracting a_10672_13942#
[2026-09-25 17:16:38,822] [SUBPROCESS]    Extracting a_11082_14020#
[2026-09-25 17:16:38,832] [SUBPROCESS]    Extracting a_10617_14037#
[2026-09-25 17:16:38,843] [SUBPROCESS]    Extracting a_9444_13735#
[2026-09-25 17:16:38,845] [SUBPROCESS]    Extracting a_9382_13735#
[2026-09-25 17:16:38,847] [SUBPROCESS]    Extracting a_10321_13799#
[2026-09-25 17:16:38,850] [SUBPROCESS]    Extracting a_13100_13686#
[2026-09-25 17:16:38,856] [SUBPROCESS]    Extracting a_10834_13722#
[2026-09-25 17:16:38,864] [SUBPROCESS]    Extracting _215_.A
[2026-09-25 17:16:38,869] [SUBPROCESS]    Extracting a_1580_12936#
[2026-09-25 17:16:38,874] [SUBPROCESS]    Extracting _221_.Y
[2026-09-25 17:16:38,876] [SUBPROCESS]    Extracting a_1862_13410#
[2026-09-25 17:16:38,878] [SUBPROCESS]    Extracting a_1956_13410#
[2026-09-25 17:16:38,883] [SUBPROCESS]    Extracting a_2122_12940#
[2026-09-25 17:16:38,886] [SUBPROCESS]    Extracting a_2148_12976#
[2026-09-25 17:16:38,892] [SUBPROCESS]    Extracting a_2565_12983#
[2026-09-25 17:16:38,898] [SUBPROCESS]    Extracting a_2374_13397#
[2026-09-25 17:16:38,904] [SUBPROCESS]    Extracting a_2436_13397#
[2026-09-25 17:16:38,907] [SUBPROCESS]    Extracting a_2667_12983#
[2026-09-25 17:16:38,909] [SUBPROCESS]    Extracting a_3664_13214#
[2026-09-25 17:16:38,910] [SUBPROCESS]    Extracting a_3407_13333#
[2026-09-25 17:16:38,912] [SUBPROCESS]    Extracting a_4074_12972#
[2026-09-25 17:16:38,913] [SUBPROCESS]    Extracting a_3313_13333#
[2026-09-25 17:16:38,921] [SUBPROCESS]    Extracting a_3826_13410#
[2026-09-25 17:16:38,922] [SUBPROCESS]    Extracting a_2505_13019#
[2026-09-25 17:16:38,924] [SUBPROCESS]    Extracting a_4913_13330#
[2026-09-25 17:16:38,928] [SUBPROCESS]    Extracting a_3609_13095#
[2026-09-25 17:16:38,929] [SUBPROCESS]    Extracting a_5178_13330#
[2026-09-25 17:16:38,932] [SUBPROCESS]    Extracting a_6011_13320#
[2026-09-25 17:16:38,933] [SUBPROCESS]    Extracting a_6048_13011#
[2026-09-25 17:16:38,941] [SUBPROCESS]    Extracting a_6197_13342#
[2026-09-25 17:16:38,943] [SUBPROCESS]    Extracting _192_.C
[2026-09-25 17:16:38,944] [SUBPROCESS]    Extracting _187_.Y
[2026-09-25 17:16:38,945] [SUBPROCESS]    Extracting _192_.B
[2026-09-25 17:16:38,947] [SUBPROCESS]    Extracting _128_.B1
[2026-09-25 17:16:38,948] [SUBPROCESS]    Extracting _133_.Y
[2026-09-25 17:16:38,949] [SUBPROCESS]    Extracting _131_.A2
[2026-09-25 17:16:38,958] [SUBPROCESS]    Extracting _126_.B1
[2026-09-25 17:16:38,960] [SUBPROCESS]    Extracting a_12886_13350#
[2026-09-25 17:16:38,961] [SUBPROCESS]    Extracting a_6881_13320#
[2026-09-25 17:16:38,966] [SUBPROCESS]    Extracting a_4881_12972#
[2026-09-25 17:16:38,967] [SUBPROCESS]    Extracting a_5084_12972#
[2026-09-25 17:16:38,970] [SUBPROCESS]    Extracting a_6291_12972#
[2026-09-25 17:16:38,979] [SUBPROCESS]    Extracting a_6779_12972#
[2026-09-25 17:16:38,981] [SUBPROCESS]    Extracting a_13366_13350#
[2026-09-25 17:16:38,982] [SUBPROCESS]    Extracting _129_.B1
[2026-09-25 17:16:38,984] [SUBPROCESS]    Extracting _260_.CLK
[2026-09-25 17:16:38,987] [SUBPROCESS]    Extracting a_13978_13342#
[2026-09-25 17:16:38,995] [SUBPROCESS]    Extracting a_12984_12952#
[2026-09-25 17:16:38,997] [SUBPROCESS]    Extracting a_13464_12952#
[2026-09-25 17:16:38,998] [SUBPROCESS]    Extracting a_14451_13320#
[2026-09-25 17:16:39,005] [SUBPROCESS]    Extracting _131_.B1
[2026-09-25 17:16:39,006] [SUBPROCESS]    Extracting a_14357_12972#
[2026-09-25 17:16:39,009] [SUBPROCESS]    Extracting _220_.Y
[2026-09-25 17:16:39,012] [SUBPROCESS]    Extracting a_2218_12433#
[2026-09-25 17:16:39,014] [SUBPROCESS]    Extracting _120_.X
[2026-09-25 17:16:39,016] [SUBPROCESS]    Extracting a_1958_12210#
[2026-09-25 17:16:39,017] [SUBPROCESS]    Extracting a_2244_12528#
[2026-09-25 17:16:39,019] [SUBPROCESS]    Extracting a_2661_12189#
[2026-09-25 17:16:39,022] [SUBPROCESS]    Extracting a_2763_12332#
[2026-09-25 17:16:39,026] [SUBPROCESS]    Extracting a_2601_12601#
[2026-09-25 17:16:39,031] [SUBPROCESS]    Extracting a_2052_12210#
[2026-09-25 17:16:39,032] [SUBPROCESS]    Extracting a_3503_12287#
[2026-09-25 17:16:39,035] [SUBPROCESS]    Extracting a_3760_12430#
[2026-09-25 17:16:39,038] [SUBPROCESS]    Extracting a_4170_12508#
[2026-09-25 17:16:39,044] [SUBPROCESS]    Extracting a_5297_12264#
[2026-09-25 17:16:39,048] [SUBPROCESS]    Extracting a_3705_12525#
[2026-09-25 17:16:39,055] [SUBPROCESS]    Extracting a_2532_12223#
[2026-09-25 17:16:39,060] [SUBPROCESS]    Extracting a_2470_12223#
[2026-09-25 17:16:39,061] [SUBPROCESS]    Extracting a_3409_12287#
[2026-09-25 17:16:39,063] [SUBPROCESS]    Extracting a_3922_12210#
[2026-09-25 17:16:39,068] [SUBPROCESS]    Extracting a_5265_12532#
[2026-09-25 17:16:39,078] [SUBPROCESS]    Extracting a_5468_12508#
[2026-09-25 17:16:39,080] [SUBPROCESS]    Extracting _176_.B
[2026-09-25 17:16:39,081] [SUBPROCESS]    Extracting a_4858_12214#
[2026-09-25 17:16:39,083] [SUBPROCESS]    Extracting a_5562_12226#
[2026-09-25 17:16:39,096] [SUBPROCESS]    Extracting _176_.A
[2026-09-25 17:16:39,097] [SUBPROCESS]    Extracting a_6482_12218#
[2026-09-25 17:16:39,099] [SUBPROCESS]    Extracting a_6584_12218#
[2026-09-25 17:16:39,101] [SUBPROCESS]    Extracting _256_.RESET_B
[2026-09-25 17:16:39,103] [SUBPROCESS]    Extracting a_9130_12433#
[2026-09-25 17:16:39,105] [SUBPROCESS]    Extracting _182_.Y
[2026-09-25 17:16:39,110] [SUBPROCESS]    Extracting a_8870_12210#
[2026-09-25 17:16:39,111] [SUBPROCESS]    Extracting a_9156_12528#
[2026-09-25 17:16:39,114] [SUBPROCESS]    Extracting a_9573_12189#
[2026-09-25 17:16:39,116] [SUBPROCESS]    Extracting a_9675_12332#
[2026-09-25 17:16:39,117] [SUBPROCESS]    Extracting _251_.CLK
[2026-09-25 17:16:39,118] [SUBPROCESS]    Extracting a_9513_12601#
[2026-09-25 17:16:39,120] [SUBPROCESS]    Extracting a_6970_12214#
[2026-09-25 17:16:39,122] [SUBPROCESS]    Extracting a_8964_12210#
[2026-09-25 17:16:39,124] [SUBPROCESS]    Extracting a_10415_12287#
[2026-09-25 17:16:39,127] [SUBPROCESS]    Extracting a_10672_12430#
[2026-09-25 17:16:39,137] [SUBPROCESS]    Extracting a_11082_12508#
[2026-09-25 17:16:39,139] [SUBPROCESS]    Extracting a_10617_12525#
[2026-09-25 17:16:39,151] [SUBPROCESS]    Extracting a_9444_12223#
[2026-09-25 17:16:39,153] [SUBPROCESS]    Extracting a_9382_12223#
[2026-09-25 17:16:39,155] [SUBPROCESS]    Extracting a_10321_12287#
[2026-09-25 17:16:39,156] [SUBPROCESS]    Extracting a_10834_12210#
[2026-09-25 17:16:39,157] [SUBPROCESS]    Extracting _261_.RESET_B
[2026-09-25 17:16:39,164] [SUBPROCESS]    Extracting a_12106_12433#
[2026-09-25 17:16:39,173] [SUBPROCESS]    Extracting _126_.Y
[2026-09-25 17:16:39,175] [SUBPROCESS]    Extracting a_11846_12210#
[2026-09-25 17:16:39,179] [SUBPROCESS]    Extracting a_12132_12528#
[2026-09-25 17:16:39,184] [SUBPROCESS]    Extracting a_12549_12189#
[2026-09-25 17:16:39,190] [SUBPROCESS]    Extracting a_12651_12332#
[2026-09-25 17:16:39,195] [SUBPROCESS]    Extracting a_12489_12601#
[2026-09-25 17:16:39,198] [SUBPROCESS]    Extracting a_11940_12210#
[2026-09-25 17:16:39,200] [SUBPROCESS]    Extracting a_13391_12287#
[2026-09-25 17:16:39,204] [SUBPROCESS]    Extracting a_13648_12430#
[2026-09-25 17:16:39,208] [SUBPROCESS]    Extracting a_14058_12508#
[2026-09-25 17:16:39,214] [SUBPROCESS]    Extracting a_13593_12525#
[2026-09-25 17:16:39,219] [SUBPROCESS]    Extracting a_12420_12223#
[2026-09-25 17:16:39,227] [SUBPROCESS]    Extracting a_12358_12223#
[2026-09-25 17:16:39,244] [SUBPROCESS]    Extracting a_13297_12287#
[2026-09-25 17:16:39,248] [SUBPROCESS]    Extracting a_14698_12433#
[2026-09-25 17:16:39,250] [SUBPROCESS]    Extracting _235_.Y
[2026-09-25 17:16:39,253] [SUBPROCESS]    Extracting _129_.Y
[2026-09-25 17:16:39,260] [SUBPROCESS]    Extracting a_14438_12210#
[2026-09-25 17:16:39,264] [SUBPROCESS]    Extracting a_14724_12528#
[2026-09-25 17:16:39,266] [SUBPROCESS]    Extracting a_15141_12189#
[2026-09-25 17:16:39,267] [SUBPROCESS]    Extracting a_15243_12332#
[2026-09-25 17:16:39,274] [SUBPROCESS]    Extracting a_15081_12601#
[2026-09-25 17:16:39,278] [SUBPROCESS]    Extracting a_13810_12210#
[2026-09-25 17:16:39,280] [SUBPROCESS]    Extracting a_14532_12210#
[2026-09-25 17:16:39,281] [SUBPROCESS]    Extracting a_15983_12287#
[2026-09-25 17:16:39,283] [SUBPROCESS]    Extracting a_16240_12430#
[2026-09-25 17:16:39,284] [SUBPROCESS]    Extracting a_16650_12508#
[2026-09-25 17:16:39,286] [SUBPROCESS]    Extracting a_16185_12525#
[2026-09-25 17:16:39,295] [SUBPROCESS]    Extracting a_15012_12223#
[2026-09-25 17:16:39,297] [SUBPROCESS]    Extracting a_14950_12223#
[2026-09-25 17:16:39,298] [SUBPROCESS]    Extracting a_15889_12287#
[2026-09-25 17:16:39,300] [SUBPROCESS]    Extracting a_16402_12210#
[2026-09-25 17:16:39,302] [SUBPROCESS]    Extracting a_1192_11460#
[2026-09-25 17:16:39,304] [SUBPROCESS]    Extracting a_2126_11726#
[2026-09-25 17:16:39,309] [SUBPROCESS]    Extracting a_2232_11722#
[2026-09-25 17:16:39,328] [SUBPROCESS]    Extracting _173_.A
[2026-09-25 17:16:39,332] [SUBPROCESS]    Extracting a_2298_11830#
[2026-09-25 17:16:39,333] [SUBPROCESS]    Extracting a_2620_11830#
[2026-09-25 17:16:39,335] [SUBPROCESS]    Extracting a_2298_11484#
[2026-09-25 17:16:39,348] [SUBPROCESS]    Extracting a_2558_11484#
[2026-09-25 17:16:39,350] [SUBPROCESS]    Extracting a_6299_11808#
[2026-09-25 17:16:39,358] [SUBPROCESS]    Extracting a_6336_11499#
[2026-09-25 17:16:39,363] [SUBPROCESS]    Extracting a_6485_11830#
[2026-09-25 17:16:39,365] [SUBPROCESS]    Extracting _178_.B1
[2026-09-25 17:16:39,366] [SUBPROCESS]    Extracting _132_.Y
[2026-09-25 17:16:39,367] [SUBPROCESS]    Extracting a_6579_11460#
[2026-09-25 17:16:39,379] [SUBPROCESS]    Extracting a_13025_11808#
[2026-09-25 17:16:39,382] [SUBPROCESS]    Extracting _131_.Y
[2026-09-25 17:16:39,383] [SUBPROCESS]    Extracting _236_.Y
[2026-09-25 17:16:39,399] [SUBPROCESS]    Extracting a_13985_11808#
[2026-09-25 17:16:39,405] [SUBPROCESS]    Extracting a_14534_11898#
[2026-09-25 17:16:39,414] [SUBPROCESS]    Extracting a_14628_11898#
[2026-09-25 17:16:39,418] [SUBPROCESS]    Extracting a_14794_11428#
[2026-09-25 17:16:39,428] [SUBPROCESS]    Extracting a_14820_11464#
[2026-09-25 17:16:39,430] [SUBPROCESS]    Extracting a_15237_11471#
[2026-09-25 17:16:39,431] [SUBPROCESS]    Extracting a_12923_11460#
[2026-09-25 17:16:39,433] [SUBPROCESS]    Extracting a_13413_11460#
[2026-09-25 17:16:39,436] [SUBPROCESS]    Extracting a_13527_11460#
[2026-09-25 17:16:39,447] [SUBPROCESS]    Extracting a_13883_11460#
[2026-09-25 17:16:39,448] [SUBPROCESS]    Extracting a_15046_11885#
[2026-09-25 17:16:39,498] [SUBPROCESS]    Extracting a_15108_11885#
[2026-09-25 17:16:39,515] [SUBPROCESS]    Extracting a_15339_11471#
[2026-09-25 17:16:39,539] [SUBPROCESS]    Extracting a_16336_11702#
[2026-09-25 17:16:39,543] [SUBPROCESS]    Extracting a_16079_11821#
[2026-09-25 17:16:39,546] [SUBPROCESS]    Extracting a_16746_11460#
[2026-09-25 17:16:39,552] [SUBPROCESS]    Extracting a_15985_11821#
[2026-09-25 17:16:39,556] [SUBPROCESS]    Extracting a_16498_11898#
[2026-09-25 17:16:39,578] [SUBPROCESS]    Extracting a_15177_11507#
[2026-09-25 17:16:39,585] [SUBPROCESS]    Extracting a_16281_11583#
[2026-09-25 17:16:39,605] [SUBPROCESS]    Extracting a_3886_10702#
[2026-09-25 17:16:39,610] [SUBPROCESS]    Extracting _179_.Y
[2026-09-25 17:16:39,620] [SUBPROCESS]    Extracting _181_.Y
[2026-09-25 17:16:39,628] [SUBPROCESS]    Extracting a_8352_11013#
[2026-09-25 17:16:39,631] [SUBPROCESS]    Extracting a_8595_10996#
[2026-09-25 17:16:39,652] [SUBPROCESS]    Extracting a_8315_10744#
[2026-09-25 17:16:39,682] [SUBPROCESS]    Extracting a_8501_10702#
[2026-09-25 17:16:39,695] [SUBPROCESS]    Extracting a_13804_10996#
[2026-09-25 17:16:39,702] [SUBPROCESS]    Extracting a_14651_10996#
[2026-09-25 17:16:39,714] [SUBPROCESS]    Extracting a_14753_10724#
[2026-09-25 17:16:39,718] [SUBPROCESS]    Extracting a_2126_10214#
[2026-09-25 17:16:39,730] [SUBPROCESS]    Extracting a_2232_10210#
[2026-09-25 17:16:39,734] [SUBPROCESS]    Extracting _122_.A0
[2026-09-25 17:16:39,744] [SUBPROCESS]    Extracting _246_.D
[2026-09-25 17:16:39,766] [SUBPROCESS]    Extracting a_2298_10318#
[2026-09-25 17:16:39,782] [SUBPROCESS]    Extracting a_2620_10318#
[2026-09-25 17:16:39,794] [SUBPROCESS]    Extracting _173_.Y
[2026-09-25 17:16:39,807] [SUBPROCESS]    Extracting _174_.Y
[2026-09-25 17:16:39,815] [SUBPROCESS]    Extracting a_6124_9945#
[2026-09-25 17:16:39,827] [SUBPROCESS]    Extracting _177_.X
[2026-09-25 17:16:39,831] [SUBPROCESS]    Extracting _178_.Y
[2026-09-25 17:16:39,844] [SUBPROCESS]    Extracting a_2298_9972#
[2026-09-25 17:16:39,868] [SUBPROCESS]    Extracting a_2558_9972#
[2026-09-25 17:16:39,877] [SUBPROCESS]    Extracting a_6218_10296#
[2026-09-25 17:16:39,916] [SUBPROCESS]    Extracting a_6320_10296#
[2026-09-25 17:16:39,921] [SUBPROCESS]    Extracting _184_.Y
[2026-09-25 17:16:39,951] [SUBPROCESS]    Extracting _171_.A
[2026-09-25 17:16:39,965] [SUBPROCESS]    Extracting a_7251_10296#
[2026-09-25 17:16:39,967] [SUBPROCESS]    Extracting _185_.Y
[2026-09-25 17:16:39,981] [SUBPROCESS]    Extracting _183_.Y
[2026-09-25 17:16:40,009] [SUBPROCESS]    Extracting _164_.Y
[2026-09-25 17:16:40,024] [SUBPROCESS]    Extracting a_6890_9948#
[2026-09-25 17:16:40,036] [SUBPROCESS]    Extracting a_7157_9948#
[2026-09-25 17:16:40,051] [SUBPROCESS]    Extracting a_8050_10326#
[2026-09-25 17:16:40,067] [SUBPROCESS]    Extracting _171_.Y
[2026-09-25 17:16:40,083] [SUBPROCESS]    Extracting a_8506_10318#
[2026-09-25 17:16:40,085] [SUBPROCESS]    Extracting a_8156_9928#
[2026-09-25 17:16:40,087] [SUBPROCESS]    Extracting _260_.RESET_B
[2026-09-25 17:16:40,090] [SUBPROCESS]    Extracting _219_.Y
[2026-09-25 17:16:40,097] [SUBPROCESS]    Extracting a_2410_9409#
[2026-09-25 17:16:40,099] [SUBPROCESS]    Extracting a_2150_9186#
[2026-09-25 17:16:40,105] [SUBPROCESS]    Extracting a_2436_9504#
[2026-09-25 17:16:40,107] [SUBPROCESS]    Extracting a_2853_9165#
[2026-09-25 17:16:40,124] [SUBPROCESS]    Extracting a_2955_9308#
[2026-09-25 17:16:40,152] [SUBPROCESS]    Extracting _243_.CLK
[2026-09-25 17:16:40,175] [SUBPROCESS]    Extracting a_2793_9577#
[2026-09-25 17:16:40,183] [SUBPROCESS]    Extracting a_2244_9186#
[2026-09-25 17:16:40,190] [SUBPROCESS]    Extracting a_3695_9263#
[2026-09-25 17:16:40,193] [SUBPROCESS]    Extracting a_3952_9406#
[2026-09-25 17:16:40,199] [SUBPROCESS]    Extracting a_4362_9484#
[2026-09-25 17:16:40,202] [SUBPROCESS]    Extracting _136_.A
[2026-09-25 17:16:40,214] [SUBPROCESS]    Extracting a_5201_9240#
[2026-09-25 17:16:40,223] [SUBPROCESS]    Extracting _168_.B
[2026-09-25 17:16:40,227] [SUBPROCESS]    Extracting _168_.A
[2026-09-25 17:16:40,230] [SUBPROCESS]    Extracting a_3897_9501#
[2026-09-25 17:16:40,234] [SUBPROCESS]    Extracting a_2724_9199#
[2026-09-25 17:16:40,246] [SUBPROCESS]    Extracting a_2662_9199#
[2026-09-25 17:16:40,248] [SUBPROCESS]    Extracting a_3601_9263#
[2026-09-25 17:16:40,251] [SUBPROCESS]    Extracting a_4114_9186#
[2026-09-25 17:16:40,260] [SUBPROCESS]    Extracting a_5169_9508#
[2026-09-25 17:16:40,287] [SUBPROCESS]    Extracting a_5372_9484#
[2026-09-25 17:16:40,298] [SUBPROCESS]    Extracting a_5466_9202#
[2026-09-25 17:16:40,319] [SUBPROCESS]    Extracting a_6389_9484#
[2026-09-25 17:16:40,329] [SUBPROCESS]    Extracting _168_.Y
[2026-09-25 17:16:40,332] [SUBPROCESS]    Extracting _165_.Y
[2026-09-25 17:16:40,376] [SUBPROCESS]    Extracting _170_.B
[2026-09-25 17:16:40,399] [SUBPROCESS]    Extracting _180_.X
[2026-09-25 17:16:40,402] [SUBPROCESS]    Extracting a_9120_9501#
[2026-09-25 17:16:40,417] [SUBPROCESS]    Extracting a_6106_9190#
[2026-09-25 17:16:40,434] [SUBPROCESS]    Extracting a_6483_9212#
[2026-09-25 17:16:40,440] [SUBPROCESS]    Extracting a_6962_9194#
[2026-09-25 17:16:40,477] [SUBPROCESS]    Extracting a_7064_9194#
[2026-09-25 17:16:40,480] [SUBPROCESS]    Extracting a_7739_9484#
[2026-09-25 17:16:40,510] [SUBPROCESS]    Extracting a_8603_9484#
[2026-09-25 17:16:40,515] [SUBPROCESS]    Extracting a_7841_9212#
[2026-09-25 17:16:40,519] [SUBPROCESS]    Extracting a_9363_9484#
[2026-09-25 17:16:40,520] [SUBPROCESS]    Extracting _172_.Y
[2026-09-25 17:16:40,534] [SUBPROCESS]    Extracting a_9994_9409#
[2026-09-25 17:16:40,538] [SUBPROCESS]    Extracting _228_.Y
[2026-09-25 17:16:40,573] [SUBPROCESS]    Extracting a_9734_9186#
[2026-09-25 17:16:40,601] [SUBPROCESS]    Extracting a_10020_9504#
[2026-09-25 17:16:40,618] [SUBPROCESS]    Extracting a_10437_9165#
[2026-09-25 17:16:40,631] [SUBPROCESS]    Extracting a_10539_9308#
[2026-09-25 17:16:40,633] [SUBPROCESS]    Extracting a_10377_9577#
[2026-09-25 17:16:40,635] [SUBPROCESS]    Extracting a_8705_9212#
[2026-09-25 17:16:40,636] [SUBPROCESS]    Extracting a_9083_9232#
[2026-09-25 17:16:40,640] [SUBPROCESS]    Extracting a_9269_9190#
[2026-09-25 17:16:40,654] [SUBPROCESS]    Extracting a_9828_9186#
[2026-09-25 17:16:40,665] [SUBPROCESS]    Extracting a_11279_9263#
[2026-09-25 17:16:40,681] [SUBPROCESS]    Extracting a_11536_9406#
[2026-09-25 17:16:40,690] [SUBPROCESS]    Extracting a_11946_9484#
[2026-09-25 17:16:40,701] [SUBPROCESS]    Extracting a_11481_9501#
[2026-09-25 17:16:40,716] [SUBPROCESS]    Extracting a_10308_9199#
[2026-09-25 17:16:40,744] [SUBPROCESS]    Extracting a_10246_9199#
[2026-09-25 17:16:40,763] [SUBPROCESS]    Extracting a_11185_9263#
[2026-09-25 17:16:40,765] [SUBPROCESS]    Extracting a_11698_9186#
[2026-09-25 17:16:40,768] [SUBPROCESS]    Extracting _213_.Y
[2026-09-25 17:16:40,780] [SUBPROCESS]    Extracting a_14794_9409#
[2026-09-25 17:16:40,781] [SUBPROCESS]    Extracting a_14534_9186#
[2026-09-25 17:16:40,783] [SUBPROCESS]    Extracting a_14820_9504#
[2026-09-25 17:16:40,791] [SUBPROCESS]    Extracting a_15237_9165#
[2026-09-25 17:16:40,800] [SUBPROCESS]    Extracting a_15339_9308#
[2026-09-25 17:16:40,806] [SUBPROCESS]    Extracting a_15177_9577#
[2026-09-25 17:16:40,811] [SUBPROCESS]    Extracting a_14628_9186#
[2026-09-25 17:16:40,813] [SUBPROCESS]    Extracting a_16079_9263#
[2026-09-25 17:16:40,814] [SUBPROCESS]    Extracting a_16336_9406#
[2026-09-25 17:16:40,820] [SUBPROCESS]    Extracting a_16746_9484#
[2026-09-25 17:16:40,830] [SUBPROCESS]    Extracting a_16281_9501#
[2026-09-25 17:16:40,833] [SUBPROCESS]    Extracting a_15108_9199#
[2026-09-25 17:16:40,843] [SUBPROCESS]    Extracting a_15046_9199#
[2026-09-25 17:16:40,863] [SUBPROCESS]    Extracting a_15985_9263#
[2026-09-25 17:16:40,881] [SUBPROCESS]    Extracting a_16498_9186#
[2026-09-25 17:16:40,895] [SUBPROCESS]    Extracting _122_.X
[2026-09-25 17:16:40,900] [SUBPROCESS]    Extracting _218_.Y
[2026-09-25 17:16:40,923] [SUBPROCESS]    Extracting a_2150_8874#
[2026-09-25 17:16:40,953] [SUBPROCESS]    Extracting a_2244_8874#
[2026-09-25 17:16:40,957] [SUBPROCESS]    Extracting a_2410_8404#
[2026-09-25 17:16:40,972] [SUBPROCESS]    Extracting a_2436_8440#
[2026-09-25 17:16:40,984] [SUBPROCESS]    Extracting a_2853_8447#
[2026-09-25 17:16:41,002] [SUBPROCESS]    Extracting a_2662_8861#
[2026-09-25 17:16:41,009] [SUBPROCESS]    Extracting a_2724_8861#
[2026-09-25 17:16:41,029] [SUBPROCESS]    Extracting a_2955_8447#
[2026-09-25 17:16:41,038] [SUBPROCESS]    Extracting a_3952_8678#
[2026-09-25 17:16:41,046] [SUBPROCESS]    Extracting a_3695_8797#
[2026-09-25 17:16:41,052] [SUBPROCESS]    Extracting a_4362_8436#
[2026-09-25 17:16:41,054] [SUBPROCESS]    Extracting a_3601_8797#
[2026-09-25 17:16:41,058] [SUBPROCESS]    Extracting a_4114_8874#
[2026-09-25 17:16:41,062] [SUBPROCESS]    Extracting a_2793_8483#
[2026-09-25 17:16:41,064] [SUBPROCESS]    Extracting a_5242_8806#
[2026-09-25 17:16:41,065] [SUBPROCESS]    Extracting a_3897_8559#
[2026-09-25 17:16:41,066] [SUBPROCESS]    Extracting a_6491_8784#
[2026-09-25 17:16:41,068] [SUBPROCESS]    Extracting a_6528_8475#
[2026-09-25 17:16:41,070] [SUBPROCESS]    Extracting a_6677_8806#
[2026-09-25 17:16:41,074] [SUBPROCESS]    Extracting a_7258_8806#
[2026-09-25 17:16:41,076] [SUBPROCESS]    Extracting a_8014_8492#
[2026-09-25 17:16:41,096] [SUBPROCESS]    Extracting a_8488_8436#
[2026-09-25 17:16:41,105] [SUBPROCESS]    Extracting a_7634_8802#
[2026-09-25 17:16:41,124] [SUBPROCESS]    Extracting a_7736_8802#
[2026-09-25 17:16:41,142] [SUBPROCESS]    Extracting _170_.Y
[2026-09-25 17:16:41,149] [SUBPROCESS]    Extracting a_6771_8436#
[2026-09-25 17:16:41,162] [SUBPROCESS]    Extracting a_8236_8436#
[2026-09-25 17:16:41,170] [SUBPROCESS]    Extracting _160_.X
[2026-09-25 17:16:41,179] [SUBPROCESS]    Extracting _145_.X
[2026-09-25 17:16:41,182] [SUBPROCESS]    Extracting _164_.B1
[2026-09-25 17:16:41,191] [SUBPROCESS]    Extracting a_11731_8698#
[2026-09-25 17:16:41,193] [SUBPROCESS]    Extracting a_10989_8784#
[2026-09-25 17:16:41,195] [SUBPROCESS]    Extracting a_12110_8784#
[2026-09-25 17:16:41,196] [SUBPROCESS]    Extracting _162_.B
[2026-09-25 17:16:41,198] [SUBPROCESS]    Extracting _153_.Y
[2026-09-25 17:16:41,201] [SUBPROCESS]    Extracting a_10895_8436#
[2026-09-25 17:16:41,203] [SUBPROCESS]    Extracting a_11974_8436#
[2026-09-25 17:16:41,206] [SUBPROCESS]    Extracting a_12730_8806#
[2026-09-25 17:16:41,228] [SUBPROCESS]    Extracting _161_.Y
[2026-09-25 17:16:41,237] [SUBPROCESS]    Extracting _157_.Y
[2026-09-25 17:16:41,244] [SUBPROCESS]    Extracting _151_.B
[2026-09-25 17:16:41,245] [SUBPROCESS]    Extracting _158_.Y
[2026-09-25 17:16:41,246] [SUBPROCESS]    Extracting a_13505_8784#
[2026-09-25 17:16:41,251] [SUBPROCESS]    Extracting _159_.Y
[2026-09-25 17:16:41,265] [SUBPROCESS]    Extracting _227_.Y
[2026-09-25 17:16:41,300] [SUBPROCESS]    Extracting a_13403_8436#
[2026-09-25 17:16:41,317] [SUBPROCESS]    Extracting a_14534_8874#
[2026-09-25 17:16:41,323] [SUBPROCESS]    Extracting a_14628_8874#
[2026-09-25 17:16:41,340] [SUBPROCESS]    Extracting a_14794_8404#
[2026-09-25 17:16:41,344] [SUBPROCESS]    Extracting a_14820_8440#
[2026-09-25 17:16:41,351] [SUBPROCESS]    Extracting a_15237_8447#
[2026-09-25 17:16:41,359] [SUBPROCESS]    Extracting a_15046_8861#
[2026-09-25 17:16:41,361] [SUBPROCESS]    Extracting a_15108_8861#
[2026-09-25 17:16:41,365] [SUBPROCESS]    Extracting a_15339_8447#
[2026-09-25 17:16:41,377] [SUBPROCESS]    Extracting a_16336_8678#
[2026-09-25 17:16:41,384] [SUBPROCESS]    Extracting a_16079_8797#
[2026-09-25 17:16:41,392] [SUBPROCESS]    Extracting a_16746_8436#
[2026-09-25 17:16:41,429] [SUBPROCESS]    Extracting a_15985_8797#
[2026-09-25 17:16:41,434] [SUBPROCESS]    Extracting a_16498_8874#
[2026-09-25 17:16:41,442] [SUBPROCESS]    Extracting a_15177_8483#
[2026-09-25 17:16:41,446] [SUBPROCESS]    Extracting _166_.A
[2026-09-25 17:16:41,450] [SUBPROCESS]    Extracting a_16281_8559#
[2026-09-25 17:16:41,464] [SUBPROCESS]    Extracting a_1192_7712#
[2026-09-25 17:16:41,486] [SUBPROCESS]    Extracting a_2126_7864#
[2026-09-25 17:16:41,488] [SUBPROCESS]    Extracting _125_.A1
[2026-09-25 17:16:41,498] [SUBPROCESS]    Extracting a_2232_7868#
[2026-09-25 17:16:41,508] [SUBPROCESS]    Extracting _148_.A
[2026-09-25 17:16:41,510] [SUBPROCESS]    Extracting a_2298_7972#
[2026-09-25 17:16:41,514] [SUBPROCESS]    Extracting a_2558_7972#
[2026-09-25 17:16:41,516] [SUBPROCESS]    Extracting a_7985_7728#
[2026-09-25 17:16:41,517] [SUBPROCESS]    Extracting a_2298_7678#
[2026-09-25 17:16:41,524] [SUBPROCESS]    Extracting a_2620_7678#
[2026-09-25 17:16:41,534] [SUBPROCESS]    Extracting a_7953_7996#
[2026-09-25 17:16:41,538] [SUBPROCESS]    Extracting a_8156_7972#
[2026-09-25 17:16:41,553] [SUBPROCESS]    Extracting _154_.X
[2026-09-25 17:16:41,557] [SUBPROCESS]    Extracting a_8250_7690#
[2026-09-25 17:16:41,559] [SUBPROCESS]    Extracting a_10752_7989#
[2026-09-25 17:16:41,569] [SUBPROCESS]    Extracting a_12215_7664#
[2026-09-25 17:16:41,573] [SUBPROCESS]    Extracting a_9466_7678#
[2026-09-25 17:16:41,579] [SUBPROCESS]    Extracting a_10995_7972#
[2026-09-25 17:16:41,581] [SUBPROCESS]    Extracting a_10715_7720#
[2026-09-25 17:16:41,588] [SUBPROCESS]    Extracting a_10901_7678#
[2026-09-25 17:16:41,590] [SUBPROCESS]    Extracting _162_.Y
[2026-09-25 17:16:41,594] [SUBPROCESS]    Extracting a_13073_7728#
[2026-09-25 17:16:41,604] [SUBPROCESS]    Extracting _160_.B
[2026-09-25 17:16:41,605] [SUBPROCESS]    Extracting a_13824_7989#
[2026-09-25 17:16:41,608] [SUBPROCESS]    Extracting a_12549_7996#
[2026-09-25 17:16:41,609] [SUBPROCESS]    Extracting a_13041_7996#
[2026-09-25 17:16:41,613] [SUBPROCESS]    Extracting a_13244_7972#
[2026-09-25 17:16:41,616] [SUBPROCESS]    Extracting a_12685_7700#
[2026-09-25 17:16:41,618] [SUBPROCESS]    Extracting a_14067_7972#
[2026-09-25 17:16:41,619] [SUBPROCESS]    Extracting a_15980_7638#
[2026-09-25 17:16:41,623] [SUBPROCESS]    Extracting a_13338_7690#
[2026-09-25 17:16:41,638] [SUBPROCESS]    Extracting a_13787_7720#
[2026-09-25 17:16:41,642] [SUBPROCESS]    Extracting a_13973_7678#
[2026-09-25 17:16:41,650] [SUBPROCESS]    Extracting a_3956_6888#
[2026-09-25 17:16:41,655] [SUBPROCESS]    Extracting a_13184_7183#
[2026-09-25 17:16:41,660] [SUBPROCESS]    Extracting a_12652_6924#
[2026-09-25 17:16:41,661] [SUBPROCESS]    Extracting a_13321_7272#
[2026-09-25 17:16:41,663] [SUBPROCESS]    Extracting _243_.Q
[2026-09-25 17:16:41,665] [SUBPROCESS]    Extracting a_2171_6204#
[2026-09-25 17:16:41,666] [SUBPROCESS]    Extracting a_2494_6166#
[2026-09-25 17:16:41,667] [SUBPROCESS]    Extracting a_2397_6460#
[2026-09-25 17:16:41,670] [SUBPROCESS]    Extracting a_2671_6460#
[2026-09-25 17:16:41,675] [SUBPROCESS]    Extracting _244_.D
[2026-09-25 17:16:41,677] [SUBPROCESS]    Extracting _244_.RESET_B
[2026-09-25 17:16:41,678] [SUBPROCESS]    Extracting _152_.X
[2026-09-25 17:16:41,680] [SUBPROCESS]    Extracting _149_.A
[2026-09-25 17:16:41,682] [SUBPROCESS]    Extracting _148_.X
[2026-09-25 17:16:41,687] [SUBPROCESS]    Extracting a_2397_6166#
[2026-09-25 17:16:41,688] [SUBPROCESS]    Extracting a_2608_6166#
[2026-09-25 17:16:41,690] [SUBPROCESS]    Extracting a_13019_6460#
[2026-09-25 17:16:41,692] [SUBPROCESS]    Extracting a_13121_6188#
[2026-09-25 17:16:41,693] [SUBPROCESS]    Extracting _210_.A
[2026-09-25 17:16:41,696] [SUBPROCESS]    Extracting a_2075_5468#
[2026-09-25 17:16:41,698] [SUBPROCESS]    Extracting a_2398_5782#
[2026-09-25 17:16:41,708] [SUBPROCESS]    Extracting a_2301_5782#
[2026-09-25 17:16:41,712] [SUBPROCESS]    Extracting a_2512_5782#
[2026-09-25 17:16:41,720] [SUBPROCESS]    Extracting _242_.D
[2026-09-25 17:16:41,721] [SUBPROCESS]    Extracting a_3014_5850#
[2026-09-25 17:16:41,728] [SUBPROCESS]    Extracting a_3108_5850#
[2026-09-25 17:16:41,730] [SUBPROCESS]    Extracting a_3274_5380#
[2026-09-25 17:16:41,732] [SUBPROCESS]    Extracting a_3300_5416#
[2026-09-25 17:16:41,738] [SUBPROCESS]    Extracting a_3717_5423#
[2026-09-25 17:16:41,740] [SUBPROCESS]    Extracting a_2301_5436#
[2026-09-25 17:16:41,741] [SUBPROCESS]    Extracting a_2575_5436#
[2026-09-25 17:16:41,743] [SUBPROCESS]    Extracting a_3526_5837#
[2026-09-25 17:16:41,745] [SUBPROCESS]    Extracting a_3588_5837#
[2026-09-25 17:16:41,747] [SUBPROCESS]    Extracting a_3819_5423#
[2026-09-25 17:16:41,749] [SUBPROCESS]    Extracting a_4816_5654#
[2026-09-25 17:16:41,751] [SUBPROCESS]    Extracting a_4559_5773#
[2026-09-25 17:16:41,753] [SUBPROCESS]    Extracting a_5226_5412#
[2026-09-25 17:16:41,754] [SUBPROCESS]    Extracting a_4465_5773#
[2026-09-25 17:16:41,756] [SUBPROCESS]    Extracting a_4978_5850#
[2026-09-25 17:16:41,758] [SUBPROCESS]    Extracting a_3657_5459#
[2026-09-25 17:16:41,764] [SUBPROCESS]    Extracting a_6747_5468#
[2026-09-25 17:16:41,779] [SUBPROCESS]    Extracting _210_.B
[2026-09-25 17:16:41,781] [SUBPROCESS]    Extracting a_4761_5535#
[2026-09-25 17:16:41,783] [SUBPROCESS]    Extracting a_6949_5782#
[2026-09-25 17:16:41,802] [SUBPROCESS]    Extracting _143_.A
[2026-09-25 17:16:41,808] [SUBPROCESS]    Extracting _145_.A2
[2026-09-25 17:16:41,816] [SUBPROCESS]    Extracting a_7835_5760#
[2026-09-25 17:16:41,821] [SUBPROCESS]    Extracting a_7872_5451#
[2026-09-25 17:16:41,825] [SUBPROCESS]    Extracting a_8021_5782#
[2026-09-25 17:16:41,827] [SUBPROCESS]    Extracting _138_.Y
[2026-09-25 17:16:41,830] [SUBPROCESS]    Extracting _252_.D
[2026-09-25 17:16:41,831] [SUBPROCESS]    Extracting a_8538_5375#
[2026-09-25 17:16:41,833] [SUBPROCESS]    Extracting _144_.B
[2026-09-25 17:16:41,835] [SUBPROCESS]    Extracting a_8694_5770#
[2026-09-25 17:16:41,844] [SUBPROCESS]    Extracting a_10764_5678#
[2026-09-25 17:16:41,845] [SUBPROCESS]    Extracting _139_.X
[2026-09-25 17:16:41,848] [SUBPROCESS]    Extracting a_8115_5412#
[2026-09-25 17:16:41,855] [SUBPROCESS]    Extracting a_8564_5412#
[2026-09-25 17:16:41,857] [SUBPROCESS]    Extracting a_8990_5412#
[2026-09-25 17:16:41,858] [SUBPROCESS]    Extracting a_10799_5782#
[2026-09-25 17:16:41,859] [SUBPROCESS]    Extracting _147_.A1
[2026-09-25 17:16:41,862] [SUBPROCESS]    Extracting a_11220_5760#
[2026-09-25 17:16:41,866] [SUBPROCESS]    Extracting a_12237_5760#
[2026-09-25 17:16:41,868] [SUBPROCESS]    Extracting a_10938_5412#
[2026-09-25 17:16:41,869] [SUBPROCESS]    Extracting a_12331_5760#
[2026-09-25 17:16:41,870] [SUBPROCESS]    Extracting _147_.Y
[2026-09-25 17:16:41,875] [SUBPROCESS]    Extracting _157_.B
[2026-09-25 17:16:41,877] [SUBPROCESS]    Extracting a_13073_5770#
[2026-09-25 17:16:41,878] [SUBPROCESS]    Extracting a_13740_5678#
[2026-09-25 17:16:41,880] [SUBPROCESS]    Extracting a_13338_5770#
[2026-09-25 17:16:41,881] [SUBPROCESS]    Extracting a_13775_5782#
[2026-09-25 17:16:41,882] [SUBPROCESS]    Extracting _151_.X
[2026-09-25 17:16:41,884] [SUBPROCESS]    Extracting _226_.Y
[2026-09-25 17:16:41,887] [SUBPROCESS]    Extracting a_14438_5850#
[2026-09-25 17:16:41,891] [SUBPROCESS]    Extracting a_14196_5760#
[2026-09-25 17:16:41,896] [SUBPROCESS]    Extracting a_14532_5850#
[2026-09-25 17:16:41,903] [SUBPROCESS]    Extracting a_14698_5380#
[2026-09-25 17:16:41,904] [SUBPROCESS]    Extracting a_14724_5416#
[2026-09-25 17:16:41,911] [SUBPROCESS]    Extracting a_15141_5423#
[2026-09-25 17:16:41,913] [SUBPROCESS]    Extracting a_13041_5412#
[2026-09-25 17:16:41,914] [SUBPROCESS]    Extracting a_13244_5412#
[2026-09-25 17:16:41,915] [SUBPROCESS]    Extracting a_13914_5412#
[2026-09-25 17:16:41,917] [SUBPROCESS]    Extracting a_14950_5837#
[2026-09-25 17:16:41,918] [SUBPROCESS]    Extracting a_15012_5837#
[2026-09-25 17:16:41,919] [SUBPROCESS]    Extracting a_15243_5423#
[2026-09-25 17:16:41,923] [SUBPROCESS]    Extracting a_16240_5654#
[2026-09-25 17:16:41,936] [SUBPROCESS]    Extracting a_15983_5773#
[2026-09-25 17:16:41,939] [SUBPROCESS]    Extracting a_16650_5412#
[2026-09-25 17:16:41,944] [SUBPROCESS]    Extracting a_15889_5773#
[2026-09-25 17:16:41,947] [SUBPROCESS]    Extracting a_16402_5850#
[2026-09-25 17:16:41,948] [SUBPROCESS]    Extracting a_15081_5459#
[2026-09-25 17:16:41,950] [SUBPROCESS]    Extracting a_16185_5535#
[2026-09-25 17:16:41,957] [SUBPROCESS]    Extracting _243_.RESET_B
[2026-09-25 17:16:41,959] [SUBPROCESS]    Extracting _242_.RESET_B
[2026-09-25 17:16:41,961] [SUBPROCESS]    Extracting a_2075_4692#
[2026-09-25 17:16:41,962] [SUBPROCESS]    Extracting a_2398_4654#
[2026-09-25 17:16:41,963] [SUBPROCESS]    Extracting a_2301_4948#
[2026-09-25 17:16:41,967] [SUBPROCESS]    Extracting a_2575_4948#
[2026-09-25 17:16:41,974] [SUBPROCESS]    Extracting _243_.D
[2026-09-25 17:16:41,976] [SUBPROCESS]    Extracting a_3274_4873#
[2026-09-25 17:16:41,977] [SUBPROCESS]    Extracting a_3014_4650#
[2026-09-25 17:16:41,979] [SUBPROCESS]    Extracting a_3300_4968#
[2026-09-25 17:16:41,981] [SUBPROCESS]    Extracting a_3717_4629#
[2026-09-25 17:16:41,991] [SUBPROCESS]    Extracting a_3819_4772#
[2026-09-25 17:16:41,993] [SUBPROCESS]    Extracting a_3657_5041#
[2026-09-25 17:16:41,995] [SUBPROCESS]    Extracting a_2301_4654#
[2026-09-25 17:16:41,996] [SUBPROCESS]    Extracting a_2512_4654#
[2026-09-25 17:16:41,998] [SUBPROCESS]    Extracting a_3108_4650#
[2026-09-25 17:16:41,999] [SUBPROCESS]    Extracting a_4559_4727#
[2026-09-25 17:16:42,001] [SUBPROCESS]    Extracting a_4816_4870#
[2026-09-25 17:16:42,008] [SUBPROCESS]    Extracting a_5226_4948#
[2026-09-25 17:16:42,014] [SUBPROCESS]    Extracting a_4761_4965#
[2026-09-25 17:16:42,018] [SUBPROCESS]    Extracting a_3588_4663#
[2026-09-25 17:16:42,024] [SUBPROCESS]    Extracting a_3526_4663#
[2026-09-25 17:16:42,028] [SUBPROCESS]    Extracting a_4465_4727#
[2026-09-25 17:16:42,036] [SUBPROCESS]    Extracting a_4978_4650#
[2026-09-25 17:16:42,038] [SUBPROCESS]    Extracting _224_.Y
[2026-09-25 17:16:42,040] [SUBPROCESS]    Extracting a_6442_4873#
[2026-09-25 17:16:42,043] [SUBPROCESS]    Extracting _210_.Y
[2026-09-25 17:16:42,070] [SUBPROCESS]    Extracting a_6182_4650#
[2026-09-25 17:16:42,084] [SUBPROCESS]    Extracting a_6468_4968#
[2026-09-25 17:16:42,086] [SUBPROCESS]    Extracting a_6885_4629#
[2026-09-25 17:16:42,089] [SUBPROCESS]    Extracting a_6987_4772#
[2026-09-25 17:16:42,091] [SUBPROCESS]    Extracting a_6825_5041#
[2026-09-25 17:16:42,098] [SUBPROCESS]    Extracting a_6276_4650#
[2026-09-25 17:16:42,105] [SUBPROCESS]    Extracting a_7727_4727#
[2026-09-25 17:16:42,107] [SUBPROCESS]    Extracting a_7984_4870#
[2026-09-25 17:16:42,111] [SUBPROCESS]    Extracting a_8394_4948#
[2026-09-25 17:16:42,118] [SUBPROCESS]    Extracting a_7929_4965#
[2026-09-25 17:16:42,127] [SUBPROCESS]    Extracting a_6756_4663#
[2026-09-25 17:16:42,130] [SUBPROCESS]    Extracting a_6694_4663#
[2026-09-25 17:16:42,140] [SUBPROCESS]    Extracting a_7633_4727#
[2026-09-25 17:16:42,141] [SUBPROCESS]    Extracting _136_.B
[2026-09-25 17:16:42,143] [SUBPROCESS]    Extracting _252_.RESET_B
[2026-09-25 17:16:42,144] [SUBPROCESS]    Extracting a_9322_4873#
[2026-09-25 17:16:42,146] [SUBPROCESS]    Extracting a_9062_4650#
[2026-09-25 17:16:42,148] [SUBPROCESS]    Extracting a_9348_4968#
[2026-09-25 17:16:42,149] [SUBPROCESS]    Extracting a_9765_4629#
[2026-09-25 17:16:42,151] [SUBPROCESS]    Extracting a_9867_4772#
[2026-09-25 17:16:42,153] [SUBPROCESS]    Extracting a_9705_5041#
[2026-09-25 17:16:42,154] [SUBPROCESS]    Extracting a_8146_4650#
[2026-09-25 17:16:42,164] [SUBPROCESS]    Extracting a_9156_4650#
[2026-09-25 17:16:42,168] [SUBPROCESS]    Extracting a_10607_4727#
[2026-09-25 17:16:42,169] [SUBPROCESS]    Extracting a_10864_4870#
[2026-09-25 17:16:42,172] [SUBPROCESS]    Extracting a_11274_4948#
[2026-09-25 17:16:42,198] [SUBPROCESS]    Extracting a_11661_4696#
[2026-09-25 17:16:42,202] [SUBPROCESS]    Extracting a_12401_4704#
[2026-09-25 17:16:42,203] [SUBPROCESS]    Extracting a_13649_4704#
[2026-09-25 17:16:42,205] [SUBPROCESS]    Extracting a_10809_4965#
[2026-09-25 17:16:42,207] [SUBPROCESS]    Extracting a_9636_4663#
[2026-09-25 17:16:42,223] [SUBPROCESS]    Extracting a_9574_4663#
[2026-09-25 17:16:42,238] [SUBPROCESS]    Extracting a_10513_4727#
[2026-09-25 17:16:42,244] [SUBPROCESS]    Extracting _147_.B1
[2026-09-25 17:16:42,256] [SUBPROCESS]    Extracting a_11026_4650#
[2026-09-25 17:16:42,258] [SUBPROCESS]    Extracting a_11755_4696#
[2026-09-25 17:16:42,260] [SUBPROCESS]    Extracting a_12369_4972#
[2026-09-25 17:16:42,269] [SUBPROCESS]    Extracting a_12572_4948#
[2026-09-25 17:16:42,279] [SUBPROCESS]    Extracting a_13130_4948#
[2026-09-25 17:16:42,291] [SUBPROCESS]    Extracting a_12666_4666#
[2026-09-25 17:16:42,299] [SUBPROCESS]    Extracting a_13617_4972#
[2026-09-25 17:16:42,306] [SUBPROCESS]    Extracting a_13820_4948#
[2026-09-25 17:16:42,308] [SUBPROCESS]    Extracting a_13914_4666#
[2026-09-25 17:16:42,316] [SUBPROCESS]    Extracting a_16840_4688#
[2026-09-25 17:16:42,322] [SUBPROCESS]    Extracting a_2342_4338#
[2026-09-25 17:16:42,334] [SUBPROCESS]    Extracting a_2436_4338#
[2026-09-25 17:16:42,342] [SUBPROCESS]    Extracting a_2602_3868#
[2026-09-25 17:16:42,356] [SUBPROCESS]    Extracting a_2628_3904#
[2026-09-25 17:16:42,357] [SUBPROCESS]    Extracting a_3045_3911#
[2026-09-25 17:16:42,359] [SUBPROCESS]    Extracting a_2854_4325#
[2026-09-25 17:16:42,369] [SUBPROCESS]    Extracting a_2916_4325#
[2026-09-25 17:16:42,373] [SUBPROCESS]    Extracting a_3147_3911#
[2026-09-25 17:16:42,375] [SUBPROCESS]    Extracting a_4144_4142#
[2026-09-25 17:16:42,376] [SUBPROCESS]    Extracting a_3887_4261#
[2026-09-25 17:16:42,378] [SUBPROCESS]    Extracting a_4554_3900#
[2026-09-25 17:16:42,382] [SUBPROCESS]    Extracting a_3793_4261#
[2026-09-25 17:16:42,392] [SUBPROCESS]    Extracting a_4306_4338#
[2026-09-25 17:16:42,394] [SUBPROCESS]    Extracting a_2985_3947#
[2026-09-25 17:16:42,395] [SUBPROCESS]    Extracting a_6060_4166#
[2026-09-25 17:16:42,402] [SUBPROCESS]    Extracting a_4089_4023#
[2026-09-25 17:16:42,405] [SUBPROCESS]    Extracting a_6095_4270#
[2026-09-25 17:16:42,408] [SUBPROCESS]    Extracting a_6810_3863#
[2026-09-25 17:16:42,410] [SUBPROCESS]    Extracting a_6516_4248#
[2026-09-25 17:16:42,411] [SUBPROCESS]    Extracting a_6966_4258#
[2026-09-25 17:16:42,415] [SUBPROCESS]    Extracting a_6234_3900#
[2026-09-25 17:16:42,417] [SUBPROCESS]    Extracting a_6836_3900#
[2026-09-25 17:16:42,418] [SUBPROCESS]    Extracting _143_.Y
[2026-09-25 17:16:42,425] [SUBPROCESS]    Extracting _145_.B1
[2026-09-25 17:16:42,427] [SUBPROCESS]    Extracting a_8557_4248#
[2026-09-25 17:16:42,429] [SUBPROCESS]    Extracting a_7262_3900#
[2026-09-25 17:16:42,431] [SUBPROCESS]    Extracting a_8042_3900#
[2026-09-25 17:16:42,432] [SUBPROCESS]    Extracting a_8480_4248#
[2026-09-25 17:16:42,434] [SUBPROCESS]    Extracting a_10769_4258#
[2026-09-25 17:16:42,446] [SUBPROCESS]    Extracting a_8386_3900#
[2026-09-25 17:16:42,458] [SUBPROCESS]    Extracting a_9290_3900#
[2026-09-25 17:16:42,462] [SUBPROCESS]    Extracting a_11034_4258#
[2026-09-25 17:16:42,464] [SUBPROCESS]    Extracting a_11475_4248#
[2026-09-25 17:16:42,466] [SUBPROCESS]    Extracting a_10737_3900#
[2026-09-25 17:16:42,468] [SUBPROCESS]    Extracting a_10940_3900#
[2026-09-25 17:16:42,479] [SUBPROCESS]    Extracting a_11381_3900#
[2026-09-25 17:16:42,483] [SUBPROCESS]    Extracting GND
[2026-09-25 17:16:45,408] [SUBPROCESS]    Extracting VDD
[2026-09-25 17:16:54,044] [SUBPROCESS]    Extracting rst
[2026-09-25 17:16:54,053] [SUBPROCESS]    Extracting freq_in
[2026-09-25 17:16:54,061] [SUBPROCESS]    Extracting en
[2026-09-25 17:16:54,075] [SUBPROCESS]    Extracting sclk
[2026-09-25 17:16:54,080] [SUBPROCESS]    Extracting sdata
[2026-09-25 17:16:54,082] [SUBPROCESS]    Extracting freq_out
[2026-09-25 17:16:54,194] [SUBPROCESS]    Total Nets: 955
[2026-09-25 17:16:54,198] [SUBPROCESS]    Nets extracted: 860 (0.900524)
[2026-09-25 17:16:54,203] [SUBPROCESS]    Nets output: 2 (0.002094)
[2026-09-25 17:16:55,187] [SUBPROCESS]    exttospice finished.
[2026-09-25 17:16:55,246] [INFO]    MAGIC succeeded after 28.7s
[2026-09-25 17:17:00,460] [SUBPROCESS]    Report DB saved at: /foss/designs/unicasss-tools/SG13G2_2.4GHz_LC_VCO_FPLL/pex/DSM_N_FREQ_DIV__DSM_N_FREQ_DIV/magic_RC/DSM_N_FREQ_DIV_MAGIC_report.rdb.gz
[2026-09-25 17:17:00,464] [SUBPROCESS]    SPICE netlist saved at: /foss/designs/unicasss-tools/SG13G2_2.4GHz_LC_VCO_FPLL/pex/DSM_N_FREQ_DIV__DSM_N_FREQ_DIV/magic_RC/DSM_N_FREQ_DIV.pex.spice
[2026-09-25 17:17:00,564] [SUBPROCESS]    * NGSPICE file created from DSM_N_FREQ_DIV.ext - technology: ihp-sg13g2

.subckt DSM_N_FREQ_DIV GND VDD en freq_out rst sclk sdata freq_in
X0 a_12886_13350# _128_.B1 GND.t254 GND.t357 sg13_lv_nmos ad=0.1406p pd=1.12u as=0.1406p ps=1.12u w=0.74u l=0.15u
X1 VDD GND.t399 VDD VDD sg13_lv_pmos ad=0.19p pd=1.38u as=1.19017n ps=5.16309m w=1u l=1u
X2 a_14651_10996# _131_.B1 _131_.Y VDD sg13_lv_pmos ad=0.2128p pd=1.5u as=0.3808p ps=2.92u w=1.12u l=0.13u
X3 GND.t661 VDD GND.t661 GND.t662 sg13_lv_nmos ad=79.8f pd=0.8u as=0 ps=0 w=0.42u l=1u
X4 a_12549_12189# _263_.CLK VDD VDD sg13_lv_pmos ad=0.4088p pd=2.97u as=1.36162p ps=8.745u w=1.12u l=0.13u
X5 VDD GND.t1210 VDD VDD sg13_lv_pmos ad=0.34p pd=2.68u as=0 ps=0 w=1u l=1u
X6 GND.t20 VDD GND.t1111 GND.t106 sg13_lv_nmos ad=0.1428p pd=1.52u as=0 ps=0 w=0.42u l=1u
X7 VDD a_10672_13942# a_10617_14037# VDD sg13_lv_pmos ad=5.15485p pd=34.14u as=93.45f ps=0.865u w=0.42u l=0.13u
X8 VDD GND.t390 VDD VDD sg13_lv_pmos ad=0.19p pd=1.38u as=0 ps=0 w=1u l=1u
X9 a_13505_8784# _145_.X _158_.Y GND.t381 sg13_lv_nmos ad=0.1406p pd=1.12u as=0.1406p ps=1.12u w=0.74u l=0.13u
X10 VDD a_2126_13912# _119_.X VDD sg13_lv_pmos ad=0.2198p pd=1.52u as=0.6048p ps=3.32u w=1.12u l=0.13u
X11 VDD GND.t471 VDD VDD sg13_lv_pmos ad=0.34p pd=2.68u as=0 ps=0 w=1u l=1u
X12 VDD GND.t847 VDD VDD sg13_lv_pmos ad=0.34p pd=2.68u as=0 ps=0 w=1u l=1u
X13 a_6825_5041# a_6468_4968# VDD VDD sg13_lv_pmos ad=63f pd=0.72u as=0.1563p ps=1.22u w=0.42u l=0.13u
X14 a_3717_5423# _243_.CLK GND.t20 GND.t616 sg13_lv_nmos ad=0.2516p pd=2.16u as=7.07497p ps=46.475u w=0.74u l=0.13u
X15 a_8964_12210# _182_.Y a_8870_12210# GND.t168 sg13_lv_nmos ad=60.89999f pd=0.71u as=0.1428p ps=1.52u w=0.42u l=0.13u
X16 GND.t763 VDD GND.t763 GND.t764 sg13_lv_nmos ad=79.8f pd=0.8u as=0 ps=0 w=0.42u l=1u
X17 VDD _133_.Y _134_.Y VDD sg13_lv_pmos ad=0.3808p pd=2.92u as=0.2128p ps=1.5u w=1.12u l=0.15u
X18 GND.t1166 VDD GND.t1165 GND.t1164 sg13_lv_nmos ad=0.1428p pd=1.52u as=0 ps=0 w=0.42u l=1u
X19 VDD GND.t1059 VDD VDD sg13_lv_pmos ad=0.34p pd=2.68u as=0 ps=0 w=1u l=1u
X20 VDD GND.t958 VDD VDD sg13_lv_pmos ad=0.19p pd=1.38u as=0 ps=0 w=1u l=1u
X21 clkbuf_1_0__f_sclk.A a_3886_10702# VDD VDD sg13_lv_pmos ad=0.2128p pd=1.5u as=0.2128p ps=1.5u w=1.12u l=0.13u
X22 VDD _259_.RESET_B a_8266_16969# VDD sg13_lv_pmos ad=0.1563p pd=1.22u as=0.147p ps=1.54u w=0.42u l=0.13u
X23 a_4761_4965# a_3819_4772# a_4559_4727# VDD sg13_lv_pmos ad=93.45f pd=0.865u as=0.2048p ps=1.63u w=0.42u l=0.13u
X24 a_11698_17946# _240_.Y GND.t243 GND.t115 sg13_lv_nmos ad=37.8f pd=0.6u as=79.8f ps=0.8u w=0.42u l=0.13u
X25 a_10715_7720# _166_.A GND.t1095 GND.t1483 sg13_lv_nmos ad=78.39999f pd=0.885u as=0.2272p ps=1.99u w=0.64u l=0.13u
X26 a_3695_8797# a_2853_8447# a_2436_8440# VDD sg13_lv_pmos ad=0.2048p pd=1.63u as=0.34p ps=2.68u w=1u l=0.13u
X27 clkbuf_1_0__f_sclk.A a_3886_10702# GND.t984 GND.t1527 sg13_lv_nmos ad=0.1406p pd=1.12u as=0.1406p ps=1.12u w=0.74u l=0.13u
X28 GND.t173 VDD GND.t173 GND.t969 sg13_lv_nmos ad=0.1428p pd=1.52u as=0 ps=0 w=0.42u l=1u
X29 GND.t256 _131_.A2 a_13978_13342# GND.t255 sg13_lv_nmos ad=0.2516p pd=2.16u as=0.1406p ps=1.12u w=0.74u l=0.13u
X30 _170_.B _166_.A a_9466_7678# GND.t1481 sg13_lv_nmos ad=0.2516p pd=2.16u as=0.1406p ps=1.12u w=0.74u l=0.13u
X31 a_14451_13320# _126_.B1 GND.t399 GND.t1548 sg13_lv_nmos ad=0.1406p pd=1.12u as=0.2516p ps=2.16u w=0.74u l=0.13u
X32 a_2558_7972# _122_.A0 a_2126_7864# VDD sg13_lv_pmos ad=0.3325p pd=1.665u as=0.2225p ps=1.445u w=1u l=0.13u
X33 VDD GND.t456 VDD VDD sg13_lv_pmos ad=0.19p pd=1.38u as=0 ps=0 w=1u l=1u
X34 a_3609_16119# a_2667_16007# a_3407_16357# VDD sg13_lv_pmos ad=93.45f pd=0.865u as=0.2048p ps=1.63u w=0.42u l=0.13u
X35 VDD GND.t661 VDD VDD sg13_lv_pmos ad=0.34p pd=2.68u as=0 ps=0 w=1u l=1u
X36 GND.t874 VDD GND.t876 GND.t875 sg13_lv_nmos ad=79.8f pd=0.8u as=0 ps=0 w=0.42u l=1u
X37 GND.t783 VDD GND.t782 GND.t781 sg13_lv_nmos ad=0.1428p pd=1.52u as=0 ps=0 w=0.42u l=1u
X38 a_4625_16800# _250_.Q GND.t492 GND.t16 sg13_lv_nmos ad=0.17462p pd=1.185u as=0.374p ps=2.46u w=0.55u l=0.13u
X39 a_16498_9186# _260_.RESET_B GND.t223 GND.t7 sg13_lv_nmos ad=37.8f pd=0.6u as=79.8f ps=0.8u w=0.42u l=0.13u
X40 clkbuf_1_0__f_sclk.A a_3886_10702# VDD VDD sg13_lv_pmos ad=0.2128p pd=1.5u as=0.2128p ps=1.5u w=1.12u l=0.13u
X41 VDD GND.t183 VDD VDD sg13_lv_pmos ad=0.34p pd=2.68u as=0 ps=0 w=1u l=1u
X42 GND.t225 VDD GND.t225 GND.t363 sg13_lv_nmos ad=79.8f pd=0.8u as=0 ps=0 w=0.42u l=1u
X43 GND.t1321 VDD GND.t1323 GND.t1322 sg13_lv_nmos ad=79.8f pd=0.8u as=0 ps=0 w=0.42u l=1u
X44 a_16018_15234# _239_.Y GND.t90 GND.t419 sg13_lv_nmos ad=37.8f pd=0.6u as=79.8f ps=0.8u w=0.42u l=0.13u
X45 VDD GND.t744 VDD VDD sg13_lv_pmos ad=0.34p pd=2.68u as=0 ps=0 w=1u l=1u
X46 GND.t1048 VDD GND.t1042 GND.t1047 sg13_lv_nmos ad=0.1428p pd=1.52u as=0 ps=0 w=0.42u l=1u
X47 a_14724_12528# a_15243_12332# a_15983_12287# GND.t612 sg13_lv_nmos ad=0.3473p pd=2.71u as=0.12665p ps=1.145u w=0.74u l=0.13u
X48 VDD GND.t34 VDD VDD sg13_lv_pmos ad=0.34p pd=2.68u as=0 ps=0 w=1u l=1u
X49 _199_.Y _195_.Y a_5427_15260# GND.t620 sg13_lv_nmos ad=0.1406p pd=1.12u as=0.1406p ps=1.12u w=0.74u l=0.13u
X50 a_2374_13397# _221_.Y GND.t24 GND.t508 sg13_lv_nmos ad=37.8f pd=0.6u as=0.1701p ps=1.65u w=0.42u l=0.13u
X51 VDD fanout8.A a_9352_17508# VDD sg13_lv_pmos ad=0.2114p pd=1.54u as=0.2856p ps=2.36u w=0.84u l=0.13u
X52 GND.t751 VDD GND.t751 GND.t752 sg13_lv_nmos ad=0.1428p pd=1.52u as=0 ps=0 w=0.42u l=1u
X53 GND.t1156 VDD GND.t466 GND.t20 sg13_lv_nmos ad=0.1428p pd=1.52u as=0 ps=0 w=0.42u l=1u
X54 VDD GND.t1054 VDD VDD sg13_lv_pmos ad=0.34p pd=2.68u as=0 ps=0 w=1u l=1u
X55 VDD GND.t958 VDD VDD sg13_lv_pmos ad=0.19p pd=1.38u as=0 ps=0 w=1u l=1u
X56 a_8325_16007# fanout7.A GND.t132 GND.t286 sg13_lv_nmos ad=0.2516p pd=2.16u as=2.6164p ps=16.515u w=0.74u l=0.13u
X57 a_2724_9199# a_2955_9308# a_2410_9409# GND.t1396 sg13_lv_nmos ad=0.2373p pd=1.97u as=79.8f ps=0.8u w=0.42u l=0.13u
X58 VDD GND.t471 VDD VDD sg13_lv_pmos ad=0.34p pd=2.68u as=0 ps=0 w=1u l=1u
X59 a_2628_3904# a_2602_3868# GND.t71 GND.t1422 sg13_lv_nmos ad=0.2516p pd=2.16u as=0.1626p ps=1.415u w=0.74u l=0.13u
X60 a_16336_11702# a_16079_11821# a_16498_11898# GND.t128 sg13_lv_nmos ad=0.1428p pd=1.52u as=37.8f ps=0.6u w=0.42u l=0.13u
X61 GND.t858 VDD GND.t858 GND.t859 sg13_lv_nmos ad=79.8f pd=0.8u as=0 ps=0 w=0.42u l=1u
X62 VDD a_16079_8797# a_16336_8678# VDD sg13_lv_pmos ad=2.75005p pd=18.05u as=79.8f ps=0.8u w=0.42u l=0.13u
X63 a_2232_15428# _124_.S VDD VDD sg13_lv_pmos ad=0.2856p pd=2.36u as=0.253p ps=1.53u w=0.84u l=0.13u
X64 VDD GND.t958 VDD VDD sg13_lv_pmos ad=0.19p pd=1.38u as=0 ps=0 w=1u l=1u
X65 VDD a_15237_11471# a_15339_11471# VDD sg13_lv_pmos ad=5.15485p pd=34.14u as=0.3864p ps=2.93u w=1.12u l=0.13u
X66 a_9369_16119# a_8427_16007# a_9167_16357# VDD sg13_lv_pmos ad=93.45f pd=0.865u as=0.2048p ps=1.63u w=0.42u l=0.13u
X67 VDD GND.t230 VDD VDD sg13_lv_pmos ad=0.34p pd=2.68u as=0 ps=0 w=1u l=1u
X68 VDD GND.t552 VDD VDD sg13_lv_pmos ad=0.34p pd=2.68u as=0 ps=0 w=1u l=1u
X69 a_13366_13350# _126_.B1 GND.t254 GND.t1549 sg13_lv_nmos ad=0.1406p pd=1.12u as=0.1406p ps=1.12u w=0.74u l=0.15u
X70 VDD GND.t74 VDD VDD sg13_lv_pmos ad=0.34p pd=2.68u as=0 ps=0 w=1u l=1u
X71 a_13391_12287# a_12549_12189# a_13297_12287# GND.t377 sg13_lv_nmos ad=0.12665p pd=1.145u as=0.1428p ps=1.52u w=0.42u l=0.13u
X72 a_2512_4654# _243_.Q a_2398_4654# GND.t1411 sg13_lv_nmos ad=0.3367p pd=1.65u as=0.1628p ps=1.18u w=0.74u l=0.13u
X73 _199_.Y _199_.B1 a_5333_15532# VDD sg13_lv_pmos ad=0.3808p pd=2.92u as=0.2128p ps=1.5u w=1.12u l=0.13u
X74 GND.t1255 VDD GND.t1254 GND.t1253 sg13_lv_nmos ad=0.1428p pd=1.52u as=0 ps=0 w=0.42u l=1u
X75 _168_.B _136_.A a_5466_9202# GND.t116 sg13_lv_nmos ad=0.1628p pd=1.18u as=88.8f ps=0.98u w=0.74u l=0.13u
X76 a_3609_17061# a_2667_16868# a_3407_16823# VDD sg13_lv_pmos ad=93.45f pd=0.865u as=0.2048p ps=1.63u w=0.42u l=0.13u
X77 a_12623_16823# a_11781_16725# a_12529_16823# GND.t133 sg13_lv_nmos ad=0.12665p pd=1.145u as=0.1428p ps=1.52u w=0.42u l=0.13u
X78 GND.t38 VDD GND.t38 GND.t975 sg13_lv_nmos ad=79.8f pd=0.8u as=0 ps=0 w=0.42u l=1u
X79 a_2122_16969# a_2565_16725# a_1862_16746# GND.t217 sg13_lv_nmos ad=79.8f pd=0.8u as=0.1296p ps=1.52u w=0.42u l=0.13u
X80 GND.t1306 VDD GND.t1308 GND.t1307 sg13_lv_nmos ad=79.8f pd=0.8u as=0 ps=0 w=0.42u l=1u
X81 a_2126_11726# _173_.A a_2298_11484# VDD sg13_lv_pmos ad=0.2225p pd=1.445u as=0.2975p ps=1.595u w=1u l=0.13u
X82 a_2436_16421# a_2667_16007# a_2122_15964# GND.t56 sg13_lv_nmos ad=0.2373p pd=1.97u as=79.8f ps=0.8u w=0.42u l=0.13u
X83 a_7258_8806# _136_.A GND.t628 GND.t116 sg13_lv_nmos ad=0.1406p pd=1.12u as=0.2516p ps=2.16u w=0.74u l=0.13u
X84 VDD a_15861_16904# a_14940_16710# VDD sg13_lv_pmos ad=0.36237p pd=2.605u as=0.34p ps=2.68u w=1u l=0.13u
X85 VDD GND.t757 VDD VDD sg13_lv_pmos ad=0.34p pd=2.68u as=0 ps=0 w=1u l=1u
X86 VDD _128_.B1 _129_.B1 VDD sg13_lv_pmos ad=0.3808p pd=2.92u as=0.2128p ps=1.5u w=1.12u l=0.15u
X87 VDD GND.t1095 VDD VDD sg13_lv_pmos ad=0.34p pd=2.68u as=0 ps=0 w=1u l=1u
X88 GND.t104 VDD GND.t104 GND.t644 sg13_lv_nmos ad=79.8f pd=0.8u as=0 ps=0 w=0.42u l=1u
X89 VDD _173_.A a_5372_9484# VDD sg13_lv_pmos ad=0.2128p pd=1.5u as=0.3808p ps=2.92u w=1.12u l=0.13u
X90 GND.t74 a_3760_12430# a_3409_12287# GND.t73 sg13_lv_nmos ad=79.8f pd=0.8u as=0.1428p ps=1.52u w=0.42u l=0.13u
X91 GND.t964 VDD GND.t968 GND.t967 sg13_lv_nmos ad=79.8f pd=0.8u as=0 ps=0 w=0.42u l=1u
X92 VDD _124_.S a_2558_17532# VDD sg13_lv_pmos ad=0.253p pd=1.53u as=0.3325p ps=1.665u w=1u l=0.13u
X93 VDD GND.t1132 VDD VDD sg13_lv_pmos ad=0.34p pd=2.68u as=0 ps=0 w=1u l=1u
X94 VDD GND.t1029 VDD VDD sg13_lv_pmos ad=0.34p pd=2.68u as=0 ps=0 w=1u l=1u
X95 GND.t603 _136_.A a_5242_8806# GND.t116 sg13_lv_nmos ad=0.2516p pd=2.16u as=0.1406p ps=1.12u w=0.74u l=0.13u
X96 VDD a_2853_9165# a_2955_9308# VDD sg13_lv_pmos ad=1.94845p pd=12.685u as=0.3864p ps=2.93u w=1.12u l=0.13u
X97 a_8580_16759# a_8811_16868# a_8266_16969# GND.t330 sg13_lv_nmos ad=0.2373p pd=1.97u as=79.8f ps=0.8u w=0.42u l=0.13u
X98 VDD a_3380_13690# _247_.CLK VDD sg13_lv_pmos ad=0.2128p pd=1.5u as=0.2128p ps=1.5u w=1.12u l=0.13u
X99 a_9636_4663# a_9867_4772# a_9322_4873# GND.t554 sg13_lv_nmos ad=0.2373p pd=1.97u as=79.8f ps=0.8u w=0.42u l=0.13u
X100 _124_.S a_1192_11460# VDD VDD sg13_lv_pmos ad=0.42p pd=2.99u as=0.2114p ps=1.54u w=1.12u l=0.13u
X101 a_6468_4968# a_6442_4873# VDD VDD sg13_lv_pmos ad=0.34p pd=2.68u as=0.36237p ps=2.605u w=1u l=0.13u
X102 VDD GND.t968 VDD VDD sg13_lv_pmos ad=0.34p pd=2.68u as=0 ps=0 w=1u l=1u
X103 GND.t3 _266_.CLK _212_.Y GND.t31 sg13_lv_nmos ad=0.2516p pd=2.16u as=0.2516p ps=2.16u w=0.74u l=0.13u
X104 VDD GND.t165 VDD VDD sg13_lv_pmos ad=0.34p pd=2.68u as=0 ps=0 w=1u l=1u
X105 VDD _222_.Y a_1862_16746# VDD sg13_lv_pmos ad=0.36237p pd=2.605u as=79.8f ps=0.8u w=0.42u l=0.13u
X106 VDD _238_.Y a_14572_16746# VDD sg13_lv_pmos ad=1.30717p pd=8.395u as=79.8f ps=0.8u w=0.42u l=0.13u
X107 GND.t786 _124_.S a_2620_15238# GND.t1465 sg13_lv_nmos ad=0.18945p pd=1.27u as=0.13135p ps=1.095u w=0.74u l=0.13u
X108 _242_.D a_2398_5782# GND.t20 GND.t106 sg13_lv_nmos ad=0.4033p pd=2.57u as=0.148p ps=1.14u w=0.74u l=0.13u
X109 a_12110_8784# _145_.X a_11731_8698# GND.t380 sg13_lv_nmos ad=81.6f pd=0.895u as=0.1216p ps=1.02u w=0.64u l=0.13u
X110 a_14724_12528# a_14698_12433# GND.t40 GND.t307 sg13_lv_nmos ad=0.2516p pd=2.16u as=0.1626p ps=1.415u w=0.74u l=0.13u
X111 GND.t12 a_10769_4258# _139_.X GND.t619 sg13_lv_nmos ad=0.3108p pd=2.32u as=0.1628p ps=1.18u w=0.74u l=0.13u
X112 GND.t288 VDD GND.t1158 GND.t20 sg13_lv_nmos ad=0.1428p pd=1.52u as=0 ps=0 w=0.42u l=1u
X113 _190_.A a_11082_14020# VDD VDD sg13_lv_pmos ad=0.3808p pd=2.92u as=0.2128p ps=1.5u w=1.12u l=0.13u
X114 GND.t296 VDD GND.t34 GND.t897 sg13_lv_nmos ad=79.8f pd=0.8u as=0 ps=0 w=0.42u l=1u
X115 _168_.A a_11946_9484# VDD VDD sg13_lv_pmos ad=0.3808p pd=2.92u as=0.2128p ps=1.5u w=1.12u l=0.13u
X116 a_14757_15213# _266_.CLK GND.t461 GND.t460 sg13_lv_nmos ad=0.2516p pd=2.16u as=13.40377p ps=86.265u w=0.74u l=0.13u
X117 GND.t683 VDD GND.t683 GND.t670 sg13_lv_nmos ad=0.1428p pd=1.52u as=0 ps=0 w=0.42u l=1u
X118 a_5201_9240# _173_.A GND.t602 GND.t116 sg13_lv_nmos ad=0.17462p pd=1.185u as=0.374p ps=2.46u w=0.55u l=0.13u
X119 VDD GND.t104 VDD VDD sg13_lv_pmos ad=0.34p pd=2.68u as=0 ps=0 w=1u l=1u
X120 VDD GND.t34 VDD VDD sg13_lv_pmos ad=0.19p pd=1.38u as=0 ps=0 w=1u l=1u
X121 GND.t192 VDD GND.t192 GND.t118 sg13_lv_nmos ad=0.1428p pd=1.52u as=0 ps=0 w=0.42u l=1u
X122 GND.t1240 VDD GND.t1239 GND.t1238 sg13_lv_nmos ad=0.1428p pd=1.52u as=0 ps=0 w=0.42u l=1u
X123 GND.t173 _260_.CLK _132_.Y GND.t402 sg13_lv_nmos ad=0.2516p pd=2.16u as=0.1406p ps=1.12u w=0.74u l=0.13u
X124 a_13092_16421# a_12804_16000# a_13030_16421# GND.t1371 sg13_lv_nmos ad=0.1428p pd=1.52u as=37.8f ps=0.6u w=0.42u l=0.13u
X125 a_2436_13397# a_2148_12976# a_2374_13397# GND.t1567 sg13_lv_nmos ad=0.1428p pd=1.52u as=37.8f ps=0.6u w=0.42u l=0.13u
X126 VDD GND.t661 VDD VDD sg13_lv_pmos ad=0.34p pd=2.68u as=0 ps=0 w=1u l=1u
X127 a_9444_12223# a_9675_12332# a_9130_12433# GND.t177 sg13_lv_nmos ad=0.2373p pd=1.97u as=79.8f ps=0.8u w=0.42u l=0.13u
X128 VDD GND.t113 VDD VDD sg13_lv_pmos ad=0.34p pd=2.68u as=0 ps=0 w=1u l=1u
X129 VDD GND.t878 VDD VDD sg13_lv_pmos ad=0.34p pd=2.68u as=0 ps=0 w=1u l=1u
X130 a_2148_16000# a_2667_16007# a_3407_16357# GND.t16 sg13_lv_nmos ad=0.3473p pd=2.71u as=0.12665p ps=1.145u w=0.74u l=0.13u
X131 a_15141_12189# _263_.CLK VDD VDD sg13_lv_pmos ad=0.4088p pd=2.97u as=1.36162p ps=8.745u w=1.12u l=0.13u
X132 _171_.Y a_8014_8492# GND.t117 GND.t116 sg13_lv_nmos ad=0.1406p pd=1.12u as=0.17255p ps=1.25u w=0.74u l=0.13u
X133 a_8196_16421# a_8427_16007# a_7882_15964# GND.t524 sg13_lv_nmos ad=0.2373p pd=1.97u as=79.8f ps=0.8u w=0.42u l=0.13u
X134 GND.t787 VDD GND.t786 GND.t785 sg13_lv_nmos ad=0.1428p pd=1.52u as=0 ps=0 w=0.42u l=1u
X135 VDD a_13391_12287# a_13648_12430# VDD sg13_lv_pmos ad=1.42082p pd=9.125u as=79.8f ps=0.8u w=0.42u l=0.13u
X136 VDD _260_.CLK a_13804_10996# VDD sg13_lv_pmos ad=0.4032p pd=2.96u as=0.1176p ps=1.33u w=1.12u l=0.13u
X137 GND.t162 a_9808_16966# a_9457_16823# GND.t29 sg13_lv_nmos ad=79.8f pd=0.8u as=0.1428p ps=1.52u w=0.42u l=0.13u
X138 GND.t8 a_16079_8797# a_16746_8436# GND.t7 sg13_lv_nmos ad=0.1406p pd=1.12u as=0.2516p ps=2.16u w=0.74u l=0.13u
X139 a_8709_16725# fanout7.A GND.t132 GND.t283 sg13_lv_nmos ad=0.2516p pd=2.16u as=2.6164p ps=16.515u w=0.74u l=0.13u
X140 _124_.S a_1192_11460# GND.t212 GND.t184 sg13_lv_nmos ad=0.2886p pd=2.26u as=0.14875p ps=1.16u w=0.74u l=0.13u
X141 VDD GND.t958 VDD VDD sg13_lv_pmos ad=0.34p pd=2.68u as=0 ps=0 w=1u l=1u
X142 VDD GND.t49 VDD VDD sg13_lv_pmos ad=0.34p pd=2.68u as=0 ps=0 w=1u l=1u
X143 VDD GND.t34 VDD VDD sg13_lv_pmos ad=0.34p pd=2.68u as=0 ps=0 w=1u l=1u
X144 VDD GND.t984 VDD VDD sg13_lv_pmos ad=0.19p pd=1.38u as=0 ps=0 w=1u l=1u
X145 a_2232_15428# _124_.S GND.t786 GND.t1467 sg13_lv_nmos ad=0.187p pd=1.78u as=0.18945p ps=1.27u w=0.55u l=0.13u
X146 GND.t310 VDD GND.t34 GND.t921 sg13_lv_nmos ad=0.1428p pd=1.52u as=0 ps=0 w=0.42u l=1u
X147 GND.t121 a_15141_12189# a_15243_12332# GND.t581 sg13_lv_nmos ad=3.6571p pd=23.85u as=0.2516p ps=2.16u w=0.74u l=0.13u
X148 _131_.Y _131_.B1 GND.t173 GND.t213 sg13_lv_nmos ad=0.1406p pd=1.12u as=0.2516p ps=2.16u w=0.74u l=0.13u
X149 GND.t757 VDD GND.t137 GND.t756 sg13_lv_nmos ad=0.1428p pd=1.52u as=0 ps=0 w=0.42u l=1u
X150 a_13464_12952# _131_.A2 VDD VDD sg13_lv_pmos ad=0.2128p pd=1.5u as=0.3808p ps=2.92u w=1.12u l=0.15u
X151 a_10864_4870# _252_.RESET_B VDD VDD sg13_lv_pmos ad=79.8f pd=0.8u as=1.48542p ps=9.54u w=0.42u l=0.13u
X152 a_3380_13690# clkbuf_1_0__f_sclk.A VDD VDD sg13_lv_pmos ad=0.2128p pd=1.5u as=0.2128p ps=1.5u w=1.12u l=0.13u
X153 GND.t152 _136_.B _138_.Y GND.t338 sg13_lv_nmos ad=0.2516p pd=2.16u as=0.1406p ps=1.12u w=0.74u l=0.13u
X154 GND.t794 VDD GND.t754 GND.t793 sg13_lv_nmos ad=0.1428p pd=1.52u as=0 ps=0 w=0.42u l=1u
X155 GND.t766 VDD GND.t769 GND.t813 sg13_lv_nmos ad=79.8f pd=0.8u as=0 ps=0 w=0.42u l=1u
X156 VDD GND.t1095 VDD VDD sg13_lv_pmos ad=0.34p pd=2.68u as=0 ps=0 w=1u l=1u
X157 VDD _160_.X a_10895_8436# VDD sg13_lv_pmos ad=0.2128p pd=1.5u as=0.3808p ps=2.92u w=1.12u l=0.13u
X158 GND.t1153 _148_.B a_12331_5760# GND.t20 sg13_lv_nmos ad=0.1331p pd=1.12u as=0.1216p ps=1.02u w=0.64u l=0.13u
X159 VDD a_2126_7864# _122_.X VDD sg13_lv_pmos ad=0.2198p pd=1.52u as=0.6048p ps=3.32u w=1.12u l=0.13u
X160 VDD GND.t436 VDD VDD sg13_lv_pmos ad=0.34p pd=2.68u as=0 ps=0 w=1u l=1u
X161 a_14698_12433# a_15141_12189# a_15081_12601# VDD sg13_lv_pmos ad=79.8f pd=0.8u as=63f ps=0.72u w=0.42u l=0.13u
X162 GND.t1286 VDD GND.t528 GND.t1285 sg13_lv_nmos ad=0.1428p pd=1.52u as=0 ps=0 w=0.42u l=1u
X163 GND.t285 VDD GND.t285 GND.t1071 sg13_lv_nmos ad=79.8f pd=0.8u as=0 ps=0 w=0.42u l=1u
X164 GND.t77 VDD GND.t104 GND.t689 sg13_lv_nmos ad=0.1428p pd=1.52u as=0 ps=0 w=0.42u l=1u
X165 a_14757_15213# _266_.CLK VDD VDD sg13_lv_pmos ad=0.4088p pd=2.97u as=1.54765p ps=10.005u w=1.12u l=0.13u
X166 VDD GND.t766 VDD VDD sg13_lv_pmos ad=0.19p pd=1.38u as=0 ps=0 w=1u l=1u
X167 GND.t489 _118_.A0 a_4661_17878# GND.t488 sg13_lv_nmos ad=0.1898p pd=1.36u as=0.2516p ps=2.16u w=0.74u l=0.13u
X168 a_8292_17064# a_8266_16969# GND.t335 GND.t334 sg13_lv_nmos ad=0.2516p pd=2.16u as=0.1626p ps=1.415u w=0.74u l=0.13u
X169 VDD a_12880_16966# a_12825_17061# VDD sg13_lv_pmos ad=1.30717p pd=8.395u as=93.45f ps=0.865u w=0.42u l=0.13u
X170 _208_.X a_4625_16800# a_4796_17044# VDD sg13_lv_pmos ad=0.3808p pd=2.92u as=0.2128p ps=1.5u w=1.12u l=0.13u
X171 GND.t132 a_2565_16007# a_2667_16007# GND.t218 sg13_lv_nmos ad=2.85425p pd=18.015u as=0.2516p ps=2.16u w=0.74u l=0.13u
X172 _247_.CLK a_3380_13690# GND.t1419 GND.t1 sg13_lv_nmos ad=0.1406p pd=1.12u as=0.1406p ps=1.12u w=0.74u l=0.13u
X173 GND.t1296 VDD GND.t1298 GND.t1297 sg13_lv_nmos ad=79.8f pd=0.8u as=0 ps=0 w=0.42u l=1u
X174 GND.t111 _183_.Y a_8050_10326# GND.t316 sg13_lv_nmos ad=0.1406p pd=1.12u as=0.1406p ps=1.12u w=0.74u l=0.15u
X175 a_16079_11821# a_15237_11471# a_15985_11821# GND.t128 sg13_lv_nmos ad=0.12665p pd=1.145u as=0.1428p ps=1.52u w=0.42u l=0.13u
X176 GND.t984 a_3886_10702# clkbuf_1_0__f_sclk.A GND.t1528 sg13_lv_nmos ad=0.1406p pd=1.12u as=0.1406p ps=1.12u w=0.74u l=0.13u
X177 a_10308_17933# a_10539_17519# a_9994_17476# GND.t114 sg13_lv_nmos ad=0.2373p pd=1.97u as=79.8f ps=0.8u w=0.42u l=0.13u
X178 a_7634_8802# _168_.Y GND.t1496 GND.t116 sg13_lv_nmos ad=0.1406p pd=1.12u as=0.2886p ps=2.26u w=0.74u l=0.13u
X179 VDD _228_.Y a_9994_9409# VDD sg13_lv_pmos ad=0.1563p pd=1.22u as=0.147p ps=1.54u w=0.42u l=0.13u
X180 GND.t173 VDD GND.t173 GND.t971 sg13_lv_nmos ad=0.1428p pd=1.52u as=0 ps=0 w=0.42u l=1u
X181 _241_.Y _236_.A VDD VDD sg13_lv_pmos ad=0.3808p pd=2.92u as=0.3808p ps=2.92u w=1.12u l=0.13u
X182 GND.t905 VDD GND.t74 GND.t904 sg13_lv_nmos ad=0.1428p pd=1.52u as=0 ps=0 w=0.42u l=1u
X183 a_6528_8475# _168_.A VDD VDD sg13_lv_pmos ad=0.1596p pd=1.22u as=0.4536p ps=2.76u w=0.84u l=0.13u
X184 GND.t8 a_16079_9263# a_16746_9484# GND.t7 sg13_lv_nmos ad=0.1406p pd=1.12u as=0.2516p ps=2.16u w=0.74u l=0.13u
X185 a_6949_5782# _210_.A GND.t475 GND.t20 sg13_lv_nmos ad=0.1406p pd=1.12u as=0.14505p ps=1.15u w=0.74u l=0.13u
X186 GND.t192 _222_.Y a_1956_16746# GND.t332 sg13_lv_nmos ad=0.1626p pd=1.415u as=60.89999f ps=0.71u w=0.42u l=0.13u
X187 VDD GND.t772 VDD VDD sg13_lv_pmos ad=0.34p pd=2.68u as=0 ps=0 w=1u l=1u
X188 GND.t745 VDD GND.t744 GND.t743 sg13_lv_nmos ad=0.1428p pd=1.52u as=0 ps=0 w=0.42u l=1u
X189 a_2301_4654# _124_.S GND.t71 GND.t1477 sg13_lv_nmos ad=0.13135p pd=1.095u as=0.18945p ps=1.27u w=0.74u l=0.13u
X190 a_8501_10702# _181_.Y GND.t471 GND.t470 sg13_lv_nmos ad=0.1406p pd=1.12u as=0.1898p ps=1.36u w=0.74u l=0.13u
X191 a_10737_3900# _243_.Q VDD VDD sg13_lv_pmos ad=0.1225p pd=1.245u as=0.36p ps=2.72u w=1u l=0.13u
X192 a_2342_4338# a_3147_3911# a_2602_3868# VDD sg13_lv_pmos ad=0.1428p pd=1.52u as=79.8f ps=0.8u w=0.42u l=0.13u
X193 a_7908_16000# a_8427_16007# a_9167_16357# GND.t525 sg13_lv_nmos ad=0.3473p pd=2.71u as=0.12665p ps=1.145u w=0.74u l=0.13u
X194 a_6885_4629# _251_.CLK GND.t65 GND.t154 sg13_lv_nmos ad=0.2516p pd=2.16u as=4.10715p ps=27.105u w=0.74u l=0.13u
X195 a_13824_7989# _160_.B VDD VDD sg13_lv_pmos ad=0.1596p pd=1.22u as=0.4536p ps=2.76u w=0.84u l=0.13u
X196 VDD _166_.A _170_.B VDD sg13_lv_pmos ad=0.3808p pd=2.92u as=0.2128p ps=1.5u w=1.12u l=0.13u
X197 GND.t173 VDD GND.t173 GND.t1004 sg13_lv_nmos ad=0.1428p pd=1.52u as=0 ps=0 w=0.42u l=1u
X198 VDD a_3886_10702# clkbuf_1_0__f_sclk.A VDD sg13_lv_pmos ad=0.2128p pd=1.5u as=0.2128p ps=1.5u w=1.12u l=0.13u
X199 fanout8.A a_1192_17508# VDD VDD sg13_lv_pmos ad=0.42p pd=2.99u as=0.2114p ps=1.54u w=1.12u l=0.13u
X200 a_7553_14832# _186_.Y _202_.Y GND.t99 sg13_lv_nmos ad=0.1406p pd=1.12u as=0.1406p ps=1.12u w=0.74u l=0.13u
X201 a_1580_12936# fanout8.A VDD VDD sg13_lv_pmos ad=0.2856p pd=2.36u as=0.2114p ps=1.54u w=0.84u l=0.13u
X202 VDD _170_.Y a_8014_8492# VDD sg13_lv_pmos ad=0.2618p pd=1.63u as=0.2856p ps=2.36u w=0.84u l=0.13u
X203 a_12132_12528# a_12651_12332# a_13391_12287# GND.t468 sg13_lv_nmos ad=0.3473p pd=2.71u as=0.12665p ps=1.145u w=0.74u l=0.13u
X204 VDD _180_.X a_8603_9484# VDD sg13_lv_pmos ad=0.2128p pd=1.5u as=0.2128p ps=1.5u w=1.12u l=0.13u
X205 a_2298_10318# a_2232_10210# GND.t183 GND.t429 sg13_lv_nmos ad=0.3367p pd=1.65u as=0.148p ps=1.14u w=0.74u l=0.13u
X206 a_16281_11583# a_15339_11471# a_16079_11821# VDD sg13_lv_pmos ad=93.45f pd=0.865u as=0.2048p ps=1.63u w=0.42u l=0.13u
X207 GND.t116 a_15237_8447# a_15339_8447# GND.t441 sg13_lv_nmos ad=4.0443p pd=25.39u as=0.2516p ps=2.16u w=0.74u l=0.13u
X208 a_6320_10296# _174_.Y a_6218_10296# GND.t495 sg13_lv_nmos ad=0.1216p pd=1.02u as=0.1216p ps=1.02u w=0.64u l=0.13u
X209 GND.t111 _178_.Y _185_.Y GND.t110 sg13_lv_nmos ad=0.2516p pd=2.16u as=0.1406p ps=1.12u w=0.74u l=0.13u
X210 _201_.Y a_6286_15276# GND.t187 GND.t186 sg13_lv_nmos ad=0.1406p pd=1.12u as=0.17255p ps=1.25u w=0.74u l=0.13u
X211 GND.t79 VDD GND.t79 GND.t1104 sg13_lv_nmos ad=79.8f pd=0.8u as=0 ps=0 w=0.42u l=1u
X212 VDD _250_.RESET_B a_2122_15964# VDD sg13_lv_pmos ad=0.1563p pd=1.22u as=0.147p ps=1.54u w=0.42u l=0.13u
X213 VDD GND.t958 VDD VDD sg13_lv_pmos ad=0.34p pd=2.68u as=0 ps=0 w=1u l=1u
X214 VDD GND.t1021 VDD VDD sg13_lv_pmos ad=0.34p pd=2.68u as=0 ps=0 w=1u l=1u
X215 VDD GND.t984 VDD VDD sg13_lv_pmos ad=0.19p pd=1.38u as=0 ps=0 w=1u l=1u
X216 a_14820_11464# a_14794_11428# GND.t40 GND.t150 sg13_lv_nmos ad=0.2516p pd=2.16u as=0.1626p ps=1.415u w=0.74u l=0.13u
X217 GND.t230 VDD GND.t230 GND.t844 sg13_lv_nmos ad=79.8f pd=0.8u as=0 ps=0 w=0.42u l=1u
X218 GND.t1352 _148_.B a_4913_13330# GND.t1 sg13_lv_nmos ad=0.15245p pd=1.17u as=0.17462p ps=1.185u w=0.55u l=0.13u
X219 a_6442_4873# a_6885_4629# a_6825_5041# VDD sg13_lv_pmos ad=79.8f pd=0.8u as=63f ps=0.72u w=0.42u l=0.13u
X220 _210_.B a_6810_3863# GND.t152 GND.t151 sg13_lv_nmos ad=0.1628p pd=1.18u as=0.3108p ps=2.32u w=0.74u l=0.13u
X221 GND.t651 VDD GND.t651 GND.t653 sg13_lv_nmos ad=79.8f pd=0.8u as=0 ps=0 w=0.42u l=1u
X222 VDD GND.t285 VDD VDD sg13_lv_pmos ad=0.19p pd=1.38u as=0 ps=0 w=1u l=1u
X223 GND.t733 VDD GND.t30 GND.t732 sg13_lv_nmos ad=79.8f pd=0.8u as=0 ps=0 w=0.42u l=1u
X224 VDD GND.t399 VDD VDD sg13_lv_pmos ad=0.34p pd=2.68u as=0 ps=0 w=1u l=1u
X225 a_10020_9504# a_9994_9409# VDD VDD sg13_lv_pmos ad=0.34p pd=2.68u as=0.36237p ps=2.605u w=1u l=0.13u
X226 _259_.RESET_B _222_.A GND.t335 GND.t16 sg13_lv_nmos ad=0.2516p pd=2.16u as=0.2516p ps=2.16u w=0.74u l=0.13u
X227 GND.t132 a_8325_16007# a_8427_16007# GND.t565 sg13_lv_nmos ad=2.85425p pd=18.015u as=0.2516p ps=2.16u w=0.74u l=0.13u
X228 a_15983_12287# a_15141_12189# a_15889_12287# GND.t582 sg13_lv_nmos ad=0.12665p pd=1.145u as=0.1428p ps=1.52u w=0.42u l=0.13u
X229 _149_.A a_16650_5412# GND.t141 GND.t91 sg13_lv_nmos ad=0.2516p pd=2.16u as=0.1406p ps=1.12u w=0.74u l=0.13u
X230 VDD GND.t772 VDD VDD sg13_lv_pmos ad=0.19p pd=1.38u as=0 ps=0 w=1u l=1u
X231 a_6962_9194# _178_.B1 GND.t124 GND.t116 sg13_lv_nmos ad=0.1406p pd=1.12u as=0.2886p ps=2.26u w=0.74u l=0.13u
X232 a_15108_8861# a_15339_8447# a_14794_8404# GND.t138 sg13_lv_nmos ad=0.2373p pd=1.97u as=79.8f ps=0.8u w=0.42u l=0.13u
X233 GND.t34 VDD GND.t34 GND.t920 sg13_lv_nmos ad=79.8f pd=0.8u as=0 ps=0 w=0.42u l=1u
X234 GND.t1131 VDD GND.t1132 GND.t20 sg13_lv_nmos ad=0.1428p pd=1.52u as=0 ps=0 w=0.42u l=1u
X235 _179_.Y _177_.X GND.t113 GND.t534 sg13_lv_nmos ad=0.1406p pd=1.12u as=0.2516p ps=2.16u w=0.74u l=0.13u
X236 a_2620_17878# _118_.A0 a_2126_17774# GND.t487 sg13_lv_nmos ad=0.13135p pd=1.095u as=0.1628p ps=1.18u w=0.74u l=0.13u
X237 a_2122_12940# a_2565_12983# a_1862_13410# GND.t340 sg13_lv_nmos ad=79.8f pd=0.8u as=0.1296p ps=1.52u w=0.42u l=0.13u
X238 a_2244_12528# a_2218_12433# GND.t175 GND.t184 sg13_lv_nmos ad=0.2516p pd=2.16u as=0.1626p ps=1.415u w=0.74u l=0.13u
X239 a_2512_5782# _210_.A a_2398_5782# GND.t106 sg13_lv_nmos ad=0.3367p pd=1.65u as=0.1628p ps=1.18u w=0.74u l=0.13u
X240 _210_.A a_5226_4948# GND.t354 GND.t464 sg13_lv_nmos ad=0.2516p pd=2.16u as=0.1406p ps=1.12u w=0.74u l=0.13u
X241 a_12518_16434# _135_.X VDD VDD sg13_lv_pmos ad=79.8f pd=0.8u as=0.1428p ps=1.52u w=0.42u l=0.13u
X242 GND.t544 a_12992_15437# _135_.X GND.t543 sg13_lv_nmos ad=0.1331p pd=1.12u as=0.2516p ps=2.16u w=0.74u l=0.13u
X243 a_3014_4650# _242_.D VDD VDD sg13_lv_pmos ad=79.8f pd=0.8u as=0.1428p ps=1.52u w=0.42u l=0.13u
X244 a_2853_9165# _243_.CLK GND.t116 GND.t617 sg13_lv_nmos ad=0.2516p pd=2.16u as=3.59495p ps=22.57u w=0.74u l=0.13u
X245 a_8352_11013# _179_.Y VDD VDD sg13_lv_pmos ad=0.1596p pd=1.22u as=0.4536p ps=2.76u w=0.84u l=0.13u
X246 _192_.Y _192_.C VDD VDD sg13_lv_pmos ad=0.2128p pd=1.5u as=0.3808p ps=2.92u w=1.12u l=0.13u
X247 fanout6.A a_10218_17044# VDD VDD sg13_lv_pmos ad=0.3808p pd=2.92u as=0.2128p ps=1.5u w=1.12u l=0.13u
X248 _119_.A0 a_4074_12972# VDD VDD sg13_lv_pmos ad=0.3808p pd=2.92u as=0.2128p ps=1.5u w=1.12u l=0.13u
X249 VDD GND.t1111 VDD VDD sg13_lv_pmos ad=0.34p pd=2.68u as=0 ps=0 w=1u l=1u
X250 GND.t958 VDD GND.t958 GND.t961 sg13_lv_nmos ad=0.1428p pd=1.52u as=0 ps=0 w=0.42u l=1u
X251 GND.t661 VDD GND.t661 GND.t702 sg13_lv_nmos ad=0.1428p pd=1.52u as=0 ps=0 w=0.42u l=1u
X252 a_15861_16904# _238_.Y VDD VDD sg13_lv_pmos ad=0.147p pd=1.54u as=0.1563p ps=1.22u w=0.42u l=0.13u
X253 a_15081_5459# a_14724_5416# VDD VDD sg13_lv_pmos ad=63f pd=0.72u as=0.1563p ps=1.22u w=0.42u l=0.13u
X254 a_12215_7664# _162_.Y GND.t79 GND.t1397 sg13_lv_nmos ad=0.1406p pd=1.12u as=0.3811p ps=2.51u w=0.74u l=0.13u
X255 GND.t1140 VDD GND.t1142 GND.t20 sg13_lv_nmos ad=79.8f pd=0.8u as=0 ps=0 w=0.42u l=1u
X256 a_8315_10744# _179_.Y GND.t111 GND.t1409 sg13_lv_nmos ad=78.39999f pd=0.885u as=0.2272p ps=1.99u w=0.64u l=0.13u
X257 _250_.Q a_4074_15996# GND.t237 GND.t16 sg13_lv_nmos ad=0.2516p pd=2.16u as=0.1406p ps=1.12u w=0.74u l=0.13u
X258 _218_.Y _215_.A VDD VDD sg13_lv_pmos ad=0.3808p pd=2.92u as=0.3808p ps=2.92u w=1.12u l=0.13u
X259 VDD GND.t115 VDD VDD sg13_lv_pmos ad=0.19p pd=1.38u as=0 ps=0 w=1u l=1u
X260 VDD GND.t456 VDD VDD sg13_lv_pmos ad=0.34p pd=2.68u as=0 ps=0 w=1u l=1u
X261 a_13019_6460# _152_.X _153_.Y VDD sg13_lv_pmos ad=0.2128p pd=1.5u as=0.3808p ps=2.92u w=1.12u l=0.13u
X262 VDD GND.t192 VDD VDD sg13_lv_pmos ad=0.34p pd=2.68u as=0 ps=0 w=1u l=1u
X263 _153_.Y _152_.X GND.t189 GND.t20 sg13_lv_nmos ad=0.1406p pd=1.12u as=0.2516p ps=2.16u w=0.74u l=0.13u
X264 _219_.Y _215_.A GND.t225 GND.t363 sg13_lv_nmos ad=0.2516p pd=2.16u as=0.2516p ps=2.16u w=0.74u l=0.13u
X265 a_12992_15437# _135_.A a_13129_15280# GND.t1458 sg13_lv_nmos ad=0.2176p pd=1.96u as=0.1216p ps=1.02u w=0.64u l=0.13u
X266 a_2661_12189# _247_.CLK VDD VDD sg13_lv_pmos ad=0.4088p pd=2.97u as=1.36162p ps=8.745u w=1.12u l=0.13u
X267 a_6862_15260# _200_.Y GND.t266 GND.t1556 sg13_lv_nmos ad=0.1406p pd=1.12u as=0.2516p ps=2.16u w=0.74u l=0.13u
X268 GND.t1042 a_3956_6888# _243_.CLK GND.t1385 sg13_lv_nmos ad=0.1406p pd=1.12u as=0.1406p ps=1.12u w=0.74u l=0.13u
X269 a_10377_9577# a_10020_9504# VDD VDD sg13_lv_pmos ad=63f pd=0.72u as=0.1563p ps=1.22u w=0.42u l=0.13u
X270 VDD GND.t49 VDD VDD sg13_lv_pmos ad=0.19p pd=1.38u as=0 ps=0 w=1u l=1u
X271 VDD GND.t1152 VDD VDD sg13_lv_pmos ad=0.34p pd=2.68u as=0 ps=0 w=1u l=1u
X272 a_16281_8559# a_15339_8447# a_16079_8797# VDD sg13_lv_pmos ad=93.45f pd=0.865u as=0.2048p ps=1.63u w=0.42u l=0.13u
X273 a_16402_5850# _226_.Y GND.t92 GND.t91 sg13_lv_nmos ad=37.8f pd=0.6u as=79.8f ps=0.8u w=0.42u l=0.13u
X274 VDD _260_.RESET_B a_14794_9409# VDD sg13_lv_pmos ad=0.1563p pd=1.22u as=0.147p ps=1.54u w=0.42u l=0.13u
X275 GND.t121 a_2661_12189# a_2763_12332# GND.t412 sg13_lv_nmos ad=3.6571p pd=23.85u as=0.2516p ps=2.16u w=0.74u l=0.13u
X276 VDD GND.t79 VDD VDD sg13_lv_pmos ad=0.19p pd=1.38u as=0 ps=0 w=1u l=1u
X277 a_6389_9484# _173_.Y VDD VDD sg13_lv_pmos ad=0.2128p pd=1.5u as=0.2128p ps=1.5u w=1.12u l=0.13u
X278 a_5147_15996# _207_.A2 VDD VDD sg13_lv_pmos ad=0.3808p pd=2.92u as=0.2128p ps=1.5u w=1.12u l=0.13u
X279 a_11279_9263# a_10437_9165# a_10020_9504# VDD sg13_lv_pmos ad=0.2048p pd=1.63u as=0.34p ps=2.68u w=1u l=0.13u
X280 GND.t147 a_15599_15311# a_16266_15532# GND.t146 sg13_lv_nmos ad=0.1406p pd=1.12u as=0.2516p ps=2.16u w=0.74u l=0.13u
X281 VDD GND.t296 VDD VDD sg13_lv_pmos ad=0.34p pd=2.68u as=0 ps=0 w=1u l=1u
X282 a_2342_4338# _243_.D VDD VDD sg13_lv_pmos ad=79.8f pd=0.8u as=0.1428p ps=1.52u w=0.42u l=0.13u
X283 GND.t12 _147_.B1 _147_.Y GND.t107 sg13_lv_nmos ad=0.2516p pd=2.16u as=0.1406p ps=1.12u w=0.74u l=0.13u
X284 GND.t475 _210_.B a_6747_5468# GND.t20 sg13_lv_nmos ad=0.14505p pd=1.15u as=0.187p ps=1.78u w=0.55u l=0.13u
X285 GND.t196 VDD GND.t196 GND.t796 sg13_lv_nmos ad=0.1428p pd=1.52u as=0 ps=0 w=0.42u l=1u
X286 GND.t198 _148_.X a_13775_5782# GND.t20 sg13_lv_nmos ad=0.1898p pd=1.36u as=0.1406p ps=1.12u w=0.74u l=0.13u
X287 _243_.CLK a_3956_6888# GND.t1042 GND.t1382 sg13_lv_nmos ad=0.1406p pd=1.12u as=0.1406p ps=1.12u w=0.74u l=0.13u
X288 a_6011_13320# _190_.A GND.t9 GND.t1 sg13_lv_nmos ad=78.39999f pd=0.885u as=0.2272p ps=1.99u w=0.64u l=0.13u
X289 _128_.B1 _260_.CLK VDD VDD sg13_lv_pmos ad=0.2128p pd=1.5u as=0.3808p ps=2.92u w=1.12u l=0.13u
X290 GND.t79 VDD GND.t79 GND.t1106 sg13_lv_nmos ad=79.8f pd=0.8u as=0 ps=0 w=0.42u l=1u
X291 VDD GND.t90 VDD VDD sg13_lv_pmos ad=0.34p pd=2.68u as=0 ps=0 w=1u l=1u
X292 a_13030_16421# _237_.Y GND.t3 GND.t6 sg13_lv_nmos ad=37.8f pd=0.6u as=0.1701p ps=1.65u w=0.42u l=0.13u
X293 _187_.Y _120_.A0 VDD VDD sg13_lv_pmos ad=0.2128p pd=1.5u as=0.3808p ps=2.92u w=1.12u l=0.13u
X294 GND.t776 VDD GND.t300 GND.t822 sg13_lv_nmos ad=79.8f pd=0.8u as=0 ps=0 w=0.42u l=1u
X295 a_12420_12223# a_12132_12528# a_12358_12223# GND.t108 sg13_lv_nmos ad=0.1428p pd=1.52u as=37.8f ps=0.6u w=0.42u l=0.13u
X296 a_7872_5451# _145_.A2 a_7835_5760# GND.t20 sg13_lv_nmos ad=0.2176p pd=1.96u as=78.39999f ps=0.885u w=0.64u l=0.13u
X297 _247_.CLK a_3380_13690# VDD VDD sg13_lv_pmos ad=0.2128p pd=1.5u as=0.3976p ps=2.95u w=1.12u l=0.13u
X298 GND.t1042 a_3956_6888# _243_.CLK GND.t1379 sg13_lv_nmos ad=0.1406p pd=1.12u as=0.1406p ps=1.12u w=0.74u l=0.13u
X299 VDD _207_.A2 a_5376_17061# VDD sg13_lv_pmos ad=0.2891p pd=1.695u as=0.1596p ps=1.22u w=0.84u l=0.13u
X300 a_11590_16759# _241_.Y GND.t552 GND.t29 sg13_lv_nmos ad=37.8f pd=0.6u as=0.1701p ps=1.65u w=0.42u l=0.13u
X301 a_3274_5380# a_3717_5423# a_3014_5850# GND.t438 sg13_lv_nmos ad=79.8f pd=0.8u as=0.1296p ps=1.52u w=0.42u l=0.13u
X302 VDD GND.t329 VDD VDD sg13_lv_pmos ad=0.19p pd=1.38u as=0 ps=0 w=1u l=1u
X303 VDD _124_.S a_2558_15532# VDD sg13_lv_pmos ad=0.253p pd=1.53u as=0.3325p ps=1.665u w=1u l=0.13u
X304 GND.t984 VDD GND.t984 GND.t987 sg13_lv_nmos ad=79.8f pd=0.8u as=0 ps=0 w=0.42u l=1u
X305 VDD _191_.Y a_6862_15532# VDD sg13_lv_pmos ad=0.3808p pd=2.92u as=0.2128p ps=1.5u w=1.12u l=0.13u
X306 a_14534_11898# a_15339_11471# a_14794_11428# VDD sg13_lv_pmos ad=0.1428p pd=1.52u as=79.8f ps=0.8u w=0.42u l=0.13u
X307 a_2436_8440# a_2410_8404# VDD VDD sg13_lv_pmos ad=0.34p pd=2.68u as=0.36237p ps=2.605u w=1u l=0.13u
X308 VDD _240_.Y a_9994_17476# VDD sg13_lv_pmos ad=0.1563p pd=1.22u as=0.147p ps=1.54u w=0.42u l=0.13u
X309 a_4890_16762# _250_.Q GND.t238 GND.t16 sg13_lv_nmos ad=88.8f pd=0.98u as=0.15245p ps=1.17u w=0.74u l=0.13u
X310 a_2232_7868# _124_.S GND.t408 GND.t1474 sg13_lv_nmos ad=0.187p pd=1.78u as=0.18945p ps=1.27u w=0.55u l=0.13u
X311 GND.t1212 VDD GND.t12 GND.t1211 sg13_lv_nmos ad=0.1428p pd=1.52u as=0 ps=0 w=0.42u l=1u
X312 _134_.Y _133_.Y a_12886_13350# GND.t443 sg13_lv_nmos ad=0.2516p pd=2.16u as=0.1406p ps=1.12u w=0.74u l=0.15u
X313 _247_.CLK a_3380_13690# GND.t185 GND.t1 sg13_lv_nmos ad=0.1406p pd=1.12u as=0.1406p ps=1.12u w=0.74u l=0.13u
X314 VDD GND.t1143 VDD VDD sg13_lv_pmos ad=0.34p pd=2.68u as=0 ps=0 w=1u l=1u
X315 GND.t115 VDD GND.t115 GND.t115 sg13_lv_nmos ad=79.8f pd=0.8u as=0 ps=0 w=0.42u l=1u
X316 a_11338_16969# a_11781_16725# a_11721_17137# VDD sg13_lv_pmos ad=79.8f pd=0.8u as=63f ps=0.72u w=0.42u l=0.13u
X317 a_12778_15964# a_13221_16007# a_12518_16434# GND.t1541 sg13_lv_nmos ad=79.8f pd=0.8u as=0.1296p ps=1.52u w=0.42u l=0.13u
X318 a_8506_10318# _171_.Y _183_.Y GND.t576 sg13_lv_nmos ad=0.1406p pd=1.12u as=0.2516p ps=2.16u w=0.74u l=0.13u
X319 GND.t121 a_12549_12189# a_12651_12332# GND.t376 sg13_lv_nmos ad=3.6571p pd=23.85u as=0.2516p ps=2.16u w=0.74u l=0.13u
X320 GND.t1301 VDD GND.t1300 GND.t1299 sg13_lv_nmos ad=0.1428p pd=1.52u as=0 ps=0 w=0.42u l=1u
X321 a_15141_5423# _251_.CLK VDD VDD sg13_lv_pmos ad=0.4088p pd=2.97u as=1.42082p ps=9.125u w=1.12u l=0.13u
X322 VDD _218_.Y a_2410_8404# VDD sg13_lv_pmos ad=0.1563p pd=1.22u as=0.147p ps=1.54u w=0.42u l=0.13u
X323 VDD _256_.RESET_B a_9130_12433# VDD sg13_lv_pmos ad=0.1563p pd=1.22u as=0.147p ps=1.54u w=0.42u l=0.13u
X324 _147_.A1 a_11274_4948# GND.t12 GND.t176 sg13_lv_nmos ad=0.2516p pd=2.16u as=0.1406p ps=1.12u w=0.74u l=0.13u
X325 a_13321_7272# _160_.B GND.t79 GND.t482 sg13_lv_nmos ad=0.1216p pd=1.02u as=0.1331p ps=1.12u w=0.64u l=0.13u
X326 VDD a_16240_5654# a_16185_5535# VDD sg13_lv_pmos ad=1.48542p pd=9.54u as=93.45f ps=0.865u w=0.42u l=0.13u
X327 a_2575_5436# _125_.A1 a_2398_5782# VDD sg13_lv_pmos ad=0.2975p pd=1.595u as=0.2225p ps=1.445u w=1u l=0.13u
X328 GND.t79 _162_.B a_13073_7728# GND.t569 sg13_lv_nmos ad=0.15245p pd=1.17u as=0.17462p ps=1.185u w=0.55u l=0.13u
X329 GND.t132 a_8709_16725# a_8811_16868# GND.t283 sg13_lv_nmos ad=2.85425p pd=18.015u as=0.2516p ps=2.16u w=0.74u l=0.13u
X330 GND.t104 VDD GND.t104 GND.t645 sg13_lv_nmos ad=0.1428p pd=1.52u as=0 ps=0 w=0.42u l=1u
X331 GND.t1206 VDD GND.t1208 GND.t1207 sg13_lv_nmos ad=79.8f pd=0.8u as=0 ps=0 w=0.42u l=1u
X332 VDD GND.t53 VDD VDD sg13_lv_pmos ad=0.19p pd=1.38u as=0 ps=0 w=1u l=1u
X333 GND.t65 a_3717_4629# a_3819_4772# GND.t268 sg13_lv_nmos ad=4.7917p pd=31.625u as=0.2516p ps=2.16u w=0.74u l=0.13u
X334 _207_.Y _207_.B1 GND.t227 GND.t16 sg13_lv_nmos ad=0.1406p pd=1.12u as=0.2516p ps=2.16u w=0.74u l=0.13u
X335 VDD GND.t67 VDD VDD sg13_lv_pmos ad=0.34p pd=2.68u as=0 ps=0 w=1u l=1u
X336 a_8709_16725# fanout7.A VDD VDD sg13_lv_pmos ad=0.4088p pd=2.97u as=1.30717p ps=8.395u w=1.12u l=0.13u
X337 a_5084_12972# _148_.B VDD VDD sg13_lv_pmos ad=0.2128p pd=1.5u as=0.2128p ps=1.5u w=1.12u l=0.13u
X338 VDD _145_.X a_13820_4948# VDD sg13_lv_pmos ad=0.2128p pd=1.5u as=0.3808p ps=2.92u w=1.12u l=0.13u
X339 _214_.A a_11946_17508# GND.t243 GND.t115 sg13_lv_nmos ad=0.2516p pd=2.16u as=0.1406p ps=1.12u w=0.74u l=0.13u
X340 GND.t1359 a_3380_13690# _247_.CLK GND.t1 sg13_lv_nmos ad=0.1406p pd=1.12u as=0.1406p ps=1.12u w=0.74u l=0.13u
X341 a_4761_5535# a_3819_5423# a_4559_5773# VDD sg13_lv_pmos ad=93.45f pd=0.865u as=0.2048p ps=1.63u w=0.42u l=0.13u
X342 VDD a_10220_18222# _236_.A VDD sg13_lv_pmos ad=0.2114p pd=1.54u as=0.42p ps=2.99u w=1.12u l=0.13u
X343 a_3503_12287# a_2661_12189# a_3409_12287# GND.t413 sg13_lv_nmos ad=0.12665p pd=1.145u as=0.1428p ps=1.52u w=0.42u l=0.13u
X344 _192_.B _176_.B VDD VDD sg13_lv_pmos ad=0.2128p pd=1.5u as=0.3808p ps=2.92u w=1.12u l=0.13u
X345 GND.t14 _252_.RESET_B a_9156_4650# GND.t15 sg13_lv_nmos ad=0.1626p pd=1.415u as=60.89999f ps=0.71u w=0.42u l=0.13u
X346 a_2301_5782# _124_.S GND.t20 GND.t106 sg13_lv_nmos ad=0.13135p pd=1.095u as=0.18945p ps=1.27u w=0.74u l=0.13u
X347 a_15177_9577# a_14820_9504# VDD VDD sg13_lv_pmos ad=63f pd=0.72u as=0.1563p ps=1.22u w=0.42u l=0.13u
X348 a_12804_16000# a_12778_15964# VDD VDD sg13_lv_pmos ad=0.34p pd=2.68u as=0.36237p ps=2.605u w=1u l=0.13u
X349 VDD GND.t147 VDD VDD sg13_lv_pmos ad=0.34p pd=2.68u as=0 ps=0 w=1u l=1u
X350 VDD _174_.Y _184_.Y VDD sg13_lv_pmos ad=0.2128p pd=1.5u as=0.2128p ps=1.5u w=1.12u l=0.13u
X351 GND.t115 VDD GND.t115 GND.t670 sg13_lv_nmos ad=0.1428p pd=1.52u as=0 ps=0 w=0.42u l=1u
X352 VDD GND.t1059 VDD VDD sg13_lv_pmos ad=0.19p pd=1.38u as=0 ps=0 w=1u l=1u
X353 a_16079_9263# a_15237_9165# a_14820_9504# VDD sg13_lv_pmos ad=0.2048p pd=1.63u as=0.34p ps=2.68u w=1u l=0.13u
X354 GND.t1442 a_3380_13690# _247_.CLK GND.t1 sg13_lv_nmos ad=0.1406p pd=1.12u as=0.1406p ps=1.12u w=0.74u l=0.13u
X355 _173_.Y _173_.A VDD VDD sg13_lv_pmos ad=0.2128p pd=1.5u as=0.3808p ps=2.92u w=1.12u l=0.13u
X356 a_8564_5412# _138_.Y VDD VDD sg13_lv_pmos ad=0.3808p pd=2.92u as=0.2128p ps=1.5u w=1.12u l=0.13u
X357 a_3952_9406# a_3695_9263# a_4114_9186# GND.t116 sg13_lv_nmos ad=0.1428p pd=1.52u as=37.8f ps=0.6u w=0.42u l=0.13u
X358 GND.t192 a_1580_16710# _222_.A GND.t118 sg13_lv_nmos ad=0.14875p pd=1.16u as=0.2886p ps=2.26u w=0.74u l=0.13u
X359 VDD GND.t651 VDD VDD sg13_lv_pmos ad=0.34p pd=2.68u as=0 ps=0 w=1u l=1u
X360 a_10895_8436# _160_.X VDD VDD sg13_lv_pmos ad=0.2128p pd=1.5u as=0.2128p ps=1.5u w=1.12u l=0.13u
X361 a_8705_9212# _180_.X _181_.Y GND.t116 sg13_lv_nmos ad=0.1406p pd=1.12u as=0.1406p ps=1.12u w=0.74u l=0.13u
X362 a_14438_5850# _151_.X VDD VDD sg13_lv_pmos ad=79.8f pd=0.8u as=0.1428p ps=1.52u w=0.42u l=0.13u
X363 a_13787_7720# _160_.B GND.t79 GND.t480 sg13_lv_nmos ad=78.39999f pd=0.885u as=0.2272p ps=1.99u w=0.64u l=0.13u
X364 _147_.B1 a_11661_4696# GND.t12 GND.t88 sg13_lv_nmos ad=0.2516p pd=2.16u as=0.1331p ps=1.12u w=0.74u l=0.13u
X365 a_14314_15457# a_14757_15213# a_14697_15625# VDD sg13_lv_pmos ad=79.8f pd=0.8u as=63f ps=0.72u w=0.42u l=0.13u
X366 GND.t1024 VDD GND.t116 GND.t1038 sg13_lv_nmos ad=0.1428p pd=1.52u as=0 ps=0 w=0.42u l=1u
X367 a_5339_16792# _207_.A1 GND.t314 GND.t16 sg13_lv_nmos ad=78.39999f pd=0.885u as=0.2272p ps=1.99u w=0.64u l=0.13u
X368 VDD GND.t742 VDD VDD sg13_lv_pmos ad=0.19p pd=1.38u as=0 ps=0 w=1u l=1u
X369 a_12984_12952# _148_.B VDD VDD sg13_lv_pmos ad=0.2128p pd=1.5u as=0.3808p ps=2.92u w=1.12u l=0.15u
X370 GND.t296 VDD GND.t296 GND.t915 sg13_lv_nmos ad=0.1428p pd=1.52u as=0 ps=0 w=0.42u l=1u
X371 GND.t71 _243_.RESET_B a_2436_4338# GND.t70 sg13_lv_nmos ad=0.1626p pd=1.415u as=60.89999f ps=0.71u w=0.42u l=0.13u
X372 GND.t1306 VDD GND.t1305 GND.t1304 sg13_lv_nmos ad=0.1428p pd=1.52u as=0 ps=0 w=0.42u l=1u
X373 VDD GND.t683 VDD VDD sg13_lv_pmos ad=0.19p pd=1.38u as=0 ps=0 w=1u l=1u
X374 a_1580_12936# fanout8.A GND.t364 GND.t148 sg13_lv_nmos ad=0.187p pd=1.78u as=0.14875p ps=1.16u w=0.55u l=0.13u
X375 GND.t894 VDD GND.t212 GND.t184 sg13_lv_nmos ad=0.1428p pd=1.52u as=0 ps=0 w=0.42u l=1u
X376 _133_.Y _132_.Y GND.t522 GND.t1478 sg13_lv_nmos ad=0.2618p pd=2.22u as=0.1463p ps=1.15u w=0.77u l=0.13u
X377 a_2232_11722# _124_.S VDD VDD sg13_lv_pmos ad=0.2856p pd=2.36u as=0.253p ps=1.53u w=0.84u l=0.13u
X378 a_13649_4704# _145_.X GND.t209 GND.t382 sg13_lv_nmos ad=0.17462p pd=1.185u as=0.374p ps=2.46u w=0.55u l=0.13u
X379 a_3956_6888# clkbuf_1_0__f_sclk.A GND.t1050 GND.t1368 sg13_lv_nmos ad=0.1406p pd=1.12u as=0.1406p ps=1.12u w=0.74u l=0.13u
X380 GND.t115 a_10437_17519# a_10539_17519# GND.t1579 sg13_lv_nmos ad=13.15737p pd=85.385u as=0.2516p ps=2.16u w=0.74u l=0.13u
X381 GND.t65 a_9765_4629# a_9867_4772# GND.t64 sg13_lv_nmos ad=4.7917p pd=31.625u as=0.2516p ps=2.16u w=0.74u l=0.13u
X382 a_6508_15532# a_6286_15276# VDD VDD sg13_lv_pmos ad=0.1176p pd=1.33u as=0.2618p ps=1.63u w=1.12u l=0.13u
X383 VDD _221_.Y a_2122_12940# VDD sg13_lv_pmos ad=0.1563p pd=1.22u as=0.147p ps=1.54u w=0.42u l=0.13u
X384 _129_.B1 _128_.B1 a_13366_13350# GND.t358 sg13_lv_nmos ad=0.2516p pd=2.16u as=0.1406p ps=1.12u w=0.74u l=0.15u
X385 a_9444_13735# a_9675_13844# a_9130_13945# GND.t392 sg13_lv_nmos ad=0.2373p pd=1.97u as=79.8f ps=0.8u w=0.42u l=0.13u
X386 a_9382_13735# _230_.Y GND.t84 GND.t85 sg13_lv_nmos ad=37.8f pd=0.6u as=0.1701p ps=1.65u w=0.42u l=0.13u
X387 _242_.D a_2398_5782# VDD VDD sg13_lv_pmos ad=0.6048p pd=3.32u as=0.2198p ps=1.52u w=1.12u l=0.13u
X388 a_12549_7996# _161_.Y VDD VDD sg13_lv_pmos ad=0.34p pd=2.68u as=0.19p ps=1.38u w=1u l=0.13u
X389 a_7251_15996# _201_.Y VDD VDD sg13_lv_pmos ad=0.1428p pd=1.375u as=0.2891p ps=1.695u w=1.12u l=0.13u
X390 VDD GND.t243 VDD VDD sg13_lv_pmos ad=0.34p pd=2.68u as=0 ps=0 w=1u l=1u
X391 VDD a_3956_6888# _243_.CLK VDD sg13_lv_pmos ad=0.2128p pd=1.5u as=0.2128p ps=1.5u w=1.12u l=0.13u
X392 GND.t824 VDD GND.t161 GND.t825 sg13_lv_nmos ad=79.8f pd=0.8u as=0 ps=0 w=0.42u l=1u
X393 VDD _153_.Y _161_.Y VDD sg13_lv_pmos ad=0.3808p pd=2.92u as=0.2128p ps=1.5u w=1.12u l=0.13u
X394 a_6491_8784# _168_.A GND.t496 GND.t116 sg13_lv_nmos ad=78.39999f pd=0.885u as=0.2272p ps=1.99u w=0.64u l=0.13u
X395 a_5178_13330# _119_.A0 GND.t1352 GND.t1 sg13_lv_nmos ad=88.8f pd=0.98u as=0.15245p ps=1.17u w=0.74u l=0.13u
X396 a_13244_7972# _162_.B VDD VDD sg13_lv_pmos ad=0.2128p pd=1.5u as=0.2128p ps=1.5u w=1.12u l=0.13u
X397 a_7727_4727# a_6885_4629# a_7633_4727# GND.t155 sg13_lv_nmos ad=0.12665p pd=1.145u as=0.1428p ps=1.52u w=0.42u l=0.13u
X398 VDD a_3503_12287# a_3760_12430# VDD sg13_lv_pmos ad=1.42082p pd=9.125u as=79.8f ps=0.8u w=0.42u l=0.13u
X399 a_3717_5423# _243_.CLK VDD VDD sg13_lv_pmos ad=0.4088p pd=2.97u as=1.42082p ps=9.125u w=1.12u l=0.13u
X400 a_9130_13945# a_9573_13701# a_9513_14113# VDD sg13_lv_pmos ad=79.8f pd=0.8u as=63f ps=0.72u w=0.42u l=0.13u
X401 GND.t399 VDD GND.t854 GND.t853 sg13_lv_nmos ad=79.8f pd=0.8u as=0 ps=0 w=0.42u l=1u
X402 _243_.CLK a_3956_6888# VDD VDD sg13_lv_pmos ad=0.2128p pd=1.5u as=0.2128p ps=1.5u w=1.12u l=0.13u
X403 GND.t833 VDD GND.t147 GND.t834 sg13_lv_nmos ad=79.8f pd=0.8u as=0 ps=0 w=0.42u l=1u
X404 VDD _124_.S a_2171_6204# VDD sg13_lv_pmos ad=0.253p pd=1.53u as=0.2856p ps=2.36u w=0.84u l=0.13u
X405 _182_.Y _181_.Y a_8595_10996# VDD sg13_lv_pmos ad=0.2408p pd=1.55u as=0.1428p ps=1.375u w=1.12u l=0.13u
X406 VDD GND.t861 VDD VDD sg13_lv_pmos ad=0.34p pd=2.68u as=0 ps=0 w=1u l=1u
X407 a_10020_9504# a_9994_9409# GND.t130 GND.t116 sg13_lv_nmos ad=0.2516p pd=2.16u as=0.1626p ps=1.415u w=0.74u l=0.13u
X408 GND.t285 VDD GND.t79 GND.t1107 sg13_lv_nmos ad=0.1428p pd=1.52u as=0 ps=0 w=0.42u l=1u
X409 GND.t137 VDD GND.t137 GND.t804 sg13_lv_nmos ad=0.1428p pd=1.52u as=0 ps=0 w=0.42u l=1u
X410 VDD GND.t183 VDD VDD sg13_lv_pmos ad=0.19p pd=1.38u as=0 ps=0 w=1u l=1u
X411 VDD _210_.A a_6060_4166# VDD sg13_lv_pmos ad=0.4536p pd=2.76u as=0.1596p ps=1.22u w=0.84u l=0.13u
X412 VDD _124_.S a_2558_9972# VDD sg13_lv_pmos ad=0.253p pd=1.53u as=0.3325p ps=1.665u w=1u l=0.13u
X413 GND.t964 VDD GND.t958 GND.t998 sg13_lv_nmos ad=0.1428p pd=1.52u as=0 ps=0 w=0.42u l=1u
X414 _119_.A0 a_4074_12972# GND.t185 GND.t1 sg13_lv_nmos ad=0.2516p pd=2.16u as=0.1406p ps=1.12u w=0.74u l=0.13u
X415 VDD a_10672_12430# a_10617_12525# VDD sg13_lv_pmos ad=1.42082p pd=9.125u as=93.45f ps=0.865u w=0.42u l=0.13u
X416 VDD GND.t364 VDD VDD sg13_lv_pmos ad=0.34p pd=2.68u as=0 ps=0 w=1u l=1u
X417 VDD a_3956_6888# _243_.CLK VDD sg13_lv_pmos ad=0.2128p pd=1.5u as=0.2128p ps=1.5u w=1.12u l=0.13u
X418 _178_.Y _173_.Y a_6483_9212# GND.t116 sg13_lv_nmos ad=0.1406p pd=1.12u as=0.1406p ps=1.12u w=0.74u l=0.13u
X419 VDD _120_.A0 a_5468_12508# VDD sg13_lv_pmos ad=0.2128p pd=1.5u as=0.3808p ps=2.92u w=1.12u l=0.13u
X420 a_7727_4727# a_6885_4629# a_6468_4968# VDD sg13_lv_pmos ad=0.2048p pd=1.63u as=0.34p ps=2.68u w=1u l=0.13u
X421 VDD GND.t115 VDD VDD sg13_lv_pmos ad=0.19p pd=1.38u as=0 ps=0 w=1u l=1u
X422 a_15012_12223# a_14724_12528# a_14950_12223# GND.t511 sg13_lv_nmos ad=0.1428p pd=1.52u as=37.8f ps=0.6u w=0.42u l=0.13u
X423 VDD GND.t312 VDD VDD sg13_lv_pmos ad=0.19p pd=1.38u as=0 ps=0 w=1u l=1u
X424 VDD GND.t291 VDD VDD sg13_lv_pmos ad=0.34p pd=2.68u as=0 ps=0 w=1u l=1u
X425 a_13883_11460# _126_.B1 VDD VDD sg13_lv_pmos ad=0.3808p pd=2.92u as=0.2128p ps=1.5u w=1.12u l=0.13u
X426 GND.t14 _145_.B1 a_8557_4248# GND.t513 sg13_lv_nmos ad=0.3811p pd=2.51u as=0.1406p ps=1.12u w=0.74u l=0.13u
X427 VDD GND.t117 VDD VDD sg13_lv_pmos ad=0.34p pd=2.68u as=0 ps=0 w=1u l=1u
X428 a_12358_12223# _261_.RESET_B GND.t109 GND.t108 sg13_lv_nmos ad=37.8f pd=0.6u as=0.1701p ps=1.65u w=0.42u l=0.13u
X429 GND.t408 _124_.S a_2620_7678# GND.t1461 sg13_lv_nmos ad=0.18945p pd=1.27u as=0.13135p ps=1.095u w=0.74u l=0.13u
X430 a_9734_9186# a_10539_9308# a_9994_9409# VDD sg13_lv_pmos ad=0.1428p pd=1.52u as=79.8f ps=0.8u w=0.42u l=0.13u
X431 VDD _236_.Y a_14534_11898# VDD sg13_lv_pmos ad=0.36237p pd=2.605u as=79.8f ps=0.8u w=0.42u l=0.13u
X432 VDD GND.t1168 VDD VDD sg13_lv_pmos ad=0.19p pd=1.38u as=0 ps=0 w=1u l=1u
X433 _164_.B1 a_12215_7664# VDD VDD sg13_lv_pmos ad=0.2128p pd=1.5u as=0.3808p ps=2.92u w=1.12u l=0.13u
X434 VDD _189_.X a_6048_13011# VDD sg13_lv_pmos ad=0.2891p pd=1.695u as=0.1596p ps=1.22u w=0.84u l=0.13u
X435 VDD GND.t760 VDD VDD sg13_lv_pmos ad=0.34p pd=2.68u as=0 ps=0 w=1u l=1u
X436 a_4755_17508# _118_.A0 VDD VDD sg13_lv_pmos ad=0.1428p pd=1.375u as=0.2891p ps=1.695u w=1.12u l=0.13u
X437 GND.t45 _160_.X a_12110_8784# GND.t249 sg13_lv_nmos ad=0.2176p pd=1.96u as=81.6f ps=0.895u w=0.64u l=0.13u
X438 GND.t655 VDD GND.t655 GND.t654 sg13_lv_nmos ad=0.1428p pd=1.52u as=0 ps=0 w=0.42u l=1u
X439 GND.t254 _131_.A2 a_13366_13350# GND.t253 sg13_lv_nmos ad=0.1406p pd=1.12u as=0.2516p ps=2.16u w=0.74u l=0.15u
X440 a_15012_5837# a_15243_5423# a_14698_5380# GND.t139 sg13_lv_nmos ad=0.2373p pd=1.97u as=79.8f ps=0.8u w=0.42u l=0.13u
X441 GND.t1048 a_3956_6888# _243_.CLK GND.t1391 sg13_lv_nmos ad=0.1406p pd=1.12u as=0.1406p ps=1.12u w=0.74u l=0.13u
X442 GND.t40 _236_.Y a_14628_11898# GND.t1404 sg13_lv_nmos ad=0.1626p pd=1.415u as=60.89999f ps=0.71u w=0.42u l=0.13u
X443 VDD _145_.X a_13403_8436# VDD sg13_lv_pmos ad=0.2128p pd=1.5u as=0.2128p ps=1.5u w=1.12u l=0.13u
X444 GND.t858 VDD GND.t858 GND.t891 sg13_lv_nmos ad=79.8f pd=0.8u as=0 ps=0 w=0.42u l=1u
X445 VDD _215_.A _221_.Y VDD sg13_lv_pmos ad=0.3808p pd=2.92u as=0.3808p ps=2.92u w=1.12u l=0.13u
X446 a_2298_11830# a_2232_11722# GND.t175 GND.t174 sg13_lv_nmos ad=0.3367p pd=1.65u as=0.148p ps=1.14u w=0.74u l=0.13u
X447 GND.t115 VDD GND.t115 GND.t115 sg13_lv_nmos ad=0.1428p pd=1.52u as=0 ps=0 w=0.42u l=1u
X448 GND.t300 VDD GND.t776 GND.t775 sg13_lv_nmos ad=0.1428p pd=1.52u as=0 ps=0 w=0.42u l=1u
X449 a_3014_5850# _244_.D VDD VDD sg13_lv_pmos ad=79.8f pd=0.8u as=0.1428p ps=1.52u w=0.42u l=0.13u
X450 VDD a_3695_9263# a_4362_9484# VDD sg13_lv_pmos ad=0.2128p pd=1.5u as=0.3864p ps=2.93u w=1.12u l=0.13u
X451 VDD GND.t471 VDD VDD sg13_lv_pmos ad=0.19p pd=1.38u as=0 ps=0 w=1u l=1u
X452 a_14698_5380# a_15141_5423# a_15081_5459# VDD sg13_lv_pmos ad=79.8f pd=0.8u as=63f ps=0.72u w=0.42u l=0.13u
X453 a_7451_14484# _191_.Y _202_.Y VDD sg13_lv_pmos ad=0.2128p pd=1.5u as=0.3808p ps=2.92u w=1.12u l=0.13u
X454 GND.t165 _225_.A.t4 _228_.Y GND.t537 sg13_lv_nmos ad=0.2516p pd=2.16u as=0.2516p ps=2.16u w=0.74u l=0.13u
X455 _143_.A _210_.A VDD VDD sg13_lv_pmos ad=0.2128p pd=1.5u as=0.2198p ps=1.53u w=1.12u l=0.13u
X456 GND.t115 VDD GND.t115 GND.t670 sg13_lv_nmos ad=0.1428p pd=1.52u as=0 ps=0 w=0.42u l=1u
X457 VDD GND.t53 VDD VDD sg13_lv_pmos ad=0.34p pd=2.68u as=0 ps=0 w=1u l=1u
X458 a_9167_16357# a_8325_16007# a_7908_16000# VDD sg13_lv_pmos ad=0.2048p pd=1.63u as=0.34p ps=2.68u w=1u l=0.13u
X459 a_2244_12528# a_2763_12332# a_3503_12287# GND.t1536 sg13_lv_nmos ad=0.3473p pd=2.71u as=0.12665p ps=1.145u w=0.74u l=0.13u
X460 a_9765_4629# _251_.CLK VDD VDD sg13_lv_pmos ad=0.4088p pd=2.97u as=1.42082p ps=9.125u w=1.12u l=0.13u
X461 VDD a_7984_4870# a_7929_4965# VDD sg13_lv_pmos ad=1.48542p pd=9.54u as=93.45f ps=0.865u w=0.42u l=0.13u
X462 a_10938_5412# _139_.X _144_.B VDD sg13_lv_pmos ad=0.1428p pd=1.375u as=0.2408p ps=1.55u w=1.12u l=0.13u
X463 _184_.Y _173_.Y a_7064_9194# GND.t116 sg13_lv_nmos ad=0.2516p pd=2.16u as=0.1406p ps=1.12u w=0.74u l=0.13u
X464 VDD _241_.Y a_11338_16969# VDD sg13_lv_pmos ad=0.1563p pd=1.22u as=0.147p ps=1.54u w=0.42u l=0.13u
X465 GND.t728 VDD GND.t721 GND.t16 sg13_lv_nmos ad=79.8f pd=0.8u as=0 ps=0 w=0.42u l=1u
X466 a_15108_11885# a_14820_11464# a_15046_11885# GND.t458 sg13_lv_nmos ad=0.1428p pd=1.52u as=37.8f ps=0.6u w=0.42u l=0.13u
X467 VDD GND.t243 VDD VDD sg13_lv_pmos ad=0.19p pd=1.38u as=0 ps=0 w=1u l=1u
X468 GND.t683 VDD GND.t683 GND.t670 sg13_lv_nmos ad=0.1428p pd=1.52u as=0 ps=0 w=0.42u l=1u
X469 VDD GND.t655 VDD VDD sg13_lv_pmos ad=0.19p pd=1.38u as=0 ps=0 w=1u l=1u
X470 VDD GND.t751 VDD VDD sg13_lv_pmos ad=0.34p pd=2.68u as=0 ps=0 w=1u l=1u
X471 GND.t152 _210_.A a_6516_4248# GND.t501 sg13_lv_nmos ad=0.2272p pd=1.99u as=78.39999f ps=0.885u w=0.64u l=0.13u
X472 VDD GND.t661 VDD VDD sg13_lv_pmos ad=0.19p pd=1.38u as=0 ps=0 w=1u l=1u
X473 GND.t1114 VDD GND.t1114 GND.t1115 sg13_lv_nmos ad=79.8f pd=0.8u as=0 ps=0 w=0.42u l=1u
X474 GND.t285 VDD GND.t285 GND.t1070 sg13_lv_nmos ad=0.1428p pd=1.52u as=0 ps=0 w=0.42u l=1u
X475 a_9156_12528# a_9130_12433# GND.t34 GND.t194 sg13_lv_nmos ad=0.2516p pd=2.16u as=0.1626p ps=1.415u w=0.74u l=0.13u
X476 VDD GND.t198 VDD VDD sg13_lv_pmos ad=0.19p pd=1.38u as=0 ps=0 w=1u l=1u
X477 a_2410_8404# a_2853_8447# a_2150_8874# GND.t1451 sg13_lv_nmos ad=79.8f pd=0.8u as=0.1296p ps=1.52u w=0.42u l=0.13u
X478 GND.t745 VDD GND.t747 GND.t746 sg13_lv_nmos ad=79.8f pd=0.8u as=0 ps=0 w=0.42u l=1u
X479 a_14628_15247# a_14859_15356# a_14314_15457# GND.t348 sg13_lv_nmos ad=0.2373p pd=1.97u as=79.8f ps=0.8u w=0.42u l=0.13u
X480 _247_.CLK a_3380_13690# VDD VDD sg13_lv_pmos ad=0.2128p pd=1.5u as=0.2128p ps=1.5u w=1.12u l=0.13u
X481 VDD _261_.RESET_B a_12106_12433# VDD sg13_lv_pmos ad=0.1563p pd=1.22u as=0.147p ps=1.54u w=0.42u l=0.13u
X482 VDD a_3664_16238# a_3609_16119# VDD sg13_lv_pmos ad=1.6291p pd=10.53u as=93.45f ps=0.865u w=0.42u l=0.13u
X483 a_3274_4873# a_3717_4629# a_3657_5041# VDD sg13_lv_pmos ad=79.8f pd=0.8u as=63f ps=0.72u w=0.42u l=0.13u
X484 VDD _178_.B1 a_6124_9945# VDD sg13_lv_pmos ad=0.36195p pd=1.84u as=0.1596p ps=1.22u w=0.84u l=0.13u
X485 VDD GND.t757 VDD VDD sg13_lv_pmos ad=0.34p pd=2.68u as=0 ps=0 w=1u l=1u
X486 a_3664_13214# _221_.Y VDD VDD sg13_lv_pmos ad=79.8f pd=0.8u as=1.42082p ps=9.125u w=0.42u l=0.13u
X487 _148_.X _148_.B a_12666_4666# GND.t1356 sg13_lv_nmos ad=0.1628p pd=1.18u as=88.8f ps=0.98u w=0.74u l=0.13u
X488 VDD GND.t152 VDD VDD sg13_lv_pmos ad=0.34p pd=2.68u as=0 ps=0 w=1u l=1u
X489 VDD GND.t183 VDD VDD sg13_lv_pmos ad=0.19p pd=1.38u as=0 ps=0 w=1u l=1u
X490 _235_.Y _236_.A GND.t40 GND.t39 sg13_lv_nmos ad=0.2516p pd=2.16u as=0.2516p ps=2.16u w=0.74u l=0.13u
X491 a_15599_15311# a_14757_15213# a_14340_15552# VDD sg13_lv_pmos ad=0.2048p pd=1.63u as=0.34p ps=2.68u w=1u l=0.13u
X492 GND.t165 VDD GND.t165 GND.t537 sg13_lv_nmos ad=0.1428p pd=1.52u as=0 ps=0 w=0.42u l=1u
X493 a_6771_8436# _168_.A VDD VDD sg13_lv_pmos ad=0.1428p pd=1.375u as=0.2891p ps=1.695u w=1.12u l=0.13u
X494 a_8146_4650# _224_.Y GND.t152 GND.t321 sg13_lv_nmos ad=37.8f pd=0.6u as=79.8f ps=0.8u w=0.42u l=0.13u
X495 GND.t152 _136_.A a_6810_3863# GND.t630 sg13_lv_nmos ad=0.374p pd=2.46u as=0.17462p ps=1.185u w=0.55u l=0.13u
X496 VDD GND.t1171 VDD VDD sg13_lv_pmos ad=0.19p pd=1.38u as=0 ps=0 w=1u l=1u
X497 a_13527_11460# _263_.CLK a_13413_11460# VDD sg13_lv_pmos ad=0.2128p pd=1.5u as=0.2464p ps=1.56u w=1.12u l=0.13u
X498 VDD a_8709_16725# a_8811_16868# VDD sg13_lv_pmos ad=1.30717p pd=8.395u as=0.3864p ps=2.93u w=1.12u l=0.13u
X499 a_15767_17137# _238_.Y VDD VDD sg13_lv_pmos ad=79.8f pd=0.8u as=0.36237p ps=2.605u w=0.42u l=0.13u
X500 a_15856_15454# a_15599_15311# a_16018_15234# GND.t145 sg13_lv_nmos ad=0.1428p pd=1.52u as=37.8f ps=0.6u w=0.42u l=0.13u
X501 a_10799_5782# _147_.A1 GND.t245 GND.t20 sg13_lv_nmos ad=0.2516p pd=2.16u as=0.1898p ps=1.36u w=0.74u l=0.13u
X502 GND.t1138 _138_.Y a_8538_5375# GND.t20 sg13_lv_nmos ad=0.374p pd=2.46u as=0.17462p ps=1.185u w=0.55u l=0.13u
X503 GND.t984 a_3886_10702# clkbuf_1_0__f_sclk.A GND.t1524 sg13_lv_nmos ad=0.1406p pd=1.12u as=0.1406p ps=1.12u w=0.74u l=0.13u
X504 GND.t1150 VDD GND.t1151 GND.t20 sg13_lv_nmos ad=79.8f pd=0.8u as=0 ps=0 w=0.42u l=1u
X505 a_8021_5782# _145_.A2 GND.t436 GND.t20 sg13_lv_nmos ad=0.1406p pd=1.12u as=0.1898p ps=1.36u w=0.74u l=0.13u
X506 GND.t769 VDD GND.t772 GND.t815 sg13_lv_nmos ad=79.8f pd=0.8u as=0 ps=0 w=0.42u l=1u
X507 a_9574_4663# _252_.RESET_B GND.t14 GND.t13 sg13_lv_nmos ad=37.8f pd=0.6u as=0.1701p ps=1.65u w=0.42u l=0.13u
X508 VDD GND.t1196 VDD VDD sg13_lv_pmos ad=0.34p pd=2.68u as=0 ps=0 w=1u l=1u
X509 GND.t288 VDD GND.t288 GND.t20 sg13_lv_nmos ad=79.8f pd=0.8u as=0 ps=0 w=0.42u l=1u
X510 a_12572_4948# _148_.B VDD VDD sg13_lv_pmos ad=0.2128p pd=1.5u as=0.2128p ps=1.5u w=1.12u l=0.13u
X511 VDD _243_.Q a_10940_3900# VDD sg13_lv_pmos ad=0.2128p pd=1.5u as=0.3808p ps=2.92u w=1.12u l=0.13u
X512 GND.t1275 VDD GND.t1277 GND.t1276 sg13_lv_nmos ad=79.8f pd=0.8u as=0 ps=0 w=0.42u l=1u
X513 VDD GND.t28 VDD VDD sg13_lv_pmos ad=0.34p pd=2.68u as=0 ps=0 w=1u l=1u
X514 GND.t49 VDD GND.t49 GND.t980 sg13_lv_nmos ad=79.8f pd=0.8u as=0 ps=0 w=0.42u l=1u
X515 a_16402_12210# _235_.Y GND.t359 GND.t179 sg13_lv_nmos ad=37.8f pd=0.6u as=79.8f ps=0.8u w=0.42u l=0.13u
X516 _185_.Y _178_.Y a_7157_9948# VDD sg13_lv_pmos ad=0.3808p pd=2.92u as=0.2128p ps=1.5u w=1.12u l=0.13u
X517 a_8292_17064# a_8811_16868# a_9551_16823# GND.t29 sg13_lv_nmos ad=0.3473p pd=2.71u as=0.12665p ps=1.145u w=0.74u l=0.13u
X518 VDD a_14063_16357# a_14320_16238# VDD sg13_lv_pmos ad=1.6291p pd=10.53u as=79.8f ps=0.8u w=0.42u l=0.13u
X519 a_4913_13330# _148_.B a_4881_12972# VDD sg13_lv_pmos ad=0.34p pd=2.68u as=0.1225p ps=1.245u w=1u l=0.13u
X520 a_12652_6924# _162_.B _162_.Y VDD sg13_lv_pmos ad=0.1176p pd=1.33u as=0.3808p ps=2.92u w=1.12u l=0.13u
X521 GND.t1210 VDD GND.t1210 GND.t1209 sg13_lv_nmos ad=0.1428p pd=1.52u as=0 ps=0 w=0.42u l=1u
X522 VDD GND.t141 VDD VDD sg13_lv_pmos ad=0.34p pd=2.68u as=0 ps=0 w=1u l=1u
X523 GND.t364 _215_.A _221_.Y GND.t148 sg13_lv_nmos ad=0.2516p pd=2.16u as=0.2516p ps=2.16u w=0.74u l=0.13u
X524 a_14534_9186# a_15339_9308# a_14794_9409# VDD sg13_lv_pmos ad=0.1428p pd=1.52u as=79.8f ps=0.8u w=0.42u l=0.13u
X525 a_2148_17064# a_2122_16969# VDD VDD sg13_lv_pmos ad=0.34p pd=2.68u as=0.36237p ps=2.605u w=1u l=0.13u
X526 a_3956_6888# clkbuf_1_0__f_sclk.A VDD VDD sg13_lv_pmos ad=0.2128p pd=1.5u as=0.2128p ps=1.5u w=1.12u l=0.13u
X527 GND.t445 _136_.A a_7985_7728# GND.t625 sg13_lv_nmos ad=0.15245p pd=1.17u as=0.17462p ps=1.185u w=0.55u l=0.13u
X528 a_2436_8440# a_2410_8404# GND.t225 GND.t224 sg13_lv_nmos ad=0.2516p pd=2.16u as=0.1626p ps=1.415u w=0.74u l=0.13u
X529 VDD a_3886_10702# clkbuf_1_0__f_sclk.A VDD sg13_lv_pmos ad=0.2128p pd=1.5u as=0.2128p ps=1.5u w=1.12u l=0.13u
X530 GND.t847 VDD GND.t254 GND.t885 sg13_lv_nmos ad=0.1428p pd=1.52u as=0 ps=0 w=0.42u l=1u
X531 GND.t984 a_3886_10702# clkbuf_1_0__f_sclk.A GND.t1520 sg13_lv_nmos ad=0.1406p pd=1.12u as=0.1406p ps=1.12u w=0.74u l=0.13u
X532 a_4978_4650# _242_.RESET_B GND.t60 GND.t374 sg13_lv_nmos ad=37.8f pd=0.6u as=79.8f ps=0.8u w=0.42u l=0.13u
X533 VDD GND.t754 VDD VDD sg13_lv_pmos ad=0.19p pd=1.38u as=0 ps=0 w=1u l=1u
X534 GND.t5 a_14063_16357# a_14730_15996# GND.t4 sg13_lv_nmos ad=0.1406p pd=1.12u as=0.2516p ps=2.16u w=0.74u l=0.13u
X535 a_6106_13726# _189_.X GND.t556 GND.t1 sg13_lv_nmos ad=0.1406p pd=1.12u as=0.2516p ps=2.16u w=0.74u l=0.13u
X536 VDD _154_.X a_10752_7989# VDD sg13_lv_pmos ad=0.2891p pd=1.695u as=0.1596p ps=1.22u w=0.84u l=0.13u
X537 GND.t674 VDD GND.t115 GND.t115 sg13_lv_nmos ad=79.8f pd=0.8u as=0 ps=0 w=0.42u l=1u
X538 GND.t1214 _148_.B a_12401_4704# GND.t1347 sg13_lv_nmos ad=0.15245p pd=1.17u as=0.17462p ps=1.185u w=0.55u l=0.13u
X539 _174_.Y _168_.A a_6106_9190# GND.t116 sg13_lv_nmos ad=0.2516p pd=2.16u as=0.1406p ps=1.12u w=0.74u l=0.13u
X540 GND.t964 VDD GND.t964 GND.t1000 sg13_lv_nmos ad=0.1428p pd=1.52u as=0 ps=0 w=0.42u l=1u
X541 GND.t930 VDD GND.t312 GND.t931 sg13_lv_nmos ad=79.8f pd=0.8u as=0 ps=0 w=0.42u l=1u
X542 GND.t1262 VDD GND.t1260 GND.t1261 sg13_lv_nmos ad=79.8f pd=0.8u as=0 ps=0 w=0.42u l=1u
X543 _129_.Y _129_.B1 GND.t40 GND.t170 sg13_lv_nmos ad=0.1406p pd=1.12u as=0.2516p ps=2.16u w=0.74u l=0.13u
X544 a_2148_16000# a_2122_15964# GND.t192 GND.t191 sg13_lv_nmos ad=0.2516p pd=2.16u as=0.1626p ps=1.415u w=0.74u l=0.13u
X545 GND.t24 _124_.S a_2620_13726# GND.t1463 sg13_lv_nmos ad=0.18945p pd=1.27u as=0.13135p ps=1.095u w=0.74u l=0.13u
X546 VDD a_9424_16238# a_9369_16119# VDD sg13_lv_pmos ad=1.6291p pd=10.53u as=93.45f ps=0.865u w=0.42u l=0.13u
X547 VDD a_15856_15454# a_15801_15549# VDD sg13_lv_pmos ad=1.6291p pd=10.53u as=93.45f ps=0.865u w=0.42u l=0.13u
X548 a_15177_11507# a_14820_11464# VDD VDD sg13_lv_pmos ad=63f pd=0.72u as=0.1563p ps=1.22u w=0.42u l=0.13u
X549 a_3952_8678# _218_.Y VDD VDD sg13_lv_pmos ad=79.8f pd=0.8u as=2.75005p ps=18.05u w=0.42u l=0.13u
X550 GND.t5 _238_.Y a_14666_16746# GND.t95 sg13_lv_nmos ad=79.8f pd=0.8u as=37.8f ps=0.6u w=0.42u l=0.13u
X551 VDD GND.t389 VDD VDD sg13_lv_pmos ad=0.34p pd=2.68u as=0 ps=0 w=1u l=1u
X552 GND.t1118 VDD GND.t1119 GND.t20 sg13_lv_nmos ad=79.8f pd=0.8u as=0 ps=0 w=0.42u l=1u
X553 GND.t104 VDD GND.t104 GND.t639 sg13_lv_nmos ad=0.1428p pd=1.52u as=0 ps=0 w=0.42u l=1u
X554 VDD a_3664_16966# a_3609_17061# VDD sg13_lv_pmos ad=1.30717p pd=8.395u as=93.45f ps=0.865u w=0.42u l=0.13u
X555 a_2126_7864# _122_.A0 a_2298_7678# GND.t1570 sg13_lv_nmos ad=0.1628p pd=1.18u as=0.3367p ps=1.65u w=0.74u l=0.13u
X556 GND.t173 VDD GND.t173 GND.t1006 sg13_lv_nmos ad=0.1428p pd=1.52u as=0 ps=0 w=0.42u l=1u
X557 VDD a_3886_10702# clkbuf_1_0__f_sclk.A VDD sg13_lv_pmos ad=0.2128p pd=1.5u as=0.2128p ps=1.5u w=1.12u l=0.13u
X558 a_9551_16823# a_8709_16725# a_9457_16823# GND.t29 sg13_lv_nmos ad=0.12665p pd=1.145u as=0.1428p ps=1.52u w=0.42u l=0.13u
X559 VDD _136_.A a_11661_4696# VDD sg13_lv_pmos ad=0.1918p pd=1.5u as=0.1596p ps=1.22u w=0.84u l=0.13u
X560 VDD a_13100_13686# _148_.B VDD sg13_lv_pmos ad=0.2114p pd=1.54u as=0.42p ps=2.99u w=1.12u l=0.13u
X561 VDD GND.t49 VDD VDD sg13_lv_pmos ad=0.34p pd=2.68u as=0 ps=0 w=1u l=1u
X562 GND.t772 VDD GND.t772 GND.t773 sg13_lv_nmos ad=79.8f pd=0.8u as=0 ps=0 w=0.42u l=1u
X563 VDD GND.t399 VDD VDD sg13_lv_pmos ad=0.34p pd=2.68u as=0 ps=0 w=1u l=1u
X564 GND.t53 sclk a_3886_10702# GND.t52 sg13_lv_nmos ad=0.1406p pd=1.12u as=0.1406p ps=1.12u w=0.74u l=0.13u
X565 VDD GND.t683 VDD VDD sg13_lv_pmos ad=0.19p pd=1.38u as=0 ps=0 w=1u l=1u
X566 a_13073_5770# _157_.B a_13041_5412# VDD sg13_lv_pmos ad=0.34p pd=2.68u as=0.1225p ps=1.245u w=1u l=0.13u
X567 _235_.Y _236_.A VDD VDD sg13_lv_pmos ad=0.3808p pd=2.92u as=0.3808p ps=2.92u w=1.12u l=0.13u
X568 VDD GND.t79 VDD VDD sg13_lv_pmos ad=0.34p pd=2.68u as=0 ps=0 w=1u l=1u
X569 a_9808_16966# _259_.RESET_B VDD VDD sg13_lv_pmos ad=79.8f pd=0.8u as=1.30717p ps=8.395u w=0.42u l=0.13u
X570 a_2793_9577# a_2436_9504# VDD VDD sg13_lv_pmos ad=63f pd=0.72u as=0.1563p ps=1.22u w=0.42u l=0.13u
X571 VDD _145_.A2 a_8386_3900# VDD sg13_lv_pmos ad=0.19p pd=1.38u as=0.34p ps=2.68u w=1u l=0.13u
X572 a_10415_13799# a_9573_13701# a_10321_13799# GND.t347 sg13_lv_nmos ad=0.12665p pd=1.145u as=0.1428p ps=1.52u w=0.42u l=0.13u
X573 GND.t655 VDD GND.t655 GND.t657 sg13_lv_nmos ad=0.1428p pd=1.52u as=0 ps=0 w=0.42u l=1u
X574 a_4144_4142# a_3887_4261# a_4306_4338# GND.t58 sg13_lv_nmos ad=0.1428p pd=1.52u as=37.8f ps=0.6u w=0.42u l=0.13u
X575 VDD GND.t766 VDD VDD sg13_lv_pmos ad=0.19p pd=1.38u as=0 ps=0 w=1u l=1u
X576 GND.t232 _192_.B a_6881_13320# GND.t1 sg13_lv_nmos ad=0.2516p pd=2.16u as=0.1406p ps=1.12u w=0.74u l=0.13u
X577 GND.t466 a_13073_5770# _151_.B GND.t20 sg13_lv_nmos ad=0.3108p pd=2.32u as=0.1628p ps=1.18u w=0.74u l=0.13u
X578 GND.t471 VDD GND.t471 GND.t991 sg13_lv_nmos ad=79.8f pd=0.8u as=0 ps=0 w=0.42u l=1u
X579 GND.t230 VDD GND.t847 GND.t846 sg13_lv_nmos ad=79.8f pd=0.8u as=0 ps=0 w=0.42u l=1u
X580 a_2150_8874# a_2955_8447# a_2410_8404# VDD sg13_lv_pmos ad=0.1428p pd=1.52u as=79.8f ps=0.8u w=0.42u l=0.13u
X581 a_3695_9263# a_2853_9165# a_2436_9504# VDD sg13_lv_pmos ad=0.2048p pd=1.63u as=0.34p ps=2.68u w=1u l=0.13u
X582 a_14628_15247# a_14340_15552# a_14566_15247# GND.t342 sg13_lv_nmos ad=0.1428p pd=1.52u as=37.8f ps=0.6u w=0.42u l=0.13u
X583 a_6468_4968# a_6442_4873# GND.t152 GND.t1589 sg13_lv_nmos ad=0.2516p pd=2.16u as=0.1626p ps=1.415u w=0.74u l=0.13u
X584 a_8156_9928# _183_.Y _186_.Y VDD sg13_lv_pmos ad=0.2128p pd=1.5u as=0.2128p ps=1.5u w=1.12u l=0.15u
X585 VDD sclk a_3886_10702# VDD sg13_lv_pmos ad=0.2128p pd=1.5u as=0.2128p ps=1.5u w=1.12u l=0.13u
X586 GND.t925 VDD GND.t924 GND.t923 sg13_lv_nmos ad=0.1428p pd=1.52u as=0 ps=0 w=0.42u l=1u
X587 a_15983_5773# a_15141_5423# a_14724_5416# VDD sg13_lv_pmos ad=0.2048p pd=1.63u as=0.34p ps=2.68u w=1u l=0.13u
X588 _210_.A a_5226_4948# VDD VDD sg13_lv_pmos ad=0.3808p pd=2.92u as=0.2128p ps=1.5u w=1.12u l=0.13u
X589 _151_.X a_13649_4704# a_13820_4948# VDD sg13_lv_pmos ad=0.3808p pd=2.92u as=0.2128p ps=1.5u w=1.12u l=0.13u
X590 GND.t1161 VDD GND.t1163 GND.t1162 sg13_lv_nmos ad=79.8f pd=0.8u as=0 ps=0 w=0.42u l=1u
X591 a_2232_13916# _124_.S GND.t24 GND.t1470 sg13_lv_nmos ad=0.187p pd=1.78u as=0.18945p ps=1.27u w=0.55u l=0.13u
X592 VDD GND.t854 VDD VDD sg13_lv_pmos ad=0.34p pd=2.68u as=0 ps=0 w=1u l=1u
X593 VDD GND.t104 VDD VDD sg13_lv_pmos ad=0.19p pd=1.38u as=0 ps=0 w=1u l=1u
X594 GND.t422 VDD GND.t666 GND.t665 sg13_lv_nmos ad=0.1428p pd=1.52u as=0 ps=0 w=0.42u l=1u
X595 GND.t183 a_2126_10214# _246_.D GND.t182 sg13_lv_nmos ad=0.148p pd=1.14u as=0.4033p ps=2.57u w=0.74u l=0.13u
X596 VDD _131_.A2 a_13883_11460# VDD sg13_lv_pmos ad=0.2128p pd=1.5u as=0.2128p ps=1.5u w=1.12u l=0.13u
X597 a_7008_16035# _201_.Y VDD VDD sg13_lv_pmos ad=0.1596p pd=1.22u as=0.4536p ps=2.76u w=0.84u l=0.13u
X598 GND.t1245 VDD GND.t1247 GND.t1246 sg13_lv_nmos ad=79.8f pd=0.8u as=0 ps=0 w=0.42u l=1u
X599 GND.t655 VDD GND.t655 GND.t699 sg13_lv_nmos ad=79.8f pd=0.8u as=0 ps=0 w=0.42u l=1u
X600 a_2218_12433# a_2661_12189# a_2601_12601# VDD sg13_lv_pmos ad=79.8f pd=0.8u as=63f ps=0.72u w=0.42u l=0.13u
X601 a_14950_12223# _235_.Y GND.t40 GND.t1449 sg13_lv_nmos ad=37.8f pd=0.6u as=0.1701p ps=1.65u w=0.42u l=0.13u
X602 GND.t42 VDD GND.t42 GND.t895 sg13_lv_nmos ad=0.1428p pd=1.52u as=0 ps=0 w=0.42u l=1u
X603 VDD a_3956_6888# _243_.CLK VDD sg13_lv_pmos ad=0.2128p pd=1.5u as=0.2128p ps=1.5u w=1.12u l=0.13u
X604 a_7716_16434# _258_.D a_7622_16434# GND.t16 sg13_lv_nmos ad=60.89999f pd=0.71u as=0.1428p ps=1.52u w=0.42u l=0.13u
X605 VDD _170_.B _170_.Y VDD sg13_lv_pmos ad=0.2128p pd=1.5u as=0.2128p ps=1.5u w=1.12u l=0.13u
X606 a_3897_9501# a_2955_9308# a_3695_9263# VDD sg13_lv_pmos ad=93.45f pd=0.865u as=0.2048p ps=1.63u w=0.42u l=0.13u
X607 VDD GND.t876 VDD VDD sg13_lv_pmos ad=0.19p pd=1.38u as=0 ps=0 w=1u l=1u
X608 a_7835_5760# _143_.A GND.t529 GND.t20 sg13_lv_nmos ad=78.39999f pd=0.885u as=0.2272p ps=1.99u w=0.64u l=0.13u
X609 VDD a_8352_11013# _182_.Y VDD sg13_lv_pmos ad=0.3808p pd=2.92u as=0.2408p ps=1.55u w=1.12u l=0.13u
X610 a_8580_16759# a_8292_17064# a_8518_16759# GND.t25 sg13_lv_nmos ad=0.1428p pd=1.52u as=37.8f ps=0.6u w=0.42u l=0.13u
X611 GND.t783 VDD GND.t435 GND.t784 sg13_lv_nmos ad=79.8f pd=0.8u as=0 ps=0 w=0.42u l=1u
X612 GND.t62 VDD GND.t62 GND.t1073 sg13_lv_nmos ad=79.8f pd=0.8u as=0 ps=0 w=0.42u l=1u
X613 a_2244_9186# _246_.D a_2150_9186# GND.t363 sg13_lv_nmos ad=60.89999f pd=0.71u as=0.1428p ps=1.52u w=0.42u l=0.13u
X614 GND.t1265 VDD GND.t1267 GND.t1266 sg13_lv_nmos ad=79.8f pd=0.8u as=0 ps=0 w=0.42u l=1u
X615 GND.t3 a_12880_16966# a_12529_16823# GND.t1517 sg13_lv_nmos ad=79.8f pd=0.8u as=0.1428p ps=1.52u w=0.42u l=0.13u
X616 a_4684_15996# a_4462_16052# VDD VDD sg13_lv_pmos ad=0.1176p pd=1.33u as=0.2618p ps=1.63u w=1.12u l=0.13u
X617 VDD GND.t544 VDD VDD sg13_lv_pmos ad=0.19p pd=1.38u as=0 ps=0 w=1u l=1u
X618 VDD GND.t34 VDD VDD sg13_lv_pmos ad=0.19p pd=1.38u as=0 ps=0 w=1u l=1u
X619 a_11781_16725# _214_.A GND.t132 GND.t131 sg13_lv_nmos ad=0.2516p pd=2.16u as=2.85425p ps=18.015u w=0.74u l=0.13u
X620 a_8156_7972# _136_.A VDD VDD sg13_lv_pmos ad=0.2128p pd=1.5u as=0.2128p ps=1.5u w=1.12u l=0.13u
X621 GND.t230 VDD GND.t230 GND.t881 sg13_lv_nmos ad=0.1428p pd=1.52u as=0 ps=0 w=0.42u l=1u
X622 a_6442_4873# a_6885_4629# a_6182_4650# GND.t153 sg13_lv_nmos ad=79.8f pd=0.8u as=0.1296p ps=1.52u w=0.42u l=0.13u
X623 VDD a_15237_8447# a_15339_8447# VDD sg13_lv_pmos ad=2.75005p pd=18.05u as=0.3864p ps=2.93u w=1.12u l=0.13u
X624 GND.t754 VDD GND.t754 GND.t792 sg13_lv_nmos ad=79.8f pd=0.8u as=0 ps=0 w=0.42u l=1u
X625 VDD GND.t354 VDD VDD sg13_lv_pmos ad=0.19p pd=1.38u as=0 ps=0 w=1u l=1u
X626 VDD _124_.S a_2558_7972# VDD sg13_lv_pmos ad=0.253p pd=1.53u as=0.3325p ps=1.665u w=1u l=0.13u
X627 _260_.RESET_B _225_.A GND.t173 GND.t172 sg13_lv_nmos ad=0.2516p pd=2.16u as=0.2516p ps=2.16u w=0.74u l=0.13u
X628 a_6276_4650# _210_.Y a_6182_4650# GND.t263 sg13_lv_nmos ad=60.89999f pd=0.71u as=0.1428p ps=1.52u w=0.42u l=0.13u
X629 VDD _148_.B a_12237_5760# VDD sg13_lv_pmos ad=0.1918p pd=1.5u as=0.1596p ps=1.22u w=0.84u l=0.13u
X630 _144_.B a_10764_5678# VDD VDD sg13_lv_pmos ad=0.2408p pd=1.55u as=0.3808p ps=2.92u w=1.12u l=0.13u
X631 _247_.CLK a_3380_13690# VDD VDD sg13_lv_pmos ad=0.2128p pd=1.5u as=0.2128p ps=1.5u w=1.12u l=0.13u
X632 a_9573_13701# fanout7.A VDD VDD sg13_lv_pmos ad=0.4088p pd=2.97u as=5.15485p ps=34.14u w=1.12u l=0.13u
X633 a_2565_16007# _247_.CLK GND.t132 GND.t514 sg13_lv_nmos ad=0.2516p pd=2.16u as=2.6164p ps=16.515u w=0.74u l=0.13u
X634 GND.t471 VDD GND.t471 GND.t954 sg13_lv_nmos ad=0.1428p pd=1.52u as=0 ps=0 w=0.42u l=1u
X635 VDD GND.t1142 VDD VDD sg13_lv_pmos ad=0.34p pd=2.68u as=0 ps=0 w=1u l=1u
X636 GND.t1291 VDD GND.t1293 GND.t1292 sg13_lv_nmos ad=79.8f pd=0.8u as=0 ps=0 w=0.42u l=1u
X637 VDD GND.t79 VDD VDD sg13_lv_pmos ad=0.34p pd=2.68u as=0 ps=0 w=1u l=1u
X638 a_10020_17512# a_9994_17476# GND.t422 GND.t550 sg13_lv_nmos ad=0.2516p pd=2.16u as=0.1626p ps=1.415u w=0.74u l=0.13u
X639 _264_.Q a_14730_15996# VDD VDD sg13_lv_pmos ad=0.3808p pd=2.92u as=0.2128p ps=1.5u w=1.12u l=0.13u
X640 GND.t772 VDD GND.t27 GND.t817 sg13_lv_nmos ad=79.8f pd=0.8u as=0 ps=0 w=0.42u l=1u
X641 VDD GND.t173 VDD VDD sg13_lv_pmos ad=0.19p pd=1.38u as=0 ps=0 w=1u l=1u
X642 a_15046_11885# _236_.Y GND.t40 GND.t1405 sg13_lv_nmos ad=37.8f pd=0.6u as=0.1701p ps=1.65u w=0.42u l=0.13u
X643 a_11364_17064# a_11338_16969# GND.t32 GND.t29 sg13_lv_nmos ad=0.2516p pd=2.16u as=0.1626p ps=1.415u w=0.74u l=0.13u
X644 VDD _224_.Y a_6442_4873# VDD sg13_lv_pmos ad=0.1563p pd=1.22u as=0.147p ps=1.54u w=0.42u l=0.13u
X645 VDD _235_.Y a_14698_12433# VDD sg13_lv_pmos ad=0.1563p pd=1.22u as=0.147p ps=1.54u w=0.42u l=0.13u
X646 VDD a_6885_4629# a_6987_4772# VDD sg13_lv_pmos ad=1.48542p pd=9.54u as=0.3864p ps=2.93u w=1.12u l=0.13u
X647 VDD GND.t471 VDD VDD sg13_lv_pmos ad=0.19p pd=1.38u as=0 ps=0 w=1u l=1u
X648 GND.t422 _240_.Y a_9828_17946# GND.t421 sg13_lv_nmos ad=0.1626p pd=1.415u as=60.89999f ps=0.71u w=0.42u l=0.13u
X649 a_2232_13916# _124_.S VDD VDD sg13_lv_pmos ad=0.2856p pd=2.36u as=0.253p ps=1.53u w=0.84u l=0.13u
X650 _247_.CLK a_3380_13690# GND.t292 GND.t1 sg13_lv_nmos ad=0.1406p pd=1.12u as=0.1406p ps=1.12u w=0.74u l=0.13u
X651 a_13184_7183# _160_.B VDD VDD sg13_lv_pmos ad=0.1596p pd=1.22u as=0.1918p ps=1.5u w=0.84u l=0.13u
X652 a_10020_9504# a_10539_9308# a_11279_9263# GND.t211 sg13_lv_nmos ad=0.3473p pd=2.71u as=0.12665p ps=1.145u w=0.74u l=0.13u
X653 a_10437_9165# _251_.CLK VDD VDD sg13_lv_pmos ad=0.4088p pd=2.97u as=1.94845p ps=12.685u w=1.12u l=0.13u
X654 GND.t1206 VDD GND.t14 GND.t1205 sg13_lv_nmos ad=0.1428p pd=1.52u as=0 ps=0 w=0.42u l=1u
X655 a_2620_15238# _119_.A0 a_2126_15424# GND.t1415 sg13_lv_nmos ad=0.13135p pd=1.095u as=0.1628p ps=1.18u w=0.74u l=0.13u
X656 GND.t854 VDD GND.t854 GND.t855 sg13_lv_nmos ad=0.1428p pd=1.52u as=0 ps=0 w=0.42u l=1u
X657 GND.t152 _210_.B a_6095_4270# GND.t476 sg13_lv_nmos ad=0.1898p pd=1.36u as=0.1406p ps=1.12u w=0.74u l=0.13u
X658 GND.t738 VDD GND.t737 GND.t736 sg13_lv_nmos ad=0.1428p pd=1.52u as=0 ps=0 w=0.42u l=1u
X659 GND.t1130 VDD GND.t475 GND.t20 sg13_lv_nmos ad=0.1428p pd=1.52u as=0 ps=0 w=0.42u l=1u
X660 VDD GND.t1059 VDD VDD sg13_lv_pmos ad=0.34p pd=2.68u as=0 ps=0 w=1u l=1u
X661 GND.t49 VDD GND.t49 GND.t946 sg13_lv_nmos ad=79.8f pd=0.8u as=0 ps=0 w=0.42u l=1u
X662 VDD a_3887_4261# a_4554_3900# VDD sg13_lv_pmos ad=0.2128p pd=1.5u as=0.3864p ps=2.93u w=1.12u l=0.13u
X663 GND.t1250 VDD GND.t1252 GND.t1251 sg13_lv_nmos ad=79.8f pd=0.8u as=0 ps=0 w=0.42u l=1u
X664 a_3407_16357# a_2565_16007# a_3313_16357# GND.t16 sg13_lv_nmos ad=0.12665p pd=1.145u as=0.1428p ps=1.52u w=0.42u l=0.13u
X665 VDD a_3380_13690# _247_.CLK VDD sg13_lv_pmos ad=0.2128p pd=1.5u as=0.2128p ps=1.5u w=1.12u l=0.13u
X666 _225_.A a_9352_17508# GND.t422 GND.t1494 sg13_lv_nmos ad=0.2886p pd=2.26u as=0.14875p ps=1.16u w=0.74u l=0.13u
X667 VDD GND.t79 VDD VDD sg13_lv_pmos ad=0.34p pd=2.68u as=0 ps=0 w=1u l=1u
X668 GND.t389 VDD GND.t389 GND.t911 sg13_lv_nmos ad=0.1428p pd=1.52u as=0 ps=0 w=0.42u l=1u
X669 a_13130_4948# _147_.Y VDD VDD sg13_lv_pmos ad=0.1176p pd=1.33u as=0.4032p ps=2.96u w=1.12u l=0.13u
X670 GND.t38 VDD GND.t38 GND.t972 sg13_lv_nmos ad=0.1428p pd=1.52u as=0 ps=0 w=0.42u l=1u
X671 _147_.A1 a_11274_4948# VDD VDD sg13_lv_pmos ad=0.3808p pd=2.92u as=0.2128p ps=1.5u w=1.12u l=0.13u
X672 a_2505_17137# a_2148_17064# VDD VDD sg13_lv_pmos ad=63f pd=0.72u as=0.1563p ps=1.22u w=0.42u l=0.13u
X673 GND.t1190 VDD GND.t1190 GND.t1191 sg13_lv_nmos ad=0.1428p pd=1.52u as=0 ps=0 w=0.42u l=1u
X674 GND.t683 VDD GND.t683 GND.t115 sg13_lv_nmos ad=79.8f pd=0.8u as=0 ps=0 w=0.42u l=1u
X675 GND.t104 VDD GND.t104 GND.t641 sg13_lv_nmos ad=0.1428p pd=1.52u as=0 ps=0 w=0.42u l=1u
X676 VDD GND.t288 VDD VDD sg13_lv_pmos ad=0.34p pd=2.68u as=0 ps=0 w=1u l=1u
X677 VDD a_3380_13690# _247_.CLK VDD sg13_lv_pmos ad=0.2128p pd=1.5u as=0.2128p ps=1.5u w=1.12u l=0.13u
X678 VDD GND.t964 VDD VDD sg13_lv_pmos ad=0.19p pd=1.38u as=0 ps=0 w=1u l=1u
X679 GND.t157 _148_.B a_8488_8436# GND.t116 sg13_lv_nmos ad=0.14875p pd=1.16u as=0.187p ps=1.78u w=0.55u l=0.13u
X680 GND.t254 _148_.B a_12886_13350# GND.t1351 sg13_lv_nmos ad=0.1406p pd=1.12u as=0.2516p ps=2.16u w=0.74u l=0.15u
X681 _126_.Y _126_.B1 GND.t259 GND.t1551 sg13_lv_nmos ad=0.1406p pd=1.12u as=0.2516p ps=2.16u w=0.74u l=0.13u
X682 GND.t243 VDD GND.t243 GND.t669 sg13_lv_nmos ad=79.8f pd=0.8u as=0 ps=0 w=0.42u l=1u
X683 GND.t489 VDD GND.t491 GND.t647 sg13_lv_nmos ad=0.1428p pd=1.52u as=0 ps=0 w=0.42u l=1u
X684 a_2126_10214# _173_.A a_2298_10318# GND.t601 sg13_lv_nmos ad=0.1628p pd=1.18u as=0.3367p ps=1.65u w=0.74u l=0.13u
X685 a_13810_12210# _261_.RESET_B GND.t40 GND.t1373 sg13_lv_nmos ad=37.8f pd=0.6u as=79.8f ps=0.8u w=0.42u l=0.13u
X686 VDD _138_.Y a_8990_5412# VDD sg13_lv_pmos ad=0.36p pd=2.72u as=0.1225p ps=1.245u w=1u l=0.13u
X687 a_6963_17044# _205_.Y VDD VDD sg13_lv_pmos ad=0.1428p pd=1.375u as=0.2891p ps=1.695u w=1.12u l=0.13u
X688 _145_.B1 _138_.Y GND.t14 GND.t1453 sg13_lv_nmos ad=0.1406p pd=1.12u as=0.2516p ps=2.16u w=0.74u l=0.13u
X689 a_9120_9501# _164_.Y VDD VDD sg13_lv_pmos ad=0.1596p pd=1.22u as=0.4536p ps=2.76u w=0.84u l=0.13u
X690 GND.t1121 VDD GND.t1120 GND.t20 sg13_lv_nmos ad=0.1428p pd=1.52u as=0 ps=0 w=0.42u l=1u
X691 GND.t1362 clkbuf_1_0__f_sclk.A a_3380_13690# GND.t1 sg13_lv_nmos ad=0.1406p pd=1.12u as=0.1406p ps=1.12u w=0.74u l=0.13u
X692 a_2298_11484# a_2232_11722# VDD VDD sg13_lv_pmos ad=0.2975p pd=1.595u as=0.2198p ps=1.52u w=1u l=0.13u
X693 VDD a_6528_8475# _168_.Y VDD sg13_lv_pmos ad=0.3808p pd=2.92u as=0.2408p ps=1.55u w=1.12u l=0.13u
X694 a_7739_9484# _168_.Y _171_.A VDD sg13_lv_pmos ad=0.2128p pd=1.5u as=0.3808p ps=2.92u w=1.12u l=0.13u
X695 a_14940_16710# a_15071_17016# a_14359_16710# VDD sg13_lv_pmos ad=0.34p pd=2.68u as=0.2048p ps=1.63u w=1u l=0.13u
X696 _238_.Y _225_.A GND.t5 GND.t4 sg13_lv_nmos ad=0.2516p pd=2.16u as=0.2516p ps=2.16u w=0.74u l=0.13u
X697 a_9156_14040# a_9675_13844# a_10415_13799# GND.t393 sg13_lv_nmos ad=0.3473p pd=2.71u as=0.12665p ps=1.145u w=0.74u l=0.13u
X698 VDD GND.t858 VDD VDD sg13_lv_pmos ad=0.19p pd=1.38u as=0 ps=0 w=1u l=1u
X699 a_14820_11464# a_14794_11428# VDD VDD sg13_lv_pmos ad=0.34p pd=2.68u as=0.36237p ps=2.605u w=1u l=0.13u
X700 VDD GND.t34 VDD VDD sg13_lv_pmos ad=0.34p pd=2.68u as=0 ps=0 w=1u l=1u
X701 GND.t20 _244_.RESET_B a_3108_5850# GND.t19 sg13_lv_nmos ad=0.1626p pd=1.415u as=60.89999f ps=0.71u w=0.42u l=0.13u
X702 VDD _187_.Y a_6779_12972# VDD sg13_lv_pmos ad=0.2128p pd=1.5u as=0.2128p ps=1.5u w=1.12u l=0.13u
X703 a_14240_16921# a_14359_16710# GND.t5 GND.t95 sg13_lv_nmos ad=0.2516p pd=2.16u as=0.1406p ps=1.12u w=0.74u l=0.13u
X704 GND.t655 VDD GND.t659 GND.t701 sg13_lv_nmos ad=79.8f pd=0.8u as=0 ps=0 w=0.42u l=1u
X705 a_3664_16238# a_3407_16357# a_3826_16434# GND.t16 sg13_lv_nmos ad=0.1428p pd=1.52u as=37.8f ps=0.6u w=0.42u l=0.13u
X706 a_9167_16357# a_8325_16007# a_9073_16357# GND.t566 sg13_lv_nmos ad=0.12665p pd=1.145u as=0.1428p ps=1.52u w=0.42u l=0.13u
X707 a_2470_12223# _220_.Y GND.t175 GND.t184 sg13_lv_nmos ad=37.8f pd=0.6u as=0.1701p ps=1.65u w=0.42u l=0.13u
X708 a_10864_4870# a_10607_4727# a_11026_4650# GND.t241 sg13_lv_nmos ad=0.1428p pd=1.52u as=37.8f ps=0.6u w=0.42u l=0.13u
X709 GND.t285 a_15980_7638# _251_.CLK GND.t427 sg13_lv_nmos ad=0.14875p pd=1.16u as=0.2886p ps=2.26u w=0.74u l=0.13u
X710 VDD a_11536_17750# a_11481_17631# VDD sg13_lv_pmos ad=1.30717p pd=8.395u as=93.45f ps=0.865u w=0.42u l=0.13u
X711 VDD a_11279_17869# a_11946_17508# VDD sg13_lv_pmos ad=0.2128p pd=1.5u as=0.3864p ps=2.93u w=1.12u l=0.13u
X712 a_3407_16823# a_2565_16725# a_3313_16823# GND.t16 sg13_lv_nmos ad=0.12665p pd=1.145u as=0.1428p ps=1.52u w=0.42u l=0.13u
X713 a_9424_16238# _258_.RESET_B VDD VDD sg13_lv_pmos ad=79.8f pd=0.8u as=1.6291p ps=10.53u w=0.42u l=0.13u
X714 GND.t1336 VDD GND.t1338 GND.t1337 sg13_lv_nmos ad=79.8f pd=0.8u as=0 ps=0 w=0.42u l=1u
X715 VDD GND.t924 VDD VDD sg13_lv_pmos ad=0.34p pd=2.68u as=0 ps=0 w=1u l=1u
X716 VDD GND.t1237 VDD VDD sg13_lv_pmos ad=0.19p pd=1.38u as=0 ps=0 w=1u l=1u
X717 VDD GND.t38 VDD VDD sg13_lv_pmos ad=0.19p pd=1.38u as=0 ps=0 w=1u l=1u
X718 VDD GND.t651 VDD VDD sg13_lv_pmos ad=0.19p pd=1.38u as=0 ps=0 w=1u l=1u
X719 a_16079_11821# a_15237_11471# a_14820_11464# VDD sg13_lv_pmos ad=0.2048p pd=1.63u as=0.34p ps=2.68u w=1u l=0.13u
X720 GND.t230 a_10415_13799# a_11082_14020# GND.t229 sg13_lv_nmos ad=0.1406p pd=1.12u as=0.2516p ps=2.16u w=0.74u l=0.13u
X721 a_12880_16966# _241_.Y VDD VDD sg13_lv_pmos ad=79.8f pd=0.8u as=1.30717p ps=8.395u w=0.42u l=0.13u
X722 GND.t69 a_4144_4142# a_3793_4261# GND.t542 sg13_lv_nmos ad=79.8f pd=0.8u as=0.1428p ps=1.52u w=0.42u l=0.13u
X723 a_15963_17137# a_15071_17016# a_15861_16904# VDD sg13_lv_pmos ad=63f pd=0.72u as=79.8f ps=0.8u w=0.42u l=0.13u
X724 GND.t1255 VDD GND.t1257 GND.t1256 sg13_lv_nmos ad=79.8f pd=0.8u as=0 ps=0 w=0.42u l=1u
X725 GND.t329 a_7985_13776# _194_.X GND.t1 sg13_lv_nmos ad=0.3108p pd=2.32u as=0.1628p ps=1.18u w=0.74u l=0.13u
X726 a_2436_9504# a_2410_9409# GND.t225 GND.t224 sg13_lv_nmos ad=0.2516p pd=2.16u as=0.1626p ps=1.415u w=0.74u l=0.13u
X727 VDD GND.t968 VDD VDD sg13_lv_pmos ad=0.19p pd=1.38u as=0 ps=0 w=1u l=1u
X728 VDD _260_.CLK a_12923_11460# VDD sg13_lv_pmos ad=0.2128p pd=1.5u as=0.2128p ps=1.5u w=1.12u l=0.13u
X729 VDD GND.t1111 VDD VDD sg13_lv_pmos ad=0.34p pd=2.68u as=0 ps=0 w=1u l=1u
X730 a_14820_9504# a_15339_9308# a_16079_9263# GND.t7 sg13_lv_nmos ad=0.3473p pd=2.71u as=0.12665p ps=1.145u w=0.74u l=0.13u
X731 GND.t874 VDD GND.t873 GND.t872 sg13_lv_nmos ad=0.1428p pd=1.52u as=0 ps=0 w=0.42u l=1u
X732 a_14438_12210# _129_.Y VDD VDD sg13_lv_pmos ad=79.8f pd=0.8u as=0.1428p ps=1.52u w=0.42u l=0.13u
X733 GND.t10 _190_.A a_6197_13342# GND.t1 sg13_lv_nmos ad=0.1898p pd=1.36u as=0.2516p ps=2.16u w=0.74u l=0.13u
X734 a_13973_7678# _158_.Y GND.t79 GND.t1499 sg13_lv_nmos ad=0.1406p pd=1.12u as=0.1898p ps=1.36u w=0.74u l=0.13u
X735 a_11381_3900# _147_.A1 VDD VDD sg13_lv_pmos ad=0.2128p pd=1.5u as=0.2128p ps=1.5u w=1.12u l=0.13u
X736 GND.t1059 VDD GND.t1059 GND.t1058 sg13_lv_nmos ad=0.1428p pd=1.52u as=0 ps=0 w=0.42u l=1u
X737 a_11279_17869# a_10437_17519# a_11185_17869# GND.t115 sg13_lv_nmos ad=0.12665p pd=1.145u as=0.1428p ps=1.52u w=0.42u l=0.13u
X738 a_2122_15964# a_2565_16007# a_2505_16043# VDD sg13_lv_pmos ad=79.8f pd=0.8u as=63f ps=0.72u w=0.42u l=0.13u
X739 VDD GND.t90 VDD VDD sg13_lv_pmos ad=0.19p pd=1.38u as=0 ps=0 w=1u l=1u
X740 GND.t1240 VDD GND.t1242 GND.t1241 sg13_lv_nmos ad=79.8f pd=0.8u as=0 ps=0 w=0.42u l=1u
X741 VDD GND.t1144 VDD VDD sg13_lv_pmos ad=0.19p pd=1.38u as=0 ps=0 w=1u l=1u
X742 GND.t223 a_16336_8678# a_15985_8797# GND.t7 sg13_lv_nmos ad=79.8f pd=0.8u as=0.1428p ps=1.52u w=0.42u l=0.13u
X743 VDD GND.t173 VDD VDD sg13_lv_pmos ad=0.19p pd=1.38u as=0 ps=0 w=1u l=1u
X744 GND.t772 VDD GND.t772 GND.t816 sg13_lv_nmos ad=0.1428p pd=1.52u as=0 ps=0 w=0.42u l=1u
X745 VDD a_4559_4727# a_4816_4870# VDD sg13_lv_pmos ad=1.48542p pd=9.54u as=79.8f ps=0.8u w=0.42u l=0.13u
X746 _133_.Y _126_.B1 GND.t259 GND.t1550 sg13_lv_nmos ad=0.1694p pd=1.21u as=0.2618p ps=2.22u w=0.77u l=0.13u
X747 GND.t1270 VDD GND.t1269 GND.t1268 sg13_lv_nmos ad=0.1428p pd=1.52u as=0 ps=0 w=0.42u l=1u
X748 GND.t408 VDD GND.t408 GND.t1074 sg13_lv_nmos ad=0.1428p pd=1.52u as=0 ps=0 w=0.42u l=1u
X749 GND.t79 VDD GND.t79 GND.t1068 sg13_lv_nmos ad=0.1428p pd=1.52u as=0 ps=0 w=0.42u l=1u
X750 GND.t49 VDD GND.t49 GND.t981 sg13_lv_nmos ad=0.1428p pd=1.52u as=0 ps=0 w=0.42u l=1u
X751 VDD _220_.Y a_2218_12433# VDD sg13_lv_pmos ad=0.1563p pd=1.22u as=0.147p ps=1.54u w=0.42u l=0.13u
X752 GND.t113 VDD GND.t111 GND.t951 sg13_lv_nmos ad=79.8f pd=0.8u as=0 ps=0 w=0.42u l=1u
X753 a_9424_16238# a_9167_16357# a_9586_16434# GND.t250 sg13_lv_nmos ad=0.1428p pd=1.52u as=37.8f ps=0.6u w=0.42u l=0.13u
X754 VDD GND.t913 VDD VDD sg13_lv_pmos ad=0.34p pd=2.68u as=0 ps=0 w=1u l=1u
X755 a_14054_15234# _135_.A VDD VDD sg13_lv_pmos ad=79.8f pd=0.8u as=0.1428p ps=1.52u w=0.42u l=0.13u
X756 GND.t12 _136_.A a_11755_4696# GND.t624 sg13_lv_nmos ad=0.1331p pd=1.12u as=0.1216p ps=1.02u w=0.64u l=0.13u
X757 VDD GND.t769 VDD VDD sg13_lv_pmos ad=0.34p pd=2.68u as=0 ps=0 w=1u l=1u
X758 GND.t292 a_3664_13214# a_3313_13333# GND.t1 sg13_lv_nmos ad=79.8f pd=0.8u as=0.1428p ps=1.52u w=0.42u l=0.13u
X759 a_6677_8806# _168_.B GND.t124 GND.t116 sg13_lv_nmos ad=0.1406p pd=1.12u as=0.1898p ps=1.36u w=0.74u l=0.13u
X760 VDD GND.t104 VDD VDD sg13_lv_pmos ad=0.19p pd=1.38u as=0 ps=0 w=1u l=1u
X761 GND.t236 a_12623_16823# a_13290_17044# GND.t235 sg13_lv_nmos ad=0.1406p pd=1.12u as=0.2516p ps=2.16u w=0.74u l=0.13u
X762 a_12549_12189# _263_.CLK GND.t121 GND.t520 sg13_lv_nmos ad=0.2516p pd=2.16u as=3.25075p ps=21.2u w=0.74u l=0.13u
X763 _165_.Y _122_.A0 a_7258_8806# GND.t116 sg13_lv_nmos ad=0.2516p pd=2.16u as=0.1406p ps=1.12u w=0.74u l=0.13u
X764 a_15801_15549# a_14859_15356# a_15599_15311# VDD sg13_lv_pmos ad=93.45f pd=0.865u as=0.2048p ps=1.63u w=0.42u l=0.13u
X765 GND.t1216 VDD GND.t82 GND.t1217 sg13_lv_nmos ad=79.8f pd=0.8u as=0 ps=0 w=0.42u l=1u
X766 a_5372_9484# _136_.A VDD VDD sg13_lv_pmos ad=0.2128p pd=1.5u as=0.2128p ps=1.5u w=1.12u l=0.13u
X767 _138_.Y _136_.B a_8042_3900# VDD sg13_lv_pmos ad=0.3808p pd=2.92u as=0.1176p ps=1.33u w=1.12u l=0.13u
X768 a_4661_17878# fanout6.A GND.t489 GND.t1502 sg13_lv_nmos ad=0.1406p pd=1.12u as=0.1898p ps=1.36u w=0.74u l=0.13u
X769 GND.t1341 VDD GND.t1343 GND.t1342 sg13_lv_nmos ad=79.8f pd=0.8u as=0 ps=0 w=0.42u l=1u
X770 GND.t422 VDD GND.t422 GND.t667 sg13_lv_nmos ad=79.8f pd=0.8u as=0 ps=0 w=0.42u l=1u
X771 GND.t20 VDD GND.t1114 GND.t1113 sg13_lv_nmos ad=0.1428p pd=1.52u as=0 ps=0 w=0.42u l=1u
X772 a_2558_17532# _250_.Q a_2126_17774# VDD sg13_lv_pmos ad=0.3325p pd=1.665u as=0.2225p ps=1.445u w=1u l=0.13u
X773 _205_.Y _199_.Y GND.t98 GND.t264 sg13_lv_nmos ad=0.2516p pd=2.16u as=0.1406p ps=1.12u w=0.74u l=0.13u
X774 VDD GND.t466 VDD VDD sg13_lv_pmos ad=0.34p pd=2.68u as=0 ps=0 w=1u l=1u
X775 a_10809_4965# a_9867_4772# a_10607_4727# VDD sg13_lv_pmos ad=93.45f pd=0.865u as=0.2048p ps=1.63u w=0.42u l=0.13u
X776 a_2410_9409# a_2853_9165# a_2793_9577# VDD sg13_lv_pmos ad=79.8f pd=0.8u as=63f ps=0.72u w=0.42u l=0.13u
X777 GND.t132 a_11781_16725# a_11883_16868# GND.t131 sg13_lv_nmos ad=2.85425p pd=18.015u as=0.2516p ps=2.16u w=0.74u l=0.13u
X778 VDD a_11536_9406# a_11481_9501# VDD sg13_lv_pmos ad=1.94845p pd=12.685u as=93.45f ps=0.865u w=0.42u l=0.13u
X779 GND.t92 VDD GND.t1170 GND.t1169 sg13_lv_nmos ad=0.1428p pd=1.52u as=0 ps=0 w=0.42u l=1u
X780 a_11974_8436# _164_.B1 a_11731_8698# VDD sg13_lv_pmos ad=0.2125p pd=1.425u as=0.35p ps=2.7u w=1u l=0.13u
X781 VDD _147_.A1 a_10938_5412# VDD sg13_lv_pmos ad=0.2891p pd=1.695u as=0.1428p ps=1.375u w=1.12u l=0.13u
X782 GND.t603 _136_.A a_5201_9240# GND.t116 sg13_lv_nmos ad=0.15245p pd=1.17u as=0.17462p ps=1.185u w=0.55u l=0.13u
X783 _118_.A0 a_4074_17044# VDD VDD sg13_lv_pmos ad=0.3808p pd=2.92u as=0.2128p ps=1.5u w=1.12u l=0.13u
X784 a_11536_17750# a_11279_17869# a_11698_17946# GND.t115 sg13_lv_nmos ad=0.1428p pd=1.52u as=37.8f ps=0.6u w=0.42u l=0.13u
X785 VDD GND.t683 VDD VDD sg13_lv_pmos ad=0.34p pd=2.68u as=0 ps=0 w=1u l=1u
X786 a_7882_15964# a_8325_16007# a_8265_16043# VDD sg13_lv_pmos ad=79.8f pd=0.8u as=63f ps=0.72u w=0.42u l=0.13u
X787 VDD GND.t36 VDD VDD sg13_lv_pmos ad=0.19p pd=1.38u as=0 ps=0 w=1u l=1u
X788 VDD a_9573_13701# a_9675_13844# VDD sg13_lv_pmos ad=5.15485p pd=34.14u as=0.3864p ps=2.93u w=1.12u l=0.13u
X789 GND.t489 VDD GND.t489 GND.t649 sg13_lv_nmos ad=0.1428p pd=1.52u as=0 ps=0 w=0.42u l=1u
X790 VDD a_10437_17519# a_10539_17519# VDD sg13_lv_pmos ad=1.30717p pd=8.395u as=0.3864p ps=2.93u w=1.12u l=0.13u
X791 GND.t941 VDD GND.t941 GND.t940 sg13_lv_nmos ad=0.1428p pd=1.52u as=0 ps=0 w=0.42u l=1u
X792 a_11781_16725# _214_.A VDD VDD sg13_lv_pmos ad=0.4088p pd=2.97u as=1.30717p ps=8.395u w=1.12u l=0.13u
X793 VDD GND.t1139 VDD VDD sg13_lv_pmos ad=0.34p pd=2.68u as=0 ps=0 w=1u l=1u
X794 GND.t27 VDD GND.t772 GND.t774 sg13_lv_nmos ad=0.1428p pd=1.52u as=0 ps=0 w=0.42u l=1u
X795 GND.t1436 a_3380_13690# _247_.CLK GND.t1 sg13_lv_nmos ad=0.1406p pd=1.12u as=0.1406p ps=1.12u w=0.74u l=0.13u
X796 GND.t1286 VDD GND.t1288 GND.t1287 sg13_lv_nmos ad=79.8f pd=0.8u as=0 ps=0 w=0.42u l=1u
X797 VDD GND.t766 VDD VDD sg13_lv_pmos ad=0.34p pd=2.68u as=0 ps=0 w=1u l=1u
X798 GND.t471 VDD GND.t471 GND.t992 sg13_lv_nmos ad=0.1428p pd=1.52u as=0 ps=0 w=0.42u l=1u
X799 GND.t34 VDD GND.t34 GND.t917 sg13_lv_nmos ad=0.1428p pd=1.52u as=0 ps=0 w=0.42u l=1u
X800 GND.t1086 VDD GND.t445 GND.t1087 sg13_lv_nmos ad=79.8f pd=0.8u as=0 ps=0 w=0.42u l=1u
X801 VDD _219_.Y a_2150_9186# VDD sg13_lv_pmos ad=0.36237p pd=2.605u as=79.8f ps=0.8u w=0.42u l=0.13u
X802 VDD GND.t225 VDD VDD sg13_lv_pmos ad=0.19p pd=1.38u as=0 ps=0 w=1u l=1u
X803 GND.t115 VDD GND.t115 GND.t670 sg13_lv_nmos ad=79.8f pd=0.8u as=0 ps=0 w=0.42u l=1u
X804 VDD GND.t1308 VDD VDD sg13_lv_pmos ad=0.19p pd=1.38u as=0 ps=0 w=1u l=1u
X805 GND.t1275 VDD GND.t1274 GND.t1273 sg13_lv_nmos ad=0.1428p pd=1.52u as=0 ps=0 w=0.42u l=1u
X806 GND.t22 a_4816_5654# a_4465_5773# GND.t20 sg13_lv_nmos ad=79.8f pd=0.8u as=0.1428p ps=1.52u w=0.42u l=0.13u
X807 a_3588_5837# a_3300_5416# a_3526_5837# GND.t446 sg13_lv_nmos ad=0.1428p pd=1.52u as=37.8f ps=0.6u w=0.42u l=0.13u
X808 GND.t158 _171_.A _171_.Y GND.t116 sg13_lv_nmos ad=0.2516p pd=2.16u as=0.1406p ps=1.12u w=0.74u l=0.13u
X809 VDD _131_.A2 _128_.B1 VDD sg13_lv_pmos ad=0.3808p pd=2.92u as=0.2128p ps=1.5u w=1.12u l=0.13u
X810 _166_.A a_16746_8436# GND.t8 GND.t7 sg13_lv_nmos ad=0.2516p pd=2.16u as=0.1406p ps=1.12u w=0.74u l=0.13u
X811 a_4881_12972# _119_.A0 VDD VDD sg13_lv_pmos ad=0.1225p pd=1.245u as=0.36p ps=2.72u w=1u l=0.13u
X812 VDD GND.t651 VDD VDD sg13_lv_pmos ad=0.19p pd=1.38u as=0 ps=0 w=1u l=1u
X813 GND.t1432 a_3380_13690# _247_.CLK GND.t1 sg13_lv_nmos ad=0.1406p pd=1.12u as=0.1406p ps=1.12u w=0.74u l=0.13u
X814 a_9994_17476# a_10437_17519# a_10377_17555# VDD sg13_lv_pmos ad=79.8f pd=0.8u as=63f ps=0.72u w=0.42u l=0.13u
X815 a_6008_15242# _196_.Y a_5906_15242# GND.t197 sg13_lv_nmos ad=0.1406p pd=1.12u as=0.1406p ps=1.12u w=0.74u l=0.13u
X816 VDD a_10607_4727# a_10864_4870# VDD sg13_lv_pmos ad=1.48542p pd=9.54u as=79.8f ps=0.8u w=0.42u l=0.13u
X817 a_9290_3900# _138_.Y VDD VDD sg13_lv_pmos ad=0.1176p pd=1.33u as=0.4032p ps=2.96u w=1.12u l=0.13u
X818 GND.t1150 VDD GND.t1149 GND.t20 sg13_lv_nmos ad=0.1428p pd=1.52u as=0 ps=0 w=0.42u l=1u
X819 a_14196_5760# _148_.X a_13740_5678# GND.t20 sg13_lv_nmos ad=78.39999f pd=0.885u as=0.2176p ps=1.96u w=0.64u l=0.13u
X820 GND.t1220 VDD GND.t209 GND.t1221 sg13_lv_nmos ad=79.8f pd=0.8u as=0 ps=0 w=0.42u l=1u
X821 a_15237_11471# _263_.CLK VDD VDD sg13_lv_pmos ad=0.4088p pd=2.97u as=5.15485p ps=34.14u w=1.12u l=0.13u
X822 GND.t175 a_2126_11726# _120_.X GND.t174 sg13_lv_nmos ad=0.148p pd=1.14u as=0.4033p ps=2.57u w=0.74u l=0.13u
X823 _152_.X a_12237_5760# GND.t1153 GND.t20 sg13_lv_nmos ad=0.2516p pd=2.16u as=0.1331p ps=1.12u w=0.74u l=0.13u
X824 GND.t5 a_14320_16238# a_13969_16357# GND.t4 sg13_lv_nmos ad=79.8f pd=0.8u as=0.1428p ps=1.52u w=0.42u l=0.13u
X825 a_16336_11702# _236_.Y VDD VDD sg13_lv_pmos ad=79.8f pd=0.8u as=5.15485p ps=34.14u w=0.42u l=0.13u
X826 a_10437_17519# freq_in GND.t115 GND.t1410 sg13_lv_nmos ad=0.2516p pd=2.16u as=13.15737p ps=85.385u w=0.74u l=0.13u
X827 GND.t67 a_9551_16823# a_10218_17044# GND.t29 sg13_lv_nmos ad=0.1406p pd=1.12u as=0.2516p ps=2.16u w=0.74u l=0.13u
X828 VDD GND.t769 VDD VDD sg13_lv_pmos ad=0.19p pd=1.38u as=0 ps=0 w=1u l=1u
X829 a_9062_4650# _252_.D VDD VDD sg13_lv_pmos ad=79.8f pd=0.8u as=0.1428p ps=1.52u w=0.42u l=0.13u
X830 VDD GND.t115 VDD VDD sg13_lv_pmos ad=0.34p pd=2.68u as=0 ps=0 w=1u l=1u
X831 _207_.A1 a_9834_15996# GND.t162 GND.t251 sg13_lv_nmos ad=0.2516p pd=2.16u as=0.1406p ps=1.12u w=0.74u l=0.13u
X832 a_14628_8874# _159_.Y a_14534_8874# GND.t428 sg13_lv_nmos ad=60.89999f pd=0.71u as=0.1428p ps=1.52u w=0.42u l=0.13u
X833 GND.t38 VDD GND.t38 GND.t1010 sg13_lv_nmos ad=0.1428p pd=1.52u as=0 ps=0 w=0.42u l=1u
X834 a_14628_11898# _131_.Y a_14534_11898# GND.t75 sg13_lv_nmos ad=60.89999f pd=0.71u as=0.1428p ps=1.52u w=0.42u l=0.13u
X835 GND.t836 VDD GND.t778 GND.t837 sg13_lv_nmos ad=79.8f pd=0.8u as=0 ps=0 w=0.42u l=1u
X836 GND.t1311 VDD GND.t1313 GND.t1312 sg13_lv_nmos ad=79.8f pd=0.8u as=0 ps=0 w=0.42u l=1u
X837 _168_.Y _168_.B a_6771_8436# VDD sg13_lv_pmos ad=0.2408p pd=1.55u as=0.1428p ps=1.375u w=1.12u l=0.13u
X838 a_9130_12433# a_9573_12189# a_9513_12601# VDD sg13_lv_pmos ad=79.8f pd=0.8u as=63f ps=0.72u w=0.42u l=0.13u
X839 GND.t984 a_3886_10702# clkbuf_1_0__f_sclk.A GND.t1532 sg13_lv_nmos ad=0.1406p pd=1.12u as=0.1406p ps=1.12u w=0.74u l=0.13u
X840 a_1958_12210# _120_.X VDD VDD sg13_lv_pmos ad=79.8f pd=0.8u as=0.1428p ps=1.52u w=0.42u l=0.13u
X841 VDD GND.t1158 VDD VDD sg13_lv_pmos ad=0.34p pd=2.68u as=0 ps=0 w=1u l=1u
X842 a_4913_13330# _119_.A0 GND.t1419 GND.t1 sg13_lv_nmos ad=0.17462p pd=1.185u as=0.374p ps=2.46u w=0.55u l=0.13u
X843 VDD _260_.CLK a_14651_10996# VDD sg13_lv_pmos ad=0.2128p pd=1.5u as=0.2128p ps=1.5u w=1.12u l=0.13u
X844 a_10672_13942# _230_.Y VDD VDD sg13_lv_pmos ad=79.8f pd=0.8u as=5.15485p ps=34.14u w=0.42u l=0.13u
X845 VDD GND.t49 VDD VDD sg13_lv_pmos ad=0.19p pd=1.38u as=0 ps=0 w=1u l=1u
X846 a_4512_17547# _118_.A0 VDD VDD sg13_lv_pmos ad=0.1596p pd=1.22u as=0.4536p ps=2.76u w=0.84u l=0.13u
X847 _196_.Y _189_.X VDD VDD sg13_lv_pmos ad=0.2128p pd=1.5u as=0.3808p ps=2.92u w=1.12u l=0.13u
X848 VDD GND.t1239 VDD VDD sg13_lv_pmos ad=0.34p pd=2.68u as=0 ps=0 w=1u l=1u
X849 a_13161_16043# a_12804_16000# VDD VDD sg13_lv_pmos ad=63f pd=0.72u as=0.1563p ps=1.22u w=0.42u l=0.13u
X850 _162_.Y _162_.B GND.t79 GND.t573 sg13_lv_nmos ad=0.1406p pd=1.12u as=0.2516p ps=2.16u w=0.74u l=0.13u
X851 _171_.A _168_.Y GND.t1496 GND.t116 sg13_lv_nmos ad=0.1406p pd=1.12u as=0.2516p ps=2.16u w=0.74u l=0.13u
X852 a_7616_15437# _201_.Y VDD VDD sg13_lv_pmos ad=0.1596p pd=1.22u as=0.1918p ps=1.5u w=0.84u l=0.13u
X853 a_3826_16434# _250_.RESET_B GND.t301 GND.t16 sg13_lv_nmos ad=37.8f pd=0.6u as=79.8f ps=0.8u w=0.42u l=0.13u
X854 VDD _266_.CLK _212_.Y VDD sg13_lv_pmos ad=0.3808p pd=2.92u as=0.3808p ps=2.92u w=1.12u l=0.13u
X855 VDD _124_.S a_2558_14020# VDD sg13_lv_pmos ad=0.253p pd=1.53u as=0.3325p ps=1.665u w=1u l=0.13u
X856 a_3380_13690# clkbuf_1_0__f_sclk.A GND.t1362 GND.t1 sg13_lv_nmos ad=0.1406p pd=1.12u as=0.1406p ps=1.12u w=0.74u l=0.13u
X857 VDD _168_.B a_6528_8475# VDD sg13_lv_pmos ad=0.2891p pd=1.695u as=0.1596p ps=1.22u w=0.84u l=0.13u
X858 VDD GND.t1199 VDD VDD sg13_lv_pmos ad=0.34p pd=2.68u as=0 ps=0 w=1u l=1u
X859 GND.t1260 VDD GND.t1259 GND.t1258 sg13_lv_nmos ad=0.1428p pd=1.52u as=0 ps=0 w=0.42u l=1u
X860 fanout7.A a_16746_9484# GND.t8 GND.t7 sg13_lv_nmos ad=0.2516p pd=2.16u as=0.1406p ps=1.12u w=0.74u l=0.13u
X861 GND.t819 VDD GND.t27 GND.t818 sg13_lv_nmos ad=0.1428p pd=1.52u as=0 ps=0 w=0.42u l=1u
X862 VDD a_3886_10702# clkbuf_1_0__f_sclk.A VDD sg13_lv_pmos ad=0.2128p pd=1.5u as=0.2128p ps=1.5u w=1.12u l=0.13u
X863 GND.t751 VDD GND.t754 GND.t753 sg13_lv_nmos ad=79.8f pd=0.8u as=0 ps=0 w=0.42u l=1u
X864 GND.t225 _218_.Y a_2244_8874# GND.t416 sg13_lv_nmos ad=0.1626p pd=1.415u as=60.89999f ps=0.71u w=0.42u l=0.13u
X865 GND.t104 VDD GND.t104 GND.t691 sg13_lv_nmos ad=79.8f pd=0.8u as=0 ps=0 w=0.42u l=1u
X866 GND.t113 VDD GND.t113 GND.t950 sg13_lv_nmos ad=0.1428p pd=1.52u as=0 ps=0 w=0.42u l=1u
X867 VDD GND.t958 VDD VDD sg13_lv_pmos ad=0.34p pd=2.68u as=0 ps=0 w=1u l=1u
X868 a_16118_16759# a_14940_16710# a_15722_16904# GND.t1406 sg13_lv_nmos ad=37.8f pd=0.6u as=0.1428p ps=1.52u w=0.42u l=0.13u
X869 VDD a_16336_9406# a_16281_9501# VDD sg13_lv_pmos ad=1.94845p pd=12.685u as=93.45f ps=0.865u w=0.42u l=0.13u
X870 GND.t254 VDD GND.t254 GND.t848 sg13_lv_nmos ad=0.1428p pd=1.52u as=0 ps=0 w=0.42u l=1u
X871 VDD GND.t763 VDD VDD sg13_lv_pmos ad=0.34p pd=2.68u as=0 ps=0 w=1u l=1u
X872 _131_.B1 _131_.A2 a_14451_13320# GND.t257 sg13_lv_nmos ad=0.1406p pd=1.12u as=0.1406p ps=1.12u w=0.74u l=0.13u
X873 a_13041_5412# _147_.Y VDD VDD sg13_lv_pmos ad=0.1225p pd=1.245u as=0.36p ps=2.72u w=1u l=0.13u
X874 a_7985_7728# _136_.A a_7953_7996# VDD sg13_lv_pmos ad=0.34p pd=2.68u as=0.1225p ps=1.245u w=1u l=0.13u
X875 VDD GND.t84 VDD VDD sg13_lv_pmos ad=0.34p pd=2.68u as=0 ps=0 w=1u l=1u
X876 a_3380_13690# clkbuf_1_0__f_sclk.A GND.t1359 GND.t1 sg13_lv_nmos ad=0.1406p pd=1.12u as=0.1406p ps=1.12u w=0.74u l=0.13u
X877 a_6756_4663# a_6468_4968# a_6694_4663# GND.t600 sg13_lv_nmos ad=0.1428p pd=1.52u as=37.8f ps=0.6u w=0.42u l=0.13u
X878 GND.t1245 VDD GND.t1244 GND.t1243 sg13_lv_nmos ad=0.1428p pd=1.52u as=0 ps=0 w=0.42u l=1u
X879 a_10020_17512# a_9994_17476# VDD VDD sg13_lv_pmos ad=0.34p pd=2.68u as=0.36237p ps=2.605u w=1u l=0.13u
X880 VDD a_15983_5773# a_16650_5412# VDD sg13_lv_pmos ad=0.2128p pd=1.5u as=0.3864p ps=2.93u w=1.12u l=0.13u
X881 a_2232_7868# _124_.S VDD VDD sg13_lv_pmos ad=0.2856p pd=2.36u as=0.253p ps=1.53u w=0.84u l=0.13u
X882 VDD GND.t173 VDD VDD sg13_lv_pmos ad=0.34p pd=2.68u as=0 ps=0 w=1u l=1u
X883 GND.t958 VDD GND.t958 GND.t997 sg13_lv_nmos ad=79.8f pd=0.8u as=0 ps=0 w=0.42u l=1u
X884 a_12401_4704# _148_.B a_12369_4972# VDD sg13_lv_pmos ad=0.34p pd=2.68u as=0.1225p ps=1.245u w=1u l=0.13u
X885 a_7157_16366# _202_.Y GND.t404 GND.t16 sg13_lv_nmos ad=0.1406p pd=1.12u as=0.1898p ps=1.36u w=0.74u l=0.13u
X886 a_3274_4873# a_3717_4629# a_3014_4650# GND.t267 sg13_lv_nmos ad=79.8f pd=0.8u as=0.1296p ps=1.52u w=0.42u l=0.13u
X887 a_5050_15238# _119_.A0 _195_.Y GND.t1416 sg13_lv_nmos ad=0.1406p pd=1.12u as=0.2516p ps=2.16u w=0.74u l=0.13u
X888 a_4816_5654# a_4559_5773# a_4978_5850# GND.t20 sg13_lv_nmos ad=0.1428p pd=1.52u as=37.8f ps=0.6u w=0.42u l=0.13u
X889 VDD _176_.A _192_.B VDD sg13_lv_pmos ad=0.3808p pd=2.92u as=0.2128p ps=1.5u w=1.12u l=0.13u
X890 GND.t1030 VDD GND.t123 GND.t116 sg13_lv_nmos ad=79.8f pd=0.8u as=0 ps=0 w=0.42u l=1u
X891 a_11846_12210# _126_.Y VDD VDD sg13_lv_pmos ad=79.8f pd=0.8u as=0.1428p ps=1.52u w=0.42u l=0.13u
X892 VDD _158_.Y a_13824_7989# VDD sg13_lv_pmos ad=0.2891p pd=1.695u as=0.1596p ps=1.22u w=0.84u l=0.13u
X893 VDD GND.t291 VDD VDD sg13_lv_pmos ad=0.19p pd=1.38u as=0 ps=0 w=1u l=1u
X894 a_6182_4650# a_6987_4772# a_6442_4873# VDD sg13_lv_pmos ad=0.1428p pd=1.52u as=79.8f ps=0.8u w=0.42u l=0.13u
X895 GND.t941 VDD GND.t941 GND.t940 sg13_lv_nmos ad=0.1428p pd=1.52u as=0 ps=0 w=0.42u l=1u
X896 GND.t683 VDD GND.t683 GND.t115 sg13_lv_nmos ad=0.1428p pd=1.52u as=0 ps=0 w=0.42u l=1u
X897 GND.t454 _199_.B1 _199_.Y GND.t453 sg13_lv_nmos ad=0.2516p pd=2.16u as=0.1406p ps=1.12u w=0.74u l=0.13u
X898 GND.t116 a_10437_9165# a_10539_9308# GND.t1563 sg13_lv_nmos ad=4.0443p pd=25.39u as=0.2516p ps=2.16u w=0.74u l=0.13u
X899 GND.t225 VDD GND.t225 GND.t363 sg13_lv_nmos ad=79.8f pd=0.8u as=0 ps=0 w=0.42u l=1u
X900 a_4144_4142# _243_.RESET_B VDD VDD sg13_lv_pmos ad=79.8f pd=0.8u as=5.15485p ps=34.14u w=0.42u l=0.13u
X901 GND.t473 _147_.A1 a_11220_5760# GND.t20 sg13_lv_nmos ad=0.2272p pd=1.99u as=78.39999f ps=0.885u w=0.64u l=0.13u
X902 a_6482_12218# _192_.C GND.t42 GND.t41 sg13_lv_nmos ad=0.1406p pd=1.12u as=0.2886p ps=2.26u w=0.74u l=0.13u
X903 a_6720_17061# _205_.Y VDD VDD sg13_lv_pmos ad=0.1596p pd=1.22u as=0.4536p ps=2.76u w=0.84u l=0.13u
X904 GND.t1316 VDD GND.t1318 GND.t1317 sg13_lv_nmos ad=79.8f pd=0.8u as=0 ps=0 w=0.42u l=1u
X905 a_15141_12189# _263_.CLK GND.t121 GND.t523 sg13_lv_nmos ad=0.2516p pd=2.16u as=3.25075p ps=21.2u w=0.74u l=0.13u
X906 VDD _242_.RESET_B a_3014_4650# VDD sg13_lv_pmos ad=0.36237p pd=2.605u as=79.8f ps=0.8u w=0.42u l=0.13u
X907 a_11974_8436# _160_.X VDD VDD sg13_lv_pmos ad=0.34p pd=2.68u as=0.19p ps=1.38u w=1u l=0.13u
X908 a_6579_11460# _176_.A VDD VDD sg13_lv_pmos ad=0.1428p pd=1.375u as=0.2891p ps=1.695u w=1.12u l=0.13u
X909 GND.t40 a_13391_12287# a_14058_12508# GND.t126 sg13_lv_nmos ad=0.1406p pd=1.12u as=0.2516p ps=2.16u w=0.74u l=0.13u
X910 _145_.A2 a_8538_5375# GND.t1136 GND.t20 sg13_lv_nmos ad=0.1628p pd=1.18u as=0.3108p ps=2.32u w=0.74u l=0.13u
X911 a_2122_12940# a_2565_12983# a_2505_13019# VDD sg13_lv_pmos ad=79.8f pd=0.8u as=63f ps=0.72u w=0.42u l=0.13u
X912 GND.t1054 VDD GND.t1054 GND.t1082 sg13_lv_nmos ad=79.8f pd=0.8u as=0 ps=0 w=0.42u l=1u
X913 a_12685_7700# _157_.Y a_12215_7664# GND.t590 sg13_lv_nmos ad=94.35f pd=0.995u as=0.1406p ps=1.12u w=0.74u l=0.13u
X914 a_8006_16746# _209_.Y VDD VDD sg13_lv_pmos ad=79.8f pd=0.8u as=0.1428p ps=1.52u w=0.42u l=0.13u
X915 a_4858_12214# _120_.A0 _187_.Y GND.t385 sg13_lv_nmos ad=0.1406p pd=1.12u as=0.2516p ps=2.16u w=0.74u l=0.13u
X916 VDD GND.t38 VDD VDD sg13_lv_pmos ad=0.19p pd=1.38u as=0 ps=0 w=1u l=1u
X917 GND.t115 VDD GND.t115 GND.t670 sg13_lv_nmos ad=79.8f pd=0.8u as=0 ps=0 w=0.42u l=1u
X918 _266_.CLK a_13290_17044# GND.t236 GND.t579 sg13_lv_nmos ad=0.2516p pd=2.16u as=0.1406p ps=1.12u w=0.74u l=0.13u
X919 GND.t1193 VDD GND.t1190 GND.t1228 sg13_lv_nmos ad=0.1428p pd=1.52u as=0 ps=0 w=0.42u l=1u
X920 a_11481_17631# a_10539_17519# a_11279_17869# VDD sg13_lv_pmos ad=93.45f pd=0.865u as=0.2048p ps=1.63u w=0.42u l=0.13u
X921 GND.t489 VDD GND.t651 GND.t695 sg13_lv_nmos ad=79.8f pd=0.8u as=0 ps=0 w=0.42u l=1u
X922 a_2126_11726# _120_.A0 a_2298_11830# GND.t174 sg13_lv_nmos ad=0.1628p pd=1.18u as=0.3367p ps=1.65u w=0.74u l=0.13u
X923 _243_.CLK a_3956_6888# GND.t1042 GND.t1386 sg13_lv_nmos ad=0.1406p pd=1.12u as=0.1406p ps=1.12u w=0.74u l=0.13u
X924 GND.t1331 VDD GND.t1330 GND.t1329 sg13_lv_nmos ad=0.1428p pd=1.52u as=0 ps=0 w=0.42u l=1u
X925 GND.t683 VDD GND.t683 GND.t670 sg13_lv_nmos ad=79.8f pd=0.8u as=0 ps=0 w=0.42u l=1u
X926 a_2436_16759# a_2667_16868# a_2122_16969# GND.t56 sg13_lv_nmos ad=0.2373p pd=1.97u as=79.8f ps=0.8u w=0.42u l=0.13u
X927 VDD GND.t720 VDD VDD sg13_lv_pmos ad=0.34p pd=2.68u as=0 ps=0 w=1u l=1u
X928 VDD GND.t751 VDD VDD sg13_lv_pmos ad=0.19p pd=1.38u as=0 ps=0 w=1u l=1u
X929 a_2436_9504# a_2955_9308# a_3695_9263# GND.t116 sg13_lv_nmos ad=0.3473p pd=2.71u as=0.12665p ps=1.145u w=0.74u l=0.13u
X930 VDD GND.t655 VDD VDD sg13_lv_pmos ad=0.34p pd=2.68u as=0 ps=0 w=1u l=1u
X931 GND.t1291 VDD GND.t1290 GND.t1289 sg13_lv_nmos ad=0.1428p pd=1.52u as=0 ps=0 w=0.42u l=1u
X932 a_2853_9165# _243_.CLK VDD VDD sg13_lv_pmos ad=0.4088p pd=2.97u as=1.94845p ps=12.685u w=1.12u l=0.13u
X933 VDD _243_.RESET_B a_2342_4338# VDD sg13_lv_pmos ad=0.36237p pd=2.605u as=79.8f ps=0.8u w=0.42u l=0.13u
X934 GND.t1250 VDD GND.t1249 GND.t1248 sg13_lv_nmos ad=0.1428p pd=1.52u as=0 ps=0 w=0.42u l=1u
X935 VDD _186_.Y a_8156_14020# VDD sg13_lv_pmos ad=0.2128p pd=1.5u as=0.3808p ps=2.92u w=1.12u l=0.13u
X936 GND.t861 VDD GND.t861 GND.t892 sg13_lv_nmos ad=0.1428p pd=1.52u as=0 ps=0 w=0.42u l=1u
X937 a_3922_12210# _220_.Y GND.t74 GND.t302 sg13_lv_nmos ad=37.8f pd=0.6u as=79.8f ps=0.8u w=0.42u l=0.13u
X938 GND.t1042 a_3956_6888# _243_.CLK GND.t1383 sg13_lv_nmos ad=0.1406p pd=1.12u as=0.1406p ps=1.12u w=0.74u l=0.13u
X939 a_7953_7996# _122_.A0 VDD VDD sg13_lv_pmos ad=0.1225p pd=1.245u as=0.36p ps=2.72u w=1u l=0.13u
X940 VDD GND.t173 VDD VDD sg13_lv_pmos ad=0.34p pd=2.68u as=0 ps=0 w=1u l=1u
X941 a_6234_3900# _210_.B _210_.Y VDD sg13_lv_pmos ad=0.1428p pd=1.375u as=0.2408p ps=1.55u w=1.12u l=0.13u
X942 GND.t1301 VDD GND.t1303 GND.t1302 sg13_lv_nmos ad=79.8f pd=0.8u as=0 ps=0 w=0.42u l=1u
X943 VDD GND.t661 VDD VDD sg13_lv_pmos ad=0.19p pd=1.38u as=0 ps=0 w=1u l=1u
X944 VDD GND.t757 VDD VDD sg13_lv_pmos ad=0.19p pd=1.38u as=0 ps=0 w=1u l=1u
X945 a_2232_10210# _124_.S VDD VDD sg13_lv_pmos ad=0.2856p pd=2.36u as=0.253p ps=1.53u w=0.84u l=0.13u
X946 _247_.CLK a_3380_13690# VDD VDD sg13_lv_pmos ad=0.2128p pd=1.5u as=0.2128p ps=1.5u w=1.12u l=0.13u
X947 a_9269_9190# _171_.Y GND.t578 GND.t116 sg13_lv_nmos ad=0.1406p pd=1.12u as=0.1898p ps=1.36u w=0.74u l=0.13u
X948 VDD GND.t115 VDD VDD sg13_lv_pmos ad=0.34p pd=2.68u as=0 ps=0 w=1u l=1u
X949 VDD GND.t12 VDD VDD sg13_lv_pmos ad=0.34p pd=2.68u as=0 ps=0 w=1u l=1u
X950 _258_.RESET_B _222_.A VDD VDD sg13_lv_pmos ad=0.3808p pd=2.92u as=0.3808p ps=2.92u w=1.12u l=0.13u
X951 a_9382_12223# _256_.RESET_B GND.t310 GND.t309 sg13_lv_nmos ad=37.8f pd=0.6u as=0.1701p ps=1.65u w=0.42u l=0.13u
X952 a_11475_4248# _139_.X GND.t12 GND.t244 sg13_lv_nmos ad=0.1406p pd=1.12u as=0.2516p ps=2.16u w=0.74u l=0.13u
X953 GND.t246 a_3952_8678# a_3601_8797# GND.t116 sg13_lv_nmos ad=79.8f pd=0.8u as=0.1428p ps=1.52u w=0.42u l=0.13u
X954 a_3588_5837# a_3819_5423# a_3274_5380# GND.t270 sg13_lv_nmos ad=0.2373p pd=1.97u as=79.8f ps=0.8u w=0.42u l=0.13u
X955 a_2436_9504# a_2410_9409# VDD VDD sg13_lv_pmos ad=0.34p pd=2.68u as=0.36237p ps=2.605u w=1u l=0.13u
X956 a_10220_18222# _225_.A VDD VDD sg13_lv_pmos ad=0.2856p pd=2.36u as=0.2114p ps=1.54u w=0.84u l=0.13u
X957 a_14724_5416# a_15243_5423# a_15983_5773# GND.t91 sg13_lv_nmos ad=0.3473p pd=2.71u as=0.12665p ps=1.145u w=0.74u l=0.13u
X958 GND.t147 VDD GND.t778 GND.t777 sg13_lv_nmos ad=0.1428p pd=1.52u as=0 ps=0 w=0.42u l=1u
X959 a_14830_17061# a_14572_16746# VDD VDD sg13_lv_pmos ad=93.45f pd=0.865u as=1.30717p ps=8.395u w=0.42u l=0.13u
X960 VDD GND.t858 VDD VDD sg13_lv_pmos ad=0.34p pd=2.68u as=0 ps=0 w=1u l=1u
X961 a_7985_7728# _122_.A0 GND.t1086 GND.t1572 sg13_lv_nmos ad=0.17462p pd=1.185u as=0.374p ps=2.46u w=0.55u l=0.13u
X962 _222_.Y _222_.A GND.t192 GND.t118 sg13_lv_nmos ad=0.2516p pd=2.16u as=0.2516p ps=2.16u w=0.74u l=0.13u
X963 VDD GND.t683 VDD VDD sg13_lv_pmos ad=0.34p pd=2.68u as=0 ps=0 w=1u l=1u
X964 VDD GND.t964 VDD VDD sg13_lv_pmos ad=0.34p pd=2.68u as=0 ps=0 w=1u l=1u
X965 VDD a_11781_16725# a_11883_16868# VDD sg13_lv_pmos ad=1.30717p pd=8.395u as=0.3864p ps=2.93u w=1.12u l=0.13u
X966 GND.t1187 VDD GND.t209 GND.t1222 sg13_lv_nmos ad=0.1428p pd=1.52u as=0 ps=0 w=0.42u l=1u
X967 a_3274_5380# a_3717_5423# a_3657_5459# VDD sg13_lv_pmos ad=79.8f pd=0.8u as=63f ps=0.72u w=0.42u l=0.13u
X968 a_2558_15532# _118_.A0 a_2126_15424# VDD sg13_lv_pmos ad=0.3325p pd=1.665u as=0.2225p ps=1.445u w=1u l=0.13u
X969 a_7985_13776# _193_.Y a_7953_14044# VDD sg13_lv_pmos ad=0.34p pd=2.68u as=0.1225p ps=1.245u w=1u l=0.13u
X970 VDD a_4559_5773# a_5226_5412# VDD sg13_lv_pmos ad=0.2128p pd=1.5u as=0.3864p ps=2.93u w=1.12u l=0.13u
X971 VDD GND.t236 VDD VDD sg13_lv_pmos ad=0.34p pd=2.68u as=0 ps=0 w=1u l=1u
X972 a_14724_5416# a_14698_5380# GND.t288 GND.t287 sg13_lv_nmos ad=0.2516p pd=2.16u as=0.1626p ps=1.415u w=0.74u l=0.13u
X973 VDD _147_.Y a_13244_5412# VDD sg13_lv_pmos ad=0.2128p pd=1.5u as=0.3808p ps=2.92u w=1.12u l=0.13u
X974 a_15983_12287# a_15141_12189# a_14724_12528# VDD sg13_lv_pmos ad=0.2048p pd=1.63u as=0.34p ps=2.68u w=1u l=0.13u
X975 GND.t1316 VDD GND.t1315 GND.t1314 sg13_lv_nmos ad=0.1428p pd=1.52u as=0 ps=0 w=0.42u l=1u
X976 a_8325_16007# fanout7.A VDD VDD sg13_lv_pmos ad=0.4088p pd=2.97u as=1.6291p ps=10.53u w=1.12u l=0.13u
X977 a_11364_17064# a_11883_16868# a_12623_16823# GND.t1576 sg13_lv_nmos ad=0.3473p pd=2.71u as=0.12665p ps=1.145u w=0.74u l=0.13u
X978 a_6970_12214# _176_.B GND.t296 GND.t295 sg13_lv_nmos ad=0.1406p pd=1.12u as=0.2516p ps=2.16u w=0.74u l=0.13u
X979 a_3657_5041# a_3300_4968# VDD VDD sg13_lv_pmos ad=63f pd=0.72u as=0.1563p ps=1.22u w=0.42u l=0.13u
X980 _226_.Y _225_.A.t1 GND.t143 GND.t142 sg13_lv_nmos ad=0.2516p pd=2.16u as=0.2516p ps=2.16u w=0.74u l=0.13u
X981 GND.t116 a_15237_9165# a_15339_9308# GND.t441 sg13_lv_nmos ad=4.0443p pd=25.39u as=0.2516p ps=2.16u w=0.74u l=0.13u
X982 GND.t111 VDD GND.t111 GND.t952 sg13_lv_nmos ad=0.1428p pd=1.52u as=0 ps=0 w=0.42u l=1u
X983 VDD GND.t225 VDD VDD sg13_lv_pmos ad=0.19p pd=1.38u as=0 ps=0 w=1u l=1u
X984 GND.t301 a_3664_16966# a_3313_16823# GND.t16 sg13_lv_nmos ad=79.8f pd=0.8u as=0.1428p ps=1.52u w=0.42u l=0.13u
X985 GND.t90 VDD GND.t828 GND.t830 sg13_lv_nmos ad=0.1428p pd=1.52u as=0 ps=0 w=0.42u l=1u
X986 GND.t1235 VDD GND.t1234 GND.t1233 sg13_lv_nmos ad=0.1428p pd=1.52u as=0 ps=0 w=0.42u l=1u
X987 VDD GND.t104 VDD VDD sg13_lv_pmos ad=0.34p pd=2.68u as=0 ps=0 w=1u l=1u
X988 a_13184_7183# _151_.B a_13321_7272# GND.t207 sg13_lv_nmos ad=0.2176p pd=1.96u as=0.1216p ps=1.02u w=0.64u l=0.13u
X989 GND.t84 VDD GND.t84 GND.t870 sg13_lv_nmos ad=0.1428p pd=1.52u as=0 ps=0 w=0.42u l=1u
X990 a_16240_5654# _226_.Y VDD VDD sg13_lv_pmos ad=79.8f pd=0.8u as=1.48542p ps=9.54u w=0.42u l=0.13u
X991 GND.t40 _235_.Y a_14532_12210# GND.t1448 sg13_lv_nmos ad=0.1626p pd=1.415u as=60.89999f ps=0.71u w=0.42u l=0.13u
X992 a_12880_16966# a_12623_16823# a_13042_16746# GND.t234 sg13_lv_nmos ad=0.1428p pd=1.52u as=37.8f ps=0.6u w=0.42u l=0.13u
X993 VDD _200_.Y a_6286_15276# VDD sg13_lv_pmos ad=0.2618p pd=1.63u as=0.2856p ps=2.36u w=0.84u l=0.13u
X994 GND.t471 VDD GND.t471 GND.t993 sg13_lv_nmos ad=79.8f pd=0.8u as=0 ps=0 w=0.42u l=1u
X995 VDD _126_.B1 a_14357_12972# VDD sg13_lv_pmos ad=0.2128p pd=1.5u as=0.3808p ps=2.92u w=1.12u l=0.13u
X996 GND.t65 a_3045_3911# a_3147_3911# GND.t275 sg13_lv_nmos ad=4.7917p pd=31.625u as=0.2516p ps=2.16u w=0.74u l=0.13u
X997 VDD GND.t62 VDD VDD sg13_lv_pmos ad=0.34p pd=2.68u as=0 ps=0 w=1u l=1u
X998 a_9970_16746# _259_.RESET_B GND.t162 GND.t29 sg13_lv_nmos ad=37.8f pd=0.6u as=79.8f ps=0.8u w=0.42u l=0.13u
X999 a_6862_15532# _205_.B1 a_7074_15532# VDD sg13_lv_pmos ad=0.2128p pd=1.5u as=0.3808p ps=2.92u w=1.12u l=0.13u
X1000 GND.t858 VDD GND.t858 GND.t857 sg13_lv_nmos ad=0.1428p pd=1.52u as=0 ps=0 w=0.42u l=1u
X1001 GND.t905 VDD GND.t291 GND.t906 sg13_lv_nmos ad=79.8f pd=0.8u as=0 ps=0 w=0.42u l=1u
X1002 VDD GND.t285 VDD VDD sg13_lv_pmos ad=0.19p pd=1.38u as=0 ps=0 w=1u l=1u
X1003 a_2126_17774# _118_.A0 a_2298_17532# VDD sg13_lv_pmos ad=0.2225p pd=1.445u as=0.2975p ps=1.595u w=1u l=0.13u
X1004 GND.t1336 VDD GND.t1335 GND.t1334 sg13_lv_nmos ad=0.1428p pd=1.52u as=0 ps=0 w=0.42u l=1u
X1005 GND.t1095 _166_.A a_10901_7678# GND.t1482 sg13_lv_nmos ad=0.1898p pd=1.36u as=0.2516p ps=2.16u w=0.74u l=0.13u
X1006 a_5525_16750# _207_.A2 GND.t315 GND.t16 sg13_lv_nmos ad=0.1406p pd=1.12u as=0.1898p ps=1.36u w=0.74u l=0.13u
X1007 a_14753_10724# _260_.CLK _131_.Y GND.t403 sg13_lv_nmos ad=0.1406p pd=1.12u as=0.1406p ps=1.12u w=0.74u l=0.13u
X1008 VDD clkbuf_1_0__f_sclk.A a_3380_13690# VDD sg13_lv_pmos ad=0.2128p pd=1.5u as=0.2128p ps=1.5u w=1.12u l=0.13u
X1009 GND.t77 VDD GND.t638 GND.t637 sg13_lv_nmos ad=79.8f pd=0.8u as=0 ps=0 w=0.42u l=1u
X1010 GND.t958 VDD GND.t958 GND.t960 sg13_lv_nmos ad=79.8f pd=0.8u as=0 ps=0 w=0.42u l=1u
X1011 VDD a_10415_13799# a_10672_13942# VDD sg13_lv_pmos ad=5.15485p pd=34.14u as=79.8f ps=0.8u w=0.42u l=0.13u
X1012 a_12106_12433# a_12549_12189# a_12489_12601# VDD sg13_lv_pmos ad=79.8f pd=0.8u as=63f ps=0.72u w=0.42u l=0.13u
X1013 VDD GND.t958 VDD VDD sg13_lv_pmos ad=0.34p pd=2.68u as=0 ps=0 w=1u l=1u
X1014 a_14438_12210# a_15243_12332# a_14698_12433# VDD sg13_lv_pmos ad=0.1428p pd=1.52u as=79.8f ps=0.8u w=0.42u l=0.13u
X1015 VDD GND.t115 VDD VDD sg13_lv_pmos ad=0.34p pd=2.68u as=0 ps=0 w=1u l=1u
X1016 a_13100_13686# fanout6.A VDD VDD sg13_lv_pmos ad=0.2856p pd=2.36u as=0.2114p ps=1.54u w=0.84u l=0.13u
X1017 a_10764_5678# _139_.X VDD VDD sg13_lv_pmos ad=0.1596p pd=1.22u as=0.2891p ps=1.695u w=0.84u l=0.13u
X1018 GND.t1095 VDD GND.t1095 GND.t1096 sg13_lv_nmos ad=79.8f pd=0.8u as=0 ps=0 w=0.42u l=1u
X1019 a_14534_9186# _213_.Y VDD VDD sg13_lv_pmos ad=79.8f pd=0.8u as=0.1428p ps=1.52u w=0.42u l=0.13u
X1020 VDD en a_1192_11460# VDD sg13_lv_pmos ad=0.2114p pd=1.54u as=0.2856p ps=2.36u w=0.84u l=0.13u
X1021 VDD GND.t936 VDD VDD sg13_lv_pmos ad=0.34p pd=2.68u as=0 ps=0 w=1u l=1u
X1022 GND.t152 VDD GND.t152 GND.t630 sg13_lv_nmos ad=0.1428p pd=1.52u as=0 ps=0 w=0.42u l=1u
X1023 VDD a_16240_12430# a_16185_12525# VDD sg13_lv_pmos ad=1.42082p pd=9.125u as=93.45f ps=0.865u w=0.42u l=0.13u
X1024 VDD GND.t79 VDD VDD sg13_lv_pmos ad=0.19p pd=1.38u as=0 ps=0 w=1u l=1u
X1025 a_9828_17946# _214_.Y a_9734_17946# GND.t575 sg13_lv_nmos ad=60.89999f pd=0.71u as=0.1428p ps=1.52u w=0.42u l=0.13u
X1026 a_2661_12189# _247_.CLK GND.t121 GND.t516 sg13_lv_nmos ad=0.2516p pd=2.16u as=3.6571p ps=23.85u w=0.74u l=0.13u
X1027 _165_.Y _136_.A VDD VDD sg13_lv_pmos ad=0.2128p pd=1.5u as=0.3808p ps=2.92u w=1.12u l=0.13u
X1028 VDD GND.t858 VDD VDD sg13_lv_pmos ad=0.19p pd=1.38u as=0 ps=0 w=1u l=1u
X1029 a_5619_17044# _207_.A1 VDD VDD sg13_lv_pmos ad=0.1428p pd=1.375u as=0.2891p ps=1.695u w=1.12u l=0.13u
X1030 GND.t854 VDD GND.t854 GND.t888 sg13_lv_nmos ad=0.1428p pd=1.52u as=0 ps=0 w=0.42u l=1u
X1031 GND.t45 a_11279_9263# a_11946_9484# GND.t1547 sg13_lv_nmos ad=0.1406p pd=1.12u as=0.2516p ps=2.16u w=0.74u l=0.13u
X1032 clkbuf_1_0__f_sclk.A a_3886_10702# GND.t984 GND.t1529 sg13_lv_nmos ad=0.1406p pd=1.12u as=0.1406p ps=1.12u w=0.74u l=0.13u
X1033 GND.t20 VDD GND.t20 GND.t106 sg13_lv_nmos ad=79.8f pd=0.8u as=0 ps=0 w=0.42u l=1u
X1034 VDD _136_.A _173_.Y VDD sg13_lv_pmos ad=0.3808p pd=2.92u as=0.2128p ps=1.5u w=1.12u l=0.13u
X1035 GND.t243 VDD GND.t243 GND.t670 sg13_lv_nmos ad=79.8f pd=0.8u as=0 ps=0 w=0.42u l=1u
X1036 _201_.Y _199_.Y a_6508_15532# VDD sg13_lv_pmos ad=0.3808p pd=2.92u as=0.1176p ps=1.33u w=1.12u l=0.13u
X1037 VDD GND.t854 VDD VDD sg13_lv_pmos ad=0.19p pd=1.38u as=0 ps=0 w=1u l=1u
X1038 VDD GND.t104 VDD VDD sg13_lv_pmos ad=0.34p pd=2.68u as=0 ps=0 w=1u l=1u
X1039 VDD _226_.Y a_14438_5850# VDD sg13_lv_pmos ad=0.36237p pd=2.605u as=79.8f ps=0.8u w=0.42u l=0.13u
X1040 GND.t20 a_2171_6204# a_2608_6166# GND.t106 sg13_lv_nmos ad=0.148p pd=1.14u as=0.3367p ps=1.65u w=0.74u l=0.13u
X1041 GND.t794 VDD GND.t196 GND.t795 sg13_lv_nmos ad=79.8f pd=0.8u as=0 ps=0 w=0.42u l=1u
X1042 VDD GND.t1300 VDD VDD sg13_lv_pmos ad=0.34p pd=2.68u as=0 ps=0 w=1u l=1u
X1043 _182_.Y a_8352_11013# a_8501_10702# GND.t430 sg13_lv_nmos ad=0.2516p pd=2.16u as=0.1406p ps=1.12u w=0.74u l=0.13u
X1044 GND.t225 VDD GND.t1014 GND.t363 sg13_lv_nmos ad=0.1428p pd=1.52u as=0 ps=0 w=0.42u l=1u
X1045 GND.t1321 VDD GND.t1320 GND.t1319 sg13_lv_nmos ad=0.1428p pd=1.52u as=0 ps=0 w=0.42u l=1u
X1046 a_8564_5412# a_8538_5375# _145_.A2 VDD sg13_lv_pmos ad=0.2128p pd=1.5u as=0.3808p ps=2.92u w=1.12u l=0.13u
X1047 GND.t471 VDD GND.t471 GND.t956 sg13_lv_nmos ad=0.1428p pd=1.52u as=0 ps=0 w=0.42u l=1u
X1048 _258_.D a_7008_16035# a_7157_16366# GND.t16 sg13_lv_nmos ad=0.2516p pd=2.16u as=0.1406p ps=1.12u w=0.74u l=0.13u
X1049 a_9573_12189# _251_.CLK VDD VDD sg13_lv_pmos ad=0.4088p pd=2.97u as=1.42082p ps=9.125u w=1.12u l=0.13u
X1050 VDD _124_.S a_2075_5468# VDD sg13_lv_pmos ad=0.253p pd=1.53u as=0.2856p ps=2.36u w=0.84u l=0.13u
X1051 clkbuf_1_0__f_sclk.A a_3886_10702# VDD VDD sg13_lv_pmos ad=0.2128p pd=1.5u as=0.2128p ps=1.5u w=1.12u l=0.13u
X1052 GND.t1561 _214_.A _214_.Y GND.t1560 sg13_lv_nmos ad=0.2516p pd=2.16u as=0.2516p ps=2.16u w=0.74u l=0.13u
X1053 GND.t137 _193_.Y a_7553_14832# GND.t136 sg13_lv_nmos ad=0.2516p pd=2.16u as=0.1406p ps=1.12u w=0.74u l=0.13u
X1054 clkbuf_1_0__f_sclk.A a_3886_10702# GND.t984 GND.t1525 sg13_lv_nmos ad=0.1406p pd=1.12u as=0.1406p ps=1.12u w=0.74u l=0.13u
X1055 a_3886_10702# sclk GND.t49 GND.t48 sg13_lv_nmos ad=0.1406p pd=1.12u as=0.2516p ps=2.16u w=0.74u l=0.13u
X1056 GND.t802 VDD GND.t98 GND.t803 sg13_lv_nmos ad=79.8f pd=0.8u as=0 ps=0 w=0.42u l=1u
X1057 a_13617_4972# _145_.X VDD VDD sg13_lv_pmos ad=0.1225p pd=1.245u as=0.36p ps=2.72u w=1u l=0.13u
X1058 a_15237_8447# _251_.CLK GND.t116 GND.t401 sg13_lv_nmos ad=0.2516p pd=2.16u as=3.59495p ps=22.57u w=0.74u l=0.13u
X1059 GND.t1216 VDD GND.t1214 GND.t1215 sg13_lv_nmos ad=0.1428p pd=1.52u as=0 ps=0 w=0.42u l=1u
X1060 GND.t116 _260_.RESET_B a_14628_9186# GND.t1574 sg13_lv_nmos ad=0.1626p pd=1.415u as=60.89999f ps=0.71u w=0.42u l=0.13u
X1061 GND.t661 VDD GND.t661 GND.t703 sg13_lv_nmos ad=79.8f pd=0.8u as=0 ps=0 w=0.42u l=1u
X1062 a_1862_13410# _119_.X VDD VDD sg13_lv_pmos ad=79.8f pd=0.8u as=0.1428p ps=1.52u w=0.42u l=0.13u
X1063 GND.t113 _178_.B1 a_6320_10296# GND.t1426 sg13_lv_nmos ad=0.1371p pd=1.12u as=0.1216p ps=1.02u w=0.64u l=0.13u
X1064 GND.t181 a_15983_12287# a_16650_12508# GND.t180 sg13_lv_nmos ad=0.1406p pd=1.12u as=0.2516p ps=2.16u w=0.74u l=0.13u
X1065 VDD GND.t38 VDD VDD sg13_lv_pmos ad=0.34p pd=2.68u as=0 ps=0 w=1u l=1u
X1066 a_11652_16759# a_11364_17064# a_11590_16759# GND.t29 sg13_lv_nmos ad=0.1428p pd=1.52u as=37.8f ps=0.6u w=0.42u l=0.13u
X1067 _195_.Y _119_.A0 VDD VDD sg13_lv_pmos ad=0.2128p pd=1.5u as=0.3808p ps=2.92u w=1.12u l=0.13u
X1068 GND.t266 _199_.Y _201_.Y GND.t265 sg13_lv_nmos ad=0.2516p pd=2.16u as=0.1406p ps=1.12u w=0.74u l=0.13u
X1069 a_3300_4968# a_3274_4873# VDD VDD sg13_lv_pmos ad=0.34p pd=2.68u as=0.36237p ps=2.605u w=1u l=0.13u
X1070 GND.t212 en a_1192_11460# GND.t184 sg13_lv_nmos ad=0.14875p pd=1.16u as=0.187p ps=1.78u w=0.55u l=0.13u
X1071 a_7872_5451# _143_.A VDD VDD sg13_lv_pmos ad=0.1596p pd=1.22u as=0.4536p ps=2.76u w=0.84u l=0.13u
X1072 VDD GND.t187 VDD VDD sg13_lv_pmos ad=0.19p pd=1.38u as=0 ps=0 w=1u l=1u
X1073 GND.t828 VDD GND.t828 GND.t829 sg13_lv_nmos ad=79.8f pd=0.8u as=0 ps=0 w=0.42u l=1u
X1074 a_14724_12528# a_14698_12433# VDD VDD sg13_lv_pmos ad=0.34p pd=2.68u as=0.36237p ps=2.605u w=1u l=0.13u
X1075 _160_.B _162_.B a_13338_7690# GND.t572 sg13_lv_nmos ad=0.1628p pd=1.18u as=88.8f ps=0.98u w=0.74u l=0.13u
X1076 VDD GND.t666 VDD VDD sg13_lv_pmos ad=0.34p pd=2.68u as=0 ps=0 w=1u l=1u
X1077 _136_.A a_8488_8436# VDD VDD sg13_lv_pmos ad=0.42p pd=2.99u as=0.2114p ps=1.54u w=1.12u l=0.13u
X1078 a_2620_13726# _120_.A0 a_2126_13912# GND.t384 sg13_lv_nmos ad=0.13135p pd=1.095u as=0.1628p ps=1.18u w=0.74u l=0.13u
X1079 GND.t868 VDD GND.t84 GND.t1 sg13_lv_nmos ad=79.8f pd=0.8u as=0 ps=0 w=0.42u l=1u
X1080 VDD a_4559_5773# a_4816_5654# VDD sg13_lv_pmos ad=1.48542p pd=9.54u as=79.8f ps=0.8u w=0.42u l=0.13u
X1081 a_3300_5416# a_3274_5380# GND.t20 GND.t1394 sg13_lv_nmos ad=0.2516p pd=2.16u as=0.1626p ps=1.415u w=0.74u l=0.13u
X1082 clkbuf_1_0__f_sclk.A a_3886_10702# VDD VDD sg13_lv_pmos ad=0.2128p pd=1.5u as=0.2128p ps=1.5u w=1.12u l=0.13u
X1083 a_3886_10702# sclk VDD VDD sg13_lv_pmos ad=0.2128p pd=1.5u as=0.3808p ps=2.92u w=1.12u l=0.13u
X1084 a_13221_16007# _266_.CLK GND.t132 GND.t505 sg13_lv_nmos ad=0.2516p pd=2.16u as=2.6164p ps=16.515u w=0.74u l=0.13u
X1085 GND.t1187 a_13649_4704# _151_.X GND.t1447 sg13_lv_nmos ad=0.3108p pd=2.32u as=0.1628p ps=1.18u w=0.74u l=0.13u
X1086 _243_.CLK a_3956_6888# VDD VDD sg13_lv_pmos ad=0.2128p pd=1.5u as=0.2128p ps=1.5u w=1.12u l=0.13u
X1087 a_15861_16904# a_14919_16964# a_15722_16904# GND.t96 sg13_lv_nmos ad=79.8f pd=0.8u as=0.2373p ps=1.97u w=0.42u l=0.13u
X1088 a_6890_9948# _177_.X VDD VDD sg13_lv_pmos ad=0.1176p pd=1.33u as=0.4032p ps=2.96u w=1.12u l=0.13u
X1089 GND.t187 _200_.Y a_6286_15276# GND.t1555 sg13_lv_nmos ad=0.17255p pd=1.25u as=0.187p ps=1.78u w=0.55u l=0.13u
X1090 _160_.B a_13073_7728# a_13244_7972# VDD sg13_lv_pmos ad=0.3808p pd=2.92u as=0.2128p ps=1.5u w=1.12u l=0.13u
X1091 a_8236_8436# a_8014_8492# VDD VDD sg13_lv_pmos ad=0.1176p pd=1.33u as=0.2618p ps=1.63u w=1.12u l=0.13u
X1092 GND.t113 _178_.Y _179_.Y GND.t112 sg13_lv_nmos ad=0.2516p pd=2.16u as=0.1406p ps=1.12u w=0.74u l=0.13u
X1093 VDD GND.t230 VDD VDD sg13_lv_pmos ad=0.19p pd=1.38u as=0 ps=0 w=1u l=1u
X1094 a_2436_13397# a_2667_12983# a_2122_12940# GND.t0 sg13_lv_nmos ad=0.2373p pd=1.97u as=79.8f ps=0.8u w=0.42u l=0.13u
X1095 GND.t1064 VDD GND.t1064 GND.t1098 sg13_lv_nmos ad=79.8f pd=0.8u as=0 ps=0 w=0.42u l=1u
X1096 VDD a_3956_6888# _243_.CLK VDD sg13_lv_pmos ad=0.2128p pd=1.5u as=0.2128p ps=1.5u w=1.12u l=0.13u
X1097 VDD a_3952_9406# a_3897_9501# VDD sg13_lv_pmos ad=1.94845p pd=12.685u as=93.45f ps=0.865u w=0.42u l=0.13u
X1098 VDD _237_.Y a_12518_16434# VDD sg13_lv_pmos ad=0.36237p pd=2.605u as=79.8f ps=0.8u w=0.42u l=0.13u
X1099 GND.t766 VDD GND.t766 GND.t812 sg13_lv_nmos ad=0.1428p pd=1.52u as=0 ps=0 w=0.42u l=1u
X1100 VDD GND.t79 VDD VDD sg13_lv_pmos ad=0.19p pd=1.38u as=0 ps=0 w=1u l=1u
X1101 a_10901_7678# _154_.X GND.t1095 GND.t1545 sg13_lv_nmos ad=0.1406p pd=1.12u as=0.1898p ps=1.36u w=0.74u l=0.13u
X1102 VDD _222_.Y a_2122_16969# VDD sg13_lv_pmos ad=0.1563p pd=1.22u as=0.147p ps=1.54u w=0.42u l=0.13u
X1103 VDD _192_.B _192_.Y VDD sg13_lv_pmos ad=0.2128p pd=1.5u as=0.2128p ps=1.5u w=1.12u l=0.13u
X1104 a_5466_9202# _173_.A GND.t603 GND.t116 sg13_lv_nmos ad=88.8f pd=0.98u as=0.15245p ps=1.17u w=0.74u l=0.13u
X1105 VDD _181_.Y a_8352_11013# VDD sg13_lv_pmos ad=0.2891p pd=1.695u as=0.1596p ps=1.22u w=0.84u l=0.13u
X1106 GND.t104 VDD GND.t104 GND.t692 sg13_lv_nmos ad=0.1428p pd=1.52u as=0 ps=0 w=0.42u l=1u
X1107 a_3717_4629# _243_.CLK VDD VDD sg13_lv_pmos ad=0.4088p pd=2.97u as=1.42082p ps=9.125u w=1.12u l=0.13u
X1108 VDD a_2565_16007# a_2667_16007# VDD sg13_lv_pmos ad=1.6291p pd=10.53u as=0.3864p ps=2.93u w=1.12u l=0.13u
X1109 VDD GND.t1305 VDD VDD sg13_lv_pmos ad=0.34p pd=2.68u as=0 ps=0 w=1u l=1u
X1110 GND.t529 VDD GND.t1133 GND.t20 sg13_lv_nmos ad=79.8f pd=0.8u as=0 ps=0 w=0.42u l=1u
X1111 VDD GND.t749 VDD VDD sg13_lv_pmos ad=0.34p pd=2.68u as=0 ps=0 w=1u l=1u
X1112 VDD a_16079_11821# a_16746_11460# VDD sg13_lv_pmos ad=0.2128p pd=1.5u as=0.3864p ps=2.93u w=1.12u l=0.13u
X1113 _205_.Y _191_.Y a_6862_15260# GND.t1580 sg13_lv_nmos ad=0.2516p pd=2.16u as=0.1406p ps=1.12u w=0.74u l=0.13u
X1114 GND.t1326 VDD GND.t1325 GND.t1324 sg13_lv_nmos ad=0.1428p pd=1.52u as=0 ps=0 w=0.42u l=1u
X1115 GND.t1050 clkbuf_1_0__f_sclk.A a_3956_6888# GND.t1365 sg13_lv_nmos ad=0.1406p pd=1.12u as=0.1406p ps=1.12u w=0.74u l=0.13u
X1116 a_2985_3947# a_2628_3904# VDD VDD sg13_lv_pmos ad=63f pd=0.72u as=0.1563p ps=1.22u w=0.42u l=0.13u
X1117 a_9994_9409# a_10437_9165# a_9734_9186# GND.t116 sg13_lv_nmos ad=79.8f pd=0.8u as=0.1296p ps=1.52u w=0.42u l=0.13u
X1118 VDD rst a_1192_17508# VDD sg13_lv_pmos ad=0.2114p pd=1.54u as=0.2856p ps=2.36u w=0.84u l=0.13u
X1119 VDD a_3380_13690# _247_.CLK VDD sg13_lv_pmos ad=0.2128p pd=1.5u as=0.2128p ps=1.5u w=1.12u l=0.13u
X1120 VDD a_1580_12936# _215_.A VDD sg13_lv_pmos ad=0.2114p pd=1.54u as=0.42p ps=2.99u w=1.12u l=0.13u
X1121 VDD a_12215_7664# _164_.B1 VDD sg13_lv_pmos ad=0.3808p pd=2.92u as=0.2128p ps=1.5u w=1.12u l=0.13u
X1122 VDD _196_.Y a_5333_15532# VDD sg13_lv_pmos ad=0.2128p pd=1.5u as=0.3808p ps=2.92u w=1.12u l=0.13u
X1123 GND.t115 VDD GND.t115 GND.t115 sg13_lv_nmos ad=0.1428p pd=1.52u as=0 ps=0 w=0.42u l=1u
X1124 _263_.CLK a_16266_15532# GND.t147 GND.t391 sg13_lv_nmos ad=0.2516p pd=2.16u as=0.1406p ps=1.12u w=0.74u l=0.13u
X1125 GND.t104 VDD GND.t104 GND.t640 sg13_lv_nmos ad=79.8f pd=0.8u as=0 ps=0 w=0.42u l=1u
X1126 _243_.CLK a_3956_6888# GND.t1048 GND.t1392 sg13_lv_nmos ad=0.1406p pd=1.12u as=0.1406p ps=1.12u w=0.74u l=0.13u
X1127 VDD _202_.Y a_7008_16035# VDD sg13_lv_pmos ad=0.2891p pd=1.695u as=0.1596p ps=1.22u w=0.84u l=0.13u
X1128 VDD GND.t38 VDD VDD sg13_lv_pmos ad=0.34p pd=2.68u as=0 ps=0 w=1u l=1u
X1129 GND.t937 VDD GND.t936 GND.t935 sg13_lv_nmos ad=0.1428p pd=1.52u as=0 ps=0 w=0.42u l=1u
X1130 GND.t769 VDD GND.t766 GND.t768 sg13_lv_nmos ad=0.1428p pd=1.52u as=0 ps=0 w=0.42u l=1u
X1131 VDD _148_.B _187_.Y VDD sg13_lv_pmos ad=0.3808p pd=2.92u as=0.2128p ps=1.5u w=1.12u l=0.13u
X1132 a_10415_12287# a_9573_12189# a_10321_12287# GND.t122 sg13_lv_nmos ad=0.12665p pd=1.145u as=0.1428p ps=1.52u w=0.42u l=0.13u
X1133 GND.t1311 VDD GND.t1310 GND.t1309 sg13_lv_nmos ad=0.1428p pd=1.52u as=0 ps=0 w=0.42u l=1u
X1134 VDD _244_.RESET_B a_3014_5850# VDD sg13_lv_pmos ad=0.36237p pd=2.605u as=79.8f ps=0.8u w=0.42u l=0.13u
X1135 _173_.A a_4362_9484# VDD VDD sg13_lv_pmos ad=0.3808p pd=2.92u as=0.2128p ps=1.5u w=1.12u l=0.13u
X1136 a_2148_12976# a_2667_12983# a_3407_13333# GND.t1 sg13_lv_nmos ad=0.3473p pd=2.71u as=0.12665p ps=1.145u w=0.74u l=0.13u
X1137 a_14438_5850# a_15243_5423# a_14698_5380# VDD sg13_lv_pmos ad=0.1428p pd=1.52u as=79.8f ps=0.8u w=0.42u l=0.13u
X1138 GND.t141 VDD GND.t1172 GND.t1169 sg13_lv_nmos ad=0.1428p pd=1.52u as=0 ps=0 w=0.42u l=1u
X1139 a_6299_11808# _176_.A GND.t42 GND.t1512 sg13_lv_nmos ad=78.39999f pd=0.885u as=0.2272p ps=1.99u w=0.64u l=0.13u
X1140 GND.t104 VDD GND.t491 GND.t646 sg13_lv_nmos ad=79.8f pd=0.8u as=0 ps=0 w=0.42u l=1u
X1141 GND.t1048 a_3956_6888# _243_.CLK GND.t1389 sg13_lv_nmos ad=0.1406p pd=1.12u as=0.1406p ps=1.12u w=0.74u l=0.13u
X1142 GND.t173 VDD GND.t173 GND.t970 sg13_lv_nmos ad=79.8f pd=0.8u as=0 ps=0 w=0.42u l=1u
X1143 VDD a_3407_16357# a_4074_15996# VDD sg13_lv_pmos ad=0.2128p pd=1.5u as=0.3864p ps=2.93u w=1.12u l=0.13u
X1144 GND.t335 _258_.RESET_B a_7716_16434# GND.t1400 sg13_lv_nmos ad=0.1626p pd=1.415u as=60.89999f ps=0.71u w=0.42u l=0.13u
X1145 VDD a_3380_13690# _247_.CLK VDD sg13_lv_pmos ad=0.2128p pd=1.5u as=0.2128p ps=1.5u w=1.12u l=0.13u
X1146 a_13391_12287# a_12549_12189# a_12132_12528# VDD sg13_lv_pmos ad=0.2048p pd=1.63u as=0.34p ps=2.68u w=1u l=0.13u
X1147 VDD a_14240_16921# _135_.A VDD sg13_lv_pmos ad=0.2128p pd=1.5u as=0.3808p ps=2.92u w=1.12u l=0.13u
X1148 VDD a_3695_8797# a_4362_8436# VDD sg13_lv_pmos ad=0.2128p pd=1.5u as=0.3864p ps=2.93u w=1.12u l=0.13u
X1149 VDD GND.t683 VDD VDD sg13_lv_pmos ad=0.34p pd=2.68u as=0 ps=0 w=1u l=1u
X1150 GND.t913 VDD GND.t42 GND.t914 sg13_lv_nmos ad=0.1428p pd=1.52u as=0 ps=0 w=0.42u l=1u
X1151 VDD GND.t661 VDD VDD sg13_lv_pmos ad=0.19p pd=1.38u as=0 ps=0 w=1u l=1u
X1152 GND.t1124 VDD GND.t1125 GND.t20 sg13_lv_nmos ad=79.8f pd=0.8u as=0 ps=0 w=0.42u l=1u
X1153 GND.t673 VDD GND.t674 GND.t670 sg13_lv_nmos ad=79.8f pd=0.8u as=0 ps=0 w=0.42u l=1u
X1154 a_13042_16746# _241_.Y GND.t3 GND.t553 sg13_lv_nmos ad=37.8f pd=0.6u as=79.8f ps=0.8u w=0.42u l=0.13u
X1155 VDD GND.t104 VDD VDD sg13_lv_pmos ad=0.34p pd=2.68u as=0 ps=0 w=1u l=1u
X1156 VDD a_8325_16007# a_8427_16007# VDD sg13_lv_pmos ad=1.6291p pd=10.53u as=0.3864p ps=2.93u w=1.12u l=0.13u
X1157 GND.t913 a_5297_12264# _176_.B GND.t1370 sg13_lv_nmos ad=0.3108p pd=2.32u as=0.1628p ps=1.18u w=0.74u l=0.13u
X1158 VDD GND.t296 VDD VDD sg13_lv_pmos ad=0.19p pd=1.38u as=0 ps=0 w=1u l=1u
X1159 a_9363_9484# _164_.Y VDD VDD sg13_lv_pmos ad=0.1428p pd=1.375u as=0.2891p ps=1.695u w=1.12u l=0.13u
X1160 GND.t129 a_16079_11821# a_16746_11460# GND.t128 sg13_lv_nmos ad=0.1406p pd=1.12u as=0.2516p ps=2.16u w=0.74u l=0.13u
X1161 GND.t1440 a_3380_13690# _247_.CLK GND.t1 sg13_lv_nmos ad=0.1406p pd=1.12u as=0.1406p ps=1.12u w=0.74u l=0.13u
X1162 a_2724_8861# a_2955_8447# a_2410_8404# GND.t1396 sg13_lv_nmos ad=0.2373p pd=1.97u as=79.8f ps=0.8u w=0.42u l=0.13u
X1163 GND.t651 VDD GND.t651 GND.t696 sg13_lv_nmos ad=0.1428p pd=1.52u as=0 ps=0 w=0.42u l=1u
X1164 a_11536_9406# a_11279_9263# a_11698_9186# GND.t1546 sg13_lv_nmos ad=0.1428p pd=1.52u as=37.8f ps=0.6u w=0.42u l=0.13u
X1165 a_11078_16746# a_11883_16868# a_11338_16969# VDD sg13_lv_pmos ad=0.1428p pd=1.52u as=79.8f ps=0.8u w=0.42u l=0.13u
X1166 a_8196_16421# a_7908_16000# a_8134_16421# GND.t538 sg13_lv_nmos ad=0.1428p pd=1.52u as=37.8f ps=0.6u w=0.42u l=0.13u
X1167 a_13092_16421# a_13323_16007# a_12778_15964# GND.t219 sg13_lv_nmos ad=0.2373p pd=1.97u as=79.8f ps=0.8u w=0.42u l=0.13u
X1168 a_3014_4650# a_3819_4772# a_3274_4873# VDD sg13_lv_pmos ad=0.1428p pd=1.52u as=79.8f ps=0.8u w=0.42u l=0.13u
X1169 VDD GND.t79 VDD VDD sg13_lv_pmos ad=0.34p pd=2.68u as=0 ps=0 w=1u l=1u
X1170 VDD GND.t1042 VDD VDD sg13_lv_pmos ad=0.34p pd=2.68u as=0 ps=0 w=1u l=1u
X1171 GND.t471 _179_.Y a_8506_10318# GND.t1407 sg13_lv_nmos ad=0.2516p pd=2.16u as=0.1406p ps=1.12u w=0.74u l=0.13u
X1172 GND.t34 VDD GND.t34 GND.t899 sg13_lv_nmos ad=79.8f pd=0.8u as=0 ps=0 w=0.42u l=1u
X1173 a_9444_13735# a_9156_14040# a_9382_13735# GND.t306 sg13_lv_nmos ad=0.1428p pd=1.52u as=37.8f ps=0.6u w=0.42u l=0.13u
X1174 GND.t1 a_2565_12983# a_2667_12983# GND.t341 sg13_lv_nmos ad=7.09257p pd=45.595u as=0.2516p ps=2.16u w=0.74u l=0.13u
X1175 VDD GND.t310 VDD VDD sg13_lv_pmos ad=0.19p pd=1.38u as=0 ps=0 w=1u l=1u
X1176 VDD GND.t491 VDD VDD sg13_lv_pmos ad=0.34p pd=2.68u as=0 ps=0 w=1u l=1u
X1177 a_3380_13690# clkbuf_1_0__f_sclk.A VDD VDD sg13_lv_pmos ad=0.2128p pd=1.5u as=0.2128p ps=1.5u w=1.12u l=0.13u
X1178 GND.t1135 VDD GND.t1136 GND.t20 sg13_lv_nmos ad=79.8f pd=0.8u as=0 ps=0 w=0.42u l=1u
X1179 GND.t291 a_3503_12287# a_4170_12508# GND.t290 sg13_lv_nmos ad=0.1406p pd=1.12u as=0.2516p ps=2.16u w=0.74u l=0.13u
X1180 a_11846_12210# a_12651_12332# a_12106_12433# VDD sg13_lv_pmos ad=0.1428p pd=1.52u as=79.8f ps=0.8u w=0.42u l=0.13u
X1181 _227_.Y _225_.A.t3 GND.t116 GND.t594 sg13_lv_nmos ad=0.2516p pd=2.16u as=0.2516p ps=2.16u w=0.74u l=0.13u
X1182 GND.t1296 VDD GND.t1295 GND.t1294 sg13_lv_nmos ad=0.1428p pd=1.52u as=0 ps=0 w=0.42u l=1u
X1183 _209_.Y _208_.X a_6963_17044# VDD sg13_lv_pmos ad=0.2408p pd=1.55u as=0.1428p ps=1.375u w=1.12u l=0.13u
X1184 a_10995_7972# _166_.A VDD VDD sg13_lv_pmos ad=0.1428p pd=1.375u as=0.2891p ps=1.695u w=1.12u l=0.13u
X1185 a_4114_9186# _219_.Y GND.t246 GND.t116 sg13_lv_nmos ad=37.8f pd=0.6u as=79.8f ps=0.8u w=0.42u l=0.13u
X1186 VDD GND.t661 VDD VDD sg13_lv_pmos ad=0.34p pd=2.68u as=0 ps=0 w=1u l=1u
X1187 VDD GND.t674 VDD VDD sg13_lv_pmos ad=0.34p pd=2.68u as=0 ps=0 w=1u l=1u
X1188 a_5249_16344# _207_.A1 _207_.Y GND.t16 sg13_lv_nmos ad=0.1406p pd=1.12u as=0.1406p ps=1.12u w=0.74u l=0.13u
X1189 VDD a_13648_12430# a_13593_12525# VDD sg13_lv_pmos ad=1.42082p pd=9.125u as=93.45f ps=0.865u w=0.42u l=0.13u
X1190 _252_.D a_7872_5451# a_8021_5782# GND.t20 sg13_lv_nmos ad=0.2516p pd=2.16u as=0.1406p ps=1.12u w=0.74u l=0.13u
X1191 GND.t359 a_16336_11702# a_15985_11821# GND.t128 sg13_lv_nmos ad=79.8f pd=0.8u as=0.1428p ps=1.52u w=0.42u l=0.13u
X1192 VDD GND.t230 VDD VDD sg13_lv_pmos ad=0.34p pd=2.68u as=0 ps=0 w=1u l=1u
X1193 GND.t84 VDD GND.t84 GND.t871 sg13_lv_nmos ad=79.8f pd=0.8u as=0 ps=0 w=0.42u l=1u
X1194 _189_.X a_4913_13330# a_5084_12972# VDD sg13_lv_pmos ad=0.3808p pd=2.92u as=0.2128p ps=1.5u w=1.12u l=0.13u
X1195 GND.t12 _136_.A a_10769_4258# GND.t631 sg13_lv_nmos ad=0.15245p pd=1.17u as=0.17462p ps=1.185u w=0.55u l=0.13u
X1196 GND.t18 _205_.Y a_6869_16750# GND.t16 sg13_lv_nmos ad=0.1898p pd=1.36u as=0.2516p ps=2.16u w=0.74u l=0.13u
X1197 _148_.X a_12401_4704# a_12572_4948# VDD sg13_lv_pmos ad=0.3808p pd=2.92u as=0.2128p ps=1.5u w=1.12u l=0.13u
X1198 GND.t751 VDD GND.t749 GND.t789 sg13_lv_nmos ad=0.1428p pd=1.52u as=0 ps=0 w=0.42u l=1u
X1199 VDD GND.t1142 VDD VDD sg13_lv_pmos ad=0.19p pd=1.38u as=0 ps=0 w=1u l=1u
X1200 a_3380_13690# clkbuf_1_0__f_sclk.A VDD VDD sg13_lv_pmos ad=0.2128p pd=1.5u as=0.2128p ps=1.5u w=1.12u l=0.13u
X1201 a_13073_5770# _147_.Y GND.t189 GND.t20 sg13_lv_nmos ad=0.17462p pd=1.185u as=0.374p ps=2.46u w=0.55u l=0.13u
X1202 a_3897_8559# a_2955_8447# a_3695_8797# VDD sg13_lv_pmos ad=93.45f pd=0.865u as=0.2048p ps=1.63u w=0.42u l=0.13u
X1203 VDD GND.t300 VDD VDD sg13_lv_pmos ad=0.34p pd=2.68u as=0 ps=0 w=1u l=1u
X1204 VDD _219_.Y a_2410_9409# VDD sg13_lv_pmos ad=0.1563p pd=1.22u as=0.147p ps=1.54u w=0.42u l=0.13u
X1205 a_10308_17933# a_10020_17512# a_10246_17933# GND.t262 sg13_lv_nmos ad=0.1428p pd=1.52u as=37.8f ps=0.6u w=0.42u l=0.13u
X1206 a_2126_15424# _119_.A0 a_2298_15532# VDD sg13_lv_pmos ad=0.2225p pd=1.445u as=0.2975p ps=1.595u w=1u l=0.13u
X1207 VDD GND.t847 VDD VDD sg13_lv_pmos ad=0.19p pd=1.38u as=0 ps=0 w=1u l=1u
X1208 _258_.D _202_.Y a_7251_15996# VDD sg13_lv_pmos ad=0.2408p pd=1.55u as=0.1428p ps=1.375u w=1.12u l=0.13u
X1209 a_14794_9409# a_15237_9165# a_14534_9186# GND.t440 sg13_lv_nmos ad=79.8f pd=0.8u as=0.1296p ps=1.52u w=0.42u l=0.13u
X1210 _145_.X a_8557_4248# VDD VDD sg13_lv_pmos ad=0.2128p pd=1.5u as=0.3808p ps=2.92u w=1.12u l=0.13u
X1211 GND.t408 VDD GND.t408 GND.t1077 sg13_lv_nmos ad=79.8f pd=0.8u as=0 ps=0 w=0.42u l=1u
X1212 GND.t20 a_3717_5423# a_3819_5423# GND.t439 sg13_lv_nmos ad=7.07497p pd=46.475u as=0.2516p ps=2.16u w=0.74u l=0.13u
X1213 GND.t1054 VDD GND.t1054 GND.t1081 sg13_lv_nmos ad=0.1428p pd=1.52u as=0 ps=0 w=0.42u l=1u
X1214 GND.t1150 VDD GND.t1151 GND.t20 sg13_lv_nmos ad=79.8f pd=0.8u as=0 ps=0 w=0.42u l=1u
X1215 VDD GND.t1114 VDD VDD sg13_lv_pmos ad=0.19p pd=1.38u as=0 ps=0 w=1u l=1u
X1216 a_2298_17878# a_2232_17770# GND.t104 GND.t344 sg13_lv_nmos ad=0.3367p pd=1.65u as=0.148p ps=1.14u w=0.74u l=0.13u
X1217 _247_.CLK a_3380_13690# GND.t1442 GND.t1 sg13_lv_nmos ad=0.1406p pd=1.12u as=0.1406p ps=1.12u w=0.74u l=0.13u
X1218 VDD a_4816_4870# a_4761_4965# VDD sg13_lv_pmos ad=1.48542p pd=9.54u as=93.45f ps=0.865u w=0.42u l=0.13u
X1219 _226_.Y _225_.A.t1 VDD VDD sg13_lv_pmos ad=0.3808p pd=2.92u as=0.3808p ps=2.92u w=1.12u l=0.13u
X1220 a_12804_16000# a_13323_16007# a_14063_16357# GND.t4 sg13_lv_nmos ad=0.3473p pd=2.71u as=0.12665p ps=1.145u w=0.74u l=0.13u
X1221 VDD GND.t760 VDD VDD sg13_lv_pmos ad=0.19p pd=1.38u as=0 ps=0 w=1u l=1u
X1222 VDD GND.t109 VDD VDD sg13_lv_pmos ad=0.19p pd=1.38u as=0 ps=0 w=1u l=1u
X1223 GND.t776 VDD GND.t776 GND.t821 sg13_lv_nmos ad=0.1428p pd=1.52u as=0 ps=0 w=0.42u l=1u
X1224 GND.t1127 VDD GND.t1128 GND.t20 sg13_lv_nmos ad=79.8f pd=0.8u as=0 ps=0 w=0.42u l=1u
X1225 VDD a_2171_6204# a_2671_6460# VDD sg13_lv_pmos ad=0.2198p pd=1.52u as=0.2975p ps=1.595u w=1u l=0.13u
X1226 GND.t863 VDD GND.t863 GND.t1 sg13_lv_nmos ad=0.1428p pd=1.52u as=0 ps=0 w=0.42u l=1u
X1227 a_2232_10210# _124_.S GND.t49 GND.t1472 sg13_lv_nmos ad=0.187p pd=1.78u as=0.18945p ps=1.27u w=0.55u l=0.13u
X1228 VDD a_9573_12189# a_9675_12332# VDD sg13_lv_pmos ad=1.42082p pd=9.125u as=0.3864p ps=2.93u w=1.12u l=0.13u
X1229 VDD GND.t984 VDD VDD sg13_lv_pmos ad=0.34p pd=2.68u as=0 ps=0 w=1u l=1u
X1230 GND.t984 VDD GND.t984 GND.t986 sg13_lv_nmos ad=0.1428p pd=1.52u as=0 ps=0 w=0.42u l=1u
X1231 a_3300_4968# a_3819_4772# a_4559_4727# GND.t1558 sg13_lv_nmos ad=0.3473p pd=2.71u as=0.12665p ps=1.145u w=0.74u l=0.13u
X1232 a_14054_15234# a_14859_15356# a_14314_15457# VDD sg13_lv_pmos ad=0.1428p pd=1.52u as=79.8f ps=0.8u w=0.42u l=0.13u
X1233 _131_.A2 a_16650_12508# GND.t181 GND.t180 sg13_lv_nmos ad=0.2516p pd=2.16u as=0.1406p ps=1.12u w=0.74u l=0.13u
X1234 GND.t1064 VDD GND.t1064 GND.t1099 sg13_lv_nmos ad=0.1428p pd=1.52u as=0 ps=0 w=0.42u l=1u
X1235 VDD GND.t79 VDD VDD sg13_lv_pmos ad=0.34p pd=2.68u as=0 ps=0 w=1u l=1u
X1236 GND.t908 VDD GND.t291 GND.t907 sg13_lv_nmos ad=0.1428p pd=1.52u as=0 ps=0 w=0.42u l=1u
X1237 GND.t143 VDD GND.t1190 GND.t1189 sg13_lv_nmos ad=79.8f pd=0.8u as=0 ps=0 w=0.42u l=1u
X1238 GND.t661 VDD GND.t661 GND.t660 sg13_lv_nmos ad=0.1428p pd=1.52u as=0 ps=0 w=0.42u l=1u
X1239 _200_.Y _199_.B1 VDD VDD sg13_lv_pmos ad=0.2128p pd=1.5u as=0.3808p ps=2.92u w=1.12u l=0.13u
X1240 GND.t137 VDD GND.t757 GND.t805 sg13_lv_nmos ad=79.8f pd=0.8u as=0 ps=0 w=0.42u l=1u
X1241 a_9765_4629# _251_.CLK GND.t65 GND.t64 sg13_lv_nmos ad=0.2516p pd=2.16u as=4.10715p ps=27.105u w=0.74u l=0.13u
X1242 a_8386_3900# _143_.Y VDD VDD sg13_lv_pmos ad=0.2125p pd=1.425u as=0.19p ps=1.38u w=1u l=0.13u
X1243 VDD GND.t288 VDD VDD sg13_lv_pmos ad=0.19p pd=1.38u as=0 ps=0 w=1u l=1u
X1244 a_10437_17519# freq_in VDD VDD sg13_lv_pmos ad=0.4088p pd=2.97u as=1.30717p ps=8.395u w=1.12u l=0.13u
X1245 a_16185_12525# a_15243_12332# a_15983_12287# VDD sg13_lv_pmos ad=93.45f pd=0.865u as=0.2048p ps=1.63u w=0.42u l=0.13u
X1246 VDD GND.t1277 VDD VDD sg13_lv_pmos ad=0.19p pd=1.38u as=0 ps=0 w=1u l=1u
X1247 a_16336_9406# a_16079_9263# a_16498_9186# GND.t7 sg13_lv_nmos ad=0.1428p pd=1.52u as=37.8f ps=0.6u w=0.42u l=0.13u
X1248 GND.t132 a_13221_16007# a_13323_16007# GND.t1542 sg13_lv_nmos ad=2.85425p pd=18.015u as=0.2516p ps=2.16u w=0.74u l=0.13u
X1249 GND.t40 _126_.B1 a_13985_11808# GND.t1552 sg13_lv_nmos ad=0.2516p pd=2.16u as=0.1406p ps=1.12u w=0.74u l=0.13u
X1250 a_7251_10296# _184_.Y GND.t113 GND.t214 sg13_lv_nmos ad=0.1406p pd=1.12u as=0.2516p ps=2.16u w=0.74u l=0.13u
X1251 VDD GND.t471 VDD VDD sg13_lv_pmos ad=0.34p pd=2.68u as=0 ps=0 w=1u l=1u
X1252 GND.t87 a_10672_13942# a_10321_13799# GND.t512 sg13_lv_nmos ad=79.8f pd=0.8u as=0.1428p ps=1.52u w=0.42u l=0.13u
X1253 a_9573_13701# fanout7.A GND.t1 GND.t282 sg13_lv_nmos ad=0.2516p pd=2.16u as=7.09257p ps=45.595u w=0.74u l=0.13u
X1254 a_10308_9199# a_10020_9504# a_10246_9199# GND.t116 sg13_lv_nmos ad=0.1428p pd=1.52u as=37.8f ps=0.6u w=0.42u l=0.13u
X1255 _207_.A2 fanout6.A a_4755_17508# VDD sg13_lv_pmos ad=0.2408p pd=1.55u as=0.1428p ps=1.375u w=1.12u l=0.13u
X1256 VDD clkbuf_1_0__f_sclk.A a_3956_6888# VDD sg13_lv_pmos ad=0.2128p pd=1.5u as=0.2128p ps=1.5u w=1.12u l=0.13u
X1257 a_2148_17064# a_2122_16969# GND.t192 GND.t191 sg13_lv_nmos ad=0.2516p pd=2.16u as=0.1626p ps=1.415u w=0.74u l=0.13u
X1258 GND.t1042 VDD GND.t1042 GND.t1043 sg13_lv_nmos ad=0.1428p pd=1.52u as=0 ps=0 w=0.42u l=1u
X1259 GND.t79 _161_.Y a_12685_7700# GND.t78 sg13_lv_nmos ad=0.2516p pd=2.16u as=94.35f ps=0.995u w=0.74u l=0.13u
X1260 a_11731_8698# _164_.B1 GND.t45 GND.t44 sg13_lv_nmos ad=0.1216p pd=1.02u as=0.15745p ps=1.175u w=0.64u l=0.13u
X1261 _207_.B1 fanout6.A a_4684_15996# VDD sg13_lv_pmos ad=0.3808p pd=2.92u as=0.1176p ps=1.33u w=1.12u l=0.13u
X1262 _192_.Y _187_.Y VDD VDD sg13_lv_pmos ad=0.3808p pd=2.92u as=0.2128p ps=1.5u w=1.12u l=0.13u
X1263 VDD a_13391_12287# a_14058_12508# VDD sg13_lv_pmos ad=0.2128p pd=1.5u as=0.3864p ps=2.93u w=1.12u l=0.13u
X1264 a_10672_13942# a_10415_13799# a_10834_13722# GND.t228 sg13_lv_nmos ad=0.1428p pd=1.52u as=37.8f ps=0.6u w=0.42u l=0.13u
X1265 a_9156_12528# a_9675_12332# a_10415_12287# GND.t178 sg13_lv_nmos ad=0.3473p pd=2.71u as=0.12665p ps=1.145u w=0.74u l=0.13u
X1266 VDD _256_.RESET_B a_8870_12210# VDD sg13_lv_pmos ad=0.36237p pd=2.605u as=79.8f ps=0.8u w=0.42u l=0.13u
X1267 a_6485_11830# _176_.B GND.t42 GND.t298 sg13_lv_nmos ad=0.1406p pd=1.12u as=0.1898p ps=1.36u w=0.74u l=0.13u
X1268 GND.t296 VDD GND.t296 GND.t916 sg13_lv_nmos ad=79.8f pd=0.8u as=0 ps=0 w=0.42u l=1u
X1269 GND.t725 VDD GND.t724 GND.t723 sg13_lv_nmos ad=0.1428p pd=1.52u as=0 ps=0 w=0.42u l=1u
X1270 VDD GND.t113 VDD VDD sg13_lv_pmos ad=0.19p pd=1.38u as=0 ps=0 w=1u l=1u
X1271 VDD GND.t422 VDD VDD sg13_lv_pmos ad=0.19p pd=1.38u as=0 ps=0 w=1u l=1u
X1272 a_10220_18222# _225_.A GND.t243 GND.t318 sg13_lv_nmos ad=0.187p pd=1.78u as=0.14875p ps=1.16u w=0.55u l=0.13u
X1273 a_8870_13722# a_9675_13844# a_9130_13945# VDD sg13_lv_pmos ad=0.1428p pd=1.52u as=79.8f ps=0.8u w=0.42u l=0.13u
X1274 VDD GND.t880 VDD VDD sg13_lv_pmos ad=0.19p pd=1.38u as=0 ps=0 w=1u l=1u
X1275 a_13740_5678# _148_.X VDD VDD sg13_lv_pmos ad=0.1596p pd=1.22u as=0.2891p ps=1.695u w=0.84u l=0.13u
X1276 _243_.CLK a_3956_6888# VDD VDD sg13_lv_pmos ad=0.2128p pd=1.5u as=0.2128p ps=1.5u w=1.12u l=0.13u
X1277 GND.t673 VDD GND.t243 GND.t670 sg13_lv_nmos ad=0.1428p pd=1.52u as=0 ps=0 w=0.42u l=1u
X1278 VDD a_3045_3911# a_3147_3911# VDD sg13_lv_pmos ad=5.15485p pd=34.14u as=0.3864p ps=2.93u w=1.12u l=0.13u
X1279 VDD GND.t1262 VDD VDD sg13_lv_pmos ad=0.19p pd=1.38u as=0 ps=0 w=1u l=1u
X1280 GND.t787 VDD GND.t749 GND.t788 sg13_lv_nmos ad=79.8f pd=0.8u as=0 ps=0 w=0.42u l=1u
X1281 _170_.Y _165_.Y VDD VDD sg13_lv_pmos ad=0.3808p pd=2.92u as=0.2128p ps=1.5u w=1.12u l=0.13u
X1282 a_7622_16434# _258_.D VDD VDD sg13_lv_pmos ad=79.8f pd=0.8u as=0.1428p ps=1.52u w=0.42u l=0.13u
X1283 VDD a_10864_4870# a_10809_4965# VDD sg13_lv_pmos ad=1.48542p pd=9.54u as=93.45f ps=0.865u w=0.42u l=0.13u
X1284 GND.t1079 VDD GND.t1042 GND.t1080 sg13_lv_nmos ad=79.8f pd=0.8u as=0 ps=0 w=0.42u l=1u
X1285 GND.t1280 VDD GND.t1282 GND.t1281 sg13_lv_nmos ad=79.8f pd=0.8u as=0 ps=0 w=0.42u l=1u
X1286 VDD GND.t49 VDD VDD sg13_lv_pmos ad=0.19p pd=1.38u as=0 ps=0 w=1u l=1u
X1287 GND.t533 a_5201_9240# _168_.B GND.t116 sg13_lv_nmos ad=0.3108p pd=2.32u as=0.1628p ps=1.18u w=0.74u l=0.13u
X1288 a_5297_12264# _148_.B a_5265_12532# VDD sg13_lv_pmos ad=0.34p pd=2.68u as=0.1225p ps=1.245u w=1u l=0.13u
X1289 VDD GND.t1119 VDD VDD sg13_lv_pmos ad=0.19p pd=1.38u as=0 ps=0 w=1u l=1u
X1290 a_10672_12430# _256_.RESET_B VDD VDD sg13_lv_pmos ad=79.8f pd=0.8u as=1.42082p ps=9.125u w=0.42u l=0.13u
X1291 GND.t310 VDD GND.t310 GND.t922 sg13_lv_nmos ad=79.8f pd=0.8u as=0 ps=0 w=0.42u l=1u
X1292 a_6836_3900# _136_.A VDD VDD sg13_lv_pmos ad=0.3808p pd=2.92u as=0.2128p ps=1.5u w=1.12u l=0.13u
X1293 _154_.X _136_.A a_8250_7690# GND.t629 sg13_lv_nmos ad=0.1628p pd=1.18u as=88.8f ps=0.98u w=0.74u l=0.13u
X1294 a_7008_16035# _202_.Y a_6971_16344# GND.t16 sg13_lv_nmos ad=0.2176p pd=1.96u as=78.39999f ps=0.885u w=0.64u l=0.13u
X1295 GND.t757 VDD GND.t757 GND.t758 sg13_lv_nmos ad=79.8f pd=0.8u as=0 ps=0 w=0.42u l=1u
X1296 GND.t1176 VDD GND.t1126 GND.t20 sg13_lv_nmos ad=79.8f pd=0.8u as=0 ps=0 w=0.42u l=1u
X1297 a_14148_15234# _135_.A a_14054_15234# GND.t1459 sg13_lv_nmos ad=60.89999f pd=0.71u as=0.1428p ps=1.52u w=0.42u l=0.13u
X1298 GND.t312 a_10415_12287# a_11082_12508# GND.t547 sg13_lv_nmos ad=0.1406p pd=1.12u as=0.2516p ps=2.16u w=0.74u l=0.13u
X1299 VDD a_3956_6888# _243_.CLK VDD sg13_lv_pmos ad=0.2128p pd=1.5u as=0.2128p ps=1.5u w=1.12u l=0.13u
X1300 a_5468_12508# _148_.B VDD VDD sg13_lv_pmos ad=0.2128p pd=1.5u as=0.2128p ps=1.5u w=1.12u l=0.13u
X1301 a_11034_4258# _243_.Q GND.t12 GND.t1414 sg13_lv_nmos ad=88.8f pd=0.98u as=0.15245p ps=1.17u w=0.74u l=0.13u
X1302 a_9348_4968# a_9867_4772# a_10607_4727# GND.t555 sg13_lv_nmos ad=0.3473p pd=2.71u as=0.12665p ps=1.145u w=0.74u l=0.13u
X1303 VDD GND.t1024 VDD VDD sg13_lv_pmos ad=0.34p pd=2.68u as=0 ps=0 w=1u l=1u
X1304 VDD GND.t721 VDD VDD sg13_lv_pmos ad=0.34p pd=2.68u as=0 ps=0 w=1u l=1u
X1305 _145_.B1 _144_.B a_9290_3900# VDD sg13_lv_pmos ad=0.3808p pd=2.92u as=0.1176p ps=1.33u w=1.12u l=0.13u
X1306 VDD GND.t38 VDD VDD sg13_lv_pmos ad=0.34p pd=2.68u as=0 ps=0 w=1u l=1u
X1307 VDD GND.t489 VDD VDD sg13_lv_pmos ad=0.34p pd=2.68u as=0 ps=0 w=1u l=1u
X1308 _154_.X a_7985_7728# a_8156_7972# VDD sg13_lv_pmos ad=0.3808p pd=2.92u as=0.2128p ps=1.5u w=1.12u l=0.13u
X1309 a_2298_9972# a_2232_10210# VDD VDD sg13_lv_pmos ad=0.2975p pd=1.595u as=0.2198p ps=1.52u w=1u l=0.13u
X1310 a_6756_4663# a_6987_4772# a_6442_4873# GND.t215 sg13_lv_nmos ad=0.2373p pd=1.97u as=79.8f ps=0.8u w=0.42u l=0.13u
X1311 GND.t661 VDD GND.t661 GND.t704 sg13_lv_nmos ad=0.1428p pd=1.52u as=0 ps=0 w=0.42u l=1u
X1312 _152_.X a_12237_5760# VDD VDD sg13_lv_pmos ad=0.3808p pd=2.92u as=0.1918p ps=1.5u w=1.12u l=0.13u
X1313 _164_.Y _164_.B1 GND.t45 GND.t46 sg13_lv_nmos ad=0.1406p pd=1.12u as=0.1406p ps=1.12u w=0.74u l=0.13u
X1314 VDD GND.t842 VDD VDD sg13_lv_pmos ad=0.34p pd=2.68u as=0 ps=0 w=1u l=1u
X1315 VDD GND.t14 VDD VDD sg13_lv_pmos ad=0.34p pd=2.68u as=0 ps=0 w=1u l=1u
X1316 VDD GND.t285 VDD VDD sg13_lv_pmos ad=0.34p pd=2.68u as=0 ps=0 w=1u l=1u
X1317 a_16240_12430# a_15983_12287# a_16402_12210# GND.t179 sg13_lv_nmos ad=0.1428p pd=1.52u as=37.8f ps=0.6u w=0.42u l=0.13u
X1318 GND.t1190 VDD GND.t1193 GND.t1192 sg13_lv_nmos ad=79.8f pd=0.8u as=0 ps=0 w=0.42u l=1u
X1319 GND.t38 VDD GND.t38 GND.t1009 sg13_lv_nmos ad=79.8f pd=0.8u as=0 ps=0 w=0.42u l=1u
X1320 VDD GND.t655 VDD VDD sg13_lv_pmos ad=0.34p pd=2.68u as=0 ps=0 w=1u l=1u
X1321 VDD GND.t115 VDD VDD sg13_lv_pmos ad=0.19p pd=1.38u as=0 ps=0 w=1u l=1u
X1322 VDD GND.t266 VDD VDD sg13_lv_pmos ad=0.34p pd=2.68u as=0 ps=0 w=1u l=1u
X1323 GND.t364 a_1580_12936# _215_.A GND.t148 sg13_lv_nmos ad=0.14875p pd=1.16u as=0.2886p ps=2.26u w=0.74u l=0.13u
X1324 _157_.Y _147_.Y GND.t82 GND.t190 sg13_lv_nmos ad=0.1406p pd=1.12u as=0.2516p ps=2.16u w=0.74u l=0.13u
X1325 VDD GND.t873 VDD VDD sg13_lv_pmos ad=0.34p pd=2.68u as=0 ps=0 w=1u l=1u
X1326 a_2298_7678# a_2232_7868# GND.t408 GND.t635 sg13_lv_nmos ad=0.3367p pd=1.65u as=0.148p ps=1.14u w=0.74u l=0.13u
X1327 VDD _218_.Y a_2150_8874# VDD sg13_lv_pmos ad=0.36237p pd=2.605u as=79.8f ps=0.8u w=0.42u l=0.13u
X1328 GND.t1121 VDD GND.t390 GND.t20 sg13_lv_nmos ad=79.8f pd=0.8u as=0 ps=0 w=0.42u l=1u
X1329 _164_.Y _145_.X a_10989_8784# GND.t378 sg13_lv_nmos ad=0.1406p pd=1.12u as=0.1406p ps=1.12u w=0.74u l=0.13u
X1330 VDD GND.t1163 VDD VDD sg13_lv_pmos ad=0.19p pd=1.38u as=0 ps=0 w=1u l=1u
X1331 _125_.A1 a_1192_7712# GND.t62 GND.t1480 sg13_lv_nmos ad=0.2886p pd=2.26u as=0.14875p ps=1.16u w=0.74u l=0.13u
X1332 GND.t964 VDD GND.t964 GND.t999 sg13_lv_nmos ad=79.8f pd=0.8u as=0 ps=0 w=0.42u l=1u
X1333 a_8100_16746# _209_.Y a_8006_16746# GND.t16 sg13_lv_nmos ad=60.89999f pd=0.71u as=0.1428p ps=1.52u w=0.42u l=0.13u
X1334 _145_.X a_8557_4248# GND.t14 GND.t451 sg13_lv_nmos ad=0.1406p pd=1.12u as=0.2516p ps=2.16u w=0.74u l=0.13u
X1335 a_5147_15996# _207_.B1 _207_.Y VDD sg13_lv_pmos ad=0.2128p pd=1.5u as=0.3808p ps=2.92u w=1.12u l=0.13u
X1336 VDD GND.t827 VDD VDD sg13_lv_pmos ad=0.34p pd=2.68u as=0 ps=0 w=1u l=1u
X1337 a_2916_4325# a_2628_3904# a_2854_4325# GND.t317 sg13_lv_nmos ad=0.1428p pd=1.52u as=37.8f ps=0.6u w=0.42u l=0.13u
X1338 VDD GND.t1247 VDD VDD sg13_lv_pmos ad=0.19p pd=1.38u as=0 ps=0 w=1u l=1u
X1339 VDD _151_.B a_13184_7183# VDD sg13_lv_pmos ad=0.2856p pd=2.36u as=0.1596p ps=1.22u w=0.84u l=0.13u
X1340 GND.t1138 VDD GND.t410 GND.t20 sg13_lv_nmos ad=0.1428p pd=1.52u as=0 ps=0 w=0.42u l=1u
X1341 VDD _186_.Y a_7451_14484# VDD sg13_lv_pmos ad=0.2128p pd=1.5u as=0.2128p ps=1.5u w=1.12u l=0.13u
X1342 VDD GND.t910 VDD VDD sg13_lv_pmos ad=0.19p pd=1.38u as=0 ps=0 w=1u l=1u
X1343 GND.t1144 VDD GND.t1145 GND.t20 sg13_lv_nmos ad=79.8f pd=0.8u as=0 ps=0 w=0.42u l=1u
X1344 GND.t1042 VDD GND.t1042 GND.t1045 sg13_lv_nmos ad=0.1428p pd=1.52u as=0 ps=0 w=0.42u l=1u
X1345 GND.t173 VDD GND.t173 GND.t1005 sg13_lv_nmos ad=79.8f pd=0.8u as=0 ps=0 w=0.42u l=1u
X1346 GND.t937 VDD GND.t109 GND.t108 sg13_lv_nmos ad=79.8f pd=0.8u as=0 ps=0 w=0.42u l=1u
X1347 _243_.Q a_4554_3900# VDD VDD sg13_lv_pmos ad=0.3808p pd=2.92u as=0.2128p ps=1.5u w=1.12u l=0.13u
X1348 _211_.Y _264_.Q GND.t540 GND.t4 sg13_lv_nmos ad=0.2516p pd=2.16u as=0.2516p ps=2.16u w=0.74u l=0.13u
X1349 VDD GND.t147 VDD VDD sg13_lv_pmos ad=0.34p pd=2.68u as=0 ps=0 w=1u l=1u
X1350 GND.t113 VDD GND.t113 GND.t949 sg13_lv_nmos ad=79.8f pd=0.8u as=0 ps=0 w=0.42u l=1u
X1351 VDD GND.t1284 VDD VDD sg13_lv_pmos ad=0.34p pd=2.68u as=0 ps=0 w=1u l=1u
X1352 VDD a_3695_9263# a_3952_9406# VDD sg13_lv_pmos ad=1.94845p pd=12.685u as=79.8f ps=0.8u w=0.42u l=0.13u
X1353 VDD GND.t763 VDD VDD sg13_lv_pmos ad=0.19p pd=1.38u as=0 ps=0 w=1u l=1u
X1354 a_15108_9199# a_14820_9504# a_15046_9199# GND.t293 sg13_lv_nmos ad=0.1428p pd=1.52u as=37.8f ps=0.6u w=0.42u l=0.13u
X1355 _120_.A0 a_4170_12508# GND.t291 GND.t494 sg13_lv_nmos ad=0.2516p pd=2.16u as=0.1406p ps=1.12u w=0.74u l=0.13u
X1356 a_13100_13686# fanout6.A GND.t254 GND.t1503 sg13_lv_nmos ad=0.187p pd=1.78u as=0.14875p ps=1.16u w=0.55u l=0.13u
X1357 VDD _124_.S a_2075_4692# VDD sg13_lv_pmos ad=0.253p pd=1.53u as=0.2856p ps=2.36u w=0.84u l=0.13u
X1358 a_10617_14037# a_9675_13844# a_10415_13799# VDD sg13_lv_pmos ad=93.45f pd=0.865u as=0.2048p ps=1.63u w=0.42u l=0.13u
X1359 VDD a_3407_13333# a_3664_13214# VDD sg13_lv_pmos ad=1.42082p pd=9.125u as=79.8f ps=0.8u w=0.42u l=0.13u
X1360 GND.t14 a_7727_4727# a_8394_4948# GND.t432 sg13_lv_nmos ad=0.1406p pd=1.12u as=0.2516p ps=2.16u w=0.74u l=0.13u
X1361 VDD a_16079_9263# a_16746_9484# VDD sg13_lv_pmos ad=0.2128p pd=1.5u as=0.3864p ps=2.93u w=1.12u l=0.13u
X1362 VDD a_9120_9501# _172_.Y VDD sg13_lv_pmos ad=0.3808p pd=2.92u as=0.2408p ps=1.55u w=1.12u l=0.13u
X1363 a_3407_16357# a_2565_16007# a_2148_16000# VDD sg13_lv_pmos ad=0.2048p pd=1.63u as=0.34p ps=2.68u w=1u l=0.13u
X1364 GND.t661 VDD GND.t661 GND.t664 sg13_lv_nmos ad=79.8f pd=0.8u as=0 ps=0 w=0.42u l=1u
X1365 VDD _225_.A.t4 _228_.Y VDD sg13_lv_pmos ad=0.3808p pd=2.92u as=0.3808p ps=2.92u w=1.12u l=0.13u
X1366 a_10246_17933# _240_.Y GND.t243 GND.t423 sg13_lv_nmos ad=37.8f pd=0.6u as=0.1701p ps=1.65u w=0.42u l=0.13u
X1367 VDD GND.t1193 VDD VDD sg13_lv_pmos ad=0.34p pd=2.68u as=0 ps=0 w=1u l=1u
X1368 VDD _237_.Y a_12778_15964# VDD sg13_lv_pmos ad=0.1563p pd=1.22u as=0.147p ps=1.54u w=0.42u l=0.13u
X1369 a_7753_15280# _201_.Y GND.t137 GND.t531 sg13_lv_nmos ad=0.1216p pd=1.02u as=0.1331p ps=1.12u w=0.64u l=0.13u
X1370 a_14698_12433# a_15141_12189# a_14438_12210# GND.t580 sg13_lv_nmos ad=79.8f pd=0.8u as=0.1296p ps=1.52u w=0.42u l=0.13u
X1371 VDD GND.t1293 VDD VDD sg13_lv_pmos ad=0.19p pd=1.38u as=0 ps=0 w=1u l=1u
X1372 a_13073_7728# _162_.B a_13041_7996# VDD sg13_lv_pmos ad=0.34p pd=2.68u as=0.1225p ps=1.245u w=1u l=0.13u
X1373 GND.t116 a_2853_8447# a_2955_8447# GND.t1452 sg13_lv_nmos ad=4.0443p pd=25.39u as=0.2516p ps=2.16u w=0.74u l=0.13u
X1374 GND.t14 _144_.B _145_.B1 GND.t409 sg13_lv_nmos ad=0.2516p pd=2.16u as=0.1406p ps=1.12u w=0.74u l=0.13u
X1375 GND.t408 VDD GND.t408 GND.t1075 sg13_lv_nmos ad=79.8f pd=0.8u as=0 ps=0 w=0.42u l=1u
X1376 VDD _171_.Y a_9120_9501# VDD sg13_lv_pmos ad=0.2891p pd=1.695u as=0.1596p ps=1.22u w=0.84u l=0.13u
X1377 _133_.Y _132_.Y a_13527_11460# VDD sg13_lv_pmos ad=0.3808p pd=2.92u as=0.2128p ps=1.5u w=1.12u l=0.13u
X1378 VDD _211_.Y a_15767_17137# VDD sg13_lv_pmos ad=0.1428p pd=1.52u as=79.8f ps=0.8u w=0.42u l=0.13u
X1379 GND.t683 VDD GND.t683 GND.t670 sg13_lv_nmos ad=79.8f pd=0.8u as=0 ps=0 w=0.42u l=1u
X1380 a_2148_17064# a_2667_16868# a_3407_16823# GND.t16 sg13_lv_nmos ad=0.3473p pd=2.71u as=0.12665p ps=1.145u w=0.74u l=0.13u
X1381 VDD a_14940_16710# a_15963_17137# VDD sg13_lv_pmos ad=0.1563p pd=1.22u as=63f ps=0.72u w=0.42u l=0.13u
X1382 VDD GND.t929 VDD VDD sg13_lv_pmos ad=0.34p pd=2.68u as=0 ps=0 w=1u l=1u
X1383 VDD a_6720_17061# _209_.Y VDD sg13_lv_pmos ad=0.3808p pd=2.92u as=0.2408p ps=1.55u w=1.12u l=0.13u
X1384 a_4559_4727# a_3717_4629# a_4465_4727# GND.t269 sg13_lv_nmos ad=0.12665p pd=1.145u as=0.1428p ps=1.52u w=0.42u l=0.13u
X1385 _143_.Y _143_.A VDD VDD sg13_lv_pmos ad=0.3808p pd=2.92u as=0.3808p ps=2.92u w=1.12u l=0.13u
X1386 VDD a_7616_15437# _205_.B1 VDD sg13_lv_pmos ad=0.1918p pd=1.5u as=0.3808p ps=2.92u w=1.12u l=0.13u
X1387 VDD _165_.Y a_7739_9484# VDD sg13_lv_pmos ad=0.2128p pd=1.5u as=0.2128p ps=1.5u w=1.12u l=0.13u
X1388 a_2126_10214# _122_.A0 a_2298_9972# VDD sg13_lv_pmos ad=0.2225p pd=1.445u as=0.2975p ps=1.595u w=1u l=0.13u
X1389 _200_.Y _195_.Y a_6008_15242# GND.t621 sg13_lv_nmos ad=0.2516p pd=2.16u as=0.1406p ps=1.12u w=0.74u l=0.13u
X1390 VDD GND.t854 VDD VDD sg13_lv_pmos ad=0.19p pd=1.38u as=0 ps=0 w=1u l=1u
X1391 a_5169_9508# _173_.A VDD VDD sg13_lv_pmos ad=0.1225p pd=1.245u as=0.36p ps=2.72u w=1u l=0.13u
X1392 VDD GND.t1252 VDD VDD sg13_lv_pmos ad=0.19p pd=1.38u as=0 ps=0 w=1u l=1u
X1393 GND.t1141 VDD GND.t1140 GND.t20 sg13_lv_nmos ad=0.1428p pd=1.52u as=0 ps=0 w=0.42u l=1u
X1394 VDD GND.t111 VDD VDD sg13_lv_pmos ad=0.19p pd=1.38u as=0 ps=0 w=1u l=1u
X1395 GND.t237 a_3407_16823# a_4074_17044# GND.t16 sg13_lv_nmos ad=0.1406p pd=1.12u as=0.2516p ps=2.16u w=0.74u l=0.13u
X1396 GND.t87 VDD GND.t880 GND.t879 sg13_lv_nmos ad=79.8f pd=0.8u as=0 ps=0 w=0.42u l=1u
X1397 GND.t206 _151_.B a_13505_8784# GND.t205 sg13_lv_nmos ad=0.2516p pd=2.16u as=0.1406p ps=1.12u w=0.74u l=0.13u
X1398 GND.t115 VDD GND.t674 GND.t670 sg13_lv_nmos ad=0.1428p pd=1.52u as=0 ps=0 w=0.42u l=1u
X1399 a_11078_16746# _212_.Y VDD VDD sg13_lv_pmos ad=79.8f pd=0.8u as=0.1428p ps=1.52u w=0.42u l=0.13u
X1400 VDD _136_.A a_7262_3900# VDD sg13_lv_pmos ad=0.36p pd=2.72u as=0.1225p ps=1.245u w=1u l=0.13u
X1401 GND.t1270 VDD GND.t1272 GND.t1271 sg13_lv_nmos ad=79.8f pd=0.8u as=0 ps=0 w=0.42u l=1u
X1402 a_7908_16000# a_7882_15964# VDD VDD sg13_lv_pmos ad=0.34p pd=2.68u as=0.36237p ps=2.605u w=1u l=0.13u
X1403 VDD a_7008_16035# _258_.D VDD sg13_lv_pmos ad=0.3808p pd=2.92u as=0.2408p ps=1.55u w=1.12u l=0.13u
X1404 GND.t1231 VDD GND.t599 GND.t1232 sg13_lv_nmos ad=79.8f pd=0.8u as=0 ps=0 w=0.42u l=1u
X1405 GND.t1147 VDD GND.t473 GND.t20 sg13_lv_nmos ad=79.8f pd=0.8u as=0 ps=0 w=0.42u l=1u
X1406 clkbuf_1_0__f_sclk.A a_3886_10702# GND.t984 GND.t1521 sg13_lv_nmos ad=0.1406p pd=1.12u as=0.1406p ps=1.12u w=0.74u l=0.13u
X1407 a_4559_4727# a_3717_4629# a_3300_4968# VDD sg13_lv_pmos ad=0.2048p pd=1.63u as=0.34p ps=2.68u w=1u l=0.13u
X1408 GND.t1199 VDD GND.t71 GND.t1198 sg13_lv_nmos ad=0.1428p pd=1.52u as=0 ps=0 w=0.42u l=1u
X1409 a_10799_5782# a_10764_5678# _144_.B GND.t20 sg13_lv_nmos ad=0.1406p pd=1.12u as=0.2516p ps=2.16u w=0.74u l=0.13u
X1410 VDD GND.t1190 VDD VDD sg13_lv_pmos ad=0.34p pd=2.68u as=0 ps=0 w=1u l=1u
X1411 _196_.Y _190_.A a_6106_13726# GND.t1 sg13_lv_nmos ad=0.2516p pd=2.16u as=0.1406p ps=1.12u w=0.74u l=0.13u
X1412 a_13338_7690# _153_.Y GND.t79 GND.t605 sg13_lv_nmos ad=88.8f pd=0.98u as=0.15245p ps=1.17u w=0.74u l=0.13u
X1413 a_13985_11808# _131_.A2 _129_.Y GND.t260 sg13_lv_nmos ad=0.1406p pd=1.12u as=0.1406p ps=1.12u w=0.74u l=0.13u
X1414 GND.t45 a_11731_8698# _180_.X GND.t1424 sg13_lv_nmos ad=0.15745p pd=1.175u as=0.2351p ps=2.16u w=0.74u l=0.13u
X1415 a_15856_15454# _239_.Y VDD VDD sg13_lv_pmos ad=79.8f pd=0.8u as=1.6291p ps=10.53u w=0.42u l=0.13u
X1416 VDD GND.t782 VDD VDD sg13_lv_pmos ad=0.34p pd=2.68u as=0 ps=0 w=1u l=1u
X1417 a_13824_7989# _158_.Y a_13787_7720# GND.t1498 sg13_lv_nmos ad=0.2176p pd=1.96u as=78.39999f ps=0.885u w=0.64u l=0.13u
X1418 GND.t132 _266_.CLK a_15071_17016# GND.t504 sg13_lv_nmos ad=2.6164p pd=16.515u as=0.2516p ps=2.16u w=0.74u l=0.13u
X1419 GND.t65 a_6885_4629# a_6987_4772# GND.t154 sg13_lv_nmos ad=4.7917p pd=31.625u as=0.2516p ps=2.16u w=0.74u l=0.13u
X1420 a_14830_16746# a_14572_16746# GND.t5 GND.t95 sg13_lv_nmos ad=0.1428p pd=1.52u as=79.8f ps=0.8u w=0.42u l=0.13u
X1421 GND.t728 VDD GND.t315 GND.t16 sg13_lv_nmos ad=0.1428p pd=1.52u as=0 ps=0 w=0.42u l=1u
X1422 VDD a_15983_12287# a_16650_12508# VDD sg13_lv_pmos ad=0.2128p pd=1.5u as=0.3864p ps=2.93u w=1.12u l=0.13u
X1423 clkbuf_1_0__f_sclk.A a_3886_10702# VDD VDD sg13_lv_pmos ad=0.2128p pd=1.5u as=0.2128p ps=1.5u w=1.12u l=0.13u
X1424 a_3503_12287# a_2661_12189# a_2244_12528# VDD sg13_lv_pmos ad=0.2048p pd=1.63u as=0.34p ps=2.68u w=1u l=0.13u
X1425 a_13593_12525# a_12651_12332# a_13391_12287# VDD sg13_lv_pmos ad=93.45f pd=0.865u as=0.2048p ps=1.63u w=0.42u l=0.13u
X1426 a_15012_5837# a_14724_5416# a_14950_5837# GND.t80 sg13_lv_nmos ad=0.1428p pd=1.52u as=37.8f ps=0.6u w=0.42u l=0.13u
X1427 a_8870_12210# _182_.Y VDD VDD sg13_lv_pmos ad=79.8f pd=0.8u as=0.1428p ps=1.52u w=0.42u l=0.13u
X1428 a_13914_5412# _148_.X _157_.B VDD sg13_lv_pmos ad=0.1428p pd=1.375u as=0.2408p ps=1.55u w=1.12u l=0.13u
X1429 _258_.RESET_B _222_.A GND.t1510 GND.t16 sg13_lv_nmos ad=0.2516p pd=2.16u as=0.2516p ps=2.16u w=0.74u l=0.13u
X1430 _147_.Y _147_.B1 a_11381_3900# VDD sg13_lv_pmos ad=0.3808p pd=2.92u as=0.2128p ps=1.5u w=1.12u l=0.13u
X1431 _159_.Y a_13824_7989# a_13973_7678# GND.t149 sg13_lv_nmos ad=0.2516p pd=2.16u as=0.1406p ps=1.12u w=0.74u l=0.13u
X1432 VDD GND.t984 VDD VDD sg13_lv_pmos ad=0.34p pd=2.68u as=0 ps=0 w=1u l=1u
X1433 a_3886_10702# sclk GND.t53 GND.t54 sg13_lv_nmos ad=0.1406p pd=1.12u as=0.1406p ps=1.12u w=0.74u l=0.13u
X1434 VDD GND.t655 VDD VDD sg13_lv_pmos ad=0.34p pd=2.68u as=0 ps=0 w=1u l=1u
X1435 a_16498_8874# _227_.Y GND.t223 GND.t7 sg13_lv_nmos ad=37.8f pd=0.6u as=79.8f ps=0.8u w=0.42u l=0.13u
X1436 VDD GND.t62 VDD VDD sg13_lv_pmos ad=0.19p pd=1.38u as=0 ps=0 w=1u l=1u
X1437 VDD GND.t82 VDD VDD sg13_lv_pmos ad=0.19p pd=1.38u as=0 ps=0 w=1u l=1u
X1438 GND.t745 VDD GND.t744 GND.t743 sg13_lv_nmos ad=0.1428p pd=1.52u as=0 ps=0 w=0.42u l=1u
X1439 VDD GND.t1120 VDD VDD sg13_lv_pmos ad=0.34p pd=2.68u as=0 ps=0 w=1u l=1u
X1440 VDD GND.t941 VDD VDD sg13_lv_pmos ad=0.34p pd=2.68u as=0 ps=0 w=1u l=1u
X1441 GND.t1 a_9573_13701# a_9675_13844# GND.t346 sg13_lv_nmos ad=7.09257p pd=45.595u as=0.2516p ps=2.16u w=0.74u l=0.13u
X1442 GND.t908 VDD GND.t910 GND.t909 sg13_lv_nmos ad=79.8f pd=0.8u as=0 ps=0 w=0.42u l=1u
X1443 a_6336_11499# _176_.A VDD VDD sg13_lv_pmos ad=0.1596p pd=1.22u as=0.4536p ps=2.76u w=0.84u l=0.13u
X1444 VDD GND.t683 VDD VDD sg13_lv_pmos ad=0.19p pd=1.38u as=0 ps=0 w=1u l=1u
X1445 _243_.CLK a_3956_6888# GND.t1042 GND.t1378 sg13_lv_nmos ad=0.1406p pd=1.12u as=0.2516p ps=2.16u w=0.74u l=0.13u
X1446 VDD GND.t941 VDD VDD sg13_lv_pmos ad=0.34p pd=2.68u as=0 ps=0 w=1u l=1u
X1447 a_3886_10702# sclk VDD VDD sg13_lv_pmos ad=0.2128p pd=1.5u as=0.2128p ps=1.5u w=1.12u l=0.13u
X1448 GND.t143 VDD GND.t143 GND.t1225 sg13_lv_nmos ad=79.8f pd=0.8u as=0 ps=0 w=0.42u l=1u
X1449 a_14359_16710# a_14919_16964# a_14830_17061# VDD sg13_lv_pmos ad=0.2048p pd=1.63u as=93.45f ps=0.865u w=0.42u l=0.13u
X1450 VDD a_15599_15311# a_16266_15532# VDD sg13_lv_pmos ad=0.2128p pd=1.5u as=0.3864p ps=2.93u w=1.12u l=0.13u
X1451 VDD _261_.RESET_B a_11846_12210# VDD sg13_lv_pmos ad=0.36237p pd=2.605u as=79.8f ps=0.8u w=0.42u l=0.13u
X1452 VDD a_2075_4692# a_2575_4948# VDD sg13_lv_pmos ad=0.2198p pd=1.52u as=0.2975p ps=1.595u w=1u l=0.13u
X1453 a_11279_17869# a_10437_17519# a_10020_17512# VDD sg13_lv_pmos ad=0.2048p pd=1.63u as=0.34p ps=2.68u w=1u l=0.13u
X1454 VDD GND.t1338 VDD VDD sg13_lv_pmos ad=0.19p pd=1.38u as=0 ps=0 w=1u l=1u
X1455 GND.t749 VDD GND.t749 GND.t748 sg13_lv_nmos ad=0.1428p pd=1.52u as=0 ps=0 w=0.42u l=1u
X1456 GND.t173 VDD GND.t173 GND.t1007 sg13_lv_nmos ad=79.8f pd=0.8u as=0 ps=0 w=0.42u l=1u
X1457 GND.t49 _124_.S a_2620_10318# GND.t1469 sg13_lv_nmos ad=0.18945p pd=1.27u as=0.13135p ps=1.095u w=0.74u l=0.13u
X1458 VDD a_4512_17547# _207_.A2 VDD sg13_lv_pmos ad=0.3808p pd=2.92u as=0.2408p ps=1.55u w=1.12u l=0.13u
X1459 _168_.B a_5201_9240# a_5372_9484# VDD sg13_lv_pmos ad=0.3808p pd=2.92u as=0.2128p ps=1.5u w=1.12u l=0.13u
X1460 GND.t861 VDD GND.t858 GND.t860 sg13_lv_nmos ad=0.1428p pd=1.52u as=0 ps=0 w=0.42u l=1u
X1461 a_1958_12210# a_2763_12332# a_2218_12433# VDD sg13_lv_pmos ad=0.1428p pd=1.52u as=79.8f ps=0.8u w=0.42u l=0.13u
X1462 VDD a_10415_12287# a_10672_12430# VDD sg13_lv_pmos ad=1.42082p pd=9.125u as=79.8f ps=0.8u w=0.42u l=0.13u
X1463 a_2854_4325# _243_.RESET_B GND.t71 GND.t72 sg13_lv_nmos ad=37.8f pd=0.6u as=0.1701p ps=1.65u w=0.42u l=0.13u
X1464 VDD GND.t1257 VDD VDD sg13_lv_pmos ad=0.19p pd=1.38u as=0 ps=0 w=1u l=1u
X1465 _238_.Y _225_.A VDD VDD sg13_lv_pmos ad=0.3808p pd=2.92u as=0.3808p ps=2.92u w=1.12u l=0.13u
X1466 _176_.B a_5297_12264# a_5468_12508# VDD sg13_lv_pmos ad=0.3808p pd=2.92u as=0.2128p ps=1.5u w=1.12u l=0.13u
X1467 GND.t1124 VDD GND.t1123 GND.t20 sg13_lv_nmos ad=0.1428p pd=1.52u as=0 ps=0 w=0.42u l=1u
X1468 _164_.B1 a_12215_7664# GND.t280 GND.t279 sg13_lv_nmos ad=0.1406p pd=1.12u as=0.2516p ps=2.16u w=0.74u l=0.13u
X1469 VDD GND.t1165 VDD VDD sg13_lv_pmos ad=0.34p pd=2.68u as=0 ps=0 w=1u l=1u
X1470 VDD a_3760_12430# a_3705_12525# VDD sg13_lv_pmos ad=1.42082p pd=9.125u as=93.45f ps=0.865u w=0.42u l=0.13u
X1471 a_9734_9186# _172_.Y VDD VDD sg13_lv_pmos ad=79.8f pd=0.8u as=0.1428p ps=1.52u w=0.42u l=0.13u
X1472 a_2150_9186# a_2955_9308# a_2410_9409# VDD sg13_lv_pmos ad=0.1428p pd=1.52u as=79.8f ps=0.8u w=0.42u l=0.13u
X1473 VDD GND.t30 VDD VDD sg13_lv_pmos ad=0.19p pd=1.38u as=0 ps=0 w=1u l=1u
X1474 GND.t958 VDD GND.t958 GND.t994 sg13_lv_nmos ad=0.1428p pd=1.52u as=0 ps=0 w=0.42u l=1u
X1475 a_13648_12430# a_13391_12287# a_13810_12210# GND.t125 sg13_lv_nmos ad=0.1428p pd=1.52u as=37.8f ps=0.6u w=0.42u l=0.13u
X1476 a_11536_9406# _228_.Y VDD VDD sg13_lv_pmos ad=79.8f pd=0.8u as=1.94845p ps=12.685u w=0.42u l=0.13u
X1477 GND.t738 VDD GND.t202 GND.t739 sg13_lv_nmos ad=79.8f pd=0.8u as=0 ps=0 w=0.42u l=1u
X1478 GND.t1147 VDD GND.t245 GND.t20 sg13_lv_nmos ad=0.1428p pd=1.52u as=0 ps=0 w=0.42u l=1u
X1479 a_15237_8447# _251_.CLK VDD VDD sg13_lv_pmos ad=0.4088p pd=2.97u as=2.75005p ps=18.05u w=1.12u l=0.13u
X1480 _242_.RESET_B _215_.A GND.t367 GND.t370 sg13_lv_nmos ad=0.2516p pd=2.16u as=0.2516p ps=2.16u w=0.74u l=0.13u
X1481 a_3657_5459# a_3300_5416# VDD VDD sg13_lv_pmos ad=63f pd=0.72u as=0.1563p ps=1.22u w=0.42u l=0.13u
X1482 GND.t757 VDD GND.t757 GND.t806 sg13_lv_nmos ad=0.1428p pd=1.52u as=0 ps=0 w=0.42u l=1u
X1483 VDD GND.t902 VDD VDD sg13_lv_pmos ad=0.34p pd=2.68u as=0 ps=0 w=1u l=1u
X1484 a_13775_5782# _149_.A GND.t198 GND.t20 sg13_lv_nmos ad=0.2516p pd=2.16u as=0.1898p ps=1.36u w=0.74u l=0.13u
X1485 a_8266_16969# a_8709_16725# a_8649_17137# VDD sg13_lv_pmos ad=79.8f pd=0.8u as=63f ps=0.72u w=0.42u l=0.13u
X1486 VDD a_16336_8678# a_16281_8559# VDD sg13_lv_pmos ad=2.75005p pd=18.05u as=93.45f ps=0.865u w=0.42u l=0.13u
X1487 a_8990_5412# _144_.B a_8538_5375# VDD sg13_lv_pmos ad=0.1225p pd=1.245u as=0.34p ps=2.68u w=1u l=0.13u
X1488 a_14697_15625# a_14340_15552# VDD VDD sg13_lv_pmos ad=63f pd=0.72u as=0.1563p ps=1.22u w=0.42u l=0.13u
X1489 a_10607_4727# a_9765_4629# a_9348_4968# VDD sg13_lv_pmos ad=0.2048p pd=1.63u as=0.34p ps=2.68u w=1u l=0.13u
X1490 GND.t132 a_2565_16725# a_2667_16868# GND.t218 sg13_lv_nmos ad=2.85425p pd=18.015u as=0.2516p ps=2.16u w=0.74u l=0.13u
X1491 GND.t930 VDD GND.t929 GND.t928 sg13_lv_nmos ad=0.1428p pd=1.52u as=0 ps=0 w=0.42u l=1u
X1492 VDD a_3380_13690# _247_.CLK VDD sg13_lv_pmos ad=0.2128p pd=1.5u as=0.2128p ps=1.5u w=1.12u l=0.13u
X1493 a_2232_11722# _124_.S GND.t902 GND.t174 sg13_lv_nmos ad=0.187p pd=1.78u as=0.18945p ps=1.27u w=0.55u l=0.13u
X1494 GND.t1059 VDD GND.t1059 GND.t1093 sg13_lv_nmos ad=79.8f pd=0.8u as=0 ps=0 w=0.42u l=1u
X1495 a_1956_16434# _250_.D a_1862_16434# GND.t118 sg13_lv_nmos ad=60.89999f pd=0.71u as=0.1428p ps=1.52u w=0.42u l=0.13u
X1496 VDD GND.t1269 VDD VDD sg13_lv_pmos ad=0.34p pd=2.68u as=0 ps=0 w=1u l=1u
X1497 VDD GND.t115 VDD VDD sg13_lv_pmos ad=0.19p pd=1.38u as=0 ps=0 w=1u l=1u
X1498 a_6869_16750# _208_.X GND.t18 GND.t16 sg13_lv_nmos ad=0.1406p pd=1.12u as=0.1898p ps=1.36u w=0.74u l=0.13u
X1499 a_2532_12223# a_2244_12528# a_2470_12223# GND.t184 sg13_lv_nmos ad=0.1428p pd=1.52u as=37.8f ps=0.6u w=0.42u l=0.13u
X1500 VDD GND.t1323 VDD VDD sg13_lv_pmos ad=0.19p pd=1.38u as=0 ps=0 w=1u l=1u
X1501 a_16240_5654# a_15983_5773# a_16402_5850# GND.t91 sg13_lv_nmos ad=0.1428p pd=1.52u as=37.8f ps=0.6u w=0.42u l=0.13u
X1502 VDD GND.t285 VDD VDD sg13_lv_pmos ad=0.19p pd=1.38u as=0 ps=0 w=1u l=1u
X1503 VDD GND.t1151 VDD VDD sg13_lv_pmos ad=0.19p pd=1.38u as=0 ps=0 w=1u l=1u
X1504 a_2298_7972# a_2232_7868# VDD VDD sg13_lv_pmos ad=0.2975p pd=1.595u as=0.2198p ps=1.52u w=1u l=0.13u
X1505 VDD GND.t209 VDD VDD sg13_lv_pmos ad=0.19p pd=1.38u as=0 ps=0 w=1u l=1u
X1506 _213_.Y _251_.CLK VDD VDD sg13_lv_pmos ad=0.3808p pd=2.92u as=0.3808p ps=2.92u w=1.12u l=0.13u
X1507 a_9551_16823# a_8709_16725# a_8292_17064# VDD sg13_lv_pmos ad=0.2048p pd=1.63u as=0.34p ps=2.68u w=1u l=0.13u
X1508 _224_.Y _215_.A GND.t369 GND.t368 sg13_lv_nmos ad=0.2516p pd=2.16u as=0.2516p ps=2.16u w=0.74u l=0.13u
X1509 a_4978_5850# _244_.RESET_B GND.t22 GND.t20 sg13_lv_nmos ad=37.8f pd=0.6u as=79.8f ps=0.8u w=0.42u l=0.13u
X1510 GND.t399 VDD GND.t854 GND.t887 sg13_lv_nmos ad=79.8f pd=0.8u as=0 ps=0 w=0.42u l=1u
X1511 VDD GND.t1242 VDD VDD sg13_lv_pmos ad=0.19p pd=1.38u as=0 ps=0 w=1u l=1u
X1512 a_16079_8797# a_15237_8447# a_15985_8797# GND.t7 sg13_lv_nmos ad=0.12665p pd=1.145u as=0.1428p ps=1.52u w=0.42u l=0.13u
X1513 GND.t130 _228_.Y a_9828_9186# GND.t116 sg13_lv_nmos ad=0.1626p pd=1.415u as=60.89999f ps=0.71u w=0.42u l=0.13u
X1514 _184_.Y _178_.B1 VDD VDD sg13_lv_pmos ad=0.2128p pd=1.5u as=0.3808p ps=2.92u w=1.12u l=0.13u
X1515 GND.t60 a_3887_4261# a_4554_3900# GND.t59 sg13_lv_nmos ad=0.1406p pd=1.12u as=0.2516p ps=2.16u w=0.74u l=0.13u
X1516 _177_.X a_6124_9945# VDD VDD sg13_lv_pmos ad=0.3808p pd=2.92u as=0.36195p ps=1.84u w=1.12u l=0.13u
X1517 _172_.Y _171_.Y a_9363_9484# VDD sg13_lv_pmos ad=0.2408p pd=1.55u as=0.1428p ps=1.375u w=1.12u l=0.13u
X1518 VDD GND.t113 VDD VDD sg13_lv_pmos ad=0.34p pd=2.68u as=0 ps=0 w=1u l=1u
X1519 GND.t1190 VDD GND.t1190 GND.t1227 sg13_lv_nmos ad=79.8f pd=0.8u as=0 ps=0 w=0.42u l=1u
X1520 VDD GND.t254 VDD VDD sg13_lv_pmos ad=0.34p pd=2.68u as=0 ps=0 w=1u l=1u
X1521 VDD GND.t638 VDD VDD sg13_lv_pmos ad=0.19p pd=1.38u as=0 ps=0 w=1u l=1u
X1522 VDD GND.t1343 VDD VDD sg13_lv_pmos ad=0.19p pd=1.38u as=0 ps=0 w=1u l=1u
X1523 GND.t408 VDD GND.t408 GND.t1076 sg13_lv_nmos ad=0.1428p pd=1.52u as=0 ps=0 w=0.42u l=1u
X1524 VDD a_9167_16357# a_9834_15996# VDD sg13_lv_pmos ad=0.2128p pd=1.5u as=0.3864p ps=2.93u w=1.12u l=0.13u
X1525 a_12666_4666# _148_.A GND.t1214 GND.t1585 sg13_lv_nmos ad=88.8f pd=0.98u as=0.15245p ps=1.17u w=0.74u l=0.13u
X1526 a_14794_11428# a_15237_11471# a_14534_11898# GND.t323 sg13_lv_nmos ad=79.8f pd=0.8u as=0.1296p ps=1.52u w=0.42u l=0.13u
X1527 a_12923_11460# _131_.A2 VDD VDD sg13_lv_pmos ad=0.3808p pd=2.92u as=0.2128p ps=1.5u w=1.12u l=0.13u
X1528 GND.t1326 VDD GND.t1328 GND.t1327 sg13_lv_nmos ad=79.8f pd=0.8u as=0 ps=0 w=0.42u l=1u
X1529 GND.t760 VDD GND.t757 GND.t759 sg13_lv_nmos ad=0.1428p pd=1.52u as=0 ps=0 w=0.42u l=1u
X1530 VDD _252_.RESET_B a_9062_4650# VDD sg13_lv_pmos ad=0.36237p pd=2.605u as=79.8f ps=0.8u w=0.42u l=0.13u
X1531 GND.t1127 VDD GND.t1126 GND.t20 sg13_lv_nmos ad=0.1428p pd=1.52u as=0 ps=0 w=0.42u l=1u
X1532 GND.t683 VDD GND.t683 GND.t670 sg13_lv_nmos ad=0.1428p pd=1.52u as=0 ps=0 w=0.42u l=1u
X1533 _208_.X _207_.Y a_4890_16762# GND.t16 sg13_lv_nmos ad=0.1628p pd=1.18u as=88.8f ps=0.98u w=0.74u l=0.13u
X1534 VDD GND.t1170 VDD VDD sg13_lv_pmos ad=0.34p pd=2.68u as=0 ps=0 w=1u l=1u
X1535 VDD GND.t786 VDD VDD sg13_lv_pmos ad=0.34p pd=2.68u as=0 ps=0 w=1u l=1u
X1536 _171_.Y _171_.A a_8236_8436# VDD sg13_lv_pmos ad=0.3808p pd=2.92u as=0.1176p ps=1.33u w=1.12u l=0.13u
X1537 a_14534_8874# _159_.Y VDD VDD sg13_lv_pmos ad=79.8f pd=0.8u as=0.1428p ps=1.52u w=0.42u l=0.13u
X1538 GND.t655 VDD GND.t655 GND.t698 sg13_lv_nmos ad=0.1428p pd=1.52u as=0 ps=0 w=0.42u l=1u
X1539 VDD GND.t1345 VDD VDD sg13_lv_pmos ad=0.34p pd=2.68u as=0 ps=0 w=1u l=1u
X1540 VDD GND.t1254 VDD VDD sg13_lv_pmos ad=0.34p pd=2.68u as=0 ps=0 w=1u l=1u
X1541 GND.t17 VDD GND.t17 GND.t16 sg13_lv_nmos ad=79.8f pd=0.8u as=0 ps=0 w=0.42u l=1u
X1542 VDD a_3503_12287# a_4170_12508# VDD sg13_lv_pmos ad=0.2128p pd=1.5u as=0.3864p ps=2.93u w=1.12u l=0.13u
X1543 VDD _250_.Q a_4796_17044# VDD sg13_lv_pmos ad=0.2128p pd=1.5u as=0.3808p ps=2.92u w=1.12u l=0.13u
X1544 a_11338_16969# a_11781_16725# a_11078_16746# GND.t29 sg13_lv_nmos ad=79.8f pd=0.8u as=0.1296p ps=1.52u w=0.42u l=0.13u
X1545 VDD GND.t38 VDD VDD sg13_lv_pmos ad=0.19p pd=1.38u as=0 ps=0 w=1u l=1u
X1546 a_2436_4338# _243_.D a_2342_4338# GND.t272 sg13_lv_nmos ad=60.89999f pd=0.71u as=0.1428p ps=1.52u w=0.42u l=0.13u
X1547 VDD GND.t243 VDD VDD sg13_lv_pmos ad=0.19p pd=1.38u as=0 ps=0 w=1u l=1u
X1548 VDD GND.t754 VDD VDD sg13_lv_pmos ad=0.34p pd=2.68u as=0 ps=0 w=1u l=1u
X1549 _192_.B _176_.A a_6970_12214# GND.t1511 sg13_lv_nmos ad=0.2516p pd=2.16u as=0.1406p ps=1.12u w=0.74u l=0.13u
X1550 a_6336_11499# _176_.B a_6299_11808# GND.t297 sg13_lv_nmos ad=0.2176p pd=1.96u as=78.39999f ps=0.885u w=0.64u l=0.13u
X1551 GND.t143 VDD GND.t143 GND.t1188 sg13_lv_nmos ad=0.1428p pd=1.52u as=0 ps=0 w=0.42u l=1u
X1552 GND.t79 _153_.Y _162_.Y GND.t607 sg13_lv_nmos ad=0.2516p pd=2.16u as=0.1406p ps=1.12u w=0.74u l=0.13u
X1553 a_7841_9212# _165_.Y _171_.A GND.t116 sg13_lv_nmos ad=0.1406p pd=1.12u as=0.1406p ps=1.12u w=0.74u l=0.13u
X1554 _247_.CLK a_3380_13690# VDD VDD sg13_lv_pmos ad=0.2128p pd=1.5u as=0.2128p ps=1.5u w=1.12u l=0.13u
X1555 GND.t1150 VDD GND.t1149 GND.t20 sg13_lv_nmos ad=0.1428p pd=1.52u as=0 ps=0 w=0.42u l=1u
X1556 GND.t152 _224_.Y a_6276_4650# GND.t322 sg13_lv_nmos ad=0.1626p pd=1.415u as=60.89999f ps=0.71u w=0.42u l=0.13u
X1557 VDD GND.t1288 VDD VDD sg13_lv_pmos ad=0.19p pd=1.38u as=0 ps=0 w=1u l=1u
X1558 a_6291_12972# _190_.A VDD VDD sg13_lv_pmos ad=0.1428p pd=1.375u as=0.2891p ps=1.695u w=1.12u l=0.13u
X1559 a_13025_11808# _260_.CLK _126_.Y GND.t400 sg13_lv_nmos ad=0.1406p pd=1.12u as=0.1406p ps=1.12u w=0.74u l=0.13u
X1560 GND.t315 _207_.A1 a_5525_16750# GND.t16 sg13_lv_nmos ad=0.1898p pd=1.36u as=0.2516p ps=2.16u w=0.74u l=0.13u
X1561 _179_.Y _178_.Y a_6890_9948# VDD sg13_lv_pmos ad=0.3808p pd=2.92u as=0.1176p ps=1.33u w=1.12u l=0.13u
X1562 a_3300_4968# a_3274_4873# GND.t69 GND.t373 sg13_lv_nmos ad=0.2516p pd=2.16u as=0.1626p ps=1.415u w=0.74u l=0.13u
X1563 a_2148_12976# a_2122_12940# GND.t24 GND.t23 sg13_lv_nmos ad=0.2516p pd=2.16u as=0.1626p ps=1.415u w=0.74u l=0.13u
X1564 a_12730_8806# _162_.B GND.t571 GND.t570 sg13_lv_nmos ad=0.1406p pd=1.12u as=0.2516p ps=2.16u w=0.74u l=0.13u
X1565 VDD GND.t760 VDD VDD sg13_lv_pmos ad=0.34p pd=2.68u as=0 ps=0 w=1u l=1u
X1566 VDD GND.t27 VDD VDD sg13_lv_pmos ad=0.34p pd=2.68u as=0 ps=0 w=1u l=1u
X1567 VDD GND.t1274 VDD VDD sg13_lv_pmos ad=0.34p pd=2.68u as=0 ps=0 w=1u l=1u
X1568 VDD a_4816_5654# a_4761_5535# VDD sg13_lv_pmos ad=1.48542p pd=9.54u as=93.45f ps=0.865u w=0.42u l=0.13u
X1569 a_2558_14020# _119_.A0 a_2126_13912# VDD sg13_lv_pmos ad=0.3325p pd=1.665u as=0.2225p ps=1.445u w=1u l=0.13u
X1570 a_16336_9406# _260_.RESET_B VDD VDD sg13_lv_pmos ad=79.8f pd=0.8u as=1.94845p ps=12.685u w=0.42u l=0.13u
X1571 a_6720_17061# _208_.X a_6683_16792# GND.t16 sg13_lv_nmos ad=0.2176p pd=1.96u as=78.39999f ps=0.885u w=0.64u l=0.13u
X1572 a_11026_4650# _252_.RESET_B GND.t12 GND.t11 sg13_lv_nmos ad=37.8f pd=0.6u as=79.8f ps=0.8u w=0.42u l=0.13u
X1573 GND.t763 VDD GND.t766 GND.t811 sg13_lv_nmos ad=79.8f pd=0.8u as=0 ps=0 w=0.42u l=1u
X1574 GND.t285 VDD GND.t285 GND.t1071 sg13_lv_nmos ad=79.8f pd=0.8u as=0 ps=0 w=0.42u l=1u
X1575 a_2565_16007# _247_.CLK VDD VDD sg13_lv_pmos ad=0.4088p pd=2.97u as=1.6291p ps=10.53u w=1.12u l=0.13u
X1576 a_4625_16800# _207_.Y a_4593_17068# VDD sg13_lv_pmos ad=0.34p pd=2.68u as=0.1225p ps=1.245u w=1u l=0.13u
X1577 a_6779_12972# _192_.B VDD VDD sg13_lv_pmos ad=0.3808p pd=2.92u as=0.2128p ps=1.5u w=1.12u l=0.13u
X1578 _157_.B a_13740_5678# VDD VDD sg13_lv_pmos ad=0.2408p pd=1.55u as=0.3808p ps=2.92u w=1.12u l=0.13u
X1579 GND.t1118 VDD GND.t1117 GND.t1116 sg13_lv_nmos ad=0.1428p pd=1.52u as=0 ps=0 w=0.42u l=1u
X1580 a_2724_9199# a_2436_9504# a_2662_9199# GND.t1487 sg13_lv_nmos ad=0.1428p pd=1.52u as=37.8f ps=0.6u w=0.42u l=0.13u
X1581 VDD GND.t408 VDD VDD sg13_lv_pmos ad=0.34p pd=2.68u as=0 ps=0 w=1u l=1u
X1582 a_15108_8861# a_14820_8440# a_15046_8861# GND.t293 sg13_lv_nmos ad=0.1428p pd=1.52u as=37.8f ps=0.6u w=0.42u l=0.13u
X1583 a_11536_17750# _240_.Y VDD VDD sg13_lv_pmos ad=79.8f pd=0.8u as=1.30717p ps=8.395u w=0.42u l=0.13u
X1584 a_3588_4663# a_3819_4772# a_3274_4873# GND.t1557 sg13_lv_nmos ad=0.2373p pd=1.97u as=79.8f ps=0.8u w=0.42u l=0.13u
X1585 _214_.A a_11946_17508# VDD VDD sg13_lv_pmos ad=0.3808p pd=2.92u as=0.2128p ps=1.5u w=1.12u l=0.13u
X1586 VDD a_9167_16357# a_9424_16238# VDD sg13_lv_pmos ad=1.6291p pd=10.53u as=79.8f ps=0.8u w=0.42u l=0.13u
X1587 VDD a_14320_16238# a_14265_16119# VDD sg13_lv_pmos ad=1.6291p pd=10.53u as=93.45f ps=0.865u w=0.42u l=0.13u
X1588 a_9705_5041# a_9348_4968# VDD VDD sg13_lv_pmos ad=63f pd=0.72u as=0.1563p ps=1.22u w=0.42u l=0.13u
X1589 GND.t1193 VDD GND.t1193 GND.t1229 sg13_lv_nmos ad=79.8f pd=0.8u as=0 ps=0 w=0.42u l=1u
X1590 a_4559_5773# a_3717_5423# a_4465_5773# GND.t20 sg13_lv_nmos ad=0.12665p pd=1.145u as=0.1428p ps=1.52u w=0.42u l=0.13u
X1591 a_2126_7864# _148_.A a_2298_7972# VDD sg13_lv_pmos ad=0.2225p pd=1.445u as=0.2975p ps=1.595u w=1u l=0.13u
X1592 a_7736_8802# _170_.B a_7634_8802# GND.t116 sg13_lv_nmos ad=0.1406p pd=1.12u as=0.1406p ps=1.12u w=0.74u l=0.13u
X1593 GND.t489 VDD GND.t489 GND.t648 sg13_lv_nmos ad=79.8f pd=0.8u as=0 ps=0 w=0.42u l=1u
X1594 GND.t49 VDD GND.t53 GND.t982 sg13_lv_nmos ad=79.8f pd=0.8u as=0 ps=0 w=0.42u l=1u
X1595 VDD a_12623_16823# a_12880_16966# VDD sg13_lv_pmos ad=1.30717p pd=8.395u as=79.8f ps=0.8u w=0.42u l=0.13u
X1596 _190_.A a_11082_14020# GND.t230 GND.t343 sg13_lv_nmos ad=0.2516p pd=2.16u as=0.1406p ps=1.12u w=0.74u l=0.13u
X1597 VDD GND.t1313 VDD VDD sg13_lv_pmos ad=0.19p pd=1.38u as=0 ps=0 w=1u l=1u
X1598 GND.t1280 VDD GND.t1279 GND.t1278 sg13_lv_nmos ad=0.1428p pd=1.52u as=0 ps=0 w=0.42u l=1u
X1599 GND.t1079 VDD GND.t408 GND.t1078 sg13_lv_nmos ad=0.1428p pd=1.52u as=0 ps=0 w=0.42u l=1u
X1600 _131_.A2 a_16650_12508# VDD VDD sg13_lv_pmos ad=0.3808p pd=2.92u as=0.2128p ps=1.5u w=1.12u l=0.13u
X1601 _243_.CLK a_3956_6888# VDD VDD sg13_lv_pmos ad=0.2128p pd=1.5u as=0.3976p ps=2.95u w=1.12u l=0.13u
X1602 GND.t422 fanout8.A a_9352_17508# GND.t1489 sg13_lv_nmos ad=0.14875p pd=1.16u as=0.187p ps=1.78u w=0.55u l=0.13u
X1603 VDD a_3887_4261# a_4144_4142# VDD sg13_lv_pmos ad=5.15485p pd=34.14u as=79.8f ps=0.8u w=0.42u l=0.13u
X1604 GND.t1331 VDD GND.t1333 GND.t1332 sg13_lv_nmos ad=79.8f pd=0.8u as=0 ps=0 w=0.42u l=1u
X1605 GND.t1176 VDD GND.t1124 GND.t20 sg13_lv_nmos ad=0.1428p pd=1.52u as=0 ps=0 w=0.42u l=1u
X1606 GND.t53 sclk a_3886_10702# GND.t55 sg13_lv_nmos ad=0.1406p pd=1.12u as=0.1406p ps=1.12u w=0.74u l=0.13u
X1607 GND.t902 VDD GND.t902 GND.t901 sg13_lv_nmos ad=0.1428p pd=1.52u as=0 ps=0 w=0.42u l=1u
X1608 a_5265_12532# _120_.A0 VDD VDD sg13_lv_pmos ad=0.1225p pd=1.245u as=0.36p ps=2.72u w=1u l=0.13u
X1609 a_3108_4650# _242_.D a_3014_4650# GND.t171 sg13_lv_nmos ad=60.89999f pd=0.71u as=0.1428p ps=1.52u w=0.42u l=0.13u
X1610 GND.t655 VDD GND.t655 GND.t656 sg13_lv_nmos ad=79.8f pd=0.8u as=0 ps=0 w=0.42u l=1u
X1611 VDD _235_.Y a_14438_12210# VDD sg13_lv_pmos ad=0.36237p pd=2.605u as=79.8f ps=0.8u w=0.42u l=0.13u
X1612 a_3664_16238# _250_.RESET_B VDD VDD sg13_lv_pmos ad=79.8f pd=0.8u as=1.6291p ps=10.53u w=0.42u l=0.13u
X1613 GND.t1059 VDD GND.t1059 GND.t1089 sg13_lv_nmos ad=79.8f pd=0.8u as=0 ps=0 w=0.42u l=1u
X1614 GND.t115 VDD GND.t115 GND.t115 sg13_lv_nmos ad=79.8f pd=0.8u as=0 ps=0 w=0.42u l=1u
X1615 a_7953_14044# _186_.Y VDD VDD sg13_lv_pmos ad=0.1225p pd=1.245u as=0.36p ps=2.72u w=1u l=0.13u
X1616 GND.t1187 VDD GND.t1187 GND.t1223 sg13_lv_nmos ad=79.8f pd=0.8u as=0 ps=0 w=0.42u l=1u
X1617 VDD GND.t1259 VDD VDD sg13_lv_pmos ad=0.34p pd=2.68u as=0 ps=0 w=1u l=1u
X1618 GND.t933 VDD GND.t36 GND.t934 sg13_lv_nmos ad=79.8f pd=0.8u as=0 ps=0 w=0.42u l=1u
X1619 GND.t141 a_15983_5773# a_16650_5412# GND.t91 sg13_lv_nmos ad=0.1406p pd=1.12u as=0.2516p ps=2.16u w=0.74u l=0.13u
X1620 VDD _266_.CLK a_15071_17016# VDD sg13_lv_pmos ad=1.30717p pd=8.395u as=0.4088p ps=2.97u w=1.12u l=0.13u
X1621 GND.t766 VDD GND.t766 GND.t767 sg13_lv_nmos ad=79.8f pd=0.8u as=0 ps=0 w=0.42u l=1u
X1622 GND.t104 a_2126_17774# _250_.D GND.t103 sg13_lv_nmos ad=0.148p pd=1.14u as=0.4033p ps=2.57u w=0.74u l=0.13u
X1623 a_8603_9484# _171_.Y VDD VDD sg13_lv_pmos ad=0.3808p pd=2.92u as=0.2128p ps=1.5u w=1.12u l=0.13u
X1624 GND.t115 VDD GND.t115 GND.t670 sg13_lv_nmos ad=79.8f pd=0.8u as=0 ps=0 w=0.42u l=1u
X1625 a_1862_16434# a_2667_16007# a_2122_15964# VDD sg13_lv_pmos ad=0.1428p pd=1.52u as=79.8f ps=0.8u w=0.42u l=0.13u
X1626 VDD sclk a_3886_10702# VDD sg13_lv_pmos ad=0.2128p pd=1.5u as=0.2128p ps=1.5u w=1.12u l=0.13u
X1627 VDD _242_.RESET_B a_3274_4873# VDD sg13_lv_pmos ad=0.1563p pd=1.22u as=0.147p ps=1.54u w=0.42u l=0.13u
X1628 VDD GND.t927 VDD VDD sg13_lv_pmos ad=0.19p pd=1.38u as=0 ps=0 w=1u l=1u
X1629 a_11279_9263# a_10437_9165# a_11185_9263# GND.t1564 sg13_lv_nmos ad=0.12665p pd=1.145u as=0.1428p ps=1.52u w=0.42u l=0.13u
X1630 a_2374_16759# _222_.Y GND.t192 GND.t333 sg13_lv_nmos ad=37.8f pd=0.6u as=0.1701p ps=1.65u w=0.42u l=0.13u
X1631 GND.t964 VDD GND.t964 GND.t963 sg13_lv_nmos ad=0.1428p pd=1.52u as=0 ps=0 w=0.42u l=1u
X1632 GND.t367 VDD GND.t367 GND.t1197 sg13_lv_nmos ad=79.8f pd=0.8u as=0 ps=0 w=0.42u l=1u
X1633 a_8250_7690# _122_.A0 GND.t445 GND.t1571 sg13_lv_nmos ad=88.8f pd=0.98u as=0.15245p ps=1.17u w=0.74u l=0.13u
X1634 VDD _221_.Y a_1862_13410# VDD sg13_lv_pmos ad=0.36237p pd=2.605u as=79.8f ps=0.8u w=0.42u l=0.13u
X1635 VDD GND.t854 VDD VDD sg13_lv_pmos ad=0.34p pd=2.68u as=0 ps=0 w=1u l=1u
X1636 VDD GND.t1054 VDD VDD sg13_lv_pmos ad=0.19p pd=1.38u as=0 ps=0 w=1u l=1u
X1637 VDD GND.t528 VDD VDD sg13_lv_pmos ad=0.34p pd=2.68u as=0 ps=0 w=1u l=1u
X1638 VDD GND.t1127 VDD VDD sg13_lv_pmos ad=0.34p pd=2.68u as=0 ps=0 w=1u l=1u
X1639 VDD GND.t683 VDD VDD sg13_lv_pmos ad=0.19p pd=1.38u as=0 ps=0 w=1u l=1u
X1640 VDD GND.t1244 VDD VDD sg13_lv_pmos ad=0.34p pd=2.68u as=0 ps=0 w=1u l=1u
X1641 a_2298_17532# a_2232_17770# VDD VDD sg13_lv_pmos ad=0.2975p pd=1.595u as=0.2198p ps=1.52u w=1u l=0.13u
X1642 GND.t1042 a_3956_6888# _243_.CLK GND.t1387 sg13_lv_nmos ad=0.1406p pd=1.12u as=0.1406p ps=1.12u w=0.74u l=0.13u
X1643 VDD a_10437_9165# a_10539_9308# VDD sg13_lv_pmos ad=1.94845p pd=12.685u as=0.3864p ps=2.93u w=1.12u l=0.13u
X1644 VDD GND.t362 VDD VDD sg13_lv_pmos ad=0.34p pd=2.68u as=0 ps=0 w=1u l=1u
X1645 GND.t204 a_15861_16904# a_14940_16710# GND.t1420 sg13_lv_nmos ad=0.1626p pd=1.415u as=0.2516p ps=2.16u w=0.74u l=0.13u
X1646 VDD _239_.Y a_14054_15234# VDD sg13_lv_pmos ad=0.36237p pd=2.605u as=79.8f ps=0.8u w=0.42u l=0.13u
X1647 VDD GND.t111 VDD VDD sg13_lv_pmos ad=0.34p pd=2.68u as=0 ps=0 w=1u l=1u
X1648 GND.t243 VDD GND.t243 GND.t668 sg13_lv_nmos ad=0.1428p pd=1.52u as=0 ps=0 w=0.42u l=1u
X1649 _191_.Y _192_.C GND.t43 GND.t1 sg13_lv_nmos ad=0.1406p pd=1.12u as=0.2516p ps=2.16u w=0.74u l=0.13u
X1650 VDD GND.t1298 VDD VDD sg13_lv_pmos ad=0.19p pd=1.38u as=0 ps=0 w=1u l=1u
X1651 GND.t62 VDD GND.t62 GND.t1072 sg13_lv_nmos ad=0.1428p pd=1.52u as=0 ps=0 w=0.42u l=1u
X1652 GND.t408 VDD GND.t62 GND.t1039 sg13_lv_nmos ad=0.1428p pd=1.52u as=0 ps=0 w=0.42u l=1u
X1653 GND.t1265 VDD GND.t1264 GND.t1263 sg13_lv_nmos ad=0.1428p pd=1.52u as=0 ps=0 w=0.42u l=1u
X1654 GND.t364 VDD GND.t364 GND.t148 sg13_lv_nmos ad=79.8f pd=0.8u as=0 ps=0 w=0.42u l=1u
X1655 GND.t1144 VDD GND.t1143 GND.t20 sg13_lv_nmos ad=0.1428p pd=1.52u as=0 ps=0 w=0.42u l=1u
X1656 a_2565_12983# _247_.CLK GND.t1 GND.t515 sg13_lv_nmos ad=0.2516p pd=2.16u as=7.09257p ps=45.595u w=0.74u l=0.13u
X1657 _189_.X _148_.B a_5178_13330# GND.t1 sg13_lv_nmos ad=0.1628p pd=1.18u as=88.8f ps=0.98u w=0.74u l=0.13u
X1658 VDD a_3717_5423# a_3819_5423# VDD sg13_lv_pmos ad=1.48542p pd=9.54u as=0.3864p ps=2.93u w=1.12u l=0.13u
X1659 VDD GND.t769 VDD VDD sg13_lv_pmos ad=0.19p pd=1.38u as=0 ps=0 w=1u l=1u
X1660 a_2122_16969# a_2565_16725# a_2505_17137# VDD sg13_lv_pmos ad=79.8f pd=0.8u as=63f ps=0.72u w=0.42u l=0.13u
X1661 GND.t1064 VDD GND.t280 GND.t1100 sg13_lv_nmos ad=79.8f pd=0.8u as=0 ps=0 w=0.42u l=1u
X1662 _243_.CLK a_3956_6888# GND.t1042 GND.t1384 sg13_lv_nmos ad=0.1406p pd=1.12u as=0.1406p ps=1.12u w=0.74u l=0.13u
X1663 VDD a_10415_12287# a_11082_12508# VDD sg13_lv_pmos ad=0.2128p pd=1.5u as=0.3864p ps=2.93u w=1.12u l=0.13u
X1664 VDD GND.t209 VDD VDD sg13_lv_pmos ad=0.34p pd=2.68u as=0 ps=0 w=1u l=1u
X1665 _207_.A2 a_4512_17547# a_4661_17878# GND.t1421 sg13_lv_nmos ad=0.2516p pd=2.16u as=0.1406p ps=1.12u w=0.74u l=0.13u
X1666 GND.t32 _241_.Y a_11172_16746# GND.t29 sg13_lv_nmos ad=0.1626p pd=1.415u as=60.89999f ps=0.71u w=0.42u l=0.13u
X1667 a_2298_15238# a_2232_15428# GND.t435 GND.t434 sg13_lv_nmos ad=0.3367p pd=1.65u as=0.148p ps=1.14u w=0.74u l=0.13u
X1668 VDD GND.t1042 VDD VDD sg13_lv_pmos ad=0.19p pd=1.38u as=0 ps=0 w=1u l=1u
X1669 VDD GND.t858 VDD VDD sg13_lv_pmos ad=0.34p pd=2.68u as=0 ps=0 w=1u l=1u
X1670 _172_.Y a_9120_9501# a_9269_9190# GND.t116 sg13_lv_nmos ad=0.2516p pd=2.16u as=0.1406p ps=1.12u w=0.74u l=0.13u
X1671 VDD GND.t491 VDD VDD sg13_lv_pmos ad=0.19p pd=1.38u as=0 ps=0 w=1u l=1u
X1672 GND.t799 VDD GND.t456 GND.t798 sg13_lv_nmos ad=0.1428p pd=1.52u as=0 ps=0 w=0.42u l=1u
X1673 GND.t1212 VDD GND.t1214 GND.t1213 sg13_lv_nmos ad=79.8f pd=0.8u as=0 ps=0 w=0.42u l=1u
X1674 a_2398_4654# _210_.A a_2301_4654# GND.t500 sg13_lv_nmos ad=0.1628p pd=1.18u as=0.13135p ps=1.095u w=0.74u l=0.13u
X1675 a_8006_16746# a_8811_16868# a_8266_16969# VDD sg13_lv_pmos ad=0.1428p pd=1.52u as=79.8f ps=0.8u w=0.42u l=0.13u
X1676 _264_.Q a_14730_15996# GND.t5 GND.t4 sg13_lv_nmos ad=0.2516p pd=2.16u as=0.1406p ps=1.12u w=0.74u l=0.13u
X1677 VDD GND.t1318 VDD VDD sg13_lv_pmos ad=0.19p pd=1.38u as=0 ps=0 w=1u l=1u
X1678 a_13775_5782# a_13740_5678# _157_.B GND.t20 sg13_lv_nmos ad=0.1406p pd=1.12u as=0.2516p ps=2.16u w=0.74u l=0.13u
X1679 VDD GND.t958 VDD VDD sg13_lv_pmos ad=0.19p pd=1.38u as=0 ps=0 w=1u l=1u
X1680 GND.t14 _225_.A.t2 _252_.RESET_B GND.t144 sg13_lv_nmos ad=0.2516p pd=2.16u as=0.2516p ps=2.16u w=0.74u l=0.13u
X1681 VDD GND.t674 VDD VDD sg13_lv_pmos ad=0.19p pd=1.38u as=0 ps=0 w=1u l=1u
X1682 VDD GND.t196 VDD VDD sg13_lv_pmos ad=0.34p pd=2.68u as=0 ps=0 w=1u l=1u
X1683 VDD a_9551_16823# a_9808_16966# VDD sg13_lv_pmos ad=1.30717p pd=8.395u as=79.8f ps=0.8u w=0.42u l=0.13u
X1684 a_3664_16966# _222_.Y VDD VDD sg13_lv_pmos ad=79.8f pd=0.8u as=1.30717p ps=8.395u w=0.42u l=0.13u
X1685 a_7622_16434# a_8427_16007# a_7882_15964# VDD sg13_lv_pmos ad=0.1428p pd=1.52u as=79.8f ps=0.8u w=0.42u l=0.13u
X1686 VDD GND.t84 VDD VDD sg13_lv_pmos ad=0.19p pd=1.38u as=0 ps=0 w=1u l=1u
X1687 a_3014_5850# a_3819_5423# a_3274_5380# VDD sg13_lv_pmos ad=0.1428p pd=1.52u as=79.8f ps=0.8u w=0.42u l=0.13u
X1688 GND.t202 _238_.Y a_16118_16759# GND.t201 sg13_lv_nmos ad=0.1701p pd=1.65u as=37.8f ps=0.6u w=0.42u l=0.13u
X1689 a_3407_13333# a_2565_12983# a_3313_13333# GND.t1 sg13_lv_nmos ad=0.12665p pd=1.145u as=0.1428p ps=1.52u w=0.42u l=0.13u
X1690 GND.t101 VDD GND.t100 GND.t1 sg13_lv_nmos ad=0.1428p pd=1.52u as=0 ps=0 w=0.42u l=1u
X1691 _148_.A a_5226_5412# VDD VDD sg13_lv_pmos ad=0.3808p pd=2.92u as=0.2128p ps=1.5u w=1.12u l=0.13u
X1692 GND.t1059 VDD GND.t1059 GND.t1091 sg13_lv_nmos ad=79.8f pd=0.8u as=0 ps=0 w=0.42u l=1u
X1693 _244_.D a_2494_6166# GND.t20 GND.t106 sg13_lv_nmos ad=0.4033p pd=2.57u as=0.148p ps=1.14u w=0.74u l=0.13u
X1694 a_12992_15437# _134_.Y VDD VDD sg13_lv_pmos ad=0.1596p pd=1.22u as=0.1918p ps=1.5u w=0.84u l=0.13u
X1695 VDD _230_.Y a_8870_13722# VDD sg13_lv_pmos ad=0.36237p pd=2.605u as=79.8f ps=0.8u w=0.42u l=0.13u
X1696 a_8250_13738# _186_.Y GND.t101 GND.t1 sg13_lv_nmos ad=88.8f pd=0.98u as=0.15245p ps=1.17u w=0.74u l=0.13u
X1697 a_13244_5412# _157_.B VDD VDD sg13_lv_pmos ad=0.2128p pd=1.5u as=0.2128p ps=1.5u w=1.12u l=0.13u
X1698 _247_.CLK a_3380_13690# GND.t1436 GND.t1 sg13_lv_nmos ad=0.1406p pd=1.12u as=0.1406p ps=1.12u w=0.74u l=0.13u
X1699 a_3526_5837# _244_.RESET_B GND.t20 GND.t21 sg13_lv_nmos ad=37.8f pd=0.6u as=0.1701p ps=1.65u w=0.42u l=0.13u
X1700 _178_.Y _178_.B1 a_6389_9484# VDD sg13_lv_pmos ad=0.3808p pd=2.92u as=0.2128p ps=1.5u w=1.12u l=0.13u
X1701 VDD GND.t115 VDD VDD sg13_lv_pmos ad=0.19p pd=1.38u as=0 ps=0 w=1u l=1u
X1702 VDD GND.t300 VDD VDD sg13_lv_pmos ad=0.19p pd=1.38u as=0 ps=0 w=1u l=1u
X1703 VDD GND.t34 VDD VDD sg13_lv_pmos ad=0.19p pd=1.38u as=0 ps=0 w=1u l=1u
X1704 VDD a_2565_16725# a_2667_16868# VDD sg13_lv_pmos ad=1.30717p pd=8.395u as=0.3864p ps=2.93u w=1.12u l=0.13u
X1705 a_8538_5375# _144_.B GND.t410 GND.t20 sg13_lv_nmos ad=0.17462p pd=1.185u as=0.15245p ps=1.17u w=0.55u l=0.13u
X1706 VDD a_1580_16710# _222_.A VDD sg13_lv_pmos ad=0.2114p pd=1.54u as=0.42p ps=2.99u w=1.12u l=0.13u
X1707 VDD GND.t862 VDD VDD sg13_lv_pmos ad=0.34p pd=2.68u as=0 ps=0 w=1u l=1u
X1708 VDD GND.t1330 VDD VDD sg13_lv_pmos ad=0.34p pd=2.68u as=0 ps=0 w=1u l=1u
X1709 VDD _236_.Y a_14794_11428# VDD sg13_lv_pmos ad=0.1563p pd=1.22u as=0.147p ps=1.54u w=0.42u l=0.13u
X1710 a_9348_4968# a_9322_4873# VDD VDD sg13_lv_pmos ad=0.34p pd=2.68u as=0.36237p ps=2.605u w=1u l=0.13u
X1711 _183_.Y _171_.Y VDD VDD sg13_lv_pmos ad=0.2128p pd=1.5u as=0.3808p ps=2.92u w=1.12u l=0.13u
X1712 GND.t964 VDD GND.t964 GND.t1001 sg13_lv_nmos ad=79.8f pd=0.8u as=0 ps=0 w=0.42u l=1u
X1713 VDD a_15983_5773# a_16240_5654# VDD sg13_lv_pmos ad=1.48542p pd=9.54u as=79.8f ps=0.8u w=0.42u l=0.13u
X1714 VDD _153_.Y a_12652_6924# VDD sg13_lv_pmos ad=0.4032p pd=2.96u as=0.1176p ps=1.33u w=1.12u l=0.13u
X1715 a_3705_12525# a_2763_12332# a_3503_12287# VDD sg13_lv_pmos ad=93.45f pd=0.865u as=0.2048p ps=1.63u w=0.42u l=0.13u
X1716 a_13041_7996# _153_.Y VDD VDD sg13_lv_pmos ad=0.1225p pd=1.245u as=0.36p ps=2.72u w=1u l=0.13u
X1717 _139_.X _136_.A a_11034_4258# GND.t633 sg13_lv_nmos ad=0.1628p pd=1.18u as=88.8f ps=0.98u w=0.74u l=0.13u
X1718 VDD GND.t1290 VDD VDD sg13_lv_pmos ad=0.34p pd=2.68u as=0 ps=0 w=1u l=1u
X1719 GND.t1054 VDD GND.t1054 GND.t1084 sg13_lv_nmos ad=79.8f pd=0.8u as=0 ps=0 w=0.42u l=1u
X1720 VDD GND.t1249 VDD VDD sg13_lv_pmos ad=0.34p pd=2.68u as=0 ps=0 w=1u l=1u
X1721 _243_.CLK a_3956_6888# GND.t1042 GND.t1380 sg13_lv_nmos ad=0.1406p pd=1.12u as=0.1406p ps=1.12u w=0.74u l=0.13u
X1722 _236_.Y _236_.A GND.t38 GND.t37 sg13_lv_nmos ad=0.2516p pd=2.16u as=0.2516p ps=2.16u w=0.74u l=0.13u
X1723 a_3609_13095# a_2667_12983# a_3407_13333# VDD sg13_lv_pmos ad=93.45f pd=0.865u as=0.2048p ps=1.63u w=0.42u l=0.13u
X1724 VDD _251_.CLK a_16840_4688# VDD sg13_lv_pmos ad=0.2114p pd=1.54u as=0.2856p ps=2.36u w=0.84u l=0.13u
X1725 VDD GND.t747 VDD VDD sg13_lv_pmos ad=0.19p pd=1.38u as=0 ps=0 w=1u l=1u
X1726 VDD GND.t1303 VDD VDD sg13_lv_pmos ad=0.19p pd=1.38u as=0 ps=0 w=1u l=1u
X1727 a_9734_17946# a_10539_17519# a_9994_17476# VDD sg13_lv_pmos ad=0.1428p pd=1.52u as=79.8f ps=0.8u w=0.42u l=0.13u
X1728 _247_.CLK a_3380_13690# GND.t1432 GND.t1 sg13_lv_nmos ad=0.1406p pd=1.12u as=0.1406p ps=1.12u w=0.74u l=0.13u
X1729 a_9156_12528# a_9130_12433# VDD VDD sg13_lv_pmos ad=0.34p pd=2.68u as=0.36237p ps=2.605u w=1u l=0.13u
X1730 GND.t390 a_4559_5773# a_5226_5412# GND.t20 sg13_lv_nmos ad=0.1406p pd=1.12u as=0.2516p ps=2.16u w=0.74u l=0.13u
X1731 a_12804_16000# a_12778_15964# GND.t3 GND.t221 sg13_lv_nmos ad=0.2516p pd=2.16u as=0.1626p ps=1.415u w=0.74u l=0.13u
X1732 _237_.Y _236_.A GND.t27 GND.t26 sg13_lv_nmos ad=0.2516p pd=2.16u as=0.2516p ps=2.16u w=0.74u l=0.13u
X1733 a_16079_9263# a_15237_9165# a_15985_9263# GND.t7 sg13_lv_nmos ad=0.12665p pd=1.145u as=0.1428p ps=1.52u w=0.42u l=0.13u
X1734 _120_.A0 a_4170_12508# VDD VDD sg13_lv_pmos ad=0.3808p pd=2.92u as=0.2128p ps=1.5u w=1.12u l=0.13u
X1735 GND.t82 a_12401_4704# _148_.X GND.t81 sg13_lv_nmos ad=0.3108p pd=2.32u as=0.1628p ps=1.18u w=0.74u l=0.13u
X1736 VDD GND.t1028 VDD VDD sg13_lv_pmos ad=0.34p pd=2.68u as=0 ps=0 w=1u l=1u
X1737 a_2436_16759# a_2148_17064# a_2374_16759# GND.t360 sg13_lv_nmos ad=0.1428p pd=1.52u as=37.8f ps=0.6u w=0.42u l=0.13u
X1738 GND.t1033 VDD GND.t578 GND.t116 sg13_lv_nmos ad=79.8f pd=0.8u as=0 ps=0 w=0.42u l=1u
X1739 VDD a_3952_8678# a_3897_8559# VDD sg13_lv_pmos ad=2.75005p pd=18.05u as=93.45f ps=0.865u w=0.42u l=0.13u
X1740 _193_.Y a_6958_13764# GND.t232 GND.t1 sg13_lv_nmos ad=0.1406p pd=1.12u as=0.17255p ps=1.25u w=0.74u l=0.13u
X1741 a_14482_16434# _237_.Y GND.t5 GND.t4 sg13_lv_nmos ad=37.8f pd=0.6u as=79.8f ps=0.8u w=0.42u l=0.13u
X1742 a_13073_7728# _153_.Y GND.t79 GND.t606 sg13_lv_nmos ad=0.17462p pd=1.185u as=0.374p ps=2.46u w=0.55u l=0.13u
X1743 VDD a_16079_11821# a_16336_11702# VDD sg13_lv_pmos ad=5.15485p pd=34.14u as=79.8f ps=0.8u w=0.42u l=0.13u
X1744 a_2126_17774# _250_.Q a_2298_17878# GND.t1491 sg13_lv_nmos ad=0.1628p pd=1.18u as=0.3367p ps=1.65u w=0.74u l=0.13u
X1745 VDD a_7727_4727# a_8394_4948# VDD sg13_lv_pmos ad=0.2128p pd=1.5u as=0.3864p ps=2.93u w=1.12u l=0.13u
X1746 VDD GND.t1208 VDD VDD sg13_lv_pmos ad=0.19p pd=1.38u as=0 ps=0 w=1u l=1u
X1747 fanout6.A a_10218_17044# GND.t67 GND.t29 sg13_lv_nmos ad=0.2516p pd=2.16u as=0.1406p ps=1.12u w=0.74u l=0.13u
X1748 GND.t902 _124_.S a_2620_11830# GND.t174 sg13_lv_nmos ad=0.18945p pd=1.27u as=0.13135p ps=1.095u w=0.74u l=0.13u
X1749 VDD GND.t1050 VDD VDD sg13_lv_pmos ad=0.19p pd=1.38u as=0 ps=0 w=1u l=1u
X1750 GND.t741 VDD GND.t204 GND.t723 sg13_lv_nmos ad=0.1428p pd=1.52u as=0 ps=0 w=0.42u l=1u
X1751 VDD a_15237_9165# a_15339_9308# VDD sg13_lv_pmos ad=1.94845p pd=12.685u as=0.3864p ps=2.93u w=1.12u l=0.13u
X1752 GND.t655 VDD GND.t659 GND.t658 sg13_lv_nmos ad=79.8f pd=0.8u as=0 ps=0 w=0.42u l=1u
X1753 _242_.RESET_B _215_.A VDD VDD sg13_lv_pmos ad=0.3808p pd=2.92u as=0.3808p ps=2.92u w=1.12u l=0.13u
X1754 VDD _147_.A1 a_10764_5678# VDD sg13_lv_pmos ad=0.4536p pd=2.76u as=0.1596p ps=1.22u w=0.84u l=0.13u
X1755 GND.t1054 VDD GND.t1054 GND.t1055 sg13_lv_nmos ad=79.8f pd=0.8u as=0 ps=0 w=0.42u l=1u
X1756 VDD _260_.RESET_B a_14534_9186# VDD sg13_lv_pmos ad=0.36237p pd=2.605u as=79.8f ps=0.8u w=0.42u l=0.13u
X1757 a_8870_12210# a_9675_12332# a_9130_12433# VDD sg13_lv_pmos ad=0.1428p pd=1.52u as=79.8f ps=0.8u w=0.42u l=0.13u
X1758 a_3664_13214# a_3407_13333# a_3826_13410# GND.t1 sg13_lv_nmos ad=0.1428p pd=1.52u as=37.8f ps=0.6u w=0.42u l=0.13u
X1759 _151_.X _151_.B a_13914_4666# GND.t210 sg13_lv_nmos ad=0.1628p pd=1.18u as=88.8f ps=0.98u w=0.74u l=0.13u
X1760 VDD _220_.Y a_1958_12210# VDD sg13_lv_pmos ad=0.36237p pd=2.605u as=79.8f ps=0.8u w=0.42u l=0.13u
X1761 a_6694_4663# _224_.Y GND.t152 GND.t320 sg13_lv_nmos ad=37.8f pd=0.6u as=0.1701p ps=1.65u w=0.42u l=0.13u
X1762 VDD GND.t38 VDD VDD sg13_lv_pmos ad=0.19p pd=1.38u as=0 ps=0 w=1u l=1u
X1763 a_9734_17946# _214_.Y VDD VDD sg13_lv_pmos ad=79.8f pd=0.8u as=0.1428p ps=1.52u w=0.42u l=0.13u
X1764 VDD _122_.A0 _165_.Y VDD sg13_lv_pmos ad=0.3808p pd=2.92u as=0.2128p ps=1.5u w=1.12u l=0.13u
X1765 a_14651_10996# _131_.A2 VDD VDD sg13_lv_pmos ad=0.3808p pd=2.92u as=0.2128p ps=1.5u w=1.12u l=0.13u
X1766 VDD fanout6.A a_4512_17547# VDD sg13_lv_pmos ad=0.2891p pd=1.695u as=0.1596p ps=1.22u w=0.84u l=0.13u
X1767 GND.t925 VDD GND.t927 GND.t926 sg13_lv_nmos ad=79.8f pd=0.8u as=0 ps=0 w=0.42u l=1u
X1768 GND.t1231 VDD GND.t1193 GND.t1230 sg13_lv_nmos ad=0.1428p pd=1.52u as=0 ps=0 w=0.42u l=1u
X1769 _168_.A a_11946_9484# GND.t45 GND.t231 sg13_lv_nmos ad=0.2516p pd=2.16u as=0.1406p ps=1.12u w=0.74u l=0.13u
X1770 GND.t38 VDD GND.t38 GND.t974 sg13_lv_nmos ad=0.1428p pd=1.52u as=0 ps=0 w=0.42u l=1u
X1771 VDD _190_.A _196_.Y VDD sg13_lv_pmos ad=0.3808p pd=2.92u as=0.2128p ps=1.5u w=1.12u l=0.13u
X1772 VDD GND.t77 VDD VDD sg13_lv_pmos ad=0.34p pd=2.68u as=0 ps=0 w=1u l=1u
X1773 VDD GND.t721 VDD VDD sg13_lv_pmos ad=0.19p pd=1.38u as=0 ps=0 w=1u l=1u
X1774 VDD _193_.Y a_7616_15437# VDD sg13_lv_pmos ad=0.2856p pd=2.36u as=0.1596p ps=1.22u w=0.84u l=0.13u
X1775 GND.t192 _250_.RESET_B a_1956_16434# GND.t332 sg13_lv_nmos ad=0.1626p pd=1.415u as=60.89999f ps=0.71u w=0.42u l=0.13u
X1776 GND.t862 clkbuf_1_0__f_sclk.A a_3380_13690# GND.t1 sg13_lv_nmos ad=0.2516p pd=2.16u as=0.1406p ps=1.12u w=0.74u l=0.13u
X1777 VDD GND.t1315 VDD VDD sg13_lv_pmos ad=0.34p pd=2.68u as=0 ps=0 w=1u l=1u
X1778 a_3695_8797# a_2853_8447# a_3601_8797# GND.t116 sg13_lv_nmos ad=0.12665p pd=1.145u as=0.1428p ps=1.52u w=0.42u l=0.13u
X1779 GND.t104 VDD GND.t104 GND.t643 sg13_lv_nmos ad=0.1428p pd=1.52u as=0 ps=0 w=0.42u l=1u
X1780 GND.t683 VDD GND.t683 GND.t115 sg13_lv_nmos ad=79.8f pd=0.8u as=0 ps=0 w=0.42u l=1u
X1781 _224_.Y _215_.A VDD VDD sg13_lv_pmos ad=0.3808p pd=2.92u as=0.3808p ps=2.92u w=1.12u l=0.13u
X1782 GND.t989 VDD GND.t984 GND.t988 sg13_lv_nmos ad=0.1428p pd=1.52u as=0 ps=0 w=0.42u l=1u
X1783 GND.t964 VDD GND.t964 GND.t966 sg13_lv_nmos ad=0.1428p pd=1.52u as=0 ps=0 w=0.42u l=1u
X1784 _178_.B1 _176_.B a_6579_11460# VDD sg13_lv_pmos ad=0.2408p pd=1.55u as=0.1428p ps=1.375u w=1.12u l=0.13u
X1785 GND.t1042 VDD GND.t1042 GND.t1046 sg13_lv_nmos ad=79.8f pd=0.8u as=0 ps=0 w=0.42u l=1u
X1786 _222_.Y _222_.A VDD VDD sg13_lv_pmos ad=0.3808p pd=2.92u as=0.3808p ps=2.92u w=1.12u l=0.13u
X1787 VDD GND.t1234 VDD VDD sg13_lv_pmos ad=0.34p pd=2.68u as=0 ps=0 w=1u l=1u
X1788 a_14794_8404# a_15237_8447# a_15177_8483# VDD sg13_lv_pmos ad=79.8f pd=0.8u as=63f ps=0.72u w=0.42u l=0.13u
X1789 a_2602_3868# a_3045_3911# a_2342_4338# GND.t274 sg13_lv_nmos ad=79.8f pd=0.8u as=0.1296p ps=1.52u w=0.42u l=0.13u
X1790 a_13820_4948# _151_.B VDD VDD sg13_lv_pmos ad=0.2128p pd=1.5u as=0.2128p ps=1.5u w=1.12u l=0.13u
X1791 a_14820_11464# a_15339_11471# a_16079_11821# GND.t128 sg13_lv_nmos ad=0.3473p pd=2.71u as=0.12665p ps=1.145u w=0.74u l=0.13u
X1792 a_13413_11460# _126_.B1 VDD VDD sg13_lv_pmos ad=0.2464p pd=1.56u as=0.3808p ps=2.92u w=1.12u l=0.13u
X1793 fanout8.A a_1192_17508# GND.t77 GND.t76 sg13_lv_nmos ad=0.2886p pd=2.26u as=0.14875p ps=1.16u w=0.74u l=0.13u
X1794 a_3760_12430# a_3503_12287# a_3922_12210# GND.t289 sg13_lv_nmos ad=0.1428p pd=1.52u as=37.8f ps=0.6u w=0.42u l=0.13u
X1795 VDD GND.t661 VDD VDD sg13_lv_pmos ad=0.34p pd=2.68u as=0 ps=0 w=1u l=1u
X1796 GND.t101 _193_.Y a_7985_13776# GND.t1 sg13_lv_nmos ad=0.15245p pd=1.17u as=0.17462p ps=1.185u w=0.55u l=0.13u
X1797 GND.t399 _260_.CLK _131_.B1 GND.t398 sg13_lv_nmos ad=0.2516p pd=2.16u as=0.1406p ps=1.12u w=0.74u l=0.13u
X1798 GND.t143 VDD GND.t143 GND.t1224 sg13_lv_nmos ad=0.1428p pd=1.52u as=0 ps=0 w=0.42u l=1u
X1799 VDD GND.t1054 VDD VDD sg13_lv_pmos ad=0.19p pd=1.38u as=0 ps=0 w=1u l=1u
X1800 GND.t84 _230_.Y a_8964_13722# GND.t83 sg13_lv_nmos ad=0.1626p pd=1.415u as=60.89999f ps=0.71u w=0.42u l=0.13u
X1801 a_2628_3904# a_2602_3868# VDD VDD sg13_lv_pmos ad=0.34p pd=2.68u as=0.36237p ps=2.605u w=1u l=0.13u
X1802 a_9120_9501# _171_.Y a_9083_9232# GND.t116 sg13_lv_nmos ad=0.2176p pd=1.96u as=78.39999f ps=0.885u w=0.64u l=0.13u
X1803 GND.t1360 clkbuf_1_0__f_sclk.A a_3380_13690# GND.t1 sg13_lv_nmos ad=0.1406p pd=1.12u as=0.1406p ps=1.12u w=0.74u l=0.13u
X1804 a_9444_12223# a_9156_12528# a_9382_12223# GND.t1395 sg13_lv_nmos ad=0.1428p pd=1.52u as=37.8f ps=0.6u w=0.42u l=0.13u
X1805 GND.t20 VDD GND.t20 GND.t106 sg13_lv_nmos ad=79.8f pd=0.8u as=0 ps=0 w=0.42u l=1u
X1806 VDD GND.t1042 VDD VDD sg13_lv_pmos ad=0.19p pd=1.38u as=0 ps=0 w=1u l=1u
X1807 _184_.Y _173_.Y VDD VDD sg13_lv_pmos ad=0.3808p pd=2.92u as=0.2128p ps=1.5u w=1.12u l=0.13u
X1808 VDD GND.t754 VDD VDD sg13_lv_pmos ad=0.34p pd=2.68u as=0 ps=0 w=1u l=1u
X1809 GND.t230 VDD GND.t230 GND.t882 sg13_lv_nmos ad=79.8f pd=0.8u as=0 ps=0 w=0.42u l=1u
X1810 GND.t115 VDD GND.t115 GND.t670 sg13_lv_nmos ad=0.1428p pd=1.52u as=0 ps=0 w=0.42u l=1u
X1811 GND.t196 _148_.B a_5050_15238# GND.t1348 sg13_lv_nmos ad=0.2516p pd=2.16u as=0.1406p ps=1.12u w=0.74u l=0.13u
X1812 GND.t296 VDD GND.t296 GND.t896 sg13_lv_nmos ad=0.1428p pd=1.52u as=0 ps=0 w=0.42u l=1u
X1813 GND.t209 _151_.B a_13649_4704# GND.t208 sg13_lv_nmos ad=0.15245p pd=1.17u as=0.17462p ps=1.185u w=0.55u l=0.13u
X1814 VDD _145_.A2 a_7872_5451# VDD sg13_lv_pmos ad=0.2891p pd=1.695u as=0.1596p ps=1.22u w=0.84u l=0.13u
X1815 a_3952_8678# a_3695_8797# a_4114_8874# GND.t116 sg13_lv_nmos ad=0.1428p pd=1.52u as=37.8f ps=0.6u w=0.42u l=0.13u
X1816 VDD GND.t34 VDD VDD sg13_lv_pmos ad=0.34p pd=2.68u as=0 ps=0 w=1u l=1u
X1817 VDD _149_.A a_13914_5412# VDD sg13_lv_pmos ad=0.2891p pd=1.695u as=0.1428p ps=1.375u w=1.12u l=0.13u
X1818 a_2620_7678# _148_.A a_2126_7864# GND.t1583 sg13_lv_nmos ad=0.13135p pd=1.095u as=0.1628p ps=1.18u w=0.74u l=0.13u
X1819 a_6836_3900# a_6810_3863# _210_.B VDD sg13_lv_pmos ad=0.2128p pd=1.5u as=0.3808p ps=2.92u w=1.12u l=0.13u
X1820 _236_.Y _236_.A VDD VDD sg13_lv_pmos ad=0.3808p pd=2.92u as=0.3808p ps=2.92u w=1.12u l=0.13u
X1821 GND.t471 VDD GND.t471 GND.t955 sg13_lv_nmos ad=79.8f pd=0.8u as=0 ps=0 w=0.42u l=1u
X1822 a_15767_17137# _211_.Y a_16514_16746# GND.t723 sg13_lv_nmos ad=0.1428p pd=1.52u as=60.89999f ps=0.71u w=0.42u l=0.13u
X1823 VDD a_3956_6888# _243_.CLK VDD sg13_lv_pmos ad=0.2128p pd=1.5u as=0.2128p ps=1.5u w=1.12u l=0.13u
X1824 VDD _243_.RESET_B a_2602_3868# VDD sg13_lv_pmos ad=0.1563p pd=1.22u as=0.147p ps=1.54u w=0.42u l=0.13u
X1825 _164_.Y _164_.B1 a_10895_8436# VDD sg13_lv_pmos ad=0.2128p pd=1.5u as=0.2128p ps=1.5u w=1.12u l=0.13u
X1826 GND.t577 _171_.Y a_8705_9212# GND.t116 sg13_lv_nmos ad=0.2516p pd=2.16u as=0.1406p ps=1.12u w=0.74u l=0.13u
X1827 GND.t121 a_15237_11471# a_15339_11471# GND.t324 sg13_lv_nmos ad=3.6571p pd=23.85u as=0.2516p ps=2.16u w=0.74u l=0.13u
X1828 a_10752_7989# _154_.X a_10715_7720# GND.t1544 sg13_lv_nmos ad=0.2176p pd=1.96u as=78.39999f ps=0.885u w=0.64u l=0.13u
X1829 VDD GND.t243 VDD VDD sg13_lv_pmos ad=0.34p pd=2.68u as=0 ps=0 w=1u l=1u
X1830 VDD _208_.X a_6720_17061# VDD sg13_lv_pmos ad=0.2891p pd=1.695u as=0.1596p ps=1.22u w=0.84u l=0.13u
X1831 a_6584_12218# _192_.B a_6482_12218# GND.t233 sg13_lv_nmos ad=0.1406p pd=1.12u as=0.1406p ps=1.12u w=0.74u l=0.13u
X1832 VDD GND.t84 VDD VDD sg13_lv_pmos ad=0.19p pd=1.38u as=0 ps=0 w=1u l=1u
X1833 _243_.CLK a_3956_6888# VDD VDD sg13_lv_pmos ad=0.2128p pd=1.5u as=0.2128p ps=1.5u w=1.12u l=0.13u
X1834 GND.t1033 VDD GND.t577 GND.t116 sg13_lv_nmos ad=0.1428p pd=1.52u as=0 ps=0 w=0.42u l=1u
X1835 VDD a_2853_8447# a_2955_8447# VDD sg13_lv_pmos ad=2.75005p pd=18.05u as=0.3864p ps=2.93u w=1.12u l=0.13u
X1836 a_10895_8436# _145_.X VDD VDD sg13_lv_pmos ad=0.2128p pd=1.5u as=0.2128p ps=1.5u w=1.12u l=0.13u
X1837 a_2126_13912# _120_.A0 a_2298_14020# VDD sg13_lv_pmos ad=0.2225p pd=1.445u as=0.2975p ps=1.595u w=1u l=0.13u
X1838 _126_.B1 a_14058_12508# GND.t40 GND.t1514 sg13_lv_nmos ad=0.2516p pd=2.16u as=0.1406p ps=1.12u w=0.74u l=0.13u
X1839 _162_.B a_10752_7989# a_10901_7678# GND.t371 sg13_lv_nmos ad=0.2516p pd=2.16u as=0.1406p ps=1.12u w=0.74u l=0.13u
X1840 VDD GND.t173 VDD VDD sg13_lv_pmos ad=0.19p pd=1.38u as=0 ps=0 w=1u l=1u
X1841 GND.t1059 VDD GND.t1059 GND.t1092 sg13_lv_nmos ad=0.1428p pd=1.52u as=0 ps=0 w=0.42u l=1u
X1842 GND.t854 VDD GND.t854 GND.t856 sg13_lv_nmos ad=79.8f pd=0.8u as=0 ps=0 w=0.42u l=1u
X1843 a_1862_13410# a_2667_12983# a_2122_12940# VDD sg13_lv_pmos ad=0.1428p pd=1.52u as=79.8f ps=0.8u w=0.42u l=0.13u
X1844 a_4089_4023# a_3147_3911# a_3887_4261# VDD sg13_lv_pmos ad=93.45f pd=0.865u as=0.2048p ps=1.63u w=0.42u l=0.13u
X1845 a_11172_16746# _212_.Y a_11078_16746# GND.t29 sg13_lv_nmos ad=60.89999f pd=0.71u as=0.1428p ps=1.52u w=0.42u l=0.13u
X1846 a_10415_13799# a_9573_13701# a_9156_14040# VDD sg13_lv_pmos ad=0.2048p pd=1.63u as=0.34p ps=2.68u w=1u l=0.13u
X1847 VDD GND.t1036 VDD VDD sg13_lv_pmos ad=0.34p pd=2.68u as=0 ps=0 w=1u l=1u
X1848 GND.t842 VDD GND.t100 GND.t1 sg13_lv_nmos ad=0.1428p pd=1.52u as=0 ps=0 w=0.42u l=1u
X1849 VDD a_2126_11726# _120_.X VDD sg13_lv_pmos ad=0.2198p pd=1.52u as=0.6048p ps=3.32u w=1.12u l=0.13u
X1850 a_10617_12525# a_9675_12332# a_10415_12287# VDD sg13_lv_pmos ad=93.45f pd=0.865u as=0.2048p ps=1.63u w=0.42u l=0.13u
X1851 GND.t910 _148_.B a_4858_12214# GND.t1349 sg13_lv_nmos ad=0.2516p pd=2.16u as=0.1406p ps=1.12u w=0.74u l=0.13u
X1852 GND.t1141 VDD GND.t1142 GND.t20 sg13_lv_nmos ad=79.8f pd=0.8u as=0 ps=0 w=0.42u l=1u
X1853 VDD _259_.RESET_B a_8006_16746# VDD sg13_lv_pmos ad=0.36237p pd=2.605u as=79.8f ps=0.8u w=0.42u l=0.13u
X1854 VDD GND.t1320 VDD VDD sg13_lv_pmos ad=0.34p pd=2.68u as=0 ps=0 w=1u l=1u
X1855 VDD GND.t1149 VDD VDD sg13_lv_pmos ad=0.34p pd=2.68u as=0 ps=0 w=1u l=1u
X1856 VDD GND.t285 VDD VDD sg13_lv_pmos ad=0.34p pd=2.68u as=0 ps=0 w=1u l=1u
X1857 a_2724_8861# a_2436_8440# a_2662_8861# GND.t1487 sg13_lv_nmos ad=0.1428p pd=1.52u as=37.8f ps=0.6u w=0.42u l=0.13u
X1858 a_2218_12433# a_2661_12189# a_1958_12210# GND.t184 sg13_lv_nmos ad=79.8f pd=0.8u as=0.1296p ps=1.52u w=0.42u l=0.13u
X1859 a_9322_4873# a_9765_4629# a_9705_5041# VDD sg13_lv_pmos ad=79.8f pd=0.8u as=63f ps=0.72u w=0.42u l=0.13u
X1860 GND.t1341 VDD GND.t1340 GND.t1339 sg13_lv_nmos ad=0.1428p pd=1.52u as=0 ps=0 w=0.42u l=1u
X1861 GND.t1048 VDD GND.t1050 GND.t1049 sg13_lv_nmos ad=79.8f pd=0.8u as=0 ps=0 w=0.42u l=1u
X1862 a_14265_16119# a_13323_16007# a_14063_16357# VDD sg13_lv_pmos ad=93.45f pd=0.865u as=0.2048p ps=1.63u w=0.42u l=0.13u
X1863 VDD GND.t147 VDD VDD sg13_lv_pmos ad=0.19p pd=1.38u as=0 ps=0 w=1u l=1u
X1864 a_2398_5782# _125_.A1 a_2301_5782# GND.t106 sg13_lv_nmos ad=0.1628p pd=1.18u as=0.13135p ps=1.095u w=0.74u l=0.13u
X1865 _230_.Y _236_.A GND.t28 GND.t1 sg13_lv_nmos ad=0.2516p pd=2.16u as=0.2516p ps=2.16u w=0.74u l=0.13u
X1866 _210_.Y a_6060_4166# VDD VDD sg13_lv_pmos ad=0.2408p pd=1.55u as=0.3808p ps=2.92u w=1.12u l=0.13u
X1867 a_3956_6888# clkbuf_1_0__f_sclk.A GND.t1050 GND.t1366 sg13_lv_nmos ad=0.1406p pd=1.12u as=0.1406p ps=1.12u w=0.74u l=0.13u
X1868 a_10308_9199# a_10539_9308# a_9994_9409# GND.t116 sg13_lv_nmos ad=0.2373p pd=1.97u as=79.8f ps=0.8u w=0.42u l=0.13u
X1869 a_5297_12264# _120_.A0 GND.t389 GND.t388 sg13_lv_nmos ad=0.17462p pd=1.185u as=0.374p ps=2.46u w=0.55u l=0.13u
X1870 VDD GND.t137 VDD VDD sg13_lv_pmos ad=0.34p pd=2.68u as=0 ps=0 w=1u l=1u
X1871 GND.t1190 VDD GND.t143 GND.t1226 sg13_lv_nmos ad=0.1428p pd=1.52u as=0 ps=0 w=0.42u l=1u
X1872 a_2608_6166# _148_.A a_2494_6166# GND.t106 sg13_lv_nmos ad=0.3367p pd=1.65u as=0.1628p ps=1.18u w=0.74u l=0.13u
X1873 GND.t104 VDD GND.t104 GND.t642 sg13_lv_nmos ad=79.8f pd=0.8u as=0 ps=0 w=0.42u l=1u
X1874 a_8557_4248# _145_.B1 a_8386_3900# VDD sg13_lv_pmos ad=0.35p pd=2.7u as=0.2125p ps=1.425u w=1u l=0.13u
X1875 _143_.A a_6747_5468# a_6949_5782# GND.t20 sg13_lv_nmos ad=0.333p pd=2.38u as=0.1406p ps=1.12u w=0.74u l=0.13u
X1876 GND.t1156 VDD GND.t198 GND.t20 sg13_lv_nmos ad=79.8f pd=0.8u as=0 ps=0 w=0.42u l=1u
X1877 GND.t964 VDD GND.t964 GND.t965 sg13_lv_nmos ad=79.8f pd=0.8u as=0 ps=0 w=0.42u l=1u
X1878 VDD GND.t863 VDD VDD sg13_lv_pmos ad=0.34p pd=2.68u as=0 ps=0 w=1u l=1u
X1879 GND.t578 _164_.Y a_9269_9190# GND.t116 sg13_lv_nmos ad=0.1898p pd=1.36u as=0.2516p ps=2.16u w=0.74u l=0.13u
X1880 a_8870_13722# _194_.X VDD VDD sg13_lv_pmos ad=79.8f pd=0.8u as=0.1428p ps=1.52u w=0.42u l=0.13u
X1881 a_7929_4965# a_6987_4772# a_7727_4727# VDD sg13_lv_pmos ad=93.45f pd=0.865u as=0.2048p ps=1.63u w=0.42u l=0.13u
X1882 GND.t984 VDD GND.t53 GND.t983 sg13_lv_nmos ad=0.1428p pd=1.52u as=0 ps=0 w=0.42u l=1u
X1883 a_8156_14020# _193_.Y VDD VDD sg13_lv_pmos ad=0.2128p pd=1.5u as=0.2128p ps=1.5u w=1.12u l=0.13u
X1884 GND.t1050 a_3956_6888# _243_.CLK GND.t1393 sg13_lv_nmos ad=0.1406p pd=1.12u as=0.1406p ps=1.12u w=0.74u l=0.13u
X1885 VDD _214_.A _214_.Y VDD sg13_lv_pmos ad=0.3808p pd=2.92u as=0.3808p ps=2.92u w=1.12u l=0.13u
X1886 VDD GND.t1042 VDD VDD sg13_lv_pmos ad=0.19p pd=1.38u as=0 ps=0 w=1u l=1u
X1887 GND.t227 a_4625_16800# _208_.X GND.t16 sg13_lv_nmos ad=0.3108p pd=2.32u as=0.1628p ps=1.18u w=0.74u l=0.13u
X1888 a_2298_15532# a_2232_15428# VDD VDD sg13_lv_pmos ad=0.2975p pd=1.595u as=0.2198p ps=1.52u w=1u l=0.13u
X1889 VDD a_2075_5468# a_2575_5436# VDD sg13_lv_pmos ad=0.2198p pd=1.52u as=0.2975p ps=1.595u w=1u l=0.13u
X1890 _157_.Y _157_.B a_13130_4948# VDD sg13_lv_pmos ad=0.3808p pd=2.92u as=0.1176p ps=1.33u w=1.12u l=0.13u
X1891 GND.t20 a_15141_5423# a_15243_5423# GND.t1486 sg13_lv_nmos ad=7.07497p pd=46.475u as=0.2516p ps=2.16u w=0.74u l=0.13u
X1892 GND.t410 _138_.Y a_8694_5770# GND.t20 sg13_lv_nmos ad=0.15245p pd=1.17u as=88.8f ps=0.98u w=0.74u l=0.13u
X1893 VDD GND.t104 VDD VDD sg13_lv_pmos ad=0.19p pd=1.38u as=0 ps=0 w=1u l=1u
X1894 a_12778_15964# a_13221_16007# a_13161_16043# VDD sg13_lv_pmos ad=79.8f pd=0.8u as=63f ps=0.72u w=0.42u l=0.13u
X1895 GND.t1086 VDD GND.t1054 GND.t1085 sg13_lv_nmos ad=0.1428p pd=1.52u as=0 ps=0 w=0.42u l=1u
X1896 _243_.CLK a_3956_6888# VDD VDD sg13_lv_pmos ad=0.2128p pd=1.5u as=0.2128p ps=1.5u w=1.12u l=0.13u
X1897 GND.t124 _178_.B1 _178_.Y GND.t116 sg13_lv_nmos ad=0.2516p pd=2.16u as=0.1406p ps=1.12u w=0.74u l=0.13u
X1898 VDD GND.t1014 VDD VDD sg13_lv_pmos ad=0.34p pd=2.68u as=0 ps=0 w=1u l=1u
X1899 GND.t312 a_10672_12430# a_10321_12287# GND.t634 sg13_lv_nmos ad=79.8f pd=0.8u as=0.1428p ps=1.52u w=0.42u l=0.13u
X1900 a_9573_12189# _251_.CLK GND.t121 GND.t120 sg13_lv_nmos ad=0.2516p pd=2.16u as=3.6571p ps=23.85u w=0.74u l=0.13u
X1901 _122_.A0 a_4362_8436# VDD VDD sg13_lv_pmos ad=0.3808p pd=2.92u as=0.2128p ps=1.5u w=1.12u l=0.13u
X1902 a_7168_15260# _205_.B1 _205_.Y GND.t105 sg13_lv_nmos ad=0.1406p pd=1.12u as=0.2516p ps=2.16u w=0.74u l=0.13u
X1903 VDD GND.t34 VDD VDD sg13_lv_pmos ad=0.19p pd=1.38u as=0 ps=0 w=1u l=1u
X1904 GND.t161 _239_.Y a_14148_15234# GND.t417 sg13_lv_nmos ad=0.1626p pd=1.415u as=60.89999f ps=0.71u w=0.42u l=0.13u
X1905 GND.t408 VDD GND.t1042 GND.t1041 sg13_lv_nmos ad=79.8f pd=0.8u as=0 ps=0 w=0.42u l=1u
X1906 a_10672_12430# a_10415_12287# a_10834_12210# GND.t546 sg13_lv_nmos ad=0.1428p pd=1.52u as=37.8f ps=0.6u w=0.42u l=0.13u
X1907 _244_.D a_2494_6166# VDD VDD sg13_lv_pmos ad=0.6048p pd=3.32u as=0.2198p ps=1.52u w=1.12u l=0.13u
X1908 VDD GND.t1095 VDD VDD sg13_lv_pmos ad=0.19p pd=1.38u as=0 ps=0 w=1u l=1u
X1909 VDD GND.t1050 VDD VDD sg13_lv_pmos ad=0.34p pd=2.68u as=0 ps=0 w=1u l=1u
X1910 a_7064_9194# _174_.Y a_6962_9194# GND.t116 sg13_lv_nmos ad=0.1406p pd=1.12u as=0.1406p ps=1.12u w=0.74u l=0.13u
X1911 _199_.B1 _207_.A2 a_5619_17044# VDD sg13_lv_pmos ad=0.2408p pd=1.55u as=0.1428p ps=1.375u w=1.12u l=0.13u
X1912 a_15237_9165# _260_.CLK GND.t116 GND.t401 sg13_lv_nmos ad=0.2516p pd=2.16u as=4.0443p ps=25.39u w=0.74u l=0.13u
X1913 VDD GND.t1133 VDD VDD sg13_lv_pmos ad=0.19p pd=1.38u as=0 ps=0 w=1u l=1u
X1914 _261_.RESET_B _236_.A GND.t36 GND.t35 sg13_lv_nmos ad=0.2516p pd=2.16u as=0.2516p ps=2.16u w=0.74u l=0.13u
X1915 a_6095_4270# _210_.A GND.t152 GND.t498 sg13_lv_nmos ad=0.2516p pd=2.16u as=0.1898p ps=1.36u w=0.74u l=0.13u
X1916 GND.t1220 VDD GND.t1219 GND.t1218 sg13_lv_nmos ad=0.1428p pd=1.52u as=0 ps=0 w=0.42u l=1u
X1917 VDD GND.t123 VDD VDD sg13_lv_pmos ad=0.19p pd=1.38u as=0 ps=0 w=1u l=1u
X1918 a_3588_4663# a_3300_4968# a_3526_4663# GND.t222 sg13_lv_nmos ad=0.1428p pd=1.52u as=37.8f ps=0.6u w=0.42u l=0.13u
X1919 a_13403_8436# _151_.B VDD VDD sg13_lv_pmos ad=0.3808p pd=2.92u as=0.2128p ps=1.5u w=1.12u l=0.13u
X1920 GND.t599 _251_.CLK a_16840_4688# GND.t598 sg13_lv_nmos ad=0.14875p pd=1.16u as=0.187p ps=1.78u w=0.55u l=0.13u
X1921 VDD GND.t1325 VDD VDD sg13_lv_pmos ad=0.34p pd=2.68u as=0 ps=0 w=1u l=1u
X1922 a_6683_16792# _205_.Y GND.t17 GND.t16 sg13_lv_nmos ad=78.39999f pd=0.885u as=0.2272p ps=1.99u w=0.64u l=0.13u
X1923 GND.t733 VDD GND.t67 GND.t732 sg13_lv_nmos ad=0.1428p pd=1.52u as=0 ps=0 w=0.42u l=1u
X1924 freq_out a_16840_4688# GND.t599 GND.t1377 sg13_lv_nmos ad=0.2886p pd=2.26u as=0.14875p ps=1.16u w=0.74u l=0.13u
X1925 GND.t109 _261_.RESET_B a_11940_12210# GND.t108 sg13_lv_nmos ad=0.1626p pd=1.415u as=60.89999f ps=0.71u w=0.42u l=0.13u
X1926 GND.t1050 VDD GND.t1050 GND.t1052 sg13_lv_nmos ad=79.8f pd=0.8u as=0 ps=0 w=0.42u l=1u
X1927 a_3045_3911# _243_.CLK GND.t65 GND.t615 sg13_lv_nmos ad=0.2516p pd=2.16u as=4.10715p ps=27.105u w=0.74u l=0.13u
X1928 VDD GND.t769 VDD VDD sg13_lv_pmos ad=0.34p pd=2.68u as=0 ps=0 w=1u l=1u
X1929 a_4593_17068# _250_.Q VDD VDD sg13_lv_pmos ad=0.1225p pd=1.245u as=0.36p ps=2.72u w=1u l=0.13u
X1930 a_3826_13410# _221_.Y GND.t292 GND.t1 sg13_lv_nmos ad=37.8f pd=0.6u as=79.8f ps=0.8u w=0.42u l=0.13u
X1931 a_12132_12528# a_12106_12433# VDD VDD sg13_lv_pmos ad=0.34p pd=2.68u as=0.36237p ps=2.605u w=1u l=0.13u
X1932 GND.t34 VDD GND.t34 GND.t919 sg13_lv_nmos ad=0.1428p pd=1.52u as=0 ps=0 w=0.42u l=1u
X1933 VDD GND.t683 VDD VDD sg13_lv_pmos ad=0.19p pd=1.38u as=0 ps=0 w=1u l=1u
X1934 GND.t335 _259_.RESET_B a_8100_16746# GND.t449 sg13_lv_nmos ad=0.1626p pd=1.415u as=60.89999f ps=0.71u w=0.42u l=0.13u
X1935 a_7074_15532# _186_.Y a_6862_15532# VDD sg13_lv_pmos ad=0.2128p pd=1.5u as=0.2128p ps=1.5u w=1.12u l=0.13u
X1936 a_14357_12972# _131_.A2 VDD VDD sg13_lv_pmos ad=0.2128p pd=1.5u as=0.2128p ps=1.5u w=1.12u l=0.13u
X1937 a_4512_17547# fanout6.A a_4475_17856# GND.t1501 sg13_lv_nmos ad=0.2176p pd=1.96u as=78.39999f ps=0.885u w=0.64u l=0.13u
X1938 GND.t230 VDD GND.t230 GND.t884 sg13_lv_nmos ad=79.8f pd=0.8u as=0 ps=0 w=0.42u l=1u
X1939 VDD _149_.A a_13019_6460# VDD sg13_lv_pmos ad=0.2128p pd=1.5u as=0.2128p ps=1.5u w=1.12u l=0.13u
X1940 VDD GND.t104 VDD VDD sg13_lv_pmos ad=0.19p pd=1.38u as=0 ps=0 w=1u l=1u
X1941 VDD GND.t747 VDD VDD sg13_lv_pmos ad=0.19p pd=1.38u as=0 ps=0 w=1u l=1u
X1942 a_7984_4870# _224_.Y VDD VDD sg13_lv_pmos ad=79.8f pd=0.8u as=1.48542p ps=9.54u w=0.42u l=0.13u
X1943 a_13121_6188# _149_.A _153_.Y GND.t20 sg13_lv_nmos ad=0.1406p pd=1.12u as=0.1406p ps=1.12u w=0.74u l=0.13u
X1944 _199_.B1 a_5376_17061# a_5525_16750# GND.t16 sg13_lv_nmos ad=0.2516p pd=2.16u as=0.1406p ps=1.12u w=0.74u l=0.13u
X1945 GND.t288 _149_.A a_14196_5760# GND.t20 sg13_lv_nmos ad=0.2272p pd=1.99u as=78.39999f ps=0.885u w=0.64u l=0.13u
X1946 GND.t173 _131_.A2 a_14753_10724# GND.t252 sg13_lv_nmos ad=0.2516p pd=2.16u as=0.1406p ps=1.12u w=0.74u l=0.13u
X1947 a_16185_5535# a_15243_5423# a_15983_5773# VDD sg13_lv_pmos ad=93.45f pd=0.865u as=0.2048p ps=1.63u w=0.42u l=0.13u
X1948 GND.t152 a_7984_4870# a_7633_4727# GND.t574 sg13_lv_nmos ad=79.8f pd=0.8u as=0.1428p ps=1.52u w=0.42u l=0.13u
X1949 GND.t285 VDD GND.t285 GND.t1070 sg13_lv_nmos ad=0.1428p pd=1.52u as=0 ps=0 w=0.42u l=1u
X1950 VDD a_15980_7638# _251_.CLK VDD sg13_lv_pmos ad=0.2114p pd=1.54u as=0.42p ps=2.99u w=1.12u l=0.13u
X1951 VDD a_2126_17774# _250_.D VDD sg13_lv_pmos ad=0.2198p pd=1.52u as=0.6048p ps=3.32u w=1.12u l=0.13u
X1952 GND.t763 VDD GND.t760 GND.t762 sg13_lv_nmos ad=0.1428p pd=1.52u as=0 ps=0 w=0.42u l=1u
X1953 a_3717_4629# _243_.CLK GND.t65 GND.t614 sg13_lv_nmos ad=0.2516p pd=2.16u as=4.10715p ps=27.105u w=0.74u l=0.13u
X1954 VDD GND.t651 VDD VDD sg13_lv_pmos ad=0.19p pd=1.38u as=0 ps=0 w=1u l=1u
X1955 VDD _225_.A.t2 _252_.RESET_B VDD sg13_lv_pmos ad=0.3808p pd=2.92u as=0.3808p ps=2.92u w=1.12u l=0.13u
X1956 GND.t117 VDD GND.t158 GND.t116 sg13_lv_nmos ad=0.1428p pd=1.52u as=0 ps=0 w=0.42u l=1u
X1957 a_14820_8440# a_14794_8404# VDD VDD sg13_lv_pmos ad=0.34p pd=2.68u as=0.36237p ps=2.605u w=1u l=0.13u
X1958 a_15108_9199# a_15339_9308# a_14794_9409# GND.t138 sg13_lv_nmos ad=0.2373p pd=1.97u as=79.8f ps=0.8u w=0.42u l=0.13u
X1959 a_16240_12430# _235_.Y VDD VDD sg13_lv_pmos ad=79.8f pd=0.8u as=1.42082p ps=9.125u w=0.42u l=0.13u
X1960 VDD a_8557_4248# _145_.X VDD sg13_lv_pmos ad=0.3808p pd=2.92u as=0.2128p ps=1.5u w=1.12u l=0.13u
X1961 _225_.A.t0 a_9352_17508# VDD VDD sg13_lv_pmos ad=0.42p pd=2.99u as=0.2114p ps=1.54u w=1.12u l=0.13u
X1962 GND.t1059 VDD GND.t445 GND.t1088 sg13_lv_nmos ad=0.1428p pd=1.52u as=0 ps=0 w=0.42u l=1u
X1963 VDD GND.t737 VDD VDD sg13_lv_pmos ad=0.34p pd=2.68u as=0 ps=0 w=1u l=1u
X1964 _244_.RESET_B _215_.A GND.t20 GND.t361 sg13_lv_nmos ad=0.2516p pd=2.16u as=0.2516p ps=2.16u w=0.74u l=0.13u
X1965 VDD GND.t1125 VDD VDD sg13_lv_pmos ad=0.19p pd=1.38u as=0 ps=0 w=1u l=1u
X1966 a_14359_16710# a_14919_16964# a_14940_16710# GND.t95 sg13_lv_nmos ad=0.12665p pd=1.145u as=0.3473p ps=2.71u w=0.74u l=0.13u
X1967 VDD _236_.A _240_.Y VDD sg13_lv_pmos ad=0.3808p pd=2.92u as=0.3808p ps=2.92u w=1.12u l=0.13u
X1968 GND.t984 a_3886_10702# clkbuf_1_0__f_sclk.A GND.t1530 sg13_lv_nmos ad=0.1406p pd=1.12u as=0.1406p ps=1.12u w=0.74u l=0.13u
X1969 _239_.Y _225_.A GND.t300 GND.t299 sg13_lv_nmos ad=0.2516p pd=2.16u as=0.2516p ps=2.16u w=0.74u l=0.13u
X1970 VDD GND.t772 VDD VDD sg13_lv_pmos ad=0.19p pd=1.38u as=0 ps=0 w=1u l=1u
X1971 VDD GND.t1310 VDD VDD sg13_lv_pmos ad=0.34p pd=2.68u as=0 ps=0 w=1u l=1u
X1972 GND.t741 VDD GND.t742 GND.t723 sg13_lv_nmos ad=79.8f pd=0.8u as=0 ps=0 w=0.42u l=1u
X1973 a_4816_4870# _242_.RESET_B VDD VDD sg13_lv_pmos ad=79.8f pd=0.8u as=1.48542p ps=9.54u w=0.42u l=0.13u
X1974 GND.t38 VDD GND.t38 GND.t1012 sg13_lv_nmos ad=0.1428p pd=1.52u as=0 ps=0 w=0.42u l=1u
X1975 a_6971_16344# _201_.Y GND.t18 GND.t16 sg13_lv_nmos ad=78.39999f pd=0.885u as=0.2272p ps=1.99u w=0.64u l=0.13u
X1976 VDD GND.t571 VDD VDD sg13_lv_pmos ad=0.19p pd=1.38u as=0 ps=0 w=1u l=1u
X1977 VDD _173_.Y a_6124_9945# VDD sg13_lv_pmos ad=0.1596p pd=1.22u as=0.2856p ps=2.36u w=0.84u l=0.13u
X1978 GND.t1042 VDD GND.t1042 GND.t1044 sg13_lv_nmos ad=79.8f pd=0.8u as=0 ps=0 w=0.42u l=1u
X1979 a_16514_16746# _238_.Y GND.t204 GND.t203 sg13_lv_nmos ad=60.89999f pd=0.71u as=0.1626p ps=1.415u w=0.42u l=0.13u
X1980 GND.t1030 VDD GND.t1029 GND.t116 sg13_lv_nmos ad=0.1428p pd=1.52u as=0 ps=0 w=0.42u l=1u
X1981 a_6810_3863# _136_.B GND.t152 GND.t337 sg13_lv_nmos ad=0.17462p pd=1.185u as=0.15245p ps=1.17u w=0.55u l=0.13u
X1982 VDD _164_.Y a_8156_9928# VDD sg13_lv_pmos ad=0.3808p pd=2.92u as=0.2128p ps=1.5u w=1.12u l=0.15u
X1983 GND.t173 VDD GND.t968 GND.t1002 sg13_lv_nmos ad=0.1428p pd=1.52u as=0 ps=0 w=0.42u l=1u
X1984 VDD GND.t1054 VDD VDD sg13_lv_pmos ad=0.34p pd=2.68u as=0 ps=0 w=1u l=1u
X1985 a_3695_9263# a_2853_9165# a_3601_9263# GND.t116 sg13_lv_nmos ad=0.12665p pd=1.145u as=0.1428p ps=1.52u w=0.42u l=0.13u
X1986 VDD a_6336_11499# _178_.B1 VDD sg13_lv_pmos ad=0.3808p pd=2.92u as=0.2408p ps=1.55u w=1.12u l=0.13u
X1987 a_10940_3900# _136_.A VDD VDD sg13_lv_pmos ad=0.2128p pd=1.5u as=0.2128p ps=1.5u w=1.12u l=0.13u
X1988 VDD a_3886_10702# clkbuf_1_0__f_sclk.A VDD sg13_lv_pmos ad=0.2128p pd=1.5u as=0.2128p ps=1.5u w=1.12u l=0.13u
X1989 a_2397_6166# _124_.S GND.t20 GND.t106 sg13_lv_nmos ad=0.13135p pd=1.095u as=0.18945p ps=1.27u w=0.74u l=0.13u
X1990 GND.t225 VDD GND.t1014 GND.t363 sg13_lv_nmos ad=0.1428p pd=1.52u as=0 ps=0 w=0.42u l=1u
X1991 GND.t984 a_3886_10702# clkbuf_1_0__f_sclk.A GND.t1526 sg13_lv_nmos ad=0.1406p pd=1.12u as=0.1406p ps=1.12u w=0.74u l=0.13u
X1992 GND.t49 sclk a_3886_10702# GND.t50 sg13_lv_nmos ad=0.1406p pd=1.12u as=0.1406p ps=1.12u w=0.74u l=0.13u
X1993 GND.t243 a_11536_17750# a_11185_17869# GND.t115 sg13_lv_nmos ad=79.8f pd=0.8u as=0.1428p ps=1.52u w=0.42u l=0.13u
X1994 VDD GND.t1295 VDD VDD sg13_lv_pmos ad=0.34p pd=2.68u as=0 ps=0 w=1u l=1u
X1995 VDD GND.t38 VDD VDD sg13_lv_pmos ad=0.34p pd=2.68u as=0 ps=0 w=1u l=1u
X1996 _237_.Y _236_.A VDD VDD sg13_lv_pmos ad=0.3808p pd=2.92u as=0.3808p ps=2.92u w=1.12u l=0.13u
X1997 a_10769_4258# _136_.A a_10737_3900# VDD sg13_lv_pmos ad=0.34p pd=2.68u as=0.1225p ps=1.245u w=1u l=0.13u
X1998 a_12549_7996# _162_.Y a_12215_7664# VDD sg13_lv_pmos ad=0.2125p pd=1.425u as=0.35p ps=2.7u w=1u l=0.13u
X1999 a_11661_4696# _243_.Q VDD VDD sg13_lv_pmos ad=0.1596p pd=1.22u as=0.2856p ps=2.36u w=0.84u l=0.13u
X2000 _177_.X a_6124_9945# GND.t113 GND.t1479 sg13_lv_nmos ad=0.2516p pd=2.16u as=0.1371p ps=1.12u w=0.74u l=0.13u
X2001 GND.t104 VDD GND.t104 GND.t693 sg13_lv_nmos ad=79.8f pd=0.8u as=0 ps=0 w=0.42u l=1u
X2002 VDD GND.t471 VDD VDD sg13_lv_pmos ad=0.34p pd=2.68u as=0 ps=0 w=1u l=1u
X2003 VDD _148_.B _195_.Y VDD sg13_lv_pmos ad=0.3808p pd=2.92u as=0.2128p ps=1.5u w=1.12u l=0.13u
X2004 GND.t399 VDD GND.t256 GND.t850 sg13_lv_nmos ad=0.1428p pd=1.52u as=0 ps=0 w=0.42u l=1u
X2005 a_2565_16725# _247_.CLK GND.t132 GND.t514 sg13_lv_nmos ad=0.2516p pd=2.16u as=2.6164p ps=16.515u w=0.74u l=0.13u
X2006 VDD _184_.Y a_7157_9948# VDD sg13_lv_pmos ad=0.2128p pd=1.5u as=0.3808p ps=2.92u w=1.12u l=0.13u
X2007 VDD _222_.A _250_.RESET_B VDD sg13_lv_pmos ad=0.3808p pd=2.92u as=0.3808p ps=2.92u w=1.12u l=0.13u
X2008 _192_.Y _187_.Y a_6584_12218# GND.t568 sg13_lv_nmos ad=0.2516p pd=2.16u as=0.1406p ps=1.12u w=0.74u l=0.13u
X2009 GND.t1050 VDD GND.t1050 GND.t1051 sg13_lv_nmos ad=0.1428p pd=1.52u as=0 ps=0 w=0.42u l=1u
X2010 GND.t243 a_10220_18222# _236_.A GND.t423 sg13_lv_nmos ad=0.14875p pd=1.16u as=0.2886p ps=2.26u w=0.74u l=0.13u
X2011 a_10377_17555# a_10020_17512# VDD VDD sg13_lv_pmos ad=63f pd=0.72u as=0.1563p ps=1.22u w=0.42u l=0.13u
X2012 VDD a_3886_10702# clkbuf_1_0__f_sclk.A VDD sg13_lv_pmos ad=0.2128p pd=1.5u as=0.2128p ps=1.5u w=1.12u l=0.13u
X2013 VDD sclk a_3886_10702# VDD sg13_lv_pmos ad=0.2128p pd=1.5u as=0.2128p ps=1.5u w=1.12u l=0.13u
X2014 VDD _124_.S a_2558_11484# VDD sg13_lv_pmos ad=0.253p pd=1.53u as=0.3325p ps=1.665u w=1u l=0.13u
X2015 a_3664_16966# a_3407_16823# a_3826_16746# GND.t16 sg13_lv_nmos ad=0.1428p pd=1.52u as=37.8f ps=0.6u w=0.42u l=0.13u
X2016 a_15767_17137# a_15071_17016# a_15861_16904# GND.t1595 sg13_lv_nmos ad=0.1296p pd=1.52u as=79.8f ps=0.8u w=0.42u l=0.13u
X2017 a_3956_6888# clkbuf_1_0__f_sclk.A VDD VDD sg13_lv_pmos ad=0.2128p pd=1.5u as=0.2128p ps=1.5u w=1.12u l=0.13u
X2018 VDD GND.t38 VDD VDD sg13_lv_pmos ad=0.34p pd=2.68u as=0 ps=0 w=1u l=1u
X2019 VDD a_3695_8797# a_3952_8678# VDD sg13_lv_pmos ad=2.75005p pd=18.05u as=79.8f ps=0.8u w=0.42u l=0.13u
X2020 VDD _210_.B a_6747_5468# VDD sg13_lv_pmos ad=0.2198p pd=1.53u as=0.2856p ps=2.36u w=0.84u l=0.13u
X2021 GND.t90 a_15856_15454# a_15505_15311# GND.t89 sg13_lv_nmos ad=79.8f pd=0.8u as=0.1428p ps=1.52u w=0.42u l=0.13u
X2022 _194_.X _193_.Y a_8250_13738# GND.t1 sg13_lv_nmos ad=0.1628p pd=1.18u as=88.8f ps=0.98u w=0.74u l=0.13u
X2023 _136_.A a_8488_8436# GND.t157 GND.t116 sg13_lv_nmos ad=0.2886p pd=2.26u as=0.14875p ps=1.16u w=0.74u l=0.13u
X2024 clkbuf_1_0__f_sclk.A a_3886_10702# GND.t984 GND.t1533 sg13_lv_nmos ad=0.1406p pd=1.12u as=0.1406p ps=1.12u w=0.74u l=0.13u
X2025 a_5427_15260# _196_.Y GND.t196 GND.t195 sg13_lv_nmos ad=0.1406p pd=1.12u as=0.2516p ps=2.16u w=0.74u l=0.13u
X2026 VDD a_15599_15311# a_15856_15454# VDD sg13_lv_pmos ad=1.6291p pd=10.53u as=79.8f ps=0.8u w=0.42u l=0.13u
X2027 VDD _149_.A a_13740_5678# VDD sg13_lv_pmos ad=0.4536p pd=2.76u as=0.1596p ps=1.22u w=0.84u l=0.13u
X2028 VDD a_3956_6888# _243_.CLK VDD sg13_lv_pmos ad=0.2128p pd=1.5u as=0.2128p ps=1.5u w=1.12u l=0.13u
X2029 GND.t77 VDD GND.t77 GND.t636 sg13_lv_nmos ad=0.1428p pd=1.52u as=0 ps=0 w=0.42u l=1u
X2030 GND.t958 VDD GND.t958 GND.t959 sg13_lv_nmos ad=0.1428p pd=1.52u as=0 ps=0 w=0.42u l=1u
X2031 GND.t1284 VDD GND.t1284 GND.t1283 sg13_lv_nmos ad=0.1428p pd=1.52u as=0 ps=0 w=0.42u l=1u
X2032 GND.t1059 VDD GND.t1059 GND.t1090 sg13_lv_nmos ad=0.1428p pd=1.52u as=0 ps=0 w=0.42u l=1u
X2033 VDD GND.t1042 VDD VDD sg13_lv_pmos ad=0.34p pd=2.68u as=0 ps=0 w=1u l=1u
X2034 GND.t683 VDD GND.t683 GND.t115 sg13_lv_nmos ad=0.1428p pd=1.52u as=0 ps=0 w=0.42u l=1u
X2035 VDD GND.t1128 VDD VDD sg13_lv_pmos ad=0.19p pd=1.38u as=0 ps=0 w=1u l=1u
X2036 a_12623_16823# a_11781_16725# a_11364_17064# VDD sg13_lv_pmos ad=0.2048p pd=1.63u as=0.34p ps=2.68u w=1u l=0.13u
X2037 GND.t769 VDD GND.t769 GND.t770 sg13_lv_nmos ad=79.8f pd=0.8u as=0 ps=0 w=0.42u l=1u
X2038 _260_.RESET_B _225_.A VDD VDD sg13_lv_pmos ad=0.3808p pd=2.92u as=0.3808p ps=2.92u w=1.12u l=0.13u
X2039 GND.t1138 VDD GND.t1139 GND.t20 sg13_lv_nmos ad=79.8f pd=0.8u as=0 ps=0 w=0.42u l=1u
X2040 a_15081_12601# a_14724_12528# VDD VDD sg13_lv_pmos ad=63f pd=0.72u as=0.1563p ps=1.22u w=0.42u l=0.13u
X2041 _243_.RESET_B _215_.A GND.t367 GND.t366 sg13_lv_nmos ad=0.2516p pd=2.16u as=0.2516p ps=2.16u w=0.74u l=0.13u
X2042 a_2148_16000# a_2122_15964# VDD VDD sg13_lv_pmos ad=0.34p pd=2.68u as=0.36237p ps=2.605u w=1u l=0.13u
X2043 a_2374_16421# _250_.RESET_B GND.t192 GND.t333 sg13_lv_nmos ad=37.8f pd=0.6u as=0.1701p ps=1.65u w=0.42u l=0.13u
X2044 _143_.Y _143_.A GND.t528 GND.t527 sg13_lv_nmos ad=0.2516p pd=2.16u as=0.2516p ps=2.16u w=0.74u l=0.13u
X2045 VDD GND.t589 VDD VDD sg13_lv_pmos ad=0.19p pd=1.38u as=0 ps=0 w=1u l=1u
X2046 clkbuf_1_0__f_sclk.A a_3886_10702# VDD VDD sg13_lv_pmos ad=0.2128p pd=1.5u as=0.2128p ps=1.5u w=1.12u l=0.13u
X2047 _170_.Y _168_.Y VDD VDD sg13_lv_pmos ad=0.2128p pd=1.5u as=0.3808p ps=2.92u w=1.12u l=0.13u
X2048 a_2232_17770# _124_.S VDD VDD sg13_lv_pmos ad=0.2856p pd=2.36u as=0.253p ps=1.53u w=0.84u l=0.13u
X2049 VDD GND.t1190 VDD VDD sg13_lv_pmos ad=0.19p pd=1.38u as=0 ps=0 w=1u l=1u
X2050 VDD GND.t1151 VDD VDD sg13_lv_pmos ad=0.19p pd=1.38u as=0 ps=0 w=1u l=1u
X2051 VDD GND.t1054 VDD VDD sg13_lv_pmos ad=0.34p pd=2.68u as=0 ps=0 w=1u l=1u
X2052 _260_.CLK a_16746_11460# VDD VDD sg13_lv_pmos ad=0.3808p pd=2.92u as=0.2128p ps=1.5u w=1.12u l=0.13u
X2053 GND.t45 _164_.B1 _164_.Y GND.t47 sg13_lv_nmos ad=0.2516p pd=2.16u as=0.1406p ps=1.12u w=0.74u l=0.13u
X2054 GND.t1193 VDD GND.t1193 GND.t1194 sg13_lv_nmos ad=0.1428p pd=1.52u as=0 ps=0 w=0.42u l=1u
X2055 VDD GND.t369 VDD VDD sg13_lv_pmos ad=0.34p pd=2.68u as=0 ps=0 w=1u l=1u
X2056 _247_.CLK a_3380_13690# VDD VDD sg13_lv_pmos ad=0.2128p pd=1.5u as=0.2128p ps=1.5u w=1.12u l=0.13u
X2057 GND.t230 VDD GND.t230 GND.t883 sg13_lv_nmos ad=0.1428p pd=1.52u as=0 ps=0 w=0.42u l=1u
X2058 a_2620_10318# _122_.A0 a_2126_10214# GND.t1569 sg13_lv_nmos ad=0.13135p pd=1.095u as=0.1628p ps=1.18u w=0.74u l=0.13u
X2059 a_2628_3904# a_3147_3911# a_3887_4261# GND.t396 sg13_lv_nmos ad=0.3473p pd=2.71u as=0.12665p ps=1.145u w=0.74u l=0.13u
X2060 _174_.Y _168_.B VDD VDD sg13_lv_pmos ad=0.2128p pd=1.5u as=0.3808p ps=2.92u w=1.12u l=0.13u
X2061 a_5333_15532# _195_.Y VDD VDD sg13_lv_pmos ad=0.2128p pd=1.5u as=0.2128p ps=1.5u w=1.12u l=0.13u
X2062 GND.t1219 _157_.B _157_.Y GND.t1566 sg13_lv_nmos ad=0.2516p pd=2.16u as=0.1406p ps=1.12u w=0.74u l=0.13u
X2063 GND.t1130 VDD GND.t1131 GND.t20 sg13_lv_nmos ad=79.8f pd=0.8u as=0 ps=0 w=0.42u l=1u
X2064 GND.t651 VDD GND.t651 GND.t697 sg13_lv_nmos ad=79.8f pd=0.8u as=0 ps=0 w=0.42u l=1u
X2065 VDD _210_.A a_6234_3900# VDD sg13_lv_pmos ad=0.2891p pd=1.695u as=0.1428p ps=1.375u w=1.12u l=0.13u
X2066 a_10989_8784# _145_.X _164_.Y GND.t379 sg13_lv_nmos ad=0.1406p pd=1.12u as=0.1406p ps=1.12u w=0.74u l=0.13u
X2067 GND.t571 VDD GND.t571 GND.t1019 sg13_lv_nmos ad=79.8f pd=0.8u as=0 ps=0 w=0.42u l=1u
X2068 GND.t14 a_8557_4248# _145_.X GND.t452 sg13_lv_nmos ad=0.2516p pd=2.16u as=0.1406p ps=1.12u w=0.74u l=0.13u
X2069 VDD _226_.Y a_14698_5380# VDD sg13_lv_pmos ad=0.1563p pd=1.22u as=0.147p ps=1.54u w=0.42u l=0.13u
X2070 VDD GND.t20 VDD VDD sg13_lv_pmos ad=0.19p pd=1.38u as=0 ps=0 w=1u l=1u
X2071 a_2122_15964# a_2565_16007# a_1862_16434# GND.t217 sg13_lv_nmos ad=79.8f pd=0.8u as=0.1296p ps=1.52u w=0.42u l=0.13u
X2072 GND.t24 _247_.CLK clkload0.Y GND.t518 sg13_lv_nmos ad=0.2516p pd=2.16u as=0.2516p ps=2.16u w=0.74u l=0.13u
X2073 VDD GND.t754 VDD VDD sg13_lv_pmos ad=0.19p pd=1.38u as=0 ps=0 w=1u l=1u
X2074 GND.t819 VDD GND.t544 GND.t820 sg13_lv_nmos ad=79.8f pd=0.8u as=0 ps=0 w=0.42u l=1u
X2075 GND.t1054 VDD GND.t1054 GND.t1083 sg13_lv_nmos ad=0.1428p pd=1.52u as=0 ps=0 w=0.42u l=1u
X2076 a_2244_8874# _122_.X a_2150_8874# GND.t363 sg13_lv_nmos ad=60.89999f pd=0.71u as=0.1428p ps=1.52u w=0.42u l=0.13u
X2077 VDD GND.t100 VDD VDD sg13_lv_pmos ad=0.19p pd=1.38u as=0 ps=0 w=1u l=1u
X2078 GND.t1153 VDD GND.t1154 GND.t20 sg13_lv_nmos ad=79.8f pd=0.8u as=0 ps=0 w=0.42u l=1u
X2079 GND.t1054 VDD GND.t1054 GND.t1053 sg13_lv_nmos ad=0.1428p pd=1.52u as=0 ps=0 w=0.42u l=1u
X2080 GND.t121 a_9573_12189# a_9675_12332# GND.t120 sg13_lv_nmos ad=3.6571p pd=23.85u as=0.2516p ps=2.16u w=0.74u l=0.13u
X2081 a_2494_6166# _148_.A a_2397_6460# VDD sg13_lv_pmos ad=0.2225p pd=1.445u as=0.3325p ps=1.665u w=1u l=0.13u
X2082 GND.t984 VDD GND.t984 GND.t985 sg13_lv_nmos ad=79.8f pd=0.8u as=0 ps=0 w=0.42u l=1u
X2083 GND.t1050 clkbuf_1_0__f_sclk.A a_3956_6888# GND.t1369 sg13_lv_nmos ad=0.2516p pd=2.16u as=0.1406p ps=1.12u w=0.74u l=0.13u
X2084 _250_.Q a_4074_15996# VDD VDD sg13_lv_pmos ad=0.3808p pd=2.92u as=0.2128p ps=1.5u w=1.12u l=0.13u
X2085 _247_.CLK a_3380_13690# VDD VDD sg13_lv_pmos ad=0.2128p pd=1.5u as=0.2128p ps=1.5u w=1.12u l=0.13u
X2086 VDD GND.t1014 VDD VDD sg13_lv_pmos ad=0.34p pd=2.68u as=0 ps=0 w=1u l=1u
X2087 VDD GND.t958 VDD VDD sg13_lv_pmos ad=0.19p pd=1.38u as=0 ps=0 w=1u l=1u
X2088 a_13914_4666# _145_.X GND.t209 GND.t383 sg13_lv_nmos ad=88.8f pd=0.98u as=0.15245p ps=1.17u w=0.74u l=0.13u
X2089 GND.t1127 VDD GND.t1128 GND.t20 sg13_lv_nmos ad=0.1428p pd=1.52u as=0 ps=0 w=0.42u l=1u
X2090 VDD GND.t760 VDD VDD sg13_lv_pmos ad=0.19p pd=1.38u as=0 ps=0 w=1u l=1u
X2091 VDD GND.t1064 VDD VDD sg13_lv_pmos ad=0.19p pd=1.38u as=0 ps=0 w=1u l=1u
X2092 a_14240_16921# a_14359_16710# VDD VDD sg13_lv_pmos ad=0.3864p pd=2.93u as=0.2128p ps=1.5u w=1.12u l=0.13u
X2093 VDD GND.t27 VDD VDD sg13_lv_pmos ad=0.19p pd=1.38u as=0 ps=0 w=1u l=1u
X2094 VDD GND.t1187 VDD VDD sg13_lv_pmos ad=0.34p pd=2.68u as=0 ps=0 w=1u l=1u
X2095 VDD GND.t1282 VDD VDD sg13_lv_pmos ad=0.19p pd=1.38u as=0 ps=0 w=1u l=1u
X2096 VDD GND.t683 VDD VDD sg13_lv_pmos ad=0.34p pd=2.68u as=0 ps=0 w=1u l=1u
X2097 GND.t435 a_2126_15424# _118_.X GND.t483 sg13_lv_nmos ad=0.148p pd=1.14u as=0.4033p ps=2.57u w=0.74u l=0.13u
X2098 a_7180_14020# a_6958_13764# VDD VDD sg13_lv_pmos ad=0.1176p pd=1.33u as=0.2618p ps=1.63u w=1.12u l=0.13u
X2099 GND.t362 VDD GND.t900 GND.t184 sg13_lv_nmos ad=0.1428p pd=1.52u as=0 ps=0 w=0.42u l=1u
X2100 a_13221_16007# _266_.CLK VDD VDD sg13_lv_pmos ad=0.4088p pd=2.97u as=1.54765p ps=10.005u w=1.12u l=0.13u
X2101 GND.t254 a_13100_13686# _148_.B GND.t305 sg13_lv_nmos ad=0.14875p pd=1.16u as=0.2886p ps=2.26u w=0.74u l=0.13u
X2102 a_6095_4270# a_6060_4166# _210_.Y GND.t277 sg13_lv_nmos ad=0.1406p pd=1.12u as=0.2516p ps=2.16u w=0.74u l=0.13u
X2103 GND.t288 _226_.Y a_14532_5850# GND.t326 sg13_lv_nmos ad=0.1626p pd=1.415u as=60.89999f ps=0.71u w=0.42u l=0.13u
X2104 a_9808_16966# a_9551_16823# a_9970_16746# GND.t29 sg13_lv_nmos ad=0.1428p pd=1.52u as=37.8f ps=0.6u w=0.42u l=0.13u
X2105 GND.t745 VDD GND.t747 GND.t746 sg13_lv_nmos ad=79.8f pd=0.8u as=0 ps=0 w=0.42u l=1u
X2106 a_14572_16746# a_14359_16710# VDD VDD sg13_lv_pmos ad=79.8f pd=0.8u as=1.30717p ps=8.395u w=0.42u l=0.13u
X2107 a_8134_16421# _258_.RESET_B GND.t335 GND.t1399 sg13_lv_nmos ad=37.8f pd=0.6u as=0.1701p ps=1.65u w=0.42u l=0.13u
X2108 GND.t169 a_3695_8797# a_4362_8436# GND.t116 sg13_lv_nmos ad=0.1406p pd=1.12u as=0.2516p ps=2.16u w=0.74u l=0.13u
X2109 _260_.CLK a_16746_11460# GND.t129 GND.t128 sg13_lv_nmos ad=0.2516p pd=2.16u as=0.1406p ps=1.12u w=0.74u l=0.13u
X2110 VDD GND.t161 VDD VDD sg13_lv_pmos ad=0.19p pd=1.38u as=0 ps=0 w=1u l=1u
X2111 VDD a_10415_13799# a_11082_14020# VDD sg13_lv_pmos ad=0.2128p pd=1.5u as=0.3864p ps=2.93u w=1.12u l=0.13u
X2112 VDD GND.t408 VDD VDD sg13_lv_pmos ad=0.19p pd=1.38u as=0 ps=0 w=1u l=1u
X2113 VDD a_5376_17061# _199_.B1 VDD sg13_lv_pmos ad=0.3808p pd=2.92u as=0.2408p ps=1.55u w=1.12u l=0.13u
X2114 a_6197_13342# _189_.X GND.t10 GND.t1 sg13_lv_nmos ad=0.1406p pd=1.12u as=0.1898p ps=1.36u w=0.74u l=0.13u
X2115 _136_.B a_8394_4948# GND.t14 GND.t558 sg13_lv_nmos ad=0.2516p pd=2.16u as=0.1406p ps=1.12u w=0.74u l=0.13u
X2116 GND.t45 a_11536_9406# a_11185_9263# GND.t93 sg13_lv_nmos ad=79.8f pd=0.8u as=0.1428p ps=1.52u w=0.42u l=0.13u
X2117 _132_.Y _131_.A2 GND.t173 GND.t261 sg13_lv_nmos ad=0.1406p pd=1.12u as=0.2516p ps=2.16u w=0.74u l=0.13u
X2118 fanout7.A a_16746_9484# VDD VDD sg13_lv_pmos ad=0.3808p pd=2.92u as=0.2128p ps=1.5u w=1.12u l=0.13u
X2119 a_6182_4650# _210_.Y VDD VDD sg13_lv_pmos ad=79.8f pd=0.8u as=0.1428p ps=1.52u w=0.42u l=0.13u
X2120 VDD clkbuf_1_0__f_sclk.A a_3380_13690# VDD sg13_lv_pmos ad=0.3808p pd=2.92u as=0.2128p ps=1.5u w=1.12u l=0.13u
X2121 VDD GND.t1193 VDD VDD sg13_lv_pmos ad=0.19p pd=1.38u as=0 ps=0 w=1u l=1u
X2122 GND.t1095 VDD GND.t1095 GND.t1094 sg13_lv_nmos ad=0.1428p pd=1.52u as=0 ps=0 w=0.42u l=1u
X2123 a_14340_15552# a_14314_15457# VDD VDD sg13_lv_pmos ad=0.34p pd=2.68u as=0.36237p ps=2.605u w=1u l=0.13u
X2124 VDD GND.t408 VDD VDD sg13_lv_pmos ad=0.34p pd=2.68u as=0 ps=0 w=1u l=1u
X2125 VDD a_16079_8797# a_16746_8436# VDD sg13_lv_pmos ad=0.2128p pd=1.5u as=0.3864p ps=2.93u w=1.12u l=0.13u
X2126 VDD GND.t683 VDD VDD sg13_lv_pmos ad=0.19p pd=1.38u as=0 ps=0 w=1u l=1u
X2127 a_9130_12433# a_9573_12189# a_8870_12210# GND.t119 sg13_lv_nmos ad=79.8f pd=0.8u as=0.1296p ps=1.52u w=0.42u l=0.13u
X2128 GND.t1587 _207_.A2 a_5249_16344# GND.t16 sg13_lv_nmos ad=0.2516p pd=2.16u as=0.1406p ps=1.12u w=0.74u l=0.13u
X2129 a_7882_15964# a_8325_16007# a_7622_16434# GND.t564 sg13_lv_nmos ad=79.8f pd=0.8u as=0.1296p ps=1.52u w=0.42u l=0.13u
X2130 a_13648_12430# _261_.RESET_B VDD VDD sg13_lv_pmos ad=79.8f pd=0.8u as=1.42082p ps=9.125u w=0.42u l=0.13u
X2131 a_16498_11898# _236_.Y GND.t359 GND.t128 sg13_lv_nmos ad=37.8f pd=0.6u as=79.8f ps=0.8u w=0.42u l=0.13u
X2132 VDD GND.t1064 VDD VDD sg13_lv_pmos ad=0.34p pd=2.68u as=0 ps=0 w=1u l=1u
X2133 VDD GND.t599 VDD VDD sg13_lv_pmos ad=0.19p pd=1.38u as=0 ps=0 w=1u l=1u
X2134 GND.t175 _220_.Y a_2052_12210# GND.t184 sg13_lv_nmos ad=0.1626p pd=1.415u as=60.89999f ps=0.71u w=0.42u l=0.13u
X2135 GND.t436 _143_.A a_8021_5782# GND.t20 sg13_lv_nmos ad=0.1898p pd=1.36u as=0.2516p ps=2.16u w=0.74u l=0.13u
X2136 GND.t20 VDD GND.t1111 GND.t106 sg13_lv_nmos ad=0.1428p pd=1.52u as=0 ps=0 w=0.42u l=1u
X2137 VDD GND.t410 VDD VDD sg13_lv_pmos ad=0.34p pd=2.68u as=0 ps=0 w=1u l=1u
X2138 a_7739_9484# _170_.B VDD VDD sg13_lv_pmos ad=0.3808p pd=2.92u as=0.2128p ps=1.5u w=1.12u l=0.13u
X2139 a_2436_16421# a_2148_16000# a_2374_16421# GND.t360 sg13_lv_nmos ad=0.1428p pd=1.52u as=37.8f ps=0.6u w=0.42u l=0.13u
X2140 GND.t152 _136_.A a_6966_4258# GND.t623 sg13_lv_nmos ad=0.15245p pd=1.17u as=88.8f ps=0.98u w=0.74u l=0.13u
X2141 VDD GND.t259 VDD VDD sg13_lv_pmos ad=0.34p pd=2.68u as=0 ps=0 w=1u l=1u
X2142 GND.t589 VDD GND.t589 GND.t1022 sg13_lv_nmos ad=79.8f pd=0.8u as=0 ps=0 w=0.42u l=1u
X2143 a_3407_13333# a_2565_12983# a_2148_12976# VDD sg13_lv_pmos ad=0.2048p pd=1.63u as=0.34p ps=2.68u w=1u l=0.13u
X2144 VDD GND.t1267 VDD VDD sg13_lv_pmos ad=0.19p pd=1.38u as=0 ps=0 w=1u l=1u
X2145 GND.t169 a_3695_9263# a_4362_9484# GND.t116 sg13_lv_nmos ad=0.1406p pd=1.12u as=0.2516p ps=2.16u w=0.74u l=0.13u
X2146 VDD clkbuf_1_0__f_sclk.A a_3380_13690# VDD sg13_lv_pmos ad=0.2128p pd=1.5u as=0.2128p ps=1.5u w=1.12u l=0.13u
X2147 VDD GND.t1145 VDD VDD sg13_lv_pmos ad=0.19p pd=1.38u as=0 ps=0 w=1u l=1u
X2148 VDD GND.t674 VDD VDD sg13_lv_pmos ad=0.34p pd=2.68u as=0 ps=0 w=1u l=1u
X2149 VDD GND.t489 VDD VDD sg13_lv_pmos ad=0.19p pd=1.38u as=0 ps=0 w=1u l=1u
X2150 a_2298_13726# a_2232_13916# GND.t24 GND.t567 sg13_lv_nmos ad=0.3367p pd=1.65u as=0.148p ps=1.14u w=0.74u l=0.13u
X2151 GND.t1054 VDD GND.t1054 GND.t1056 sg13_lv_nmos ad=0.1428p pd=1.52u as=0 ps=0 w=0.42u l=1u
X2152 GND.t958 VDD GND.t958 GND.t962 sg13_lv_nmos ad=79.8f pd=0.8u as=0 ps=0 w=0.42u l=1u
X2153 VDD a_12623_16823# a_13290_17044# VDD sg13_lv_pmos ad=0.2128p pd=1.5u as=0.3864p ps=2.93u w=1.12u l=0.13u
X2154 a_3300_5416# a_3274_5380# VDD VDD sg13_lv_pmos ad=0.34p pd=2.68u as=0.36237p ps=2.605u w=1u l=0.13u
X2155 GND.t245 _139_.X a_10799_5782# GND.t20 sg13_lv_nmos ad=0.1898p pd=1.36u as=0.1406p ps=1.12u w=0.74u l=0.13u
X2156 VDD GND.t17 VDD VDD sg13_lv_pmos ad=0.19p pd=1.38u as=0 ps=0 w=1u l=1u
X2157 a_3887_4261# a_3045_3911# a_3793_4261# GND.t276 sg13_lv_nmos ad=0.12665p pd=1.145u as=0.1428p ps=1.52u w=0.42u l=0.13u
X2158 _227_.Y _225_.A.t3 VDD VDD sg13_lv_pmos ad=0.3808p pd=2.92u as=0.3808p ps=2.92u w=1.12u l=0.13u
X2159 VDD GND.t115 VDD VDD sg13_lv_pmos ad=0.34p pd=2.68u as=0 ps=0 w=1u l=1u
X2160 _261_.RESET_B _236_.A VDD VDD sg13_lv_pmos ad=0.3808p pd=2.92u as=0.3808p ps=2.92u w=1.12u l=0.13u
X2161 _243_.D a_2398_4654# VDD VDD sg13_lv_pmos ad=0.6048p pd=3.32u as=0.2198p ps=1.52u w=1.12u l=0.13u
X2162 GND.t1419 a_3380_13690# _247_.CLK GND.t1 sg13_lv_nmos ad=0.1406p pd=1.12u as=0.1406p ps=1.12u w=0.74u l=0.13u
X2163 VDD GND.t655 VDD VDD sg13_lv_pmos ad=0.19p pd=1.38u as=0 ps=0 w=1u l=1u
X2164 a_9156_14040# a_9130_13945# VDD VDD sg13_lv_pmos ad=0.34p pd=2.68u as=0.36237p ps=2.605u w=1u l=0.13u
X2165 _158_.Y _157_.Y GND.t589 GND.t588 sg13_lv_nmos ad=0.1406p pd=1.12u as=0.2516p ps=2.16u w=0.74u l=0.13u
X2166 a_9994_17476# a_10437_17519# a_9734_17946# GND.t1578 sg13_lv_nmos ad=79.8f pd=0.8u as=0.1296p ps=1.52u w=0.42u l=0.13u
X2167 a_14532_12210# _129_.Y a_14438_12210# GND.t127 sg13_lv_nmos ad=60.89999f pd=0.71u as=0.1428p ps=1.52u w=0.42u l=0.13u
X2168 VDD a_6747_5468# _143_.A VDD sg13_lv_pmos ad=0.3808p pd=2.92u as=0.2128p ps=1.5u w=1.12u l=0.13u
X2169 VDD sdata a_1192_7712# VDD sg13_lv_pmos ad=0.2114p pd=1.54u as=0.2856p ps=2.36u w=0.84u l=0.13u
X2170 _213_.Y _251_.CLK GND.t116 GND.t594 sg13_lv_nmos ad=0.2516p pd=2.16u as=0.2516p ps=2.16u w=0.74u l=0.13u
X2171 a_14340_15552# a_14314_15457# GND.t161 GND.t160 sg13_lv_nmos ad=0.2516p pd=2.16u as=0.1626p ps=1.415u w=0.74u l=0.13u
X2172 GND.t71 a_2075_4692# a_2512_4654# GND.t313 sg13_lv_nmos ad=0.148p pd=1.14u as=0.3367p ps=1.65u w=0.74u l=0.13u
X2173 GND.t1201 VDD GND.t60 GND.t1200 sg13_lv_nmos ad=0.1428p pd=1.52u as=0 ps=0 w=0.42u l=1u
X2174 VDD GND.t10 VDD VDD sg13_lv_pmos ad=0.34p pd=2.68u as=0 ps=0 w=1u l=1u
X2175 _211_.Y _264_.Q VDD VDD sg13_lv_pmos ad=0.3808p pd=2.92u as=0.3808p ps=2.92u w=1.12u l=0.13u
X2176 GND.t858 VDD GND.t858 GND.t890 sg13_lv_nmos ad=0.1428p pd=1.52u as=0 ps=0 w=0.42u l=1u
X2177 VDD _244_.RESET_B a_3274_5380# VDD sg13_lv_pmos ad=0.1563p pd=1.22u as=0.147p ps=1.54u w=0.42u l=0.13u
X2178 GND.t1028 VDD GND.t1027 GND.t116 sg13_lv_nmos ad=0.1428p pd=1.52u as=0 ps=0 w=0.42u l=1u
X2179 GND.t230 VDD GND.t230 GND.t843 sg13_lv_nmos ad=0.1428p pd=1.52u as=0 ps=0 w=0.42u l=1u
X2180 VDD GND.t115 VDD VDD sg13_lv_pmos ad=0.19p pd=1.38u as=0 ps=0 w=1u l=1u
X2181 VDD _258_.RESET_B a_7882_15964# VDD sg13_lv_pmos ad=0.1563p pd=1.22u as=0.147p ps=1.54u w=0.42u l=0.13u
X2182 GND.t38 VDD GND.t38 GND.t1013 sg13_lv_nmos ad=79.8f pd=0.8u as=0 ps=0 w=0.42u l=1u
X2183 a_2397_6460# _124_.S VDD VDD sg13_lv_pmos ad=0.3325p pd=1.665u as=0.253p ps=1.53u w=1u l=0.13u
X2184 a_3826_16746# _222_.Y GND.t301 GND.t16 sg13_lv_nmos ad=37.8f pd=0.6u as=79.8f ps=0.8u w=0.42u l=0.13u
X2185 VDD GND.t143 VDD VDD sg13_lv_pmos ad=0.19p pd=1.38u as=0 ps=0 w=1u l=1u
X2186 VDD GND.t1042 VDD VDD sg13_lv_pmos ad=0.19p pd=1.38u as=0 ps=0 w=1u l=1u
X2187 VDD GND.t475 VDD VDD sg13_lv_pmos ad=0.34p pd=2.68u as=0 ps=0 w=1u l=1u
X2188 GND.t196 VDD GND.t456 GND.t797 sg13_lv_nmos ad=79.8f pd=0.8u as=0 ps=0 w=0.42u l=1u
X2189 a_13649_4704# _151_.B a_13617_4972# VDD sg13_lv_pmos ad=0.34p pd=2.68u as=0.1225p ps=1.245u w=1u l=0.13u
X2190 GND.t1064 VDD GND.t1064 GND.t1065 sg13_lv_nmos ad=79.8f pd=0.8u as=0 ps=0 w=0.42u l=1u
X2191 VDD _196_.Y _200_.Y VDD sg13_lv_pmos ad=0.2128p pd=1.5u as=0.2128p ps=1.5u w=1.12u l=0.13u
X2192 a_5562_12226# _120_.A0 GND.t387 GND.t386 sg13_lv_nmos ad=88.8f pd=0.98u as=0.15245p ps=1.17u w=0.74u l=0.13u
X2193 a_9466_7678# _154_.X GND.t1059 GND.t1543 sg13_lv_nmos ad=0.1406p pd=1.12u as=0.2516p ps=2.16u w=0.74u l=0.13u
X2194 GND.t1064 VDD GND.t1095 GND.t1097 sg13_lv_nmos ad=0.1428p pd=1.52u as=0 ps=0 w=0.42u l=1u
X2195 _159_.Y _158_.Y a_14067_7972# VDD sg13_lv_pmos ad=0.2408p pd=1.55u as=0.1428p ps=1.375u w=1.12u l=0.13u
X2196 _202_.Y _191_.Y GND.t98 GND.t1582 sg13_lv_nmos ad=0.1406p pd=1.12u as=0.2516p ps=2.16u w=0.74u l=0.13u
X2197 a_10246_9199# _228_.Y GND.t165 GND.t116 sg13_lv_nmos ad=37.8f pd=0.6u as=0.1701p ps=1.65u w=0.42u l=0.13u
X2198 VDD a_2565_12983# a_2667_12983# VDD sg13_lv_pmos ad=1.42082p pd=9.125u as=0.3864p ps=2.93u w=1.12u l=0.13u
X2199 VDD _139_.X a_11381_3900# VDD sg13_lv_pmos ad=0.2128p pd=1.5u as=0.3808p ps=2.92u w=1.12u l=0.13u
X2200 a_11721_17137# a_11364_17064# VDD VDD sg13_lv_pmos ad=63f pd=0.72u as=0.1563p ps=1.22u w=0.42u l=0.13u
X2201 _220_.Y _215_.A GND.t362 GND.t184 sg13_lv_nmos ad=0.2516p pd=2.16u as=0.2516p ps=2.16u w=0.74u l=0.13u
X2202 a_4306_4338# _243_.RESET_B GND.t69 GND.t68 sg13_lv_nmos ad=37.8f pd=0.6u as=79.8f ps=0.8u w=0.42u l=0.13u
X2203 a_6218_10296# _173_.Y a_6124_9945# GND.t457 sg13_lv_nmos ad=0.1216p pd=1.02u as=0.2176p ps=1.96u w=0.64u l=0.13u
X2204 VDD GND.t243 VDD VDD sg13_lv_pmos ad=0.34p pd=2.68u as=0 ps=0 w=1u l=1u
X2205 a_2126_15424# _118_.A0 a_2298_15238# GND.t493 sg13_lv_nmos ad=0.1628p pd=1.18u as=0.3367p ps=1.65u w=0.74u l=0.13u
X2206 _151_.B _157_.B a_13338_5770# GND.t20 sg13_lv_nmos ad=0.1628p pd=1.18u as=88.8f ps=0.98u w=0.74u l=0.13u
X2207 _185_.Y _171_.A a_7251_10296# GND.t156 sg13_lv_nmos ad=0.1406p pd=1.12u as=0.1406p ps=1.12u w=0.74u l=0.13u
X2208 a_10834_13722# _230_.Y GND.t87 GND.t86 sg13_lv_nmos ad=37.8f pd=0.6u as=79.8f ps=0.8u w=0.42u l=0.13u
X2209 GND.t863 VDD GND.t100 GND.t1 sg13_lv_nmos ad=79.8f pd=0.8u as=0 ps=0 w=0.42u l=1u
X2210 GND.t223 a_16336_9406# a_15985_9263# GND.t7 sg13_lv_nmos ad=79.8f pd=0.8u as=0.1428p ps=1.52u w=0.42u l=0.13u
X2211 a_8694_5770# _144_.B _145_.A2 GND.t20 sg13_lv_nmos ad=88.8f pd=0.98u as=0.1628p ps=1.18u w=0.74u l=0.13u
X2212 VDD GND.t1140 VDD VDD sg13_lv_pmos ad=0.34p pd=2.68u as=0 ps=0 w=1u l=1u
X2213 _218_.Y _215_.A GND.t225 GND.t363 sg13_lv_nmos ad=0.2516p pd=2.16u as=0.2516p ps=2.16u w=0.74u l=0.13u
X2214 a_2565_16725# _247_.CLK VDD VDD sg13_lv_pmos ad=0.4088p pd=2.97u as=1.30717p ps=8.395u w=1.12u l=0.13u
X2215 _244_.RESET_B _215_.A VDD VDD sg13_lv_pmos ad=0.3808p pd=2.92u as=0.3808p ps=2.92u w=1.12u l=0.13u
X2216 GND.t461 a_14757_15213# a_14859_15356# GND.t460 sg13_lv_nmos ad=13.40377p pd=86.265u as=0.2516p ps=2.16u w=0.74u l=0.13u
X2217 GND.t111 VDD GND.t111 GND.t953 sg13_lv_nmos ad=79.8f pd=0.8u as=0 ps=0 w=0.42u l=1u
X2218 _126_.B1 a_14058_12508# VDD VDD sg13_lv_pmos ad=0.3808p pd=2.92u as=0.2128p ps=1.5u w=1.12u l=0.13u
X2219 a_14820_8440# a_15339_8447# a_16079_8797# GND.t7 sg13_lv_nmos ad=0.3473p pd=2.71u as=0.12665p ps=1.145u w=0.74u l=0.13u
X2220 GND.t399 VDD GND.t399 GND.t851 sg13_lv_nmos ad=79.8f pd=0.8u as=0 ps=0 w=0.42u l=1u
X2221 a_12489_12601# a_12132_12528# VDD VDD sg13_lv_pmos ad=63f pd=0.72u as=0.1563p ps=1.22u w=0.42u l=0.13u
X2222 VDD GND.t1272 VDD VDD sg13_lv_pmos ad=0.19p pd=1.38u as=0 ps=0 w=1u l=1u
X2223 _239_.Y _225_.A VDD VDD sg13_lv_pmos ad=0.3808p pd=2.92u as=0.3808p ps=2.92u w=1.12u l=0.13u
X2224 GND.t529 VDD GND.t1132 GND.t20 sg13_lv_nmos ad=0.1428p pd=1.52u as=0 ps=0 w=0.42u l=1u
X2225 GND.t90 VDD GND.t90 GND.t831 sg13_lv_nmos ad=79.8f pd=0.8u as=0 ps=0 w=0.42u l=1u
X2226 VDD GND.t772 VDD VDD sg13_lv_pmos ad=0.34p pd=2.68u as=0 ps=0 w=1u l=1u
X2227 a_2244_12528# a_2218_12433# VDD VDD sg13_lv_pmos ad=0.34p pd=2.68u as=0.36237p ps=2.605u w=1u l=0.13u
X2228 VDD GND.t473 VDD VDD sg13_lv_pmos ad=0.19p pd=1.38u as=0 ps=0 w=1u l=1u
X2229 _178_.B1 a_6336_11499# a_6485_11830# GND.t1540 sg13_lv_nmos ad=0.2516p pd=2.16u as=0.1406p ps=1.12u w=0.74u l=0.13u
X2230 a_11755_4696# _243_.Q a_11661_4696# GND.t1412 sg13_lv_nmos ad=0.1216p pd=1.02u as=0.2176p ps=1.96u w=0.64u l=0.13u
X2231 a_3045_3911# _243_.CLK VDD VDD sg13_lv_pmos ad=0.4088p pd=2.97u as=5.15485p ps=34.14u w=1.12u l=0.13u
X2232 GND.t280 a_12215_7664# _164_.B1 GND.t281 sg13_lv_nmos ad=0.2516p pd=2.16u as=0.1406p ps=1.12u w=0.74u l=0.13u
X2233 GND.t408 VDD GND.t408 GND.t1040 sg13_lv_nmos ad=0.1428p pd=1.52u as=0 ps=0 w=0.42u l=1u
X2234 GND.t958 VDD GND.t958 GND.t996 sg13_lv_nmos ad=0.1428p pd=1.52u as=0 ps=0 w=0.42u l=1u
X2235 VDD _258_.RESET_B a_7622_16434# VDD sg13_lv_pmos ad=0.36237p pd=2.605u as=79.8f ps=0.8u w=0.42u l=0.13u
X2236 a_6966_4258# _136_.B _210_.B GND.t336 sg13_lv_nmos ad=88.8f pd=0.98u as=0.1628p ps=1.18u w=0.74u l=0.13u
X2237 a_14820_8440# a_14794_8404# GND.t116 GND.t510 sg13_lv_nmos ad=0.2516p pd=2.16u as=0.1626p ps=1.415u w=0.74u l=0.13u
X2238 VDD _228_.Y a_9734_9186# VDD sg13_lv_pmos ad=0.36237p pd=2.605u as=79.8f ps=0.8u w=0.42u l=0.13u
X2239 VDD a_15141_12189# a_15243_12332# VDD sg13_lv_pmos ad=1.42082p pd=9.125u as=0.3864p ps=2.93u w=1.12u l=0.13u
X2240 a_2410_9409# a_2853_9165# a_2150_9186# GND.t1451 sg13_lv_nmos ad=79.8f pd=0.8u as=0.1296p ps=1.52u w=0.42u l=0.13u
X2241 GND.t1346 VDD GND.t1345 GND.t1344 sg13_lv_nmos ad=0.1428p pd=1.52u as=0 ps=0 w=0.42u l=1u
X2242 VDD _227_.Y a_14794_8404# VDD sg13_lv_pmos ad=0.1563p pd=1.22u as=0.147p ps=1.54u w=0.42u l=0.13u
X2243 VDD a_11279_9263# a_11536_9406# VDD sg13_lv_pmos ad=1.94845p pd=12.685u as=79.8f ps=0.8u w=0.42u l=0.13u
X2244 GND.t116 a_2853_9165# a_2955_9308# GND.t1452 sg13_lv_nmos ad=4.0443p pd=25.39u as=0.2516p ps=2.16u w=0.74u l=0.13u
X2245 _176_.A a_11082_12508# GND.t312 GND.t433 sg13_lv_nmos ad=0.2516p pd=2.16u as=0.1406p ps=1.12u w=0.74u l=0.13u
X2246 VDD clkbuf_1_0__f_sclk.A a_3956_6888# VDD sg13_lv_pmos ad=0.3808p pd=2.92u as=0.2128p ps=1.5u w=1.12u l=0.13u
X2247 GND.t769 VDD GND.t769 GND.t814 sg13_lv_nmos ad=0.1428p pd=1.52u as=0 ps=0 w=0.42u l=1u
X2248 VDD a_9551_16823# a_10218_17044# VDD sg13_lv_pmos ad=0.2128p pd=1.5u as=0.3864p ps=2.93u w=1.12u l=0.13u
X2249 VDD a_3407_13333# a_4074_12972# VDD sg13_lv_pmos ad=0.2128p pd=1.5u as=0.3864p ps=2.93u w=1.12u l=0.13u
X2250 a_9348_4968# a_9322_4873# GND.t14 GND.t356 sg13_lv_nmos ad=0.2516p pd=2.16u as=0.1626p ps=1.415u w=0.74u l=0.13u
X2251 GND.t20 _124_.S a_2075_5468# GND.t106 sg13_lv_nmos ad=0.18945p pd=1.27u as=0.187p ps=1.78u w=0.55u l=0.13u
X2252 a_10607_4727# a_9765_4629# a_10513_4727# GND.t66 sg13_lv_nmos ad=0.12665p pd=1.145u as=0.1428p ps=1.52u w=0.42u l=0.13u
X2253 GND.t683 VDD GND.t683 GND.t115 sg13_lv_nmos ad=79.8f pd=0.8u as=0 ps=0 w=0.42u l=1u
X2254 GND.t49 VDD GND.t49 GND.t979 sg13_lv_nmos ad=0.1428p pd=1.52u as=0 ps=0 w=0.42u l=1u
X2255 GND.t237 a_3407_16357# a_4074_15996# GND.t16 sg13_lv_nmos ad=0.1406p pd=1.12u as=0.2516p ps=2.16u w=0.74u l=0.13u
X2256 a_16336_8678# _227_.Y VDD VDD sg13_lv_pmos ad=79.8f pd=0.8u as=2.75005p ps=18.05u w=0.42u l=0.13u
X2257 VDD a_3664_13214# a_3609_13095# VDD sg13_lv_pmos ad=1.42082p pd=9.125u as=93.45f ps=0.865u w=0.42u l=0.13u
X2258 _168_.Y a_6528_8475# a_6677_8806# GND.t116 sg13_lv_nmos ad=0.2516p pd=2.16u as=0.1406p ps=1.12u w=0.74u l=0.13u
X2259 a_6528_8475# _168_.B a_6491_8784# GND.t116 sg13_lv_nmos ad=0.2176p pd=1.96u as=78.39999f ps=0.885u w=0.64u l=0.13u
X2260 VDD GND.t1190 VDD VDD sg13_lv_pmos ad=0.19p pd=1.38u as=0 ps=0 w=1u l=1u
X2261 a_1862_16434# _250_.D VDD VDD sg13_lv_pmos ad=79.8f pd=0.8u as=0.1428p ps=1.52u w=0.42u l=0.13u
X2262 a_13129_15280# _134_.Y GND.t544 GND.t1402 sg13_lv_nmos ad=0.1216p pd=1.02u as=0.1331p ps=1.12u w=0.64u l=0.13u
X2263 GND.t651 VDD GND.t651 GND.t652 sg13_lv_nmos ad=0.1428p pd=1.52u as=0 ps=0 w=0.42u l=1u
X2264 GND.t183 VDD GND.t183 GND.t943 sg13_lv_nmos ad=0.1428p pd=1.52u as=0 ps=0 w=0.42u l=1u
X2265 a_4475_17856# _118_.A0 GND.t491 GND.t490 sg13_lv_nmos ad=78.39999f pd=0.885u as=0.2272p ps=1.99u w=0.64u l=0.13u
X2266 _230_.Y _236_.A VDD VDD sg13_lv_pmos ad=0.3808p pd=2.92u as=0.3808p ps=2.92u w=1.12u l=0.13u
X2267 GND.t854 VDD GND.t854 GND.t889 sg13_lv_nmos ad=79.8f pd=0.8u as=0 ps=0 w=0.42u l=1u
X2268 GND.t674 VDD GND.t674 GND.t115 sg13_lv_nmos ad=0.1428p pd=1.52u as=0 ps=0 w=0.42u l=1u
X2269 VDD a_14757_15213# a_14859_15356# VDD sg13_lv_pmos ad=1.6291p pd=10.53u as=0.3864p ps=2.93u w=1.12u l=0.13u
X2270 a_15983_5773# a_15141_5423# a_15889_5773# GND.t91 sg13_lv_nmos ad=0.12665p pd=1.145u as=0.1428p ps=1.52u w=0.42u l=0.13u
X2271 GND.t285 VDD GND.t285 GND.t1108 sg13_lv_nmos ad=79.8f pd=0.8u as=0 ps=0 w=0.42u l=1u
X2272 a_14919_16964# a_15071_17016# GND.t132 GND.t504 sg13_lv_nmos ad=0.2516p pd=2.16u as=2.85425p ps=18.015u w=0.74u l=0.13u
X2273 a_3887_4261# a_3045_3911# a_2628_3904# VDD sg13_lv_pmos ad=0.2048p pd=1.63u as=0.34p ps=2.68u w=1u l=0.13u
X2274 GND.t3 _237_.Y a_12612_16434# GND.t2 sg13_lv_nmos ad=0.1626p pd=1.415u as=60.89999f ps=0.71u w=0.42u l=0.13u
X2275 GND.t387 _148_.B a_5297_12264# GND.t1353 sg13_lv_nmos ad=0.15245p pd=1.17u as=0.17462p ps=1.185u w=0.55u l=0.13u
X2276 VDD a_12992_15437# _135_.X VDD sg13_lv_pmos ad=0.1918p pd=1.5u as=0.3808p ps=2.92u w=1.12u l=0.13u
X2277 GND.t1036 VDD GND.t130 GND.t116 sg13_lv_nmos ad=0.1428p pd=1.52u as=0 ps=0 w=0.42u l=1u
X2278 VDD _207_.A1 a_5147_15996# VDD sg13_lv_pmos ad=0.2128p pd=1.5u as=0.2128p ps=1.5u w=1.12u l=0.13u
X2279 VDD GND.t49 VDD VDD sg13_lv_pmos ad=0.34p pd=2.68u as=0 ps=0 w=1u l=1u
X2280 _243_.Q a_4554_3900# GND.t60 GND.t166 sg13_lv_nmos ad=0.2516p pd=2.16u as=0.1406p ps=1.12u w=0.74u l=0.13u
X2281 a_15980_7638# fanout7.A VDD VDD sg13_lv_pmos ad=0.2856p pd=2.36u as=0.2114p ps=1.54u w=0.84u l=0.13u
X2282 a_5242_8806# _173_.A _173_.Y GND.t116 sg13_lv_nmos ad=0.1406p pd=1.12u as=0.2516p ps=2.16u w=0.74u l=0.13u
X2283 a_2150_9186# _246_.D VDD VDD sg13_lv_pmos ad=79.8f pd=0.8u as=0.1428p ps=1.52u w=0.42u l=0.13u
X2284 a_7451_14484# _193_.Y VDD VDD sg13_lv_pmos ad=0.3808p pd=2.92u as=0.2128p ps=1.5u w=1.12u l=0.13u
X2285 GND.t115 VDD GND.t115 GND.t115 sg13_lv_nmos ad=0.1428p pd=1.52u as=0 ps=0 w=0.42u l=1u
X2286 a_8480_4248# _145_.A2 GND.t14 GND.t437 sg13_lv_nmos ad=94.35f pd=0.995u as=0.2516p ps=2.16u w=0.74u l=0.13u
X2287 GND.t471 VDD GND.t958 GND.t957 sg13_lv_nmos ad=79.8f pd=0.8u as=0 ps=0 w=0.42u l=1u
X2288 a_6885_4629# _251_.CLK VDD VDD sg13_lv_pmos ad=0.4088p pd=2.97u as=1.42082p ps=9.125u w=1.12u l=0.13u
X2289 VDD GND.t1123 VDD VDD sg13_lv_pmos ad=0.34p pd=2.68u as=0 ps=0 w=1u l=1u
X2290 a_9322_4873# a_9765_4629# a_9062_4650# GND.t63 sg13_lv_nmos ad=79.8f pd=0.8u as=0.1296p ps=1.52u w=0.42u l=0.13u
X2291 VDD a_13221_16007# a_13323_16007# VDD sg13_lv_pmos ad=1.6291p pd=10.53u as=0.3864p ps=2.93u w=1.12u l=0.13u
X2292 GND.t772 VDD GND.t769 GND.t771 sg13_lv_nmos ad=0.1428p pd=1.52u as=0 ps=0 w=0.42u l=1u
X2293 a_14063_16357# a_13221_16007# a_12804_16000# VDD sg13_lv_pmos ad=0.2048p pd=1.63u as=0.34p ps=2.68u w=1u l=0.13u
X2294 VDD a_2126_15424# _118_.X VDD sg13_lv_pmos ad=0.2198p pd=1.52u as=0.6048p ps=3.32u w=1.12u l=0.13u
X2295 a_9156_4650# _252_.D a_9062_4650# GND.t94 sg13_lv_nmos ad=60.89999f pd=0.71u as=0.1428p ps=1.52u w=0.42u l=0.13u
X2296 GND.t1135 VDD GND.t436 GND.t20 sg13_lv_nmos ad=0.1428p pd=1.52u as=0 ps=0 w=0.42u l=1u
X2297 VDD GND.t115 VDD VDD sg13_lv_pmos ad=0.34p pd=2.68u as=0 ps=0 w=1u l=1u
X2298 _241_.Y _236_.A GND.t32 GND.t31 sg13_lv_nmos ad=0.2516p pd=2.16u as=0.2516p ps=2.16u w=0.74u l=0.13u
X2299 _243_.RESET_B _215_.A VDD VDD sg13_lv_pmos ad=0.3808p pd=2.92u as=0.3808p ps=2.92u w=1.12u l=0.13u
X2300 a_15046_9199# _260_.RESET_B GND.t116 GND.t1575 sg13_lv_nmos ad=37.8f pd=0.6u as=0.1701p ps=1.65u w=0.42u l=0.13u
X2301 a_5376_17061# _207_.A1 VDD VDD sg13_lv_pmos ad=0.1596p pd=1.22u as=0.4536p ps=2.76u w=0.84u l=0.13u
X2302 VDD GND.t659 VDD VDD sg13_lv_pmos ad=0.19p pd=1.38u as=0 ps=0 w=1u l=1u
X2303 _192_.C a_6048_13011# a_6197_13342# GND.t1 sg13_lv_nmos ad=0.2516p pd=2.16u as=0.1406p ps=1.12u w=0.74u l=0.13u
X2304 a_3300_5416# a_3819_5423# a_4559_5773# GND.t20 sg13_lv_nmos ad=0.3473p pd=2.71u as=0.12665p ps=1.145u w=0.74u l=0.13u
X2305 a_8964_13722# _194_.X a_8870_13722# GND.t1 sg13_lv_nmos ad=60.89999f pd=0.71u as=0.1428p ps=1.52u w=0.42u l=0.13u
X2306 VDD GND.t1018 VDD VDD sg13_lv_pmos ad=0.34p pd=2.68u as=0 ps=0 w=1u l=1u
X2307 a_2052_12210# _120_.X a_1958_12210# GND.t184 sg13_lv_nmos ad=60.89999f pd=0.71u as=0.1428p ps=1.52u w=0.42u l=0.13u
X2308 a_6862_15532# _200_.Y VDD VDD sg13_lv_pmos ad=0.2128p pd=1.5u as=0.3808p ps=2.92u w=1.12u l=0.13u
X2309 GND.t137 a_7616_15437# _205_.B1 GND.t1375 sg13_lv_nmos ad=0.1331p pd=1.12u as=0.2516p ps=2.16u w=0.74u l=0.13u
X2310 freq_out a_16840_4688# VDD VDD sg13_lv_pmos ad=0.42p pd=2.99u as=0.2114p ps=1.54u w=1.12u l=0.13u
X2311 VDD _227_.Y a_14534_8874# VDD sg13_lv_pmos ad=0.36237p pd=2.605u as=79.8f ps=0.8u w=0.42u l=0.13u
X2312 VDD GND.t245 VDD VDD sg13_lv_pmos ad=0.34p pd=2.68u as=0 ps=0 w=1u l=1u
X2313 a_14794_11428# a_15237_11471# a_15177_11507# VDD sg13_lv_pmos ad=79.8f pd=0.8u as=63f ps=0.72u w=0.42u l=0.13u
X2314 a_8292_17064# a_8266_16969# VDD VDD sg13_lv_pmos ad=0.34p pd=2.68u as=0.36237p ps=2.605u w=1u l=0.13u
X2315 VDD GND.t763 VDD VDD sg13_lv_pmos ad=0.34p pd=2.68u as=0 ps=0 w=1u l=1u
X2316 VDD a_11279_9263# a_11946_9484# VDD sg13_lv_pmos ad=0.2128p pd=1.5u as=0.3864p ps=2.93u w=1.12u l=0.13u
X2317 VDD GND.t408 VDD VDD sg13_lv_pmos ad=0.19p pd=1.38u as=0 ps=0 w=1u l=1u
X2318 GND.t230 VDD GND.t230 GND.t845 sg13_lv_nmos ad=0.1428p pd=1.52u as=0 ps=0 w=0.42u l=1u
X2319 GND.t9 VDD GND.t862 GND.t1 sg13_lv_nmos ad=0.1428p pd=1.52u as=0 ps=0 w=0.42u l=1u
X2320 a_6516_4248# _210_.B a_6060_4166# GND.t477 sg13_lv_nmos ad=78.39999f pd=0.885u as=0.2176p ps=1.96u w=0.64u l=0.13u
X2321 VDD _252_.RESET_B a_9322_4873# VDD sg13_lv_pmos ad=0.1563p pd=1.22u as=0.147p ps=1.54u w=0.42u l=0.13u
X2322 GND.t185 a_3380_13690# _247_.CLK GND.t1 sg13_lv_nmos ad=0.1406p pd=1.12u as=0.1406p ps=1.12u w=0.74u l=0.13u
X2323 a_10415_12287# a_9573_12189# a_9156_12528# VDD sg13_lv_pmos ad=0.2048p pd=1.63u as=0.34p ps=2.68u w=1u l=0.13u
X2324 a_9513_14113# a_9156_14040# VDD VDD sg13_lv_pmos ad=63f pd=0.72u as=0.1563p ps=1.22u w=0.42u l=0.13u
X2325 GND.t117 _170_.B a_7841_9212# GND.t116 sg13_lv_nmos ad=0.2516p pd=2.16u as=0.1406p ps=1.12u w=0.74u l=0.13u
X2326 VDD GND.t104 VDD VDD sg13_lv_pmos ad=0.34p pd=2.68u as=0 ps=0 w=1u l=1u
X2327 GND.t79 VDD GND.t79 GND.t1102 sg13_lv_nmos ad=79.8f pd=0.8u as=0 ps=0 w=0.42u l=1u
X2328 a_14628_9186# _213_.Y a_14534_9186# GND.t428 sg13_lv_nmos ad=60.89999f pd=0.71u as=0.1428p ps=1.52u w=0.42u l=0.13u
X2329 VDD _118_.A0 a_4462_16052# VDD sg13_lv_pmos ad=0.2618p pd=1.63u as=0.2856p ps=2.36u w=0.84u l=0.13u
X2330 a_12106_12433# a_12549_12189# a_11846_12210# GND.t108 sg13_lv_nmos ad=79.8f pd=0.8u as=0.1296p ps=1.52u w=0.42u l=0.13u
X2331 a_2853_8447# _243_.CLK GND.t116 GND.t617 sg13_lv_nmos ad=0.2516p pd=2.16u as=3.59495p ps=22.57u w=0.74u l=0.13u
X2332 a_2398_4654# _243_.Q a_2301_4948# VDD sg13_lv_pmos ad=0.2225p pd=1.445u as=0.3325p ps=1.665u w=1u l=0.13u
X2333 a_7616_15437# _193_.Y a_7753_15280# GND.t134 sg13_lv_nmos ad=0.2176p pd=1.96u as=0.1216p ps=1.02u w=0.64u l=0.13u
X2334 a_15012_12223# a_15243_12332# a_14698_12433# GND.t611 sg13_lv_nmos ad=0.2373p pd=1.97u as=79.8f ps=0.8u w=0.42u l=0.13u
X2335 a_12825_17061# a_11883_16868# a_12623_16823# VDD sg13_lv_pmos ad=93.45f pd=0.865u as=0.2048p ps=1.63u w=0.42u l=0.13u
X2336 VDD GND.t778 VDD VDD sg13_lv_pmos ad=0.19p pd=1.38u as=0 ps=0 w=1u l=1u
X2337 VDD a_15141_5423# a_15243_5423# VDD sg13_lv_pmos ad=1.48542p pd=9.54u as=0.3864p ps=2.93u w=1.12u l=0.13u
X2338 a_15177_8483# a_14820_8440# VDD VDD sg13_lv_pmos ad=63f pd=0.72u as=0.1563p ps=1.22u w=0.42u l=0.13u
X2339 _161_.Y _153_.Y a_12730_8806# GND.t604 sg13_lv_nmos ad=0.2516p pd=2.16u as=0.1406p ps=1.12u w=0.74u l=0.13u
X2340 VDD GND.t435 VDD VDD sg13_lv_pmos ad=0.19p pd=1.38u as=0 ps=0 w=1u l=1u
X2341 a_4816_5654# _244_.RESET_B VDD VDD sg13_lv_pmos ad=79.8f pd=0.8u as=1.48542p ps=9.54u w=0.42u l=0.13u
X2342 VDD GND.t1193 VDD VDD sg13_lv_pmos ad=0.19p pd=1.38u as=0 ps=0 w=1u l=1u
X2343 GND.t1362 a_4913_13330# _189_.X GND.t1 sg13_lv_nmos ad=0.3108p pd=2.32u as=0.1628p ps=1.18u w=0.74u l=0.13u
X2344 VDD GND.t20 VDD VDD sg13_lv_pmos ad=0.34p pd=2.68u as=0 ps=0 w=1u l=1u
X2345 VDD a_16079_9263# a_16336_9406# VDD sg13_lv_pmos ad=1.94845p pd=12.685u as=79.8f ps=0.8u w=0.42u l=0.13u
X2346 VDD GND.t100 VDD VDD sg13_lv_pmos ad=0.34p pd=2.68u as=0 ps=0 w=1u l=1u
X2347 a_13978_13342# _260_.CLK _128_.B1 GND.t397 sg13_lv_nmos ad=0.1406p pd=1.12u as=0.2516p ps=2.16u w=0.74u l=0.13u
X2348 a_2620_11830# _173_.A a_2126_11726# GND.t174 sg13_lv_nmos ad=0.13135p pd=1.095u as=0.1628p ps=1.18u w=0.74u l=0.13u
X2349 _266_.CLK a_13290_17044# VDD VDD sg13_lv_pmos ad=0.3808p pd=2.92u as=0.2128p ps=1.5u w=1.12u l=0.13u
X2350 VDD GND.t964 VDD VDD sg13_lv_pmos ad=0.34p pd=2.68u as=0 ps=0 w=1u l=1u
X2351 _138_.Y _136_.A GND.t152 GND.t632 sg13_lv_nmos ad=0.1406p pd=1.12u as=0.2516p ps=2.16u w=0.74u l=0.13u
X2352 VDD GND.t1126 VDD VDD sg13_lv_pmos ad=0.19p pd=1.38u as=0 ps=0 w=1u l=1u
X2353 GND.t20 a_2075_5468# a_2512_5782# GND.t106 sg13_lv_nmos ad=0.148p pd=1.14u as=0.3367p ps=1.65u w=0.74u l=0.13u
X2354 GND.t243 a_11279_17869# a_11946_17508# GND.t115 sg13_lv_nmos ad=0.1406p pd=1.12u as=0.2516p ps=2.16u w=0.74u l=0.13u
X2355 VDD _119_.A0 a_5084_12972# VDD sg13_lv_pmos ad=0.2128p pd=1.5u as=0.3808p ps=2.92u w=1.12u l=0.13u
X2356 GND.t225 _219_.Y a_2244_9186# GND.t416 sg13_lv_nmos ad=0.1626p pd=1.415u as=60.89999f ps=0.71u w=0.42u l=0.13u
X2357 VDD GND.t115 VDD VDD sg13_lv_pmos ad=0.34p pd=2.68u as=0 ps=0 w=1u l=1u
X2358 a_2232_17770# _124_.S GND.t104 GND.t1466 sg13_lv_nmos ad=0.187p pd=1.78u as=0.18945p ps=1.27u w=0.55u l=0.13u
X2359 GND.t38 VDD GND.t38 GND.t1008 sg13_lv_nmos ad=0.1428p pd=1.52u as=0 ps=0 w=0.42u l=1u
X2360 a_11940_12210# _126_.Y a_11846_12210# GND.t463 sg13_lv_nmos ad=60.89999f pd=0.71u as=0.1428p ps=1.52u w=0.42u l=0.13u
X2361 a_12331_5760# _148_.A a_12237_5760# GND.t20 sg13_lv_nmos ad=0.1216p pd=1.02u as=0.2176p ps=1.96u w=0.64u l=0.13u
X2362 _118_.A0 a_4074_17044# GND.t237 GND.t16 sg13_lv_nmos ad=0.2516p pd=2.16u as=0.1406p ps=1.12u w=0.74u l=0.13u
X2363 VDD GND.t204 VDD VDD sg13_lv_pmos ad=0.34p pd=2.68u as=0 ps=0 w=1u l=1u
X2364 VDD GND.t751 VDD VDD sg13_lv_pmos ad=0.19p pd=1.38u as=0 ps=0 w=1u l=1u
X2365 VDD GND.t1328 VDD VDD sg13_lv_pmos ad=0.19p pd=1.38u as=0 ps=0 w=1u l=1u
X2366 VDD _241_.Y a_11078_16746# VDD sg13_lv_pmos ad=0.36237p pd=2.605u as=79.8f ps=0.8u w=0.42u l=0.13u
X2367 GND.t71 _124_.S a_2075_4692# GND.t1464 sg13_lv_nmos ad=0.18945p pd=1.27u as=0.187p ps=1.78u w=0.55u l=0.13u
X2368 _170_.Y _165_.Y a_7736_8802# GND.t116 sg13_lv_nmos ad=0.2516p pd=2.16u as=0.1406p ps=1.12u w=0.74u l=0.13u
X2369 VDD GND.t1126 VDD VDD sg13_lv_pmos ad=0.34p pd=2.68u as=0 ps=0 w=1u l=1u
X2370 GND.t984 a_3886_10702# clkbuf_1_0__f_sclk.A GND.t1522 sg13_lv_nmos ad=0.1406p pd=1.12u as=0.1406p ps=1.12u w=0.74u l=0.13u
X2371 a_13804_10996# _131_.A2 _132_.Y VDD sg13_lv_pmos ad=0.1176p pd=1.33u as=0.3808p ps=2.92u w=1.12u l=0.13u
X2372 VDD GND.t364 VDD VDD sg13_lv_pmos ad=0.19p pd=1.38u as=0 ps=0 w=1u l=1u
X2373 VDD a_2661_12189# a_2763_12332# VDD sg13_lv_pmos ad=1.42082p pd=9.125u as=0.3864p ps=2.93u w=1.12u l=0.13u
X2374 VDD a_11731_8698# _180_.X VDD sg13_lv_pmos ad=0.3808p pd=2.92u as=0.3808p ps=2.92u w=1.12u l=0.13u
X2375 GND.t763 VDD GND.t763 GND.t810 sg13_lv_nmos ad=0.1428p pd=1.52u as=0 ps=0 w=0.42u l=1u
X2376 a_14950_5837# _226_.Y GND.t288 GND.t327 sg13_lv_nmos ad=37.8f pd=0.6u as=0.1701p ps=1.65u w=0.42u l=0.13u
X2377 _247_.CLK a_3380_13690# GND.t1440 GND.t1 sg13_lv_nmos ad=0.1406p pd=1.12u as=0.1406p ps=1.12u w=0.74u l=0.13u
X2378 VDD GND.t367 VDD VDD sg13_lv_pmos ad=0.19p pd=1.38u as=0 ps=0 w=1u l=1u
X2379 VDD GND.t143 VDD VDD sg13_lv_pmos ad=0.34p pd=2.68u as=0 ps=0 w=1u l=1u
X2380 VDD GND.t1149 VDD VDD sg13_lv_pmos ad=0.34p pd=2.68u as=0 ps=0 w=1u l=1u
X2381 GND.t113 VDD GND.t113 GND.t948 sg13_lv_nmos ad=0.1428p pd=1.52u as=0 ps=0 w=0.42u l=1u
X2382 VDD GND.t115 VDD VDD sg13_lv_pmos ad=0.19p pd=1.38u as=0 ps=0 w=1u l=1u
X2383 VDD a_4144_4142# a_4089_4023# VDD sg13_lv_pmos ad=5.15485p pd=34.14u as=93.45f ps=0.865u w=0.42u l=0.13u
X2384 VDD a_3886_10702# clkbuf_1_0__f_sclk.A VDD sg13_lv_pmos ad=0.2128p pd=1.5u as=0.2128p ps=1.5u w=1.12u l=0.13u
X2385 a_14830_16746# a_15071_17016# a_14359_16710# GND.t95 sg13_lv_nmos ad=0.1428p pd=1.52u as=0.12665p ps=1.145u w=0.42u l=0.13u
X2386 VDD GND.t1187 VDD VDD sg13_lv_pmos ad=0.19p pd=1.38u as=0 ps=0 w=1u l=1u
X2387 a_2602_3868# a_3045_3911# a_2985_3947# VDD sg13_lv_pmos ad=79.8f pd=0.8u as=63f ps=0.72u w=0.42u l=0.13u
X2388 _149_.A a_16650_5412# VDD VDD sg13_lv_pmos ad=0.3808p pd=2.92u as=0.2128p ps=1.5u w=1.12u l=0.13u
X2389 _170_.B _154_.X VDD VDD sg13_lv_pmos ad=0.2128p pd=1.5u as=0.3808p ps=2.92u w=1.12u l=0.13u
X2390 GND.t49 VDD GND.t49 GND.t945 sg13_lv_nmos ad=0.1428p pd=1.52u as=0 ps=0 w=0.42u l=1u
X2391 VDD _145_.X a_11974_8436# VDD sg13_lv_pmos ad=0.19p pd=1.38u as=0.2125p ps=1.425u w=1u l=0.13u
X2392 GND.t236 VDD GND.t236 GND.t722 sg13_lv_nmos ad=0.1428p pd=1.52u as=0 ps=0 w=0.42u l=1u
X2393 GND.t571 VDD GND.t1018 GND.t1017 sg13_lv_nmos ad=0.1428p pd=1.52u as=0 ps=0 w=0.42u l=1u
X2394 GND.t522 _263_.CLK _133_.Y GND.t521 sg13_lv_nmos ad=0.1463p pd=1.15u as=0.1694p ps=1.21u w=0.77u l=0.13u
X2395 a_8603_9484# _171_.A _181_.Y VDD sg13_lv_pmos ad=0.2128p pd=1.5u as=0.3808p ps=2.92u w=1.12u l=0.13u
X2396 VDD _176_.B a_6336_11499# VDD sg13_lv_pmos ad=0.2891p pd=1.695u as=0.1596p ps=1.22u w=0.84u l=0.13u
X2397 _243_.CLK a_3956_6888# GND.t1042 GND.t1388 sg13_lv_nmos ad=0.1406p pd=1.12u as=0.1406p ps=1.12u w=0.74u l=0.13u
X2398 VDD GND.t104 VDD VDD sg13_lv_pmos ad=0.19p pd=1.38u as=0 ps=0 w=1u l=1u
X2399 GND.t661 VDD GND.t661 GND.t663 sg13_lv_nmos ad=0.1428p pd=1.52u as=0 ps=0 w=0.42u l=1u
X2400 VDD a_14063_16357# a_14730_15996# VDD sg13_lv_pmos ad=0.2128p pd=1.5u as=0.3864p ps=2.93u w=1.12u l=0.13u
X2401 VDD GND.t1214 VDD VDD sg13_lv_pmos ad=0.19p pd=1.38u as=0 ps=0 w=1u l=1u
X2402 GND.t1153 VDD GND.t1152 GND.t20 sg13_lv_nmos ad=0.1428p pd=1.52u as=0 ps=0 w=0.42u l=1u
X2403 VDD GND.t1117 VDD VDD sg13_lv_pmos ad=0.34p pd=2.68u as=0 ps=0 w=1u l=1u
X2404 VDD GND.t1059 VDD VDD sg13_lv_pmos ad=0.19p pd=1.38u as=0 ps=0 w=1u l=1u
X2405 a_1580_16710# fanout8.A VDD VDD sg13_lv_pmos ad=0.2856p pd=2.36u as=0.2114p ps=1.54u w=0.84u l=0.13u
X2406 a_9130_13945# a_9573_13701# a_8870_13722# GND.t345 sg13_lv_nmos ad=79.8f pd=0.8u as=0.1296p ps=1.52u w=0.42u l=0.13u
X2407 GND.t79 a_13073_7728# _160_.B GND.t545 sg13_lv_nmos ad=0.3108p pd=2.32u as=0.1628p ps=1.18u w=0.74u l=0.13u
X2408 a_10020_17512# a_10539_17519# a_11279_17869# GND.t115 sg13_lv_nmos ad=0.3473p pd=2.71u as=0.12665p ps=1.145u w=0.74u l=0.13u
X2409 _263_.CLK a_16266_15532# VDD VDD sg13_lv_pmos ad=0.3808p pd=2.92u as=0.2128p ps=1.5u w=1.12u l=0.13u
X2410 GND.t683 VDD GND.t115 GND.t115 sg13_lv_nmos ad=0.1428p pd=1.52u as=0 ps=0 w=0.42u l=1u
X2411 GND.t79 _160_.B a_13973_7678# GND.t481 sg13_lv_nmos ad=0.1898p pd=1.36u as=0.2516p ps=2.16u w=0.74u l=0.13u
X2412 VDD GND.t1190 VDD VDD sg13_lv_pmos ad=0.34p pd=2.68u as=0 ps=0 w=1u l=1u
X2413 VDD a_12549_12189# a_12651_12332# VDD sg13_lv_pmos ad=1.42082p pd=9.125u as=0.3864p ps=2.93u w=1.12u l=0.13u
X2414 VDD GND.t1064 VDD VDD sg13_lv_pmos ad=0.34p pd=2.68u as=0 ps=0 w=1u l=1u
X2415 GND.t34 _256_.RESET_B a_8964_12210# GND.t308 sg13_lv_nmos ad=0.1626p pd=1.415u as=60.89999f ps=0.71u w=0.42u l=0.13u
X2416 _147_.B1 a_11661_4696# VDD VDD sg13_lv_pmos ad=0.3808p pd=2.92u as=0.1918p ps=1.5u w=1.12u l=0.13u
X2417 a_2301_4948# _124_.S VDD VDD sg13_lv_pmos ad=0.3325p pd=1.665u as=0.253p ps=1.53u w=1u l=0.13u
X2418 a_6468_4968# a_6987_4772# a_7727_4727# GND.t216 sg13_lv_nmos ad=0.3473p pd=2.71u as=0.12665p ps=1.145u w=0.74u l=0.13u
X2419 a_3760_12430# _220_.Y VDD VDD sg13_lv_pmos ad=79.8f pd=0.8u as=1.42082p ps=9.125u w=0.42u l=0.13u
X2420 VDD GND.t1333 VDD VDD sg13_lv_pmos ad=0.19p pd=1.38u as=0 ps=0 w=1u l=1u
X2421 VDD a_10752_7989# _162_.B VDD sg13_lv_pmos ad=0.3808p pd=2.92u as=0.2408p ps=1.55u w=1.12u l=0.13u
X2422 a_14794_8404# a_15237_8447# a_14534_8874# GND.t440 sg13_lv_nmos ad=79.8f pd=0.8u as=0.1296p ps=1.52u w=0.42u l=0.13u
X2423 a_12612_16434# _135_.X a_12518_16434# GND.t31 sg13_lv_nmos ad=60.89999f pd=0.71u as=0.1428p ps=1.52u w=0.42u l=0.13u
X2424 GND.t354 a_4559_4727# a_5226_4948# GND.t353 sg13_lv_nmos ad=0.1406p pd=1.12u as=0.2516p ps=2.16u w=0.74u l=0.13u
X2425 VDD a_3717_4629# a_3819_4772# VDD sg13_lv_pmos ad=1.48542p pd=9.54u as=0.3864p ps=2.93u w=1.12u l=0.13u
X2426 VDD GND.t661 VDD VDD sg13_lv_pmos ad=0.19p pd=1.38u as=0 ps=0 w=1u l=1u
X2427 a_14340_15552# a_14859_15356# a_15599_15311# GND.t349 sg13_lv_nmos ad=0.3473p pd=2.71u as=0.12665p ps=1.145u w=0.74u l=0.13u
X2428 VDD GND.t408 VDD VDD sg13_lv_pmos ad=0.34p pd=2.68u as=0 ps=0 w=1u l=1u
X2429 GND.t124 _168_.A a_6677_8806# GND.t116 sg13_lv_nmos ad=0.1898p pd=1.36u as=0.2516p ps=2.16u w=0.74u l=0.13u
X2430 VDD GND.t230 VDD VDD sg13_lv_pmos ad=0.19p pd=1.38u as=0 ps=0 w=1u l=1u
X2431 a_1862_16746# _118_.X VDD VDD sg13_lv_pmos ad=79.8f pd=0.8u as=0.1428p ps=1.52u w=0.42u l=0.13u
X2432 GND.t87 VDD GND.t878 GND.t877 sg13_lv_nmos ad=0.1428p pd=1.52u as=0 ps=0 w=0.42u l=1u
X2433 GND.t751 VDD GND.t751 GND.t790 sg13_lv_nmos ad=79.8f pd=0.8u as=0 ps=0 w=0.42u l=1u
X2434 GND.t259 _131_.A2 a_13025_11808# GND.t258 sg13_lv_nmos ad=0.2516p pd=2.16u as=0.1406p ps=1.12u w=0.74u l=0.13u
X2435 GND.t185 a_3407_13333# a_4074_12972# GND.t1 sg13_lv_nmos ad=0.1406p pd=1.12u as=0.2516p ps=2.16u w=0.74u l=0.13u
X2436 VDD GND.t1279 VDD VDD sg13_lv_pmos ad=0.34p pd=2.68u as=0 ps=0 w=1u l=1u
X2437 a_8115_5412# _143_.A VDD VDD sg13_lv_pmos ad=0.1428p pd=1.375u as=0.2891p ps=1.695u w=1.12u l=0.13u
X2438 a_14820_9504# a_14794_9409# GND.t116 GND.t510 sg13_lv_nmos ad=0.2516p pd=2.16u as=0.1626p ps=1.415u w=0.74u l=0.13u
X2439 GND.t246 a_3952_9406# a_3601_9263# GND.t116 sg13_lv_nmos ad=79.8f pd=0.8u as=0.1428p ps=1.52u w=0.42u l=0.13u
X2440 GND.t760 VDD GND.t760 GND.t761 sg13_lv_nmos ad=79.8f pd=0.8u as=0 ps=0 w=0.42u l=1u
X2441 _151_.B a_13073_5770# a_13244_5412# VDD sg13_lv_pmos ad=0.3808p pd=2.92u as=0.2128p ps=1.5u w=1.12u l=0.13u
X2442 a_2436_8440# a_2955_8447# a_3695_8797# GND.t116 sg13_lv_nmos ad=0.3473p pd=2.71u as=0.12665p ps=1.145u w=0.74u l=0.13u
X2443 a_11481_9501# a_10539_9308# a_11279_9263# VDD sg13_lv_pmos ad=93.45f pd=0.865u as=0.2048p ps=1.63u w=0.42u l=0.13u
X2444 _220_.Y _215_.A VDD VDD sg13_lv_pmos ad=0.3808p pd=2.92u as=0.3808p ps=2.92u w=1.12u l=0.13u
X2445 VDD GND.t445 VDD VDD sg13_lv_pmos ad=0.19p pd=1.38u as=0 ps=0 w=1u l=1u
X2446 VDD GND.t79 VDD VDD sg13_lv_pmos ad=0.19p pd=1.38u as=0 ps=0 w=1u l=1u
X2447 VDD GND.t38 VDD VDD sg13_lv_pmos ad=0.34p pd=2.68u as=0 ps=0 w=1u l=1u
X2448 _209_.Y a_6720_17061# a_6869_16750# GND.t16 sg13_lv_nmos ad=0.2516p pd=2.16u as=0.1406p ps=1.12u w=0.74u l=0.13u
X2449 a_14534_11898# _131_.Y VDD VDD sg13_lv_pmos ad=79.8f pd=0.8u as=0.1428p ps=1.52u w=0.42u l=0.13u
X2450 GND.t30 _236_.A _240_.Y GND.t29 sg13_lv_nmos ad=0.2516p pd=2.16u as=0.2516p ps=2.16u w=0.74u l=0.13u
X2451 _192_.C _189_.X a_6291_12972# VDD sg13_lv_pmos ad=0.2408p pd=1.55u as=0.1428p ps=1.375u w=1.12u l=0.13u
X2452 GND.t92 a_16240_5654# a_15889_5773# GND.t91 sg13_lv_nmos ad=79.8f pd=0.8u as=0.1428p ps=1.52u w=0.42u l=0.13u
X2453 GND.t471 _179_.Y a_8501_10702# GND.t1408 sg13_lv_nmos ad=0.1898p pd=1.36u as=0.2516p ps=2.16u w=0.74u l=0.13u
X2454 a_6048_13011# _190_.A VDD VDD sg13_lv_pmos ad=0.1596p pd=1.22u as=0.4536p ps=2.76u w=0.84u l=0.13u
X2455 VDD GND.t1264 VDD VDD sg13_lv_pmos ad=0.34p pd=2.68u as=0 ps=0 w=1u l=1u
X2456 GND.t589 VDD GND.t1021 GND.t1020 sg13_lv_nmos ad=0.1428p pd=1.52u as=0 ps=0 w=0.42u l=1u
X2457 VDD _179_.Y _183_.Y VDD sg13_lv_pmos ad=0.3808p pd=2.92u as=0.2128p ps=1.5u w=1.12u l=0.13u
X2458 VDD GND.t964 VDD VDD sg13_lv_pmos ad=0.34p pd=2.68u as=0 ps=0 w=1u l=1u
X2459 a_15599_15311# a_14757_15213# a_15505_15311# GND.t462 sg13_lv_nmos ad=0.12665p pd=1.145u as=0.1428p ps=1.52u w=0.42u l=0.13u
X2460 VDD _174_.Y a_6389_9484# VDD sg13_lv_pmos ad=0.2128p pd=1.5u as=0.3808p ps=2.92u w=1.12u l=0.13u
X2461 GND.t404 _201_.Y a_7157_16366# GND.t16 sg13_lv_nmos ad=0.1898p pd=1.36u as=0.2516p ps=2.16u w=0.74u l=0.13u
X2462 GND.t399 VDD GND.t399 GND.t852 sg13_lv_nmos ad=0.1428p pd=1.52u as=0 ps=0 w=0.42u l=1u
X2463 _147_.Y _147_.A1 a_11475_4248# GND.t474 sg13_lv_nmos ad=0.1406p pd=1.12u as=0.1406p ps=1.12u w=0.74u l=0.13u
X2464 GND.t833 VDD GND.t90 GND.t832 sg13_lv_nmos ad=0.1428p pd=1.52u as=0 ps=0 w=0.42u l=1u
X2465 GND.t1042 a_3956_6888# _243_.CLK GND.t1381 sg13_lv_nmos ad=0.1406p pd=1.12u as=0.1406p ps=1.12u w=0.74u l=0.13u
X2466 GND.t38 VDD GND.t38 GND.t1011 sg13_lv_nmos ad=79.8f pd=0.8u as=0 ps=0 w=0.42u l=1u
X2467 a_14919_16964# a_15071_17016# VDD VDD sg13_lv_pmos ad=0.3864p pd=2.93u as=1.30717p ps=8.395u w=1.12u l=0.13u
X2468 GND.t754 VDD GND.t754 GND.t755 sg13_lv_nmos ad=0.1428p pd=1.52u as=0 ps=0 w=0.42u l=1u
X2469 VDD _247_.CLK clkload0.Y VDD sg13_lv_pmos ad=0.3808p pd=2.92u as=0.3808p ps=2.92u w=1.12u l=0.13u
X2470 a_7985_13776# _186_.Y GND.t100 GND.t1 sg13_lv_nmos ad=0.17462p pd=1.185u as=0.374p ps=2.46u w=0.55u l=0.13u
X2471 _256_.RESET_B _236_.A GND.t34 GND.t33 sg13_lv_nmos ad=0.2516p pd=2.16u as=0.2516p ps=2.16u w=0.74u l=0.13u
X2472 _148_.A a_5226_5412# GND.t390 GND.t20 sg13_lv_nmos ad=0.2516p pd=2.16u as=0.1406p ps=1.12u w=0.74u l=0.13u
X2473 VDD GND.t1193 VDD VDD sg13_lv_pmos ad=0.34p pd=2.68u as=0 ps=0 w=1u l=1u
X2474 a_8595_10996# _179_.Y VDD VDD sg13_lv_pmos ad=0.1428p pd=1.375u as=0.2891p ps=1.695u w=1.12u l=0.13u
X2475 VDD GND.t828 VDD VDD sg13_lv_pmos ad=0.34p pd=2.68u as=0 ps=0 w=1u l=1u
X2476 VDD GND.t1054 VDD VDD sg13_lv_pmos ad=0.19p pd=1.38u as=0 ps=0 w=1u l=1u
X2477 a_15108_11885# a_15339_11471# a_14794_11428# GND.t549 sg13_lv_nmos ad=0.2373p pd=1.97u as=79.8f ps=0.8u w=0.42u l=0.13u
X2478 VDD GND.t913 VDD VDD sg13_lv_pmos ad=0.19p pd=1.38u as=0 ps=0 w=1u l=1u
X2479 _136_.B a_8394_4948# VDD VDD sg13_lv_pmos ad=0.3808p pd=2.92u as=0.2128p ps=1.5u w=1.12u l=0.13u
X2480 VDD a_9765_4629# a_9867_4772# VDD sg13_lv_pmos ad=1.48542p pd=9.54u as=0.3864p ps=2.93u w=1.12u l=0.13u
X2481 a_12420_12223# a_12651_12332# a_12106_12433# GND.t108 sg13_lv_nmos ad=0.2373p pd=1.97u as=79.8f ps=0.8u w=0.42u l=0.13u
X2482 a_8042_3900# _136_.A VDD VDD sg13_lv_pmos ad=0.1176p pd=1.33u as=0.4032p ps=2.96u w=1.12u l=0.13u
X2483 a_2298_14020# a_2232_13916# VDD VDD sg13_lv_pmos ad=0.2975p pd=1.595u as=0.2198p ps=1.52u w=1u l=0.13u
X2484 GND.t192 _222_.A _250_.RESET_B GND.t118 sg13_lv_nmos ad=0.2516p pd=2.16u as=0.2516p ps=2.16u w=0.74u l=0.13u
X2485 VDD GND.t471 VDD VDD sg13_lv_pmos ad=0.19p pd=1.38u as=0 ps=0 w=1u l=1u
X2486 a_4796_17044# _207_.Y VDD VDD sg13_lv_pmos ad=0.2128p pd=1.5u as=0.2128p ps=1.5u w=1.12u l=0.13u
X2487 a_11652_16759# a_11883_16868# a_11338_16969# GND.t29 sg13_lv_nmos ad=0.2373p pd=1.97u as=79.8f ps=0.8u w=0.42u l=0.13u
X2488 a_2601_12601# a_2244_12528# VDD VDD sg13_lv_pmos ad=63f pd=0.72u as=0.1563p ps=1.22u w=0.42u l=0.13u
X2489 VDD GND.t408 VDD VDD sg13_lv_pmos ad=0.34p pd=2.68u as=0 ps=0 w=1u l=1u
X2490 VDD GND.t143 VDD VDD sg13_lv_pmos ad=0.34p pd=2.68u as=0 ps=0 w=1u l=1u
X2491 a_14314_15457# a_14757_15213# a_14054_15234# GND.t459 sg13_lv_nmos ad=79.8f pd=0.8u as=0.1296p ps=1.52u w=0.42u l=0.13u
X2492 VDD GND.t104 VDD VDD sg13_lv_pmos ad=0.34p pd=2.68u as=0 ps=0 w=1u l=1u
X2493 VDD a_3380_13690# _247_.CLK VDD sg13_lv_pmos ad=0.2128p pd=1.5u as=0.2128p ps=1.5u w=1.12u l=0.13u
X2494 GND.t1064 VDD GND.t1064 GND.t1063 sg13_lv_nmos ad=0.1428p pd=1.52u as=0 ps=0 w=0.42u l=1u
X2495 a_7262_3900# _136_.B a_6810_3863# VDD sg13_lv_pmos ad=0.1225p pd=1.245u as=0.34p ps=2.68u w=1u l=0.13u
X2496 GND.t79 VDD GND.t79 GND.t1105 sg13_lv_nmos ad=0.1428p pd=1.52u as=0 ps=0 w=0.42u l=1u
X2497 GND.t38 VDD GND.t38 GND.t976 sg13_lv_nmos ad=0.1428p pd=1.52u as=0 ps=0 w=0.42u l=1u
X2498 GND.t12 a_10607_4727# a_11274_4948# GND.t242 sg13_lv_nmos ad=0.1406p pd=1.12u as=0.2516p ps=2.16u w=0.74u l=0.13u
X2499 GND.t79 a_13184_7183# _160_.X GND.t560 sg13_lv_nmos ad=0.1331p pd=1.12u as=0.2516p ps=2.16u w=0.74u l=0.13u
X2500 a_14534_8874# a_15339_8447# a_14794_8404# VDD sg13_lv_pmos ad=0.1428p pd=1.52u as=79.8f ps=0.8u w=0.42u l=0.13u
X2501 a_2916_4325# a_3147_3911# a_2602_3868# GND.t395 sg13_lv_nmos ad=0.2373p pd=1.97u as=79.8f ps=0.8u w=0.42u l=0.13u
X2502 GND.t62 sdata a_1192_7712# GND.t61 sg13_lv_nmos ad=0.14875p pd=1.16u as=0.187p ps=1.78u w=0.55u l=0.13u
X2503 VDD GND.t854 VDD VDD sg13_lv_pmos ad=0.19p pd=1.38u as=0 ps=0 w=1u l=1u
X2504 VDD GND.t1059 VDD VDD sg13_lv_pmos ad=0.19p pd=1.38u as=0 ps=0 w=1u l=1u
X2505 VDD GND.t79 VDD VDD sg13_lv_pmos ad=0.19p pd=1.38u as=0 ps=0 w=1u l=1u
X2506 a_2662_9199# _219_.Y GND.t225 GND.t415 sg13_lv_nmos ad=37.8f pd=0.6u as=0.1701p ps=1.65u w=0.42u l=0.13u
X2507 a_15046_8861# _227_.Y GND.t116 GND.t1575 sg13_lv_nmos ad=37.8f pd=0.6u as=0.1701p ps=1.65u w=0.42u l=0.13u
X2508 a_5201_9240# _136_.A a_5169_9508# VDD sg13_lv_pmos ad=0.34p pd=2.68u as=0.1225p ps=1.245u w=1u l=0.13u
X2509 clkbuf_1_0__f_sclk.A a_3886_10702# GND.t984 GND.t1523 sg13_lv_nmos ad=0.1406p pd=1.12u as=0.1406p ps=1.12u w=0.74u l=0.13u
X2510 GND.t34 VDD GND.t34 GND.t898 sg13_lv_nmos ad=0.1428p pd=1.52u as=0 ps=0 w=0.42u l=1u
X2511 a_7984_4870# a_7727_4727# a_8146_4650# GND.t431 sg13_lv_nmos ad=0.1428p pd=1.52u as=37.8f ps=0.6u w=0.42u l=0.13u
X2512 VDD GND.t115 VDD VDD sg13_lv_pmos ad=0.34p pd=2.68u as=0 ps=0 w=1u l=1u
X2513 VDD GND.t651 VDD VDD sg13_lv_pmos ad=0.19p pd=1.38u as=0 ps=0 w=1u l=1u
X2514 VDD a_11279_17869# a_11536_17750# VDD sg13_lv_pmos ad=1.30717p pd=8.395u as=79.8f ps=0.8u w=0.42u l=0.13u
X2515 VDD GND.t196 VDD VDD sg13_lv_pmos ad=0.19p pd=1.38u as=0 ps=0 w=1u l=1u
X2516 VDD GND.t38 VDD VDD sg13_lv_pmos ad=0.19p pd=1.38u as=0 ps=0 w=1u l=1u
X2517 VDD GND.t312 VDD VDD sg13_lv_pmos ad=0.34p pd=2.68u as=0 ps=0 w=1u l=1u
X2518 a_6048_13011# _189_.X a_6011_13320# GND.t1 sg13_lv_nmos ad=0.2176p pd=1.96u as=78.39999f ps=0.885u w=0.64u l=0.13u
X2519 _219_.Y _215_.A VDD VDD sg13_lv_pmos ad=0.3808p pd=2.92u as=0.3808p ps=2.92u w=1.12u l=0.13u
X2520 a_14063_16357# a_13221_16007# a_13969_16357# GND.t4 sg13_lv_nmos ad=0.12665p pd=1.145u as=0.1428p ps=1.52u w=0.42u l=0.13u
X2521 a_16281_9501# a_15339_9308# a_16079_9263# VDD sg13_lv_pmos ad=93.45f pd=0.865u as=0.2048p ps=1.63u w=0.42u l=0.13u
X2522 GND.t359 a_16240_12430# a_15889_12287# GND.t179 sg13_lv_nmos ad=79.8f pd=0.8u as=0.1428p ps=1.52u w=0.42u l=0.13u
X2523 GND.t661 VDD GND.t661 GND.t705 sg13_lv_nmos ad=79.8f pd=0.8u as=0 ps=0 w=0.42u l=1u
X2524 a_14320_16238# _237_.Y VDD VDD sg13_lv_pmos ad=79.8f pd=0.8u as=1.6291p ps=10.53u w=0.42u l=0.13u
X2525 VDD _136_.B a_6836_3900# VDD sg13_lv_pmos ad=0.2128p pd=1.5u as=0.2128p ps=1.5u w=1.12u l=0.13u
X2526 GND.t79 VDD GND.t79 GND.t1067 sg13_lv_nmos ad=79.8f pd=0.8u as=0 ps=0 w=0.42u l=1u
X2527 VDD GND.t964 VDD VDD sg13_lv_pmos ad=0.19p pd=1.38u as=0 ps=0 w=1u l=1u
X2528 GND.t1143 VDD GND.t1142 GND.t20 sg13_lv_nmos ad=0.1428p pd=1.52u as=0 ps=0 w=0.42u l=1u
X2529 _243_.CLK a_3956_6888# VDD VDD sg13_lv_pmos ad=0.2128p pd=1.5u as=0.2128p ps=1.5u w=1.12u l=0.13u
X2530 VDD GND.t763 VDD VDD sg13_lv_pmos ad=0.19p pd=1.38u as=0 ps=0 w=1u l=1u
X2531 VDD GND.t1214 VDD VDD sg13_lv_pmos ad=0.34p pd=2.68u as=0 ps=0 w=1u l=1u
X2532 VDD GND.t62 VDD VDD sg13_lv_pmos ad=0.34p pd=2.68u as=0 ps=0 w=1u l=1u
X2533 a_10895_8436# _164_.B1 _164_.Y VDD sg13_lv_pmos ad=0.3808p pd=2.92u as=0.2128p ps=1.5u w=1.12u l=0.13u
X2534 clkbuf_1_0__f_sclk.A a_3886_10702# VDD VDD sg13_lv_pmos ad=0.2128p pd=1.5u as=0.2128p ps=1.5u w=1.12u l=0.13u
X2535 VDD GND.t98 VDD VDD sg13_lv_pmos ad=0.19p pd=1.38u as=0 ps=0 w=1u l=1u
X2536 a_13338_5770# _147_.Y GND.t188 GND.t20 sg13_lv_nmos ad=88.8f pd=0.98u as=0.15245p ps=1.17u w=0.74u l=0.13u
X2537 clkbuf_1_0__f_sclk.A a_3886_10702# GND.t53 GND.t1519 sg13_lv_nmos ad=0.1406p pd=1.12u as=0.1406p ps=1.12u w=0.74u l=0.13u
X2538 VDD GND.t230 VDD VDD sg13_lv_pmos ad=0.19p pd=1.38u as=0 ps=0 w=1u l=1u
X2539 a_2793_8483# a_2436_8440# VDD VDD sg13_lv_pmos ad=63f pd=0.72u as=0.1563p ps=1.22u w=0.42u l=0.13u
X2540 VDD GND.t77 VDD VDD sg13_lv_pmos ad=0.34p pd=2.68u as=0 ps=0 w=1u l=1u
X2541 GND.t24 a_2126_13912# _119_.X GND.t1515 sg13_lv_nmos ad=0.148p pd=1.14u as=0.4033p ps=2.57u w=0.74u l=0.13u
X2542 VDD _144_.B a_8564_5412# VDD sg13_lv_pmos ad=0.2128p pd=1.5u as=0.2128p ps=1.5u w=1.12u l=0.13u
X2543 VDD GND.t280 VDD VDD sg13_lv_pmos ad=0.19p pd=1.38u as=0 ps=0 w=1u l=1u
X2544 GND.t259 VDD GND.t259 GND.t939 sg13_lv_nmos ad=0.1428p pd=1.52u as=0 ps=0 w=0.42u l=1u
X2545 VDD a_3407_16357# a_3664_16238# VDD sg13_lv_pmos ad=1.6291p pd=10.53u as=79.8f ps=0.8u w=0.42u l=0.13u
X2546 a_14532_5850# _151_.X a_14438_5850# GND.t20 sg13_lv_nmos ad=60.89999f pd=0.71u as=0.1428p ps=1.52u w=0.42u l=0.13u
X2547 VDD _145_.X a_10895_8436# VDD sg13_lv_pmos ad=0.2128p pd=1.5u as=0.2128p ps=1.5u w=1.12u l=0.13u
X2548 _181_.Y _171_.A GND.t157 GND.t116 sg13_lv_nmos ad=0.1406p pd=1.12u as=0.2516p ps=2.16u w=0.74u l=0.13u
X2549 VDD GND.t49 VDD VDD sg13_lv_pmos ad=0.34p pd=2.68u as=0 ps=0 w=1u l=1u
X2550 VDD GND.t828 VDD VDD sg13_lv_pmos ad=0.19p pd=1.38u as=0 ps=0 w=1u l=1u
X2551 _134_.Y _128_.B1 a_12984_12952# VDD sg13_lv_pmos ad=0.2128p pd=1.5u as=0.2128p ps=1.5u w=1.12u l=0.15u
X2552 a_9636_4663# a_9348_4968# a_9574_4663# GND.t273 sg13_lv_nmos ad=0.1428p pd=1.52u as=37.8f ps=0.6u w=0.42u l=0.13u
X2553 GND.t116 _227_.Y a_14628_8874# GND.t1574 sg13_lv_nmos ad=0.1626p pd=1.415u as=60.89999f ps=0.71u w=0.42u l=0.13u
X2554 VDD GND.t1335 VDD VDD sg13_lv_pmos ad=0.34p pd=2.68u as=0 ps=0 w=1u l=1u
X2555 VDD GND.t489 VDD VDD sg13_lv_pmos ad=0.34p pd=2.68u as=0 ps=0 w=1u l=1u
X2556 GND.t799 VDD GND.t187 GND.t800 sg13_lv_nmos ad=79.8f pd=0.8u as=0 ps=0 w=0.42u l=1u
X2557 VDD GND.t143 VDD VDD sg13_lv_pmos ad=0.34p pd=2.68u as=0 ps=0 w=1u l=1u
X2558 clkbuf_1_0__f_sclk.A a_3886_10702# VDD VDD sg13_lv_pmos ad=0.2128p pd=1.5u as=0.2128p ps=1.5u w=1.12u l=0.13u
X2559 GND.t104 _124_.S a_2620_17878# GND.t1460 sg13_lv_nmos ad=0.18945p pd=1.27u as=0.13135p ps=1.095u w=0.74u l=0.13u
X2560 a_10989_8784# _160_.X GND.t165 GND.t247 sg13_lv_nmos ad=0.1406p pd=1.12u as=0.2516p ps=2.16u w=0.74u l=0.13u
X2561 _162_.B _154_.X a_10995_7972# VDD sg13_lv_pmos ad=0.2408p pd=1.55u as=0.1428p ps=1.375u w=1.12u l=0.13u
X2562 GND.t1054 VDD GND.t1054 GND.t1057 sg13_lv_nmos ad=79.8f pd=0.8u as=0 ps=0 w=0.42u l=1u
X2563 a_3886_10702# sclk GND.t49 GND.t51 sg13_lv_nmos ad=0.1406p pd=1.12u as=0.1406p ps=1.12u w=0.74u l=0.13u
X2564 a_1580_16710# fanout8.A GND.t192 GND.t118 sg13_lv_nmos ad=0.187p pd=1.78u as=0.14875p ps=1.16u w=0.55u l=0.13u
X2565 GND.t17 VDD GND.t720 GND.t16 sg13_lv_nmos ad=0.1428p pd=1.52u as=0 ps=0 w=0.42u l=1u
X2566 VDD GND.t173 VDD VDD sg13_lv_pmos ad=0.34p pd=2.68u as=0 ps=0 w=1u l=1u
X2567 a_9062_4650# a_9867_4772# a_9322_4873# VDD sg13_lv_pmos ad=0.1428p pd=1.52u as=79.8f ps=0.8u w=0.42u l=0.13u
X2568 VDD GND.t1059 VDD VDD sg13_lv_pmos ad=0.34p pd=2.68u as=0 ps=0 w=1u l=1u
X2569 VDD a_9808_16966# a_9753_17061# VDD sg13_lv_pmos ad=1.30717p pd=8.395u as=93.45f ps=0.865u w=0.42u l=0.13u
X2570 VDD GND.t655 VDD VDD sg13_lv_pmos ad=0.34p pd=2.68u as=0 ps=0 w=1u l=1u
X2571 VDD GND.t766 VDD VDD sg13_lv_pmos ad=0.34p pd=2.68u as=0 ps=0 w=1u l=1u
X2572 GND.t238 _207_.Y a_4625_16800# GND.t16 sg13_lv_nmos ad=0.15245p pd=1.17u as=0.17462p ps=1.185u w=0.55u l=0.13u
X2573 GND.t1166 VDD GND.t1168 GND.t1167 sg13_lv_nmos ad=79.8f pd=0.8u as=0 ps=0 w=0.42u l=1u
X2574 VDD GND.t1059 VDD VDD sg13_lv_pmos ad=0.19p pd=1.38u as=0 ps=0 w=1u l=1u
X2575 GND.t1050 clkbuf_1_0__f_sclk.A a_3956_6888# GND.t1367 sg13_lv_nmos ad=0.1406p pd=1.12u as=0.1406p ps=1.12u w=0.74u l=0.13u
X2576 VDD GND.t20 VDD VDD sg13_lv_pmos ad=0.19p pd=1.38u as=0 ps=0 w=1u l=1u
X2577 GND.t101 VDD GND.t329 GND.t1 sg13_lv_nmos ad=79.8f pd=0.8u as=0 ps=0 w=0.42u l=1u
X2578 a_14320_16238# a_14063_16357# a_14482_16434# GND.t4 sg13_lv_nmos ad=0.1428p pd=1.52u as=37.8f ps=0.6u w=0.42u l=0.13u
X2579 VDD GND.t751 VDD VDD sg13_lv_pmos ad=0.34p pd=2.68u as=0 ps=0 w=1u l=1u
X2580 a_6881_13320# _187_.Y _191_.Y GND.t1 sg13_lv_nmos ad=0.1406p pd=1.12u as=0.1406p ps=1.12u w=0.74u l=0.13u
X2581 a_14067_7972# _160_.B VDD VDD sg13_lv_pmos ad=0.1428p pd=1.375u as=0.2891p ps=1.695u w=1.12u l=0.13u
X2582 VDD _157_.Y a_12549_7996# VDD sg13_lv_pmos ad=0.19p pd=1.38u as=0.2125p ps=1.425u w=1u l=0.13u
X2583 VDD GND.t1050 VDD VDD sg13_lv_pmos ad=0.19p pd=1.38u as=0 ps=0 w=1u l=1u
X2584 _125_.A1 a_1192_7712# VDD VDD sg13_lv_pmos ad=0.42p pd=2.99u as=0.2114p ps=1.54u w=1.12u l=0.13u
X2585 a_3886_10702# sclk VDD VDD sg13_lv_pmos ad=0.2128p pd=1.5u as=0.2128p ps=1.5u w=1.12u l=0.13u
X2586 a_1956_13410# _119_.X a_1862_13410# GND.t148 sg13_lv_nmos ad=60.89999f pd=0.71u as=0.1428p ps=1.52u w=0.42u l=0.13u
X2587 VDD GND.t296 VDD VDD sg13_lv_pmos ad=0.34p pd=2.68u as=0 ps=0 w=1u l=1u
X2588 GND.t389 VDD GND.t913 GND.t912 sg13_lv_nmos ad=79.8f pd=0.8u as=0 ps=0 w=0.42u l=1u
X2589 a_1862_16746# a_2667_16868# a_2122_16969# VDD sg13_lv_pmos ad=0.1428p pd=1.52u as=79.8f ps=0.8u w=0.42u l=0.13u
X2590 GND.t492 _118_.A0 a_4462_16052# GND.t16 sg13_lv_nmos ad=0.17255p pd=1.25u as=0.187p ps=1.78u w=0.55u l=0.13u
X2591 GND.t38 VDD GND.t38 GND.t973 sg13_lv_nmos ad=79.8f pd=0.8u as=0 ps=0 w=0.42u l=1u
X2592 a_3956_6888# clkbuf_1_0__f_sclk.A GND.t1050 GND.t1358 sg13_lv_nmos ad=0.1406p pd=1.12u as=0.1406p ps=1.12u w=0.74u l=0.13u
X2593 _161_.Y _162_.B VDD VDD sg13_lv_pmos ad=0.2128p pd=1.5u as=0.3808p ps=2.92u w=1.12u l=0.13u
X2594 a_13883_11460# _129_.B1 _129_.Y VDD sg13_lv_pmos ad=0.2128p pd=1.5u as=0.3808p ps=2.92u w=1.12u l=0.13u
X2595 _176_.A a_11082_12508# VDD VDD sg13_lv_pmos ad=0.3808p pd=2.92u as=0.2128p ps=1.5u w=1.12u l=0.13u
X2596 VDD _153_.Y a_13244_7972# VDD sg13_lv_pmos ad=0.2128p pd=1.5u as=0.3808p ps=2.92u w=1.12u l=0.13u
X2597 GND.t1059 VDD GND.t1059 GND.t1060 sg13_lv_nmos ad=79.8f pd=0.8u as=0 ps=0 w=0.42u l=1u
X2598 a_2671_6460# _243_.Q a_2494_6166# VDD sg13_lv_pmos ad=0.2975p pd=1.595u as=0.2225p ps=1.445u w=1u l=0.13u
X2599 GND.t989 a_3886_10702# clkbuf_1_0__f_sclk.A GND.t1534 sg13_lv_nmos ad=0.2516p pd=2.16u as=0.1406p ps=1.12u w=0.74u l=0.13u
X2600 VDD GND.t1054 VDD VDD sg13_lv_pmos ad=0.19p pd=1.38u as=0 ps=0 w=1u l=1u
X2601 a_4559_5773# a_3717_5423# a_3300_5416# VDD sg13_lv_pmos ad=0.2048p pd=1.63u as=0.34p ps=2.68u w=1u l=0.13u
X2602 VDD a_3956_6888# _243_.CLK VDD sg13_lv_pmos ad=0.2128p pd=1.5u as=0.2128p ps=1.5u w=1.12u l=0.13u
X2603 GND.t79 VDD GND.t79 GND.t1069 sg13_lv_nmos ad=79.8f pd=0.8u as=0 ps=0 w=0.42u l=1u
X2604 GND.t104 VDD GND.t104 GND.t690 sg13_lv_nmos ad=0.1428p pd=1.52u as=0 ps=0 w=0.42u l=1u
X2605 GND.t69 _242_.RESET_B a_3108_4650# GND.t373 sg13_lv_nmos ad=0.1626p pd=1.415u as=60.89999f ps=0.71u w=0.42u l=0.13u
X2606 VDD GND.t1219 VDD VDD sg13_lv_pmos ad=0.34p pd=2.68u as=0 ps=0 w=1u l=1u
X2607 a_15980_7638# fanout7.A GND.t285 GND.t284 sg13_lv_nmos ad=0.187p pd=1.78u as=0.14875p ps=1.16u w=0.55u l=0.13u
X2608 GND.t445 a_7985_7728# _154_.X GND.t444 sg13_lv_nmos ad=0.3108p pd=2.32u as=0.1628p ps=1.18u w=0.74u l=0.13u
X2609 a_6060_4166# _210_.B VDD VDD sg13_lv_pmos ad=0.1596p pd=1.22u as=0.2891p ps=1.695u w=0.84u l=0.13u
X2610 GND.t79 VDD GND.t79 GND.t1101 sg13_lv_nmos ad=0.1428p pd=1.52u as=0 ps=0 w=0.42u l=1u
X2611 VDD a_3407_16823# a_3664_16966# VDD sg13_lv_pmos ad=1.30717p pd=8.395u as=79.8f ps=0.8u w=0.42u l=0.13u
X2612 GND.t369 VDD GND.t369 GND.t1203 sg13_lv_nmos ad=0.1428p pd=1.52u as=0 ps=0 w=0.42u l=1u
X2613 a_6483_9212# _174_.Y GND.t496 GND.t116 sg13_lv_nmos ad=0.1406p pd=1.12u as=0.2516p ps=2.16u w=0.74u l=0.13u
X2614 VDD a_3886_10702# clkbuf_1_0__f_sclk.A VDD sg13_lv_pmos ad=0.3976p pd=2.95u as=0.2128p ps=1.5u w=1.12u l=0.13u
X2615 VDD GND.t1142 VDD VDD sg13_lv_pmos ad=0.19p pd=1.38u as=0 ps=0 w=1u l=1u
X2616 GND.t471 VDD GND.t471 GND.t990 sg13_lv_nmos ad=0.1428p pd=1.52u as=0 ps=0 w=0.42u l=1u
X2617 GND.t162 a_9167_16357# a_9834_15996# GND.t251 sg13_lv_nmos ad=0.1406p pd=1.12u as=0.2516p ps=2.16u w=0.74u l=0.13u
X2618 VDD _135_.A a_12992_15437# VDD sg13_lv_pmos ad=0.2856p pd=2.36u as=0.1596p ps=1.22u w=0.84u l=0.13u
X2619 VDD GND.t1340 VDD VDD sg13_lv_pmos ad=0.34p pd=2.68u as=0 ps=0 w=1u l=1u
X2620 GND.t115 VDD GND.t115 GND.t670 sg13_lv_nmos ad=79.8f pd=0.8u as=0 ps=0 w=0.42u l=1u
X2621 GND.t301 a_3664_16238# a_3313_16357# GND.t16 sg13_lv_nmos ad=79.8f pd=0.8u as=0.1428p ps=1.52u w=0.42u l=0.13u
X2622 VDD a_7872_5451# _252_.D VDD sg13_lv_pmos ad=0.3808p pd=2.92u as=0.2408p ps=1.55u w=1.12u l=0.13u
X2623 a_8557_4248# _143_.Y a_8480_4248# GND.t394 sg13_lv_nmos ad=0.1406p pd=1.12u as=94.35f ps=0.995u w=0.74u l=0.13u
X2624 a_15237_11471# _263_.CLK GND.t121 GND.t519 sg13_lv_nmos ad=0.2516p pd=2.16u as=3.25075p ps=21.2u w=0.74u l=0.13u
X2625 a_9994_9409# a_10437_9165# a_10377_9577# VDD sg13_lv_pmos ad=79.8f pd=0.8u as=63f ps=0.72u w=0.42u l=0.13u
X2626 GND.t760 VDD GND.t760 GND.t808 sg13_lv_nmos ad=0.1428p pd=1.52u as=0 ps=0 w=0.42u l=1u
X2627 VDD a_3380_13690# _247_.CLK VDD sg13_lv_pmos ad=0.2128p pd=1.5u as=0.2128p ps=1.5u w=1.12u l=0.13u
X2628 VDD GND.t212 VDD VDD sg13_lv_pmos ad=0.34p pd=2.68u as=0 ps=0 w=1u l=1u
X2629 GND.t933 VDD GND.t312 GND.t932 sg13_lv_nmos ad=0.1428p pd=1.52u as=0 ps=0 w=0.42u l=1u
X2630 _259_.RESET_B _222_.A VDD VDD sg13_lv_pmos ad=0.3808p pd=2.92u as=0.3808p ps=2.92u w=1.12u l=0.13u
X2631 VDD a_6048_13011# _192_.C VDD sg13_lv_pmos ad=0.3808p pd=2.92u as=0.2408p ps=1.55u w=1.12u l=0.13u
X2632 a_14666_16746# a_14359_16710# a_14572_16746# GND.t95 sg13_lv_nmos ad=37.8f pd=0.6u as=0.1428p ps=1.52u w=0.42u l=0.13u
X2633 GND.t766 VDD GND.t763 GND.t765 sg13_lv_nmos ad=0.1428p pd=1.52u as=0 ps=0 w=0.42u l=1u
X2634 VDD GND.t1124 VDD VDD sg13_lv_pmos ad=0.34p pd=2.68u as=0 ps=0 w=1u l=1u
X2635 VDD GND.t115 VDD VDD sg13_lv_pmos ad=0.19p pd=1.38u as=0 ps=0 w=1u l=1u
X2636 _129_.B1 _126_.B1 a_13464_12952# VDD sg13_lv_pmos ad=0.2128p pd=1.5u as=0.2128p ps=1.5u w=1.12u l=0.15u
X2637 GND.t92 VDD GND.t1171 GND.t1169 sg13_lv_nmos ad=79.8f pd=0.8u as=0 ps=0 w=0.42u l=1u
X2638 _243_.CLK a_3956_6888# GND.t1048 GND.t1390 sg13_lv_nmos ad=0.1406p pd=1.12u as=0.1406p ps=1.12u w=0.74u l=0.13u
X2639 a_2505_16043# a_2148_16000# VDD VDD sg13_lv_pmos ad=63f pd=0.72u as=0.1563p ps=1.22u w=0.42u l=0.13u
X2640 a_14698_5380# a_15141_5423# a_14438_5850# GND.t1485 sg13_lv_nmos ad=79.8f pd=0.8u as=0.1296p ps=1.52u w=0.42u l=0.13u
X2641 a_13403_8436# _157_.Y _158_.Y VDD sg13_lv_pmos ad=0.2128p pd=1.5u as=0.3808p ps=2.92u w=1.12u l=0.13u
X2642 a_2126_13912# _119_.A0 a_2298_13726# GND.t1417 sg13_lv_nmos ad=0.1628p pd=1.18u as=0.3367p ps=1.65u w=0.74u l=0.13u
X2643 a_13019_6460# _148_.X VDD VDD sg13_lv_pmos ad=0.3808p pd=2.92u as=0.2128p ps=1.5u w=1.12u l=0.13u
X2644 GND.t292 a_3380_13690# _247_.CLK GND.t1 sg13_lv_nmos ad=0.1406p pd=1.12u as=0.1406p ps=1.12u w=0.74u l=0.13u
X2645 VDD a_7727_4727# a_7984_4870# VDD sg13_lv_pmos ad=1.48542p pd=9.54u as=79.8f ps=0.8u w=0.42u l=0.13u
X2646 a_3108_5850# _244_.D a_3014_5850# GND.t106 sg13_lv_nmos ad=60.89999f pd=0.71u as=0.1428p ps=1.52u w=0.42u l=0.13u
X2647 GND.t188 _148_.X a_13121_6188# GND.t20 sg13_lv_nmos ad=0.2516p pd=2.16u as=0.1406p ps=1.12u w=0.74u l=0.13u
X2648 a_14820_9504# a_14794_9409# VDD VDD sg13_lv_pmos ad=0.34p pd=2.68u as=0.36237p ps=2.605u w=1u l=0.13u
X2649 GND.t1143 VDD GND.t1144 GND.t20 sg13_lv_nmos ad=79.8f pd=0.8u as=0 ps=0 w=0.42u l=1u
X2650 GND.t863 _191_.Y _193_.Y GND.t1 sg13_lv_nmos ad=0.2516p pd=2.16u as=0.1406p ps=1.12u w=0.74u l=0.13u
X2651 a_16079_8797# a_15237_8447# a_14820_8440# VDD sg13_lv_pmos ad=0.2048p pd=1.63u as=0.34p ps=2.68u w=1u l=0.13u
X2652 a_15237_9165# _260_.CLK VDD VDD sg13_lv_pmos ad=0.4088p pd=2.97u as=1.94845p ps=12.685u w=1.12u l=0.13u
X2653 VDD GND.t256 VDD VDD sg13_lv_pmos ad=0.34p pd=2.68u as=0 ps=0 w=1u l=1u
X2654 VDD GND.t230 VDD VDD sg13_lv_pmos ad=0.34p pd=2.68u as=0 ps=0 w=1u l=1u
X2655 a_8050_10326# _164_.Y GND.t111 GND.t1428 sg13_lv_nmos ad=0.2516p pd=2.16u as=0.1406p ps=1.12u w=0.74u l=0.15u
X2656 a_14566_15247# _239_.Y GND.t161 GND.t418 sg13_lv_nmos ad=37.8f pd=0.6u as=0.1701p ps=1.65u w=0.42u l=0.13u
X2657 a_2565_12983# _247_.CLK VDD VDD sg13_lv_pmos ad=0.4088p pd=2.97u as=1.36162p ps=8.745u w=1.12u l=0.13u
X2658 GND.t1059 VDD GND.t1059 GND.t1061 sg13_lv_nmos ad=0.1428p pd=1.52u as=0 ps=0 w=0.42u l=1u
X2659 GND.t754 VDD GND.t751 GND.t791 sg13_lv_nmos ad=0.1428p pd=1.52u as=0 ps=0 w=0.42u l=1u
X2660 GND.t364 VDD GND.t364 GND.t148 sg13_lv_nmos ad=0.1428p pd=1.52u as=0 ps=0 w=0.42u l=1u
X2661 GND.t10 VDD GND.t43 GND.t1 sg13_lv_nmos ad=0.1428p pd=1.52u as=0 ps=0 w=0.42u l=1u
X2662 GND.t489 VDD GND.t489 GND.t694 sg13_lv_nmos ad=0.1428p pd=1.52u as=0 ps=0 w=0.42u l=1u
X2663 GND.t232 _192_.Y a_6958_13764# GND.t1 sg13_lv_nmos ad=0.17255p pd=1.25u as=0.187p ps=1.78u w=0.55u l=0.13u
X2664 VDD _240_.Y a_9734_17946# VDD sg13_lv_pmos ad=0.36237p pd=2.605u as=79.8f ps=0.8u w=0.42u l=0.13u
X2665 _207_.B1 a_4462_16052# GND.t492 GND.t16 sg13_lv_nmos ad=0.1406p pd=1.12u as=0.17255p ps=1.25u w=0.74u l=0.13u
X2666 GND.t117 _170_.Y a_8014_8492# GND.t116 sg13_lv_nmos ad=0.17255p pd=1.25u as=0.187p ps=1.78u w=0.55u l=0.13u
X2667 VDD GND.t749 VDD VDD sg13_lv_pmos ad=0.34p pd=2.68u as=0 ps=0 w=1u l=1u
X2668 VDD _148_.B a_8488_8436# VDD sg13_lv_pmos ad=0.2114p pd=1.54u as=0.2856p ps=2.36u w=0.84u l=0.13u
X2669 GND.t426 a_9424_16238# a_9073_16357# GND.t250 sg13_lv_nmos ad=79.8f pd=0.8u as=0.1428p ps=1.52u w=0.42u l=0.13u
X2670 GND.t79 VDD GND.t79 GND.t1103 sg13_lv_nmos ad=0.1428p pd=1.52u as=0 ps=0 w=0.42u l=1u
X2671 a_6124_9945# _174_.Y VDD VDD sg13_lv_pmos ad=0.1596p pd=1.22u as=0.1596p ps=1.22u w=0.84u l=0.13u
X2672 GND.t749 VDD GND.t751 GND.t750 sg13_lv_nmos ad=79.8f pd=0.8u as=0 ps=0 w=0.42u l=1u
X2673 a_4114_8874# _218_.Y GND.t246 GND.t116 sg13_lv_nmos ad=37.8f pd=0.6u as=79.8f ps=0.8u w=0.42u l=0.13u
X2674 GND.t655 VDD GND.t655 GND.t700 sg13_lv_nmos ad=0.1428p pd=1.52u as=0 ps=0 w=0.42u l=1u
X2675 a_8649_17137# a_8292_17064# VDD VDD sg13_lv_pmos ad=63f pd=0.72u as=0.1563p ps=1.22u w=0.42u l=0.13u
X2676 a_3407_16823# a_2565_16725# a_2148_17064# VDD sg13_lv_pmos ad=0.2048p pd=1.63u as=0.34p ps=2.68u w=1u l=0.13u
X2677 _247_.CLK a_3380_13690# VDD VDD sg13_lv_pmos ad=0.2128p pd=1.5u as=0.2128p ps=1.5u w=1.12u l=0.13u
X2678 VDD GND.t958 VDD VDD sg13_lv_pmos ad=0.34p pd=2.68u as=0 ps=0 w=1u l=1u
X2679 a_2558_9972# _173_.A a_2126_10214# VDD sg13_lv_pmos ad=0.3325p pd=1.665u as=0.2225p ps=1.445u w=1u l=0.13u
X2680 a_8518_16759# _259_.RESET_B GND.t335 GND.t450 sg13_lv_nmos ad=37.8f pd=0.6u as=0.1701p ps=1.65u w=0.42u l=0.13u
X2681 VDD GND.t137 VDD VDD sg13_lv_pmos ad=0.34p pd=2.68u as=0 ps=0 w=1u l=1u
X2682 GND.t824 VDD GND.t300 GND.t823 sg13_lv_nmos ad=0.1428p pd=1.52u as=0 ps=0 w=0.42u l=1u
X2683 VDD GND.t1059 VDD VDD sg13_lv_pmos ad=0.19p pd=1.38u as=0 ps=0 w=1u l=1u
X2684 GND.t188 _157_.B a_13073_5770# GND.t20 sg13_lv_nmos ad=0.15245p pd=1.17u as=0.17462p ps=1.185u w=0.55u l=0.13u
X2685 _139_.X a_10769_4258# a_10940_3900# VDD sg13_lv_pmos ad=0.3808p pd=2.92u as=0.2128p ps=1.5u w=1.12u l=0.13u
X2686 a_2398_5782# _210_.A a_2301_5436# VDD sg13_lv_pmos ad=0.2225p pd=1.445u as=0.3325p ps=1.665u w=1u l=0.13u
X2687 a_5376_17061# _207_.A2 a_5339_16792# GND.t16 sg13_lv_nmos ad=0.2176p pd=1.96u as=78.39999f ps=0.885u w=0.64u l=0.13u
X2688 GND.t40 a_13648_12430# a_13297_12287# GND.t447 sg13_lv_nmos ad=79.8f pd=0.8u as=0.1428p ps=1.52u w=0.42u l=0.13u
X2689 GND.t721 VDD GND.t720 GND.t16 sg13_lv_nmos ad=0.1428p pd=1.52u as=0 ps=0 w=0.42u l=1u
X2690 a_8265_16043# a_7908_16000# VDD VDD sg13_lv_pmos ad=63f pd=0.72u as=0.1563p ps=1.22u w=0.42u l=0.13u
X2691 a_10769_4258# _243_.Q GND.t1210 GND.t1413 sg13_lv_nmos ad=0.17462p pd=1.185u as=0.374p ps=2.46u w=0.55u l=0.13u
X2692 GND.t20 _124_.S a_2171_6204# GND.t106 sg13_lv_nmos ad=0.18945p pd=1.27u as=0.187p ps=1.78u w=0.55u l=0.13u
X2693 _256_.RESET_B _236_.A VDD VDD sg13_lv_pmos ad=0.3808p pd=2.92u as=0.3808p ps=2.92u w=1.12u l=0.13u
X2694 GND.t958 VDD GND.t958 GND.t995 sg13_lv_nmos ad=79.8f pd=0.8u as=0 ps=0 w=0.42u l=1u
X2695 VDD GND.t1131 VDD VDD sg13_lv_pmos ad=0.34p pd=2.68u as=0 ps=0 w=1u l=1u
X2696 _207_.A1 a_9834_15996# VDD VDD sg13_lv_pmos ad=0.3808p pd=2.92u as=0.2128p ps=1.5u w=1.12u l=0.13u
X2697 VDD GND.t776 VDD VDD sg13_lv_pmos ad=0.34p pd=2.68u as=0 ps=0 w=1u l=1u
X2698 a_3380_13690# clkbuf_1_0__f_sclk.A GND.t1360 GND.t1 sg13_lv_nmos ad=0.1406p pd=1.12u as=0.1406p ps=1.12u w=0.74u l=0.13u
X2699 VDD _148_.A a_12572_4948# VDD sg13_lv_pmos ad=0.2128p pd=1.5u as=0.3808p ps=2.92u w=1.12u l=0.13u
X2700 VDD GND.t776 VDD VDD sg13_lv_pmos ad=0.34p pd=2.68u as=0 ps=0 w=1u l=1u
X2701 VDD _239_.Y a_14314_15457# VDD sg13_lv_pmos ad=0.1563p pd=1.22u as=0.147p ps=1.54u w=0.42u l=0.13u
X2702 a_6779_12972# _192_.C _191_.Y VDD sg13_lv_pmos ad=0.2128p pd=1.5u as=0.3808p ps=2.92u w=1.12u l=0.13u
X2703 VDD GND.t902 VDD VDD sg13_lv_pmos ad=0.19p pd=1.38u as=0 ps=0 w=1u l=1u
X2704 GND.t5 a_14240_16921# _135_.A GND.t95 sg13_lv_nmos ad=0.1406p pd=1.12u as=0.2516p ps=2.16u w=0.74u l=0.13u
X2705 GND.t757 VDD GND.t760 GND.t807 sg13_lv_nmos ad=79.8f pd=0.8u as=0 ps=0 w=0.42u l=1u
X2706 a_7157_9948# _171_.A VDD VDD sg13_lv_pmos ad=0.2128p pd=1.5u as=0.2128p ps=1.5u w=1.12u l=0.13u
X2707 VDD a_2126_10214# _246_.D VDD sg13_lv_pmos ad=0.2198p pd=1.52u as=0.6048p ps=3.32u w=1.12u l=0.13u
X2708 GND.t1140 VDD GND.t1139 GND.t20 sg13_lv_nmos ad=0.1428p pd=1.52u as=0 ps=0 w=0.42u l=1u
X2709 a_12369_4972# _148_.A VDD VDD sg13_lv_pmos ad=0.1225p pd=1.245u as=0.36p ps=2.72u w=1u l=0.13u
X2710 a_14794_9409# a_15237_9165# a_15177_9577# VDD sg13_lv_pmos ad=79.8f pd=0.8u as=63f ps=0.72u w=0.42u l=0.13u
X2711 VDD GND.t1059 VDD VDD sg13_lv_pmos ad=0.34p pd=2.68u as=0 ps=0 w=1u l=1u
X2712 VDD clkbuf_1_0__f_sclk.A a_3956_6888# VDD sg13_lv_pmos ad=0.2128p pd=1.5u as=0.2128p ps=1.5u w=1.12u l=0.13u
X2713 GND.t60 a_4816_4870# a_4465_4727# GND.t497 sg13_lv_nmos ad=79.8f pd=0.8u as=0.1428p ps=1.52u w=0.42u l=0.13u
X2714 VDD GND.t757 VDD VDD sg13_lv_pmos ad=0.19p pd=1.38u as=0 ps=0 w=1u l=1u
X2715 GND.t367 VDD GND.t1196 GND.t1195 sg13_lv_nmos ad=0.1428p pd=1.52u as=0 ps=0 w=0.42u l=1u
X2716 VDD GND.t744 VDD VDD sg13_lv_pmos ad=0.34p pd=2.68u as=0 ps=0 w=1u l=1u
X2717 VDD GND.t1064 VDD VDD sg13_lv_pmos ad=0.19p pd=1.38u as=0 ps=0 w=1u l=1u
X2718 a_8050_10326# _185_.Y _186_.Y GND.t613 sg13_lv_nmos ad=0.1406p pd=1.12u as=0.2516p ps=2.16u w=0.74u l=0.15u
X2719 a_15861_16904# a_14919_16964# a_15767_17137# VDD sg13_lv_pmos ad=79.8f pd=0.8u as=0.1428p ps=1.52u w=0.42u l=0.13u
X2720 a_10752_7989# _166_.A VDD VDD sg13_lv_pmos ad=0.1596p pd=1.22u as=0.4536p ps=2.76u w=0.84u l=0.13u
X2721 GND.t489 VDD GND.t651 GND.t650 sg13_lv_nmos ad=79.8f pd=0.8u as=0 ps=0 w=0.42u l=1u
X2722 VDD _192_.Y a_6958_13764# VDD sg13_lv_pmos ad=0.2618p pd=1.63u as=0.2856p ps=2.36u w=0.84u l=0.13u
X2723 a_6106_9190# _168_.B GND.t123 GND.t116 sg13_lv_nmos ad=0.1406p pd=1.12u as=0.2516p ps=2.16u w=0.74u l=0.13u
X2724 GND.t941 VDD GND.t183 GND.t942 sg13_lv_nmos ad=79.8f pd=0.8u as=0 ps=0 w=0.42u l=1u
X2725 VDD GND.t1136 VDD VDD sg13_lv_pmos ad=0.19p pd=1.38u as=0 ps=0 w=1u l=1u
X2726 a_2853_8447# _243_.CLK VDD VDD sg13_lv_pmos ad=0.4088p pd=2.97u as=2.75005p ps=18.05u w=1.12u l=0.13u
X2727 _176_.B _148_.B a_5562_12226# GND.t1354 sg13_lv_nmos ad=0.1628p pd=1.18u as=88.8f ps=0.98u w=0.74u l=0.13u
X2728 a_2558_11484# _120_.A0 a_2126_11726# VDD sg13_lv_pmos ad=0.3325p pd=1.665u as=0.2225p ps=1.445u w=1u l=0.13u
X2729 a_12923_11460# _126_.B1 _126_.Y VDD sg13_lv_pmos ad=0.2128p pd=1.5u as=0.3808p ps=2.92u w=1.12u l=0.13u
X2730 GND.t1187 VDD GND.t1187 GND.t1186 sg13_lv_nmos ad=0.1428p pd=1.52u as=0 ps=0 w=0.42u l=1u
X2731 a_3956_6888# clkbuf_1_0__f_sclk.A VDD VDD sg13_lv_pmos ad=0.2128p pd=1.5u as=0.2128p ps=1.5u w=1.12u l=0.13u
X2732 a_11220_5760# _139_.X a_10764_5678# GND.t20 sg13_lv_nmos ad=78.39999f pd=0.885u as=0.2176p ps=1.96u w=0.64u l=0.13u
X2733 a_12401_4704# _148_.A GND.t1214 GND.t1584 sg13_lv_nmos ad=0.17462p pd=1.185u as=0.374p ps=2.46u w=0.55u l=0.13u
X2734 a_2662_8861# _218_.Y GND.t225 GND.t415 sg13_lv_nmos ad=37.8f pd=0.6u as=0.1701p ps=1.65u w=0.42u l=0.13u
X2735 GND.t34 VDD GND.t34 GND.t918 sg13_lv_nmos ad=79.8f pd=0.8u as=0 ps=0 w=0.42u l=1u
X2736 VDD GND.t173 VDD VDD sg13_lv_pmos ad=0.19p pd=1.38u as=0 ps=0 w=1u l=1u
X2737 VDD GND.t254 VDD VDD sg13_lv_pmos ad=0.19p pd=1.38u as=0 ps=0 w=1u l=1u
X2738 VDD GND.t1054 VDD VDD sg13_lv_pmos ad=0.34p pd=2.68u as=0 ps=0 w=1u l=1u
X2739 a_16336_8678# a_16079_8797# a_16498_8874# GND.t7 sg13_lv_nmos ad=0.1428p pd=1.52u as=37.8f ps=0.6u w=0.42u l=0.13u
X2740 GND.t115 VDD GND.t115 GND.t115 sg13_lv_nmos ad=79.8f pd=0.8u as=0 ps=0 w=0.42u l=1u
X2741 a_9513_12601# a_9156_12528# VDD VDD sg13_lv_pmos ad=63f pd=0.72u as=0.1563p ps=1.22u w=0.42u l=0.13u
X2742 _200_.Y _195_.Y VDD VDD sg13_lv_pmos ad=0.3808p pd=2.92u as=0.2128p ps=1.5u w=1.12u l=0.13u
X2743 a_2532_12223# a_2763_12332# a_2218_12433# GND.t184 sg13_lv_nmos ad=0.2373p pd=1.97u as=79.8f ps=0.8u w=0.42u l=0.13u
X2744 VDD _230_.Y a_9130_13945# VDD sg13_lv_pmos ad=0.1563p pd=1.22u as=0.147p ps=1.54u w=0.42u l=0.13u
X2745 a_2494_6166# _243_.Q a_2397_6166# GND.t106 sg13_lv_nmos ad=0.1628p pd=1.18u as=0.13135p ps=1.095u w=0.74u l=0.13u
X2746 VDD GND.t578 VDD VDD sg13_lv_pmos ad=0.19p pd=1.38u as=0 ps=0 w=1u l=1u
X2747 a_9828_9186# _172_.Y a_9734_9186# GND.t116 sg13_lv_nmos ad=60.89999f pd=0.71u as=0.1428p ps=1.52u w=0.42u l=0.13u
X2748 VDD GND.t315 VDD VDD sg13_lv_pmos ad=0.34p pd=2.68u as=0 ps=0 w=1u l=1u
X2749 GND.t683 VDD GND.t683 GND.t670 sg13_lv_nmos ad=79.8f pd=0.8u as=0 ps=0 w=0.42u l=1u
X2750 VDD GND.t749 VDD VDD sg13_lv_pmos ad=0.19p pd=1.38u as=0 ps=0 w=1u l=1u
X2751 GND.t77 rst a_1192_17508# GND.t479 sg13_lv_nmos ad=0.14875p pd=1.16u as=0.187p ps=1.78u w=0.55u l=0.13u
X2752 VDD GND.t651 VDD VDD sg13_lv_pmos ad=0.34p pd=2.68u as=0 ps=0 w=1u l=1u
X2753 GND.t49 VDD GND.t49 GND.t947 sg13_lv_nmos ad=0.1428p pd=1.52u as=0 ps=0 w=0.42u l=1u
X2754 VDD _168_.A _174_.Y VDD sg13_lv_pmos ad=0.3808p pd=2.92u as=0.2128p ps=1.5u w=1.12u l=0.13u
X2755 VDD GND.t79 VDD VDD sg13_lv_pmos ad=0.34p pd=2.68u as=0 ps=0 w=1u l=1u
X2756 a_2410_8404# a_2853_8447# a_2793_8483# VDD sg13_lv_pmos ad=79.8f pd=0.8u as=63f ps=0.72u w=0.42u l=0.13u
X2757 VDD GND.t858 VDD VDD sg13_lv_pmos ad=0.34p pd=2.68u as=0 ps=0 w=1u l=1u
X2758 VDD a_4559_4727# a_5226_4948# VDD sg13_lv_pmos ad=0.2128p pd=1.5u as=0.3864p ps=2.93u w=1.12u l=0.13u
X2759 _193_.Y _191_.Y a_7180_14020# VDD sg13_lv_pmos ad=0.3808p pd=2.92u as=0.1176p ps=1.33u w=1.12u l=0.13u
X2760 VDD GND.t659 VDD VDD sg13_lv_pmos ad=0.19p pd=1.38u as=0 ps=0 w=1u l=1u
X2761 _194_.X a_7985_13776# a_8156_14020# VDD sg13_lv_pmos ad=0.3808p pd=2.92u as=0.2128p ps=1.5u w=1.12u l=0.13u
X2762 a_2148_12976# a_2122_12940# VDD VDD sg13_lv_pmos ad=0.34p pd=2.68u as=0.36237p ps=2.605u w=1u l=0.13u
X2763 GND.t45 _160_.X a_10989_8784# GND.t248 sg13_lv_nmos ad=0.1406p pd=1.12u as=0.1406p ps=1.12u w=0.74u l=0.13u
X2764 a_14724_5416# a_14698_5380# VDD VDD sg13_lv_pmos ad=0.34p pd=2.68u as=0.36237p ps=2.605u w=1u l=0.13u
X2765 a_15141_5423# _251_.CLK GND.t20 GND.t596 sg13_lv_nmos ad=0.2516p pd=2.16u as=7.07497p ps=46.475u w=0.74u l=0.13u
X2766 a_11364_17064# a_11338_16969# VDD VDD sg13_lv_pmos ad=0.34p pd=2.68u as=0.36237p ps=2.605u w=1u l=0.13u
X2767 _252_.D _145_.A2 a_8115_5412# VDD sg13_lv_pmos ad=0.2408p pd=1.55u as=0.1428p ps=1.375u w=1.12u l=0.13u
X2768 VDD a_13824_7989# _159_.Y VDD sg13_lv_pmos ad=0.3808p pd=2.92u as=0.2408p ps=1.55u w=1.12u l=0.13u
X2769 GND.t243 VDD GND.t243 GND.t670 sg13_lv_nmos ad=0.1428p pd=1.52u as=0 ps=0 w=0.42u l=1u
X2770 GND.t1059 VDD GND.t1059 GND.t1062 sg13_lv_nmos ad=79.8f pd=0.8u as=0 ps=0 w=0.42u l=1u
X2771 a_2150_8874# _122_.X VDD VDD sg13_lv_pmos ad=79.8f pd=0.8u as=0.1428p ps=1.52u w=0.42u l=0.13u
X2772 a_12518_16434# a_13323_16007# a_12778_15964# VDD sg13_lv_pmos ad=0.1428p pd=1.52u as=79.8f ps=0.8u w=0.42u l=0.13u
X2773 a_9156_14040# a_9130_13945# GND.t84 GND.t1506 sg13_lv_nmos ad=0.2516p pd=2.16u as=0.1626p ps=1.415u w=0.74u l=0.13u
X2774 GND.t12 a_10864_4870# a_10513_4727# GND.t102 sg13_lv_nmos ad=79.8f pd=0.8u as=0.1428p ps=1.52u w=0.42u l=0.13u
X2775 _243_.CLK a_3956_6888# VDD VDD sg13_lv_pmos ad=0.2128p pd=1.5u as=0.2128p ps=1.5u w=1.12u l=0.13u
X2776 a_2301_5436# _124_.S VDD VDD sg13_lv_pmos ad=0.3325p pd=1.665u as=0.253p ps=1.53u w=1u l=0.13u
X2777 VDD GND.t964 VDD VDD sg13_lv_pmos ad=0.19p pd=1.38u as=0 ps=0 w=1u l=1u
X2778 VDD GND.t683 VDD VDD sg13_lv_pmos ad=0.34p pd=2.68u as=0 ps=0 w=1u l=1u
X2779 a_10834_12210# _256_.RESET_B GND.t312 GND.t311 sg13_lv_nmos ad=37.8f pd=0.6u as=79.8f ps=0.8u w=0.42u l=0.13u
X2780 GND.t98 _186_.Y a_7168_15260# GND.t97 sg13_lv_nmos ad=0.1406p pd=1.12u as=0.1406p ps=1.12u w=0.74u l=0.13u
X2781 GND.t802 VDD GND.t266 GND.t801 sg13_lv_nmos ad=0.1428p pd=1.52u as=0 ps=0 w=0.42u l=1u
X2782 a_9753_17061# a_8811_16868# a_9551_16823# VDD sg13_lv_pmos ad=93.45f pd=0.865u as=0.2048p ps=1.63u w=0.42u l=0.13u
X2783 a_4816_4870# a_4559_4727# a_4978_4650# GND.t352 sg13_lv_nmos ad=0.1428p pd=1.52u as=37.8f ps=0.6u w=0.42u l=0.13u
X2784 VDD GND.t1139 VDD VDD sg13_lv_pmos ad=0.19p pd=1.38u as=0 ps=0 w=1u l=1u
X2785 a_10437_9165# _251_.CLK GND.t116 GND.t597 sg13_lv_nmos ad=0.2516p pd=2.16u as=3.59495p ps=22.57u w=0.74u l=0.13u
X2786 a_8266_16969# a_8709_16725# a_8006_16746# GND.t405 sg13_lv_nmos ad=79.8f pd=0.8u as=0.1296p ps=1.52u w=0.42u l=0.13u
X2787 VDD a_3407_16823# a_4074_17044# VDD sg13_lv_pmos ad=0.2128p pd=1.5u as=0.3864p ps=2.93u w=1.12u l=0.13u
X2788 a_3526_4663# _242_.RESET_B GND.t69 GND.t375 sg13_lv_nmos ad=37.8f pd=0.6u as=0.1701p ps=1.65u w=0.42u l=0.13u
X2789 _122_.A0 a_4362_8436# GND.t169 GND.t116 sg13_lv_nmos ad=0.2516p pd=2.16u as=0.1406p ps=1.12u w=0.74u l=0.13u
X2790 GND.t254 VDD GND.t254 GND.t849 sg13_lv_nmos ad=79.8f pd=0.8u as=0 ps=0 w=0.42u l=1u
X2791 VDD _122_.A0 a_8156_7972# VDD sg13_lv_pmos ad=0.2128p pd=1.5u as=0.3808p ps=2.92u w=1.12u l=0.13u
X2792 GND.t828 VDD GND.t827 GND.t826 sg13_lv_nmos ad=0.1428p pd=1.52u as=0 ps=0 w=0.42u l=1u
X2793 GND.t1161 VDD GND.t288 GND.t1160 sg13_lv_nmos ad=0.1428p pd=1.52u as=0 ps=0 w=0.42u l=1u
X2794 VDD GND.t445 VDD VDD sg13_lv_pmos ad=0.34p pd=2.68u as=0 ps=0 w=1u l=1u
X2795 a_12237_5760# _148_.A VDD VDD sg13_lv_pmos ad=0.1596p pd=1.22u as=0.2856p ps=2.36u w=0.84u l=0.13u
X2796 GND.t552 VDD GND.t552 GND.t31 sg13_lv_nmos ad=0.1428p pd=1.52u as=0 ps=0 w=0.42u l=1u
X2797 GND.t868 VDD GND.t28 GND.t1 sg13_lv_nmos ad=0.1428p pd=1.52u as=0 ps=0 w=0.42u l=1u
X2798 a_11698_9186# _228_.Y GND.t45 GND.t163 sg13_lv_nmos ad=37.8f pd=0.6u as=79.8f ps=0.8u w=0.42u l=0.13u
X2799 a_3952_9406# _219_.Y VDD VDD sg13_lv_pmos ad=79.8f pd=0.8u as=1.94845p ps=12.685u w=0.42u l=0.13u
X2800 VDD _250_.RESET_B a_1862_16434# VDD sg13_lv_pmos ad=0.36237p pd=2.605u as=79.8f ps=0.8u w=0.42u l=0.13u
X2801 VDD GND.t202 VDD VDD sg13_lv_pmos ad=0.19p pd=1.38u as=0 ps=0 w=1u l=1u
X2802 a_8352_11013# _181_.Y a_8315_10744# GND.t469 sg13_lv_nmos ad=0.2176p pd=1.96u as=78.39999f ps=0.885u w=0.64u l=0.13u
X2803 a_2575_4948# _210_.A a_2398_4654# VDD sg13_lv_pmos ad=0.2975p pd=1.595u as=0.2225p ps=1.445u w=1u l=0.13u
X2804 VDD _224_.Y a_6182_4650# VDD sg13_lv_pmos ad=0.36237p pd=2.605u as=79.8f ps=0.8u w=0.42u l=0.13u
X2805 VDD GND.t1042 VDD VDD sg13_lv_pmos ad=0.34p pd=2.68u as=0 ps=0 w=1u l=1u
X2806 VDD GND.t173 VDD VDD sg13_lv_pmos ad=0.34p pd=2.68u as=0 ps=0 w=1u l=1u
X2807 GND.t902 VDD GND.t902 GND.t903 sg13_lv_nmos ad=79.8f pd=0.8u as=0 ps=0 w=0.42u l=1u
X2808 VDD GND.t1131 VDD VDD sg13_lv_pmos ad=0.19p pd=1.38u as=0 ps=0 w=1u l=1u
X2809 a_1956_16746# _118_.X a_1862_16746# GND.t118 sg13_lv_nmos ad=60.89999f pd=0.71u as=0.1428p ps=1.52u w=0.42u l=0.13u
X2810 GND.t836 VDD GND.t147 GND.t835 sg13_lv_nmos ad=0.1428p pd=1.52u as=0 ps=0 w=0.42u l=1u
X2811 GND.t24 _221_.Y a_1956_13410# GND.t507 sg13_lv_nmos ad=0.1626p pd=1.415u as=60.89999f ps=0.71u w=0.42u l=0.13u
X2812 _166_.A a_16746_8436# VDD VDD sg13_lv_pmos ad=0.3808p pd=2.92u as=0.2128p ps=1.5u w=1.12u l=0.13u
X2813 a_2505_13019# a_2148_12976# VDD VDD sg13_lv_pmos ad=63f pd=0.72u as=0.1563p ps=1.22u w=0.42u l=0.13u
X2814 _243_.D a_2398_4654# GND.t71 GND.t372 sg13_lv_nmos ad=0.4033p pd=2.57u as=0.148p ps=1.14u w=0.74u l=0.13u
X2815 VDD GND.t230 VDD VDD sg13_lv_pmos ad=0.34p pd=2.68u as=0 ps=0 w=1u l=1u
X2816 _131_.B1 _260_.CLK a_14357_12972# VDD sg13_lv_pmos ad=0.3808p pd=2.92u as=0.2128p ps=1.5u w=1.12u l=0.13u
X2817 _205_.Y _199_.Y a_7074_15532# VDD sg13_lv_pmos ad=0.3808p pd=2.92u as=0.2128p ps=1.5u w=1.12u l=0.13u
X2818 GND.t941 VDD GND.t183 GND.t942 sg13_lv_nmos ad=79.8f pd=0.8u as=0 ps=0 w=0.42u l=1u
X2819 GND.t760 VDD GND.t763 GND.t809 sg13_lv_nmos ad=79.8f pd=0.8u as=0 ps=0 w=0.42u l=1u
X2820 GND.t1201 VDD GND.t354 GND.t1202 sg13_lv_nmos ad=79.8f pd=0.8u as=0 ps=0 w=0.42u l=1u
X2821 VDD GND.t577 VDD VDD sg13_lv_pmos ad=0.34p pd=2.68u as=0 ps=0 w=1u l=1u
X2822 VDD a_13184_7183# _160_.X VDD sg13_lv_pmos ad=0.1918p pd=1.5u as=0.3808p ps=2.92u w=1.12u l=0.13u
X2823 _186_.Y _185_.Y VDD VDD sg13_lv_pmos ad=0.2128p pd=1.5u as=0.3808p ps=2.92u w=1.12u l=0.15u
X2824 GND.t173 VDD GND.t173 GND.t1003 sg13_lv_nmos ad=79.8f pd=0.8u as=0 ps=0 w=0.42u l=1u
X2825 a_12132_12528# a_12106_12433# GND.t109 GND.t108 sg13_lv_nmos ad=0.2516p pd=2.16u as=0.1626p ps=1.415u w=0.74u l=0.13u
X2826 GND.t1024 VDD GND.t1024 GND.t1023 sg13_lv_nmos ad=0.1428p pd=1.52u as=0 ps=0 w=0.42u l=1u
X2827 GND.t79 VDD GND.t79 GND.t1066 sg13_lv_nmos ad=0.1428p pd=1.52u as=0 ps=0 w=0.42u l=1u
X2828 VDD GND.t725 VDD VDD sg13_lv_pmos ad=0.34p pd=2.68u as=0 ps=0 w=1u l=1u
X2829 VDD GND.t1154 VDD VDD sg13_lv_pmos ad=0.19p pd=1.38u as=0 ps=0 w=1u l=1u
X2830 GND.t238 fanout6.A _207_.B1 GND.t16 sg13_lv_nmos ad=0.2516p pd=2.16u as=0.1406p ps=1.12u w=0.74u l=0.13u
X2831 a_5906_15242# _199_.B1 GND.t456 GND.t455 sg13_lv_nmos ad=0.1406p pd=1.12u as=0.2886p ps=2.26u w=0.74u l=0.13u
X2832 _247_.CLK a_3380_13690# GND.t1431 GND.t1 sg13_lv_nmos ad=0.1406p pd=1.12u as=0.2516p ps=2.16u w=0.74u l=0.13u
X2833 a_7908_16000# a_7882_15964# GND.t335 GND.t559 sg13_lv_nmos ad=0.2516p pd=2.16u as=0.1626p ps=1.415u w=0.74u l=0.13u
X2834 _173_.A a_4362_9484# GND.t169 GND.t116 sg13_lv_nmos ad=0.2516p pd=2.16u as=0.1406p ps=1.12u w=0.74u l=0.13u
X2835 GND.t42 _176_.A a_6485_11830# GND.t1513 sg13_lv_nmos ad=0.1898p pd=1.36u as=0.2516p ps=2.16u w=0.74u l=0.13u
X2836 a_9586_16434# _258_.RESET_B GND.t426 GND.t250 sg13_lv_nmos ad=37.8f pd=0.6u as=79.8f ps=0.8u w=0.42u l=0.13u
X2837 VDD GND.t1024 VDD VDD sg13_lv_pmos ad=0.34p pd=2.68u as=0 ps=0 w=1u l=1u
X2838 VDD GND.t60 VDD VDD sg13_lv_pmos ad=0.34p pd=2.68u as=0 ps=0 w=1u l=1u
X2839 VDD GND.t42 VDD VDD sg13_lv_pmos ad=0.34p pd=2.68u as=0 ps=0 w=1u l=1u
X2840 GND.t408 a_2126_7864# _122_.X GND.t407 sg13_lv_nmos ad=0.148p pd=1.14u as=0.4033p ps=2.57u w=0.74u l=0.13u
X2841 GND.t183 VDD GND.t49 GND.t944 sg13_lv_nmos ad=79.8f pd=0.8u as=0 ps=0 w=0.42u l=1u
X2842 VDD GND.t854 VDD VDD sg13_lv_pmos ad=0.19p pd=1.38u as=0 ps=0 w=1u l=1u
X2843 VDD a_15983_12287# a_16240_12430# VDD sg13_lv_pmos ad=1.42082p pd=9.125u as=79.8f ps=0.8u w=0.42u l=0.13u
X2844 VDD a_16336_11702# a_16281_11583# VDD sg13_lv_pmos ad=5.15485p pd=34.14u as=93.45f ps=0.865u w=0.42u l=0.13u
X2845 GND.t399 VDD GND.t399 GND.t886 sg13_lv_nmos ad=0.1428p pd=1.52u as=0 ps=0 w=0.42u l=1u
X2846 GND.t1235 VDD GND.t1237 GND.t1236 sg13_lv_nmos ad=79.8f pd=0.8u as=0 ps=0 w=0.42u l=1u
X2847 VDD a_10607_4727# a_11274_4948# VDD sg13_lv_pmos ad=0.2128p pd=1.5u as=0.3864p ps=2.93u w=1.12u l=0.13u
X2848 VDD GND.t1054 VDD VDD sg13_lv_pmos ad=0.34p pd=2.68u as=0 ps=0 w=1u l=1u
X2849 a_9083_9232# _164_.Y GND.t577 GND.t116 sg13_lv_nmos ad=78.39999f pd=0.885u as=0.2272p ps=1.99u w=0.64u l=0.13u
X2850 clkbuf_1_0__f_sclk.A a_3886_10702# GND.t984 GND.t1531 sg13_lv_nmos ad=0.1406p pd=1.12u as=0.1406p ps=1.12u w=0.74u l=0.13u
X2851 VDD GND.t111 VDD VDD sg13_lv_pmos ad=0.19p pd=1.38u as=0 ps=0 w=1u l=1u
C0 a_2150_8874# a_2410_8404# 0.39302f
C1 _201_.Y _199_.Y 0.13085f
C2 _210_.A a_3300_5416# 0.01062f
C3 _251_.CLK a_16840_4688# 0.15566f
C4 _136_.A a_10940_3900# 0.02046f
C5 a_15767_17137# _211_.Y 0.16513f
C6 a_10764_5678# _147_.A1 0.08275f
C7 a_10220_18222# _236_.A 0.14297f
C8 a_11279_17869# a_11185_17869# 0.15029f
C9 a_14359_16710# a_14830_16746# 0.15029f
C10 a_15980_7638# VDD 0.19951f
C11 a_13073_5770# VDD 0.17019f
C12 _251_.CLK a_9734_9186# 0.05469f
C13 _148_.A _252_.RESET_B 0.03583f
C14 _171_.A _136_.A 0.15097f
C15 _128_.B1 _129_.B1 0.21459f
C16 _125_.A1 VDD 0.62721f
C17 a_9160_17594# VDD 0.14274f
C18 a_6468_4968# a_7727_4727# 0.01303f
C19 _215_.A a_1568_12342# 0.01317f
C20 a_3014_5850# a_3588_5837# 0.16388f
C21 a_14534_11898# a_15237_11471# 0.02432f
C22 a_3695_9263# VDD 0.20057f
C23 _145_.B1 VDD 0.34394f
C24 _147_.Y a_12401_4704# 0.02636f
C25 a_8006_16746# a_8292_17064# 0.21832f
C26 a_8266_16969# a_8709_16725# 0.02242f
C27 _124_.S _243_.Q 0.06237f
C28 a_9573_12189# a_9444_12223# 0.01562f
C29 _131_.A2 _131_.Y 0.02221f
C30 _149_.A _148_.X 0.68459f
C31 a_11731_8698# a_11974_8436# 0.07046f
C32 a_4074_12972# VDD 0.24531f
C33 _189_.X _192_.C 0.04002f
C34 _173_.Y _168_.Y 0.01462f
C35 _164_.Y a_10895_8436# 0.0904f
C36 a_10607_4727# VDD 0.17887f
C37 a_3887_4261# a_4554_3900# 0.06982f
C38 _215_.A _210_.Y 0.02019f
C39 a_15141_5423# a_15889_5773# 0.01058f
C40 _208_.X a_6720_17061# 0.20261f
C41 _236_.A _214_.A 0.04842f
C42 _187_.Y _192_.B 0.45707f
C43 _190_.A a_11082_14020# 0.07007f
C44 a_3664_16238# a_3407_16357# 0.20069f
C45 _236_.Y a_16079_11821# 0.07576f
C46 a_6048_13011# _192_.C 0.12413f
C47 a_3503_12287# VDD 0.20399f
C48 _236_.A a_10415_13799# 0.01138f
C49 _236_.A fanout6.A 0.0846f
C50 _225_.A a_14820_8440# 0.0831f
C51 a_7616_15437# _193_.Y 0.07828f
C52 _244_.RESET_B a_3014_5850# 0.07461f
C53 a_7157_9948# VDD 0.14135f
C54 _145_.B1 a_8386_3900# 0.03671f
C55 a_15071_17016# a_15767_17137# 0.02432f
C56 _131_.A2 a_14820_11464# 0.01716f
C57 _196_.Y _199_.Y 0.27839f
C58 a_10020_17512# a_11279_17869# 0.01303f
C59 _247_.CLK clkload0.Y 0.0773f
C60 _251_.CLK VDD 3.32349f
C61 _157_.Y _147_.Y 0.40815f
C62 fanout6.A a_4755_17508# 0.0138f
C63 _171_.Y a_8488_8436# 0.0264f
C64 fanout7.A _135_.A 0.01388f
C65 _207_.Y _207_.B1 0.13736f
C66 _145_.X a_13824_7989# 0.0188f
C67 _239_.Y a_14340_15552# 0.23747f
C68 a_13323_16007# a_14320_16238# 0.01569f
C69 _118_.A0 a_2298_17532# 0.01292f
C70 a_6958_13764# VDD 0.16712f
C71 _157_.B a_13740_5678# 0.11226f
C72 _218_.Y a_2410_8404# 0.138f
C73 _131_.A2 a_14651_10996# 0.07183f
C74 a_2126_17774# _124_.S 0.07858f
C75 _236_.A a_14794_11428# 0.02365f
C76 _266_.CLK a_14757_15213# 0.15785f
C77 _259_.RESET_B a_9808_16966# 0.06212f
C78 a_2436_9504# VDD 0.09202f
C79 a_2398_4654# a_2301_4654# 0.01625f
C80 _145_.A2 _144_.B 0.06328f
C81 _251_.CLK _228_.Y 0.12448f
C82 a_2122_12940# VDD 0.0981f
C83 _126_.B1 a_13366_13350# 0.04497f
C84 a_7008_16035# a_7157_16366# 0.17527f
C85 _189_.X a_4913_13330# 0.13008f
C86 a_8156_7972# VDD 0.11752f
C87 _214_.Y a_9994_17476# 0.01845f
C88 _252_.D VDD 0.37007f
C89 a_15141_12189# a_15012_12223# 0.01562f
C90 a_9322_4873# VDD 0.09595f
C91 _176_.B _176_.A 0.3623f
C92 a_2628_3904# a_3887_4261# 0.01303f
C93 _230_.Y a_10415_13799# 0.07574f
C94 a_12623_16823# VDD 0.17034f
C95 _246_.D a_2150_9186# 0.14963f
C96 _120_.A0 _215_.A 0.01934f
C97 a_13740_5678# _151_.X 0.01297f
C98 _190_.A a_9156_14040# 0.01198f
C99 a_2148_16000# a_2436_16421# 0.22255f
C100 _222_.A _205_.Y 0.03702f
C101 _135_.X a_12416_16082# 0.01868f
C102 _143_.Y VDD 0.35074f
C103 _259_.RESET_B a_8709_16725# 0.02875f
C104 a_10437_9165# a_11185_9263# 0.01058f
C105 a_14794_9409# a_14820_9504# 0.21121f
C106 _152_.X _148_.X 0.03108f
C107 a_9734_17946# a_10437_17519# 0.02432f
C108 _178_.B1 _184_.Y 0.0167f
C109 _200_.Y VDD 0.48658f
C110 _251_.CLK _180_.X 0.79184f
C111 _210_.B a_6756_4663# 0.01179f
C112 _135_.A a_13323_16007# 0.02741f
C113 a_14698_12433# a_15141_12189# 0.02242f
C114 a_16746_8436# _166_.A 0.0797f
C115 _235_.Y a_14724_12528# 0.23511f
C116 a_5297_12264# a_5468_12508# 0.19823f
C117 _215_.A _243_.D 0.02818f
C118 _151_.X a_14438_5850# 0.15923f
C119 fanout8.A _207_.A2 0.03874f
C120 _176_.B a_6485_11830# 0.02636f
C121 _148_.A _244_.D 0.0539f
C122 _251_.CLK a_15983_5773# 0.01208f
C123 _173_.A VDD 1.31062f
C124 a_3300_4968# a_3588_4663# 0.22255f
C125 _148_.B _187_.Y 0.41763f
C126 _124_.S a_2436_16759# 0.02635f
C127 _143_.Y a_8386_3900# 0.07257f
C128 _238_.Y a_15767_17137# 0.07661f
C129 _144_.B _139_.X 0.0387f
C130 _243_.CLK _244_.RESET_B 0.0431f
C131 _178_.Y VDD 0.38273f
C132 _148_.B _179_.Y 0.34414f
C133 _256_.RESET_B a_9130_12433# 0.16101f
C134 a_2232_15428# a_2298_15532# 0.03308f
C135 a_15141_12189# a_15243_12332# 0.26919f
C136 _166_.A a_17120_8522# 0.01342f
C137 a_8394_4948# VDD 0.24221f
C138 fanout6.A _240_.Y 0.10812f
C139 _136_.A a_11661_4696# 0.16039f
C140 a_2602_3868# a_2628_3904# 0.21121f
C141 _124_.S a_2126_7864# 0.0943f
C142 _230_.Y a_9130_13945# 0.16101f
C143 a_14438_5850# a_14724_5416# 0.21832f
C144 _159_.Y _166_.A 0.03509f
C145 _162_.Y a_12328_7010# 0.01072f
C146 clkbuf_1_0__f_sclk.A _176_.B 0.02917f
C147 _151_.B VDD 0.87646f
C148 _205_.Y _199_.Y 0.26143f
C149 _218_.Y a_3952_8678# 0.0605f
C150 a_13464_12952# VDD 0.01765f
C151 _225_.A _264_.Q 0.08606f
C152 a_11974_8436# VDD 0.18397f
C153 _247_.CLK _221_.Y 0.03203f
C154 a_6060_4166# VDD 0.17088f
C155 _129_.Y a_13883_11460# 0.0857f
C156 _148_.B a_12132_12528# 0.05098f
C157 _186_.Y _181_.Y 0.03282f
C158 _186_.Y VDD 1.32066f
C159 _263_.CLK a_16240_12430# 0.04387f
C160 _178_.B1 a_6124_9945# 0.13736f
C161 a_1192_7712# _125_.A1 0.13284f
C162 _252_.RESET_B VDD 1.03892f
C163 _226_.Y a_16240_5654# 0.0605f
C164 a_15339_8447# a_16079_8797# 0.15395f
C165 a_14794_8404# _166_.A 0.01304f
C166 _118_.A0 a_2232_15428# 0.04017f
C167 _136_.A a_7872_5451# 0.04385f
C168 _247_.CLK a_2667_16007# 0.04035f
C169 _236_.A _256_.RESET_B 0.10373f
C170 _236_.A _230_.Y 0.06598f
C171 _261_.RESET_B a_13391_12287# 0.07574f
C172 a_2075_4692# VDD 0.49954f
C173 _243_.Q _143_.A 0.01504f
C174 _251_.CLK a_15141_5423# 0.1812f
C175 a_3717_4629# a_3819_4772# 0.26919f
C176 _164_.Y a_9120_9501# 0.10819f
C177 a_2853_9165# a_2724_9199# 0.01562f
C178 a_9167_16357# a_9834_15996# 0.06982f
C179 a_3407_16357# VDD 0.1951f
C180 _125_.A1 sdata 0.05312f
C181 clkbuf_1_0__f_sclk.A a_4913_13330# 0.01451f
C182 _148_.A a_5226_5412# 0.0922f
C183 _243_.CLK a_2955_8447# 0.0417f
C184 a_6182_4650# VDD 0.44952f
C185 a_3664_16966# a_4074_17044# 0.05221f
C186 fanout7.A a_10415_13799# 0.02576f
C187 a_14320_16238# VDD 0.12695f
C188 _151_.X _226_.Y 0.03517f
C189 fanout6.A fanout7.A 0.73559f
C190 _148_.B _152_.X 0.10115f
C191 a_12651_12332# a_13391_12287# 0.15395f
C192 _237_.Y a_14320_16238# 0.0605f
C193 _220_.Y a_3760_12430# 0.06198f
C194 _148_.A _243_.Q 0.24279f
C195 _222_.A a_2148_17064# 0.03077f
C196 _181_.Y _164_.Y 0.12703f
C197 a_3664_13214# a_4074_12972# 0.05221f
C198 a_10784_8522# VDD 0.08788f
C199 _148_.B _171_.A 0.1291f
C200 _124_.S a_2150_9186# 0.03844f
C201 _120_.X _173_.A 0.02533f
C202 _243_.Q a_4465_4727# 0.02294f
C203 _164_.Y VDD 0.66133f
C204 a_14698_12433# VDD 0.09615f
C205 _258_.RESET_B _258_.D 0.04978f
C206 _250_.Q a_4462_16052# 0.04602f
C207 _126_.B1 a_14357_12972# 0.07735f
C208 a_9734_9186# a_10020_9504# 0.21832f
C209 a_17032_17594# VDD 0.13719f
C210 a_11279_9263# VDD 0.17436f
C211 _176_.A a_8870_12210# 0.0214f
C212 a_16746_9484# fanout7.A 0.13656f
C213 _215_.A a_3819_4772# 0.01436f
C214 _165_.Y VDD 0.35629f
C215 _226_.Y a_14724_5416# 0.21328f
C216 _236_.A _240_.Y 0.48248f
C217 a_2126_17774# a_2558_17532# 0.02903f
C218 a_2232_17770# a_2298_17532# 0.03308f
C219 _222_.Y a_3407_16823# 0.07574f
C220 _250_.RESET_B a_3407_16357# 0.07584f
C221 a_6958_13764# _192_.Y 0.15564f
C222 a_2763_12332# a_3760_12430# 0.01528f
C223 clkbuf_1_0__f_sclk.A a_5704_13854# 0.01112f
C224 _207_.A2 a_4796_17044# 0.01422f
C225 _186_.Y a_7074_15532# 0.01277f
C226 _164_.Y _228_.Y 0.04311f
C227 _260_.CLK _132_.Y 0.08919f
C228 a_15243_12332# VDD 0.20531f
C229 _147_.A1 a_10607_4727# 0.01f
C230 _228_.Y a_11279_9263# 0.07574f
C231 a_7908_16000# a_9167_16357# 0.01303f
C232 _138_.Y a_9062_4650# 0.05833f
C233 _193_.Y a_8156_14020# 0.02669f
C234 _225_.A a_14724_12528# 0.02371f
C235 _118_.A0 a_2148_17064# 0.04791f
C236 _205_.B1 VDD 0.17788f
C237 _256_.RESET_B a_9675_12332# 0.21556f
C238 _135_.A VDD 0.56476f
C239 a_5376_17061# _208_.X 0.02957f
C240 _139_.X a_11381_3900# 0.09643f
C241 _251_.CLK a_14820_8440# 0.07473f
C242 _173_.A _173_.Y 0.20005f
C243 _263_.CLK a_12549_12189# 0.15136f
C244 _135_.A _237_.Y 0.0265f
C245 _136_.A a_7985_7728# 0.24039f
C246 fanout6.A a_13323_16007# 0.01338f
C247 a_2667_16868# a_3664_16966# 0.01528f
C248 _222_.A _207_.A1 0.05803f
C249 a_11846_12210# a_12132_12528# 0.21832f
C250 _173_.Y _178_.Y 0.42503f
C251 _242_.RESET_B VDD 1.02614f
C252 _135_.A _134_.Y 0.10182f
C253 _148_.A a_3956_6888# 0.0194f
C254 _124_.S a_2232_11722# 0.13509f
C255 a_2148_12976# a_2667_12983# 0.18362f
C256 a_2565_12983# a_2436_13397# 0.01562f
C257 a_9928_8522# VDD 0.15544f
C258 _164_.Y _180_.X 0.15916f
C259 _251_.CLK _147_.A1 0.01843f
C260 a_4074_17044# VDD 0.24788f
C261 a_16736_4782# VDD 0.08712f
C262 _136_.A a_6810_3863# 0.06501f
C263 a_9348_4968# a_9867_4772# 0.18372f
C264 _250_.D a_2148_17064# 0.05045f
C265 a_9573_12189# _251_.CLK 0.15509f
C266 _263_.CLK _260_.CLK 0.11899f
C267 _180_.X a_11279_9263# 0.0253f
C268 a_5333_15532# VDD 0.16957f
C269 a_10020_9504# VDD 0.07331f
C270 _225_.A a_14624_4782# 0.01128f
C271 _151_.B a_13073_7728# 0.01441f
C272 _207_.A1 a_5147_15996# 0.03226f
C273 _225_.A freq_in 0.03175f
C274 _215_.A a_1864_6294# 0.01103f
C275 a_3274_4873# VDD 0.11334f
C276 a_2122_16969# a_2565_16725# 0.02242f
C277 _153_.Y _166_.A 0.02151f
C278 _136_.A _224_.Y 0.01807f
C279 _228_.Y a_9928_8522# 0.02206f
C280 _222_.Y a_2148_17064# 0.22683f
C281 a_1958_12210# a_2661_12189# 0.02454f
C282 _120_.A0 a_4170_12508# 0.09295f
C283 _244_.D VDD 0.28999f
C284 _181_.Y _183_.Y 0.04918f
C285 _236_.A fanout7.A 0.12391f
C286 _183_.Y VDD 0.29137f
C287 _235_.Y a_14534_11898# 0.0251f
C288 _228_.Y a_10020_9504# 0.23682f
C289 a_9994_9409# a_10437_9165# 0.02242f
C290 a_2410_9409# a_2436_9504# 0.21121f
C291 _126_.B1 _131_.B1 0.01231f
C292 a_7882_15964# a_7908_16000# 0.21121f
C293 a_2122_16969# VDD 0.09797f
C294 a_2171_6204# a_2048_6294# 0.01108f
C295 _174_.Y _168_.A 0.60943f
C296 a_16266_15532# _263_.CLK 0.07035f
C297 _129_.B1 a_13648_12430# 0.03515f
C298 _236_.A _126_.Y 0.0854f
C299 _148_.B a_5468_12508# 0.03227f
C300 _124_.S _148_.A 0.46087f
C301 fanout8.A _215_.A 0.16415f
C302 _207_.Y _207_.A1 0.06567f
C303 _222_.A _199_.B1 0.02542f
C304 _242_.D VDD 0.40292f
C305 _118_.A0 a_2298_17878# 0.01667f
C306 fanout6.A a_12518_16434# 0.05767f
C307 a_2565_16725# a_2667_16868# 0.26919f
C308 a_2148_17064# _247_.CLK 0.06601f
C309 _136_.A a_6987_4772# 0.01402f
C310 _201_.Y _200_.Y 0.07093f
C311 _260_.CLK a_16336_11702# 0.01174f
C312 _120_.A0 a_2298_13726# 0.02012f
C313 _120_.A0 clkbuf_1_0__f_sclk.A 0.0498f
C314 _131_.B1 a_14357_12972# 0.08895f
C315 a_1862_13410# a_2122_12940# 0.39302f
C316 _129_.B1 _132_.Y 0.02672f
C317 _258_.RESET_B a_8325_16007# 0.02937f
C318 _266_.CLK _211_.Y 0.02764f
C319 _219_.Y a_3695_9263# 0.07574f
C320 a_2667_16868# VDD 0.21006f
C321 _180_.X a_10020_9504# 0.03281f
C322 a_2126_7864# _148_.A 0.28346f
C323 _187_.Y a_6779_12972# 0.03855f
C324 a_16079_11821# a_16746_11460# 0.06982f
C325 a_11883_16868# a_12880_16966# 0.01528f
C326 _131_.A2 a_14698_12433# 0.01326f
C327 _120_.A0 a_2565_12983# 0.01064f
C328 _145_.X a_13376_4782# 0.01021f
C329 _148_.B _136_.A 0.10354f
C330 fanout7.A _230_.Y 0.03868f
C331 a_10220_18222# VDD 0.19673f
C332 _159_.Y _227_.Y 0.14426f
C333 _243_.RESET_B VDD 1.18788f
C334 a_2075_5468# a_2398_5782# 0.22783f
C335 a_1192_17508# fanout8.A 0.13495f
C336 _210_.Y a_6095_4270# 0.04074f
C337 _120_.A0 a_1958_12210# 0.06639f
C338 _154_.X a_9248_7806# 0.01277f
C339 _173_.A a_2410_9409# 0.01519f
C340 _263_.CLK _129_.B1 0.02956f
C341 _246_.D VDD 0.36778f
C342 _251_.CLK a_7727_4727# 0.02062f
C343 a_15599_15311# a_15856_15454# 0.20069f
C344 a_14757_15213# a_15505_15311# 0.01058f
C345 _131_.A2 a_15243_12332# 0.02024f
C346 _152_.X _147_.Y 0.01493f
C347 _148_.B a_5297_12264# 0.20849f
C348 a_5226_5412# VDD 0.24407f
C349 _241_.Y a_11078_16746# 0.07701f
C350 a_11338_16969# a_11364_17064# 0.21121f
C351 _224_.Y a_6442_4873# 0.15864f
C352 a_15237_9165# _260_.RESET_B 0.02692f
C353 _199_.B1 _199_.Y 0.12536f
C354 _222_.A a_6720_17061# 0.01048f
C355 _227_.Y a_14794_8404# 0.13777f
C356 _260_.CLK a_15237_11471# 0.02223f
C357 _243_.Q VDD 1.24692f
C358 _184_.Y a_7064_9194# 0.01426f
C359 _119_.A0 a_4640_13058# 0.01221f
C360 _185_.Y VDD 0.23455f
C361 _147_.A1 _252_.RESET_B 0.01838f
C362 _196_.Y _200_.Y 0.11833f
C363 _266_.CLK a_15071_17016# 0.153f
C364 _195_.Y _199_.Y 0.10332f
C365 _219_.Y a_2436_9504# 0.25103f
C366 a_10539_17519# freq_in 0.01517f
C367 _225_.A _207_.A1 0.02358f
C368 _124_.S a_1862_16434# 0.02893f
C369 _214_.A VDD 0.55976f
C370 _145_.A2 a_8021_5782# 0.01197f
C371 _225_.A a_14757_15213# 0.04038f
C372 _252_.D a_7727_4727# 0.011f
C373 fanout6.A a_13100_13686# 0.15787f
C374 a_10415_13799# VDD 0.17766f
C375 a_11078_16746# a_11781_16725# 0.02454f
C376 a_15237_11471# a_15985_11821# 0.01058f
C377 a_4559_5773# a_5226_5412# 0.06982f
C378 _171_.A a_8488_8436# 0.01191f
C379 fanout6.A VDD 1.36715f
C380 _124_.S _119_.A0 0.20738f
C381 a_6389_9484# VDD 0.16948f
C382 _215_.A _244_.RESET_B 0.13732f
C383 _173_.A sclk 0.04955f
C384 a_13184_8522# VDD 0.06584f
C385 fanout6.A _237_.Y 0.0551f
C386 a_9551_16823# a_9457_16823# 0.15029f
C387 a_17120_6294# VDD 0.07973f
C388 _171_.Y _172_.Y 0.03449f
C389 a_16650_5412# VDD 0.24613f
C390 _187_.Y _176_.A 0.02023f
C391 _168_.Y _170_.Y 0.01876f
C392 _221_.Y a_2122_12940# 0.14917f
C393 fanout6.A _134_.Y 0.21603f
C394 a_2126_11726# _173_.A 0.27488f
C395 a_2494_6166# a_2608_6166# 0.0308f
C396 _179_.Y a_8352_11013# 0.09545f
C397 a_16746_9484# VDD 0.23758f
C398 _250_.Q a_1862_16746# 0.04067f
C399 _215_.A a_3014_5850# 0.0556f
C400 a_4625_16800# _208_.X 0.13313f
C401 _126_.B1 a_14058_12508# 0.09267f
C402 a_15237_9165# _260_.CLK 0.15951f
C403 a_6760_13854# VDD 0.15499f
C404 a_14794_11428# VDD 0.09629f
C405 a_3717_5423# VDD 0.27764f
C406 a_2126_17774# VDD 0.10461f
C407 a_8292_17064# a_9457_16823# 0.22369f
C408 a_8811_16868# a_8580_16759# 0.06628f
C409 _225_.A a_14534_11898# 0.04327f
C410 a_4881_12972# VDD 0.01071f
C411 a_3956_6888# VDD 1.65035f
C412 _162_.B _148_.X 0.01005f
C413 _119_.A0 a_3407_13333# 0.01867f
C414 _144_.B a_9062_4650# 0.03814f
C415 _173_.A _219_.Y 0.0337f
C416 _122_.A0 _168_.Y 0.38894f
C417 _225_.A _151_.X 0.08035f
C418 a_14432_10830# VDD 0.08862f
C419 a_9573_13701# a_9444_13735# 0.01562f
C420 _143_.A a_7984_4870# 0.03206f
C421 a_6885_4629# a_7633_4727# 0.01058f
C422 a_7727_4727# a_8394_4948# 0.06982f
C423 a_9130_12433# VDD 0.09651f
C424 a_9130_13945# VDD 0.09699f
C425 a_8156_14020# _194_.X 0.05498f
C426 a_14534_11898# a_15339_11471# 0.06896f
C427 fanout8.A a_9352_17508# 0.15774f
C428 _225_.A a_10437_17519# 0.0173f
C429 _148_.B _148_.X 0.17109f
C430 _201_.Y _205_.B1 0.09835f
C431 _148_.B _164_.B1 0.07456f
C432 a_13000_8522# a_13184_8522# 0.0262f
C433 _148_.B _192_.B 0.31724f
C434 a_13041_5412# VDD 0.0107f
C435 _243_.CLK a_3717_4629# 0.18175f
C436 _215_.A a_1864_10034# 0.01184f
C437 a_8538_5375# a_8564_5412# 0.19823f
C438 _250_.Q a_4625_16800# 0.05431f
C439 a_4640_13058# VDD 0.0708f
C440 _266_.CLK _238_.Y 0.21904f
C441 _160_.B VDD 0.36317f
C442 _124_.S a_2565_16725# 0.01488f
C443 clkbuf_1_0__f_sclk.A _187_.Y 0.04021f
C444 _225_.A a_14724_5416# 0.05118f
C445 a_14534_9186# VDD 0.44676f
C446 a_15983_5773# a_16650_5412# 0.06982f
C447 _148_.A _143_.A 0.19802f
C448 _152_.X a_12712_5498# 0.03551f
C449 a_2565_16725# a_2436_16759# 0.01562f
C450 _224_.Y a_6987_4772# 0.21421f
C451 a_14314_15457# a_14054_15234# 0.39302f
C452 a_6528_8475# a_6677_8806# 0.17527f
C453 _124_.S VDD 2.90686f
C454 a_2126_17774# a_2620_17878# 0.01625f
C455 _131_.Y a_14534_11898# 0.15032f
C456 _205_.Y _200_.Y 0.2295f
C457 _236_.A VDD 3.27291f
C458 a_16336_9406# a_16746_9484# 0.05221f
C459 _145_.X _166_.A 0.12502f
C460 _236_.A _237_.Y 0.05858f
C461 a_14940_16710# _211_.Y 0.0161f
C462 _263_.CLK _236_.Y 0.05175f
C463 a_10764_5678# a_10799_5782# 0.17527f
C464 a_11279_17869# a_11946_17508# 0.06982f
C465 _168_.A a_6184_8522# 0.0102f
C466 _247_.CLK _220_.Y 0.02709f
C467 _236_.A _134_.Y 0.07511f
C468 _136_.A _147_.Y 0.07734f
C469 _128_.B1 a_13366_13350# 0.0298f
C470 a_9573_13701# a_9675_13844# 0.26919f
C471 a_2126_7864# VDD 0.1061f
C472 _239_.Y a_15856_15454# 0.06203f
C473 _145_.X a_13740_5678# 0.04128f
C474 _215_.A _243_.CLK 0.43732f
C475 _225_.A _138_.Y 0.13698f
C476 a_2853_8447# a_3601_8797# 0.01058f
C477 a_14534_11898# a_14820_11464# 0.21832f
C478 a_3300_5416# a_3717_5423# 0.22698f
C479 _202_.Y _199_.Y 0.11227f
C480 _247_.CLK a_2667_12983# 0.04344f
C481 _147_.Y a_11661_4696# 0.0236f
C482 a_8266_16969# a_8292_17064# 0.21121f
C483 _225_.A _159_.Y 0.15898f
C484 _122_.X a_2126_7864# 0.116f
C485 a_9156_12528# a_9444_12223# 0.22255f
C486 _136_.A a_8488_8436# 0.14202f
C487 _173_.Y a_6389_9484# 0.0414f
C488 a_3407_13333# VDD 0.1967f
C489 _214_.A _212_.Y 0.22262f
C490 _247_.CLK a_2763_12332# 0.03606f
C491 _124_.S _250_.RESET_B 0.0172f
C492 a_15983_12287# a_15889_12287# 0.15029f
C493 a_14724_5416# a_15889_5773# 0.22369f
C494 a_4144_4142# a_4554_3900# 0.05221f
C495 _256_.RESET_B VDD 1.09519f
C496 _129_.Y a_14438_12210# 0.15458f
C497 fanout6.A _212_.Y 0.09866f
C498 _230_.Y VDD 1.09707f
C499 a_15237_8447# VDD 0.2408f
C500 _236_.Y a_16336_11702# 0.0605f
C501 _157_.B a_13244_5412# 0.04599f
C502 a_6048_13011# a_6197_13342# 0.17527f
C503 a_2667_16007# a_3407_16357# 0.15395f
C504 _205_.Y _186_.Y 0.13528f
C505 _148_.B _162_.B 0.08884f
C506 a_6080_11546# VDD 0.09496f
C507 _225_.A a_14794_8404# 0.03524f
C508 a_11279_9263# a_11185_9263# 0.15029f
C509 a_14820_9504# a_16079_9263# 0.01303f
C510 a_15071_17016# a_14940_16710# 0.22698f
C511 _131_.A2 a_14794_11428# 0.0266f
C512 _118_.A0 a_4462_16052# 0.17844f
C513 a_10437_17519# a_10539_17519# 0.27006f
C514 _196_.Y a_5333_15532# 0.05201f
C515 _182_.Y a_8501_10702# 0.02071f
C516 a_9675_12332# VDD 0.20563f
C517 _171_.Y a_8014_8492# 0.13433f
C518 _235_.Y a_16240_12430# 0.06198f
C519 _170_.B VDD 0.70999f
C520 _239_.Y a_14054_15234# 0.09733f
C521 a_13221_16007# a_13969_16357# 0.01058f
C522 _157_.B a_13073_5770# 0.22465f
C523 a_2150_8874# a_2955_8447# 0.06896f
C524 _124_.S _120_.X 0.04041f
C525 _158_.Y _159_.Y 0.03535f
C526 _259_.RESET_B a_9551_16823# 0.07582f
C527 a_2150_9186# VDD 0.45098f
C528 _266_.CLK a_14340_15552# 0.04455f
C529 _209_.Y a_8006_16746# 0.15543f
C530 _260_.RESET_B _227_.Y 0.02535f
C531 _192_.C a_6272_12342# 0.01217f
C532 _171_.Y _168_.A 0.58234f
C533 _251_.CLK a_9994_9409# 0.04095f
C534 _145_.A2 a_8538_5375# 0.15812f
C535 _160_.X _153_.Y 0.045f
C536 _260_.CLK _129_.Y 0.01223f
C537 a_7953_7996# VDD 0.01061f
C538 a_14724_12528# a_15012_12223# 0.22255f
C539 _136_.A _147_.B1 0.19928f
C540 fanout6.A a_11652_16759# 0.011f
C541 _240_.Y VDD 1.15183f
C542 a_3045_3911# a_3147_3911# 0.27006f
C543 a_14438_5850# a_15243_5423# 0.06896f
C544 _138_.Y a_8557_4248# 0.02132f
C545 _243_.Q _147_.A1 0.05902f
C546 a_13740_5678# a_13775_5782# 0.17527f
C547 _192_.Y a_6760_13854# 0.0247f
C548 _236_.Y a_15237_11471# 0.0283f
C549 a_4456_13058# a_4640_13058# 0.0262f
C550 _164_.Y a_9269_9190# 0.02831f
C551 _192_.B a_6970_12214# 0.01548f
C552 a_13073_7728# _160_.B 0.13212f
C553 a_6836_3900# VDD 0.11829f
C554 _259_.RESET_B a_8292_17064# 0.23987f
C555 a_11661_4696# _147_.B1 0.06451f
C556 fanout6.A _201_.Y 0.0478f
C557 a_10020_9504# a_11185_9263# 0.22369f
C558 a_10539_9308# a_10308_9199# 0.06628f
C559 _145_.X a_13403_8436# 0.03048f
C560 a_14794_9409# a_14534_9186# 0.39302f
C561 _157_.Y a_13184_7183# 0.01135f
C562 _236_.A _131_.A2 0.5182f
C563 _118_.A0 a_2436_16421# 0.01341f
C564 a_9734_17946# a_10020_17512# 0.21832f
C565 a_12215_7664# VDD 0.28553f
C566 _215_.A _224_.Y 0.0603f
C567 _148_.X _147_.Y 0.20034f
C568 _128_.B1 _126_.B1 0.19361f
C569 a_16079_8797# _166_.A 0.01481f
C570 _170_.B _180_.X 0.01572f
C571 a_14698_12433# a_14724_12528# 0.21121f
C572 _235_.Y a_14438_12210# 0.07718f
C573 _122_.A0 a_2436_9504# 0.05011f
C574 _205_.Y _205_.B1 0.16798f
C575 _176_.B a_6336_11499# 0.21593f
C576 _236_.A _212_.Y 0.02296f
C577 a_12518_16434# a_13323_16007# 0.06896f
C578 a_3014_4650# a_3588_4663# 0.16388f
C579 a_2232_11722# VDD 0.52584f
C580 a_3819_4772# a_4816_4870# 0.01528f
C581 _173_.A a_5201_9240# 0.10932f
C582 _238_.Y a_14940_16710# 0.24462f
C583 _122_.A0 a_8156_7972# 0.01008f
C584 _199_.Y _191_.Y 0.03197f
C585 _144_.B a_10764_5678# 0.11194f
C586 _118_.X a_1864_15366# 0.03499f
C587 _165_.Y a_7739_9484# 0.02422f
C588 a_2126_15424# a_2558_15532# 0.02903f
C589 _143_.A VDD 0.9093f
C590 a_14724_12528# a_15243_12332# 0.18372f
C591 a_7984_4870# VDD 0.1282f
C592 a_2342_4338# a_3045_3911# 0.02432f
C593 a_14438_5850# a_14698_5380# 0.39302f
C594 fanout7.A a_13100_13686# 0.01108f
C595 a_13824_7989# a_13973_7678# 0.17527f
C596 _176_.A _178_.B1 0.03742f
C597 _157_.Y _166_.A 0.05926f
C598 fanout7.A VDD 2.84002f
C599 clkbuf_1_0__f_sclk.A a_5468_12508# 0.02017f
C600 _218_.Y a_2955_8447# 0.21427f
C601 a_2724_8861# a_2955_8447# 0.06628f
C602 a_12984_12952# VDD 0.01847f
C603 a_10895_8436# VDD 0.28718f
C604 a_15071_17016# a_15722_16904# 0.01562f
C605 _148_.A a_12572_4948# 0.01008f
C606 _148_.B a_11846_12210# 0.03599f
C607 _126_.Y VDD 0.27161f
C608 fanout7.A _134_.Y 0.03505f
C609 a_9130_12433# a_9573_12189# 0.02242f
C610 _263_.CLK a_15983_12287# 0.03333f
C611 _260_.CLK _235_.Y 0.26788f
C612 _134_.Y a_12984_12952# 0.01075f
C613 _129_.B1 _129_.Y 0.31029f
C614 _192_.B a_6779_12972# 0.0741f
C615 _148_.A VDD 2.19362f
C616 _215_.A a_5226_4948# 0.01654f
C617 _226_.Y a_15243_5423# 0.21798f
C618 _210_.B a_6468_4968# 0.04991f
C619 _173_.A _122_.A0 0.50526f
C620 a_15237_8447# a_15985_8797# 0.01058f
C621 a_15339_8447# a_16336_8678# 0.01569f
C622 _246_.D _219_.Y 0.11795f
C623 fanout6.A a_10218_17044# 0.07572f
C624 _138_.Y _145_.B1 0.11085f
C625 _136_.B a_8557_4248# 0.02897f
C626 _251_.CLK a_14724_5416# 0.0816f
C627 a_6485_11830# _178_.B1 0.02245f
C628 clkbuf_1_0__f_sclk.A _136_.A 0.07611f
C629 a_3300_4968# a_3819_4772# 0.18372f
C630 a_2436_9504# a_2724_9199# 0.22255f
C631 a_9424_16238# a_9834_15996# 0.05221f
C632 fanout6.A _207_.B1 0.19792f
C633 _196_.Y a_5906_15242# 0.01069f
C634 a_3664_16238# VDD 0.16526f
C635 _166_.A a_10901_7678# 0.0134f
C636 _258_.D a_7622_16434# 0.16215f
C637 _236_.A _133_.Y 0.05728f
C638 _119_.A0 a_4744_15366# 0.02077f
C639 a_14919_16964# VDD 0.20664f
C640 _148_.A a_4559_5773# 0.01389f
C641 _218_.Y _243_.CLK 0.02765f
C642 a_3407_16823# a_4074_17044# 0.06982f
C643 _225_.A _144_.B 0.82298f
C644 a_13323_16007# VDD 0.20537f
C645 _199_.B1 _200_.Y 0.02998f
C646 _237_.Y a_13323_16007# 0.21432f
C647 _118_.X a_1862_16746# 0.15393f
C648 _180_.X a_10895_8436# 0.02303f
C649 clkbuf_1_0__f_sclk.A a_5297_12264# 0.07343f
C650 _222_.A a_1862_16746# 0.01469f
C651 _220_.Y a_3503_12287# 0.07574f
C652 _124_.S clkload0.Y 0.01003f
C653 a_3664_13214# a_3407_13333# 0.20069f
C654 a_11731_8698# VDD 0.22809f
C655 clkbuf_1_0__f_sclk.A _178_.B1 0.03025f
C656 _124_.S a_2410_9409# 0.02451f
C657 _120_.X a_2232_11722# 0.01321f
C658 _148_.B _147_.Y 0.03232f
C659 a_2126_13912# a_2558_14020# 0.02903f
C660 _148_.A a_12237_5760# 0.12218f
C661 a_9867_4772# a_10864_4870# 0.01528f
C662 _195_.Y _200_.Y 0.19599f
C663 _251_.CLK _138_.Y 0.04184f
C664 a_14359_16710# _266_.CLK 0.01007f
C665 _145_.X a_10989_8784# 0.02466f
C666 _151_.B _157_.B 0.24614f
C667 _124_.S a_1862_13410# 0.03218f
C668 _148_.X a_12712_5498# 0.01856f
C669 a_16336_9406# fanout7.A 0.01305f
C670 _215_.A a_3717_4629# 0.01285f
C671 _226_.Y a_14698_5380# 0.15281f
C672 a_14534_8874# a_15339_8447# 0.06896f
C673 a_14820_8440# a_15237_8447# 0.22698f
C674 a_2126_17774# a_2298_17532# 0.01057f
C675 _161_.Y _166_.A 0.0201f
C676 _250_.RESET_B a_3664_16238# 0.06055f
C677 a_2763_12332# a_3503_12287# 0.15395f
C678 _120_.A0 a_4552_12342# 0.05121f
C679 _148_.B a_8488_8436# 0.17485f
C680 _165_.Y _170_.Y 0.19273f
C681 a_15141_12189# VDD 0.23844f
C682 _192_.B _176_.A 0.14602f
C683 a_8325_16007# a_8427_16007# 0.27006f
C684 a_2955_9308# _243_.CLK 0.01625f
C685 _138_.Y _252_.D 0.07554f
C686 a_1862_16434# VDD 0.44989f
C687 _225_.A _260_.RESET_B 0.37959f
C688 _205_.Y a_6869_16750# 0.01678f
C689 _138_.Y a_9322_4873# 0.01009f
C690 _225_.A a_14438_12210# 0.0536f
C691 _118_.A0 a_1862_16746# 0.03292f
C692 _151_.B _151_.X 0.03108f
C693 _181_.Y a_8603_9484# 0.08529f
C694 _256_.RESET_B a_9573_12189# 0.02875f
C695 a_8603_9484# VDD 0.16419f
C696 _124_.S sclk 0.0842f
C697 _119_.A0 VDD 1.23808f
C698 _139_.X a_10940_3900# 0.05357f
C699 _148_.A a_3300_5416# 0.01468f
C700 _263_.CLK a_12132_12528# 0.0629f
C701 fanout6.A a_13092_16421# 0.02293f
C702 a_2667_16868# a_3407_16823# 0.15395f
C703 a_12518_16434# VDD 0.4486f
C704 _145_.A2 a_8288_3986# 0.01157f
C705 _138_.Y _143_.Y 0.02246f
C706 _136_.B _145_.B1 0.01846f
C707 _260_.CLK a_17120_11546# 0.0143f
C708 _237_.Y a_12518_16434# 0.09834f
C709 _157_.Y a_13403_8436# 0.01024f
C710 _180_.X a_11731_8698# 0.10129f
C711 _135_.A a_12992_15437# 0.07875f
C712 _124_.S a_2126_11726# 0.1141f
C713 a_2148_12976# a_2436_13397# 0.22255f
C714 fanout6.A _205_.Y 0.03437f
C715 a_3664_16966# VDD 0.15552f
C716 a_16840_4688# VDD 0.19241f
C717 fanout7.A _131_.A2 0.14979f
C718 _250_.D a_1862_16746# 0.03712f
C719 a_9348_4968# a_9765_4629# 0.22605f
C720 a_9062_4650# a_9867_4772# 0.06896f
C721 a_9573_12189# a_9675_12332# 0.26919f
C722 a_9156_12528# _251_.CLK 0.07656f
C723 _122_.A0 _165_.Y 0.17826f
C724 a_4744_15366# VDD 0.16789f
C725 _160_.X _145_.X 1.40732f
C726 a_9734_9186# VDD 0.44694f
C727 _151_.B a_13649_4704# 0.20254f
C728 _148_.B _189_.X 0.05196f
C729 _225_.A _238_.Y 0.12f
C730 _222_.Y a_1862_16746# 0.07152f
C731 a_2122_16969# a_2148_17064# 0.21121f
C732 _250_.RESET_B a_1862_16434# 0.0797f
C733 a_1958_12210# a_2244_12528# 0.21832f
C734 _120_.A0 a_3760_12430# 0.01591f
C735 _148_.B _128_.B1 0.16695f
C736 _225_.A _260_.CLK 0.15167f
C737 _118_.A0 a_4625_16800# 0.03829f
C738 a_9994_9409# a_10020_9504# 0.21121f
C739 _228_.Y a_9734_9186# 0.07323f
C740 a_7622_16434# a_8325_16007# 0.02432f
C741 a_2410_9409# a_2150_9186# 0.39302f
C742 a_1580_16710# VDD 0.19607f
C743 _251_.CLK _136_.B 0.07486f
C744 a_11082_12508# VDD 0.23968f
C745 _207_.A1 a_5525_16750# 0.02532f
C746 _186_.Y _190_.A 0.03593f
C747 _124_.S _221_.Y 0.02853f
C748 _180_.X a_8603_9484# 0.02382f
C749 _236_.A a_12106_12433# 0.03039f
C750 _129_.B1 a_13391_12287# 0.0301f
C751 _168_.Y a_7520_9318# 0.01071f
C752 _241_.Y a_12880_16966# 0.06211f
C753 a_9120_9501# VDD 0.16853f
C754 _124_.S a_2232_7868# 0.12651f
C755 _207_.Y a_4625_16800# 0.17427f
C756 _227_.Y a_16079_8797# 0.07576f
C757 a_17120_3270# VDD 0.08028f
C758 a_2148_17064# a_2667_16868# 0.18372f
C759 _136_.A a_6885_4629# 0.01998f
C760 _260_.CLK a_15339_11471# 0.04825f
C761 a_12215_7664# _162_.Y 0.14506f
C762 _258_.RESET_B a_7908_16000# 0.25086f
C763 _173_.A a_2298_11484# 0.01192f
C764 a_2232_11722# a_2558_11484# 0.02726f
C765 a_2565_16725# VDD 0.24699f
C766 a_12572_4948# VDD 0.11833f
C767 _124_.S a_2667_16007# 0.03918f
C768 _138_.Y _252_.RESET_B 0.05628f
C769 _252_.D _136_.B 0.0112f
C770 _148_.B a_8352_11013# 0.02672f
C771 a_2126_7864# a_2232_7868# 0.22783f
C772 _180_.X a_9734_9186# 0.01096f
C773 _148_.B _176_.A 0.81943f
C774 a_13100_13686# VDD 0.19995f
C775 _181_.Y VDD 0.43368f
C776 a_11883_16868# a_12623_16823# 0.15395f
C777 a_16336_11702# a_16746_11460# 0.05221f
C778 _120_.A0 a_2148_12976# 0.05118f
C779 _179_.Y _168_.A 0.02003f
C780 _136_.A _145_.A2 0.03214f
C781 _250_.D a_1952_17594# 0.01466f
C782 _168_.B VDD 0.42987f
C783 _237_.Y VDD 1.09914f
C784 a_1376_4782# VDD 0.06894f
C785 _134_.Y a_13100_13686# 0.04926f
C786 _221_.Y a_3407_13333# 0.07584f
C787 _260_.CLK _131_.Y 0.09444f
C788 _134_.Y VDD 0.41028f
C789 fanout8.A _208_.X 0.01829f
C790 _122_.X VDD 0.37232f
C791 _199_.B1 a_5525_16750# 0.03237f
C792 _225_.A _145_.X 1.70415f
C793 _228_.Y VDD 1.0005f
C794 a_14340_15552# a_15505_15311# 0.22369f
C795 a_14859_15356# a_14628_15247# 0.06628f
C796 _131_.A2 a_15141_12189# 0.01363f
C797 _180_.X a_9120_9501# 0.01482f
C798 _240_.Y a_10218_17044# 0.02523f
C799 a_11338_16969# a_11078_16746# 0.39302f
C800 a_4559_5773# VDD 0.1831f
C801 _144_.B _145_.B1 0.09825f
C802 _210_.A _210_.B 0.81832f
C803 a_14820_9504# _260_.RESET_B 0.21712f
C804 a_8386_3900# VDD 0.18136f
C805 a_16840_4688# freq_out 0.13489f
C806 _260_.CLK a_14820_11464# 0.06367f
C807 a_17120_7010# VDD 0.05657f
C808 a_14859_15356# VDD 0.20572f
C809 _119_.A0 a_4456_13058# 0.03214f
C810 _148_.A _147_.A1 0.06157f
C811 a_2853_8447# VDD 0.25399f
C812 _195_.Y a_5333_15532# 0.03086f
C813 a_14359_16710# a_14940_16710# 0.01303f
C814 _235_.Y _236_.Y 0.04329f
C815 a_12237_5760# VDD 0.26973f
C816 _219_.Y a_2150_9186# 0.11562f
C817 _250_.RESET_B VDD 1.10419f
C818 _145_.A2 a_7872_5451# 0.20944f
C819 _225_.A a_14340_15552# 0.03387f
C820 a_10415_13799# a_10321_13799# 0.15029f
C821 a_8394_4948# _136_.B 0.06888f
C822 _193_.Y a_7985_13776# 0.20871f
C823 _181_.Y _180_.X 0.05698f
C824 _149_.A a_13740_5678# 0.0951f
C825 _236_.A _261_.RESET_B 0.1191f
C826 a_4661_17878# _207_.A2 0.02071f
C827 _266_.CLK a_12416_16082# 0.01246f
C828 _180_.X VDD 0.20027f
C829 a_11078_16746# a_11364_17064# 0.21832f
C830 _136_.A _139_.X 0.05442f
C831 a_6442_4873# a_6885_4629# 0.02242f
C832 a_4816_5654# a_5226_5412# 0.05221f
C833 a_14820_11464# a_15985_11821# 0.22369f
C834 _171_.A a_8014_8492# 0.0324f
C835 _124_.S a_2232_15428# 0.12599f
C836 a_5800_9318# VDD 0.13945f
C837 _148_.B clkbuf_1_0__f_sclk.A 0.13113f
C838 _202_.Y _186_.Y 0.22119f
C839 _260_.CLK a_14651_10996# 0.04012f
C840 a_12704_11546# VDD 0.08742f
C841 a_13000_8522# VDD 0.13314f
C842 a_2398_5782# a_2575_5436# 0.01057f
C843 _119_.A0 _119_.X 0.01568f
C844 _168_.B a_5800_9318# 0.04794f
C845 fanout8.A _250_.Q 0.02466f
C846 a_15983_5773# VDD 0.18396f
C847 _122_.A0 _246_.D 0.01349f
C848 a_6528_8475# VDD 0.17437f
C849 fanout6.A a_12992_15437# 0.02899f
C850 _145_.X _158_.Y 0.25277f
C851 a_2494_6166# a_2397_6166# 0.01625f
C852 a_2126_11726# a_2232_11722# 0.22783f
C853 _243_.Q a_10769_4258# 0.07738f
C854 _251_.CLK _144_.B 0.10866f
C855 a_7074_15532# VDD 0.08256f
C856 _168_.B a_6528_8475# 0.1904f
C857 _171_.A _168_.A 0.11008f
C858 a_16336_9406# VDD 0.12748f
C859 _136_.B _252_.RESET_B 0.07741f
C860 _149_.A a_14438_5850# 0.02555f
C861 _180_.X _228_.Y 0.03429f
C862 _236_.A a_12651_12332# 0.03724f
C863 _191_.Y a_6958_13764# 0.07882f
C864 _133_.Y a_13297_12287# 0.01877f
C865 a_14820_9504# _260_.CLK 0.04529f
C866 a_3300_5416# VDD 0.10931f
C867 _120_.X VDD 0.27006f
C868 a_8709_16725# a_8580_16759# 0.01562f
C869 fanout6.A _207_.A1 0.31514f
C870 a_17120_7806# VDD 0.05657f
C871 _126_.B1 _132_.Y 0.02177f
C872 _119_.A0 a_3664_13214# 0.01301f
C873 _160_.X _157_.Y 0.28524f
C874 _144_.B a_9322_4873# 0.03021f
C875 _145_.X a_8557_4248# 0.09816f
C876 a_9156_14040# a_9444_13735# 0.22255f
C877 _143_.A a_7727_4727# 0.01945f
C878 VDD freq_out 0.08741f
C879 a_7727_4727# a_7984_4870# 0.20069f
C880 a_6987_4772# a_6756_4663# 0.06628f
C881 a_6468_4968# a_7633_4727# 0.22369f
C882 a_3300_5416# a_4559_5773# 0.01303f
C883 _178_.B1 a_3886_10702# 0.01009f
C884 a_14534_11898# a_15108_11885# 0.16388f
C885 _225_.A a_10020_17512# 0.04353f
C886 _251_.CLK _260_.RESET_B 0.01928f
C887 _147_.Y _147_.B1 0.14489f
C888 a_8811_16868# fanout7.A 0.01624f
C889 _218_.Y _215_.A 0.09256f
C890 _131_.A2 VDD 1.44815f
C891 _243_.CLK a_3300_4968# 0.08656f
C892 a_15141_5423# VDD 0.26403f
C893 _200_.Y _191_.Y 0.06391f
C894 a_2398_4654# _243_.D 0.16766f
C895 _162_.B a_12512_8522# 0.01169f
C896 a_4456_13058# VDD 0.12972f
C897 a_4362_8436# VDD 0.2439f
C898 a_13073_7728# VDD 0.16652f
C899 _173_.Y VDD 0.62583f
C900 _124_.S a_2148_17064# 0.01837f
C901 _263_.CLK _126_.B1 0.59233f
C902 a_16240_5654# a_16650_5412# 0.05221f
C903 _225_.A a_14698_5380# 0.02593f
C904 a_14794_9409# VDD 0.09631f
C905 _208_.X a_4796_17044# 0.05568f
C906 _173_.Y _168_.B 0.31432f
C907 _170_.B a_7739_9484# 0.05164f
C908 _134_.Y _131_.A2 0.02701f
C909 _212_.Y VDD 0.29425f
C910 _224_.Y a_6885_4629# 0.02692f
C911 a_2148_17064# a_2436_16759# 0.22255f
C912 _202_.Y _205_.B1 0.12057f
C913 _147_.Y a_12712_5498# 0.01374f
C914 a_2126_17774# a_2298_17878# 0.0308f
C915 _119_.X VDD 0.28382f
C916 fanout6.A _199_.B1 0.0322f
C917 a_16079_9263# a_16746_9484# 0.06982f
C918 a_15237_9165# a_15985_9263# 0.01058f
C919 a_15767_17137# a_15861_16904# 0.39302f
C920 fanout7.A a_16650_12508# 0.04392f
C921 a_11536_17750# a_11946_17508# 0.05221f
C922 _256_.RESET_B a_10672_12430# 0.06212f
C923 _119_.A0 a_1862_13410# 0.01024f
C924 _184_.Y _168_.A 0.02004f
C925 a_2232_7868# _148_.A 0.06406f
C926 _149_.A _226_.Y 0.04633f
C927 fanout6.A _195_.Y 0.01913f
C928 a_9156_14040# a_9675_13844# 0.18372f
C929 a_1192_7712# VDD 0.16514f
C930 _239_.Y a_15599_15311# 0.07581f
C931 a_6885_4629# a_6987_4772# 0.26919f
C932 _192_.Y VDD 0.49466f
C933 a_2436_8440# a_3601_8797# 0.22369f
C934 a_3274_5380# a_3717_5423# 0.02242f
C935 a_14534_11898# a_14794_11428# 0.39302f
C936 _174_.Y _178_.Y 0.02539f
C937 a_2232_10210# a_2558_9972# 0.02726f
C938 _122_.A0 a_2298_9972# 0.01135f
C939 _225_.A _236_.Y 0.37308f
C940 a_8266_16969# a_8006_16746# 0.39302f
C941 _191_.Y _186_.Y 0.13658f
C942 _250_.Q a_4796_17044# 0.01008f
C943 a_8870_12210# a_9444_12223# 0.16388f
C944 a_9675_12332# a_10672_12430# 0.01528f
C945 _144_.B _252_.RESET_B 0.10072f
C946 _160_.X _161_.Y 0.01125f
C947 a_2436_8440# _124_.S 0.02788f
C948 _145_.X _145_.B1 0.0613f
C949 a_6720_17061# a_6869_16750# 0.17527f
C950 a_3664_13214# VDD 0.16186f
C951 _189_.X a_6048_13011# 0.22187f
C952 _136_.A a_8014_8492# 0.04976f
C953 _247_.CLK a_2661_12189# 0.16022f
C954 _119_.A0 _196_.Y 0.01875f
C955 _124_.S _122_.A0 0.74663f
C956 a_4144_4142# a_3887_4261# 0.20069f
C957 VDD sdata 0.12245f
C958 a_14820_8440# VDD 0.07229f
C959 _236_.Y a_15339_11471# 0.21427f
C960 a_2667_16007# a_3664_16238# 0.01569f
C961 a_2565_16007# a_3313_16357# 0.01058f
C962 _173_.Y a_6528_8475# 0.02923f
C963 _243_.Q _138_.Y 0.56011f
C964 _136_.A _168_.A 0.13897f
C965 _133_.Y VDD 0.32756f
C966 _201_.Y VDD 0.55833f
C967 a_14572_16746# a_14919_16964# 0.01569f
C968 a_10437_17519# a_10308_17933# 0.01562f
C969 _162_.Y VDD 0.18736f
C970 a_10020_17512# a_10539_17519# 0.18362f
C971 _122_.A0 a_2126_7864# 0.07772f
C972 _147_.A1 VDD 0.53786f
C973 _243_.D a_2342_4338# 0.15689f
C974 a_9573_12189# VDD 0.25419f
C975 _235_.Y a_15983_12287# 0.07574f
C976 a_4913_13330# a_5084_12972# 0.19823f
C977 _134_.Y _133_.Y 0.14768f
C978 _239_.Y a_14314_15457# 0.1407f
C979 a_12804_16000# a_13969_16357# 0.22369f
C980 a_13092_16421# a_13323_16007# 0.06628f
C981 _218_.Y a_2150_8874# 0.11534f
C982 a_2150_8874# a_2724_8861# 0.16388f
C983 clkload0.Y VDD 0.1135f
C984 _131_.Y _236_.Y 0.03283f
C985 a_4816_4870# a_5226_4948# 0.05221f
C986 _124_.S a_2218_12433# 0.02223f
C987 _225_.A _241_.Y 0.01329f
C988 _158_.Y a_13505_8784# 0.01171f
C989 _261_.RESET_B _126_.Y 0.09218f
C990 _236_.A a_14534_11898# 0.02195f
C991 a_2410_9409# VDD 0.09818f
C992 _178_.B1 _168_.A 0.2125f
C993 _157_.Y _158_.Y 0.12884f
C994 _243_.D a_3014_4650# 0.02119f
C995 _170_.B _170_.Y 0.20723f
C996 _263_.CLK _131_.B1 0.01297f
C997 a_1862_13410# VDD 0.4499f
C998 _214_.Y a_9734_17946# 0.16657f
C999 a_7712_7806# VDD 0.08506f
C1000 _247_.CLK _120_.A0 0.03445f
C1001 a_15243_12332# a_16240_12430# 0.01528f
C1002 a_14438_12210# a_15012_12223# 0.16388f
C1003 a_3045_3911# a_2916_4325# 0.01562f
C1004 a_14438_5850# a_15012_5837# 0.16388f
C1005 a_2628_3904# a_3147_3911# 0.18362f
C1006 _236_.Y a_14820_11464# 0.26823f
C1007 a_7985_13776# _194_.X 0.13086f
C1008 a_1862_16434# a_2667_16007# 0.06896f
C1009 a_2148_16000# a_2565_16007# 0.22698f
C1010 _124_.S a_2724_9199# 0.01728f
C1011 _210_.A _210_.Y 0.10368f
C1012 a_3695_8797# a_3601_8797# 0.15029f
C1013 _259_.RESET_B a_8006_16746# 0.11496f
C1014 _191_.Y _205_.B1 0.11244f
C1015 a_10437_9165# a_10308_9199# 0.01562f
C1016 _145_.X _143_.Y 0.0109f
C1017 _122_.A0 _170_.B 0.02486f
C1018 a_9734_17946# a_9994_17476# 0.39302f
C1019 a_10752_7989# VDD 0.17404f
C1020 VDD sclk 1.00166f
C1021 _215_.A a_5792_4782# 0.0123f
C1022 _196_.Y VDD 0.62338f
C1023 a_14698_12433# a_14438_12210# 0.39302f
C1024 _143_.A a_8288_3270# 0.01458f
C1025 _201_.Y a_7074_15532# 0.02918f
C1026 _122_.A0 a_2150_9186# 0.02454f
C1027 a_10218_17044# VDD 0.24038f
C1028 _124_.S a_2532_12223# 0.02069f
C1029 fanout8.A a_4512_17547# 0.01691f
C1030 a_12518_16434# a_13092_16421# 0.16388f
C1031 _160_.B a_13244_7972# 0.05488f
C1032 a_12804_16000# a_13221_16007# 0.22698f
C1033 _251_.CLK a_15243_5423# 0.04348f
C1034 _236_.A a_10888_16878# 0.01517f
C1035 _243_.Q _136_.B 0.20025f
C1036 a_2126_11726# VDD 0.10456f
C1037 _210_.B a_6060_4166# 0.22733f
C1038 a_3819_4772# a_4559_4727# 0.15395f
C1039 clkbuf_1_0__f_sclk.A _189_.X 0.12753f
C1040 _236_.A _190_.A 0.3244f
C1041 _207_.A2 _208_.X 0.0742f
C1042 _124_.S a_2126_13912# 0.09044f
C1043 fanout6.A _202_.Y 0.02188f
C1044 _207_.B1 VDD 0.20299f
C1045 _199_.Y a_6286_15276# 0.0416f
C1046 _118_.X a_2126_15424# 0.11416f
C1047 _214_.A a_11883_16868# 0.0734f
C1048 a_5376_17061# a_5525_16750# 0.17527f
C1049 _242_.RESET_B a_3045_3911# 0.014f
C1050 a_2126_15424# a_2298_15532# 0.01057f
C1051 a_14724_12528# a_15141_12189# 0.22605f
C1052 a_14438_12210# a_15243_12332# 0.06896f
C1053 a_7727_4727# VDD 0.17907f
C1054 fanout6.A a_11883_16868# 0.01102f
C1055 _264_.Q VDD 0.3675f
C1056 a_2342_4338# a_2628_3904# 0.21832f
C1057 a_13648_12430# a_14058_12508# 0.05221f
C1058 _176_.A a_6485_11830# 0.01634f
C1059 a_8811_16868# VDD 0.20479f
C1060 _124_.S _220_.Y 0.01901f
C1061 _251_.CLK a_15776_7806# 0.01543f
C1062 _219_.Y VDD 1.05061f
C1063 _209_.Y _259_.RESET_B 0.09334f
C1064 a_9765_4629# a_10513_4727# 0.01058f
C1065 _145_.X _151_.B 0.37482f
C1066 a_12106_12433# VDD 0.09805f
C1067 _145_.X a_11974_8436# 0.04448f
C1068 _182_.Y a_8870_12210# 0.15691f
C1069 a_9130_12433# a_9156_12528# 0.21121f
C1070 _124_.S a_2667_12983# 0.03918f
C1071 _221_.Y VDD 1.09416f
C1072 a_17120_9318# fanout7.A 0.01522f
C1073 _157_.Y a_13073_5770# 0.05459f
C1074 _260_.CLK a_14698_12433# 0.03493f
C1075 a_2232_15428# _119_.A0 0.06353f
C1076 a_2232_7868# VDD 0.53024f
C1077 _133_.Y _131_.A2 0.18798f
C1078 _210_.B a_6182_4650# 0.03662f
C1079 _215_.A a_4816_4870# 0.01302f
C1080 _173_.A a_2232_10210# 0.03793f
C1081 a_14534_8874# _166_.A 0.02849f
C1082 a_14820_8440# a_15985_8797# 0.22369f
C1083 _118_.A0 a_2126_15424# 0.07391f
C1084 _124_.S a_2763_12332# 0.02331f
C1085 _173_.A a_5372_9484# 0.01577f
C1086 a_6336_11499# _178_.B1 0.11457f
C1087 a_16650_12508# VDD 0.24129f
C1088 a_3014_4650# a_3819_4772# 0.06896f
C1089 a_3300_4968# a_3717_4629# 0.22605f
C1090 _210_.A _243_.D 0.26127f
C1091 a_2150_9186# a_2724_9199# 0.16388f
C1092 a_9424_16238# a_9167_16357# 0.20069f
C1093 fanout6.A a_4462_16052# 0.03671f
C1094 _129_.B1 a_13464_12952# 0.01075f
C1095 a_2667_16007# VDD 0.21081f
C1096 _174_.Y a_6106_9190# 0.01562f
C1097 _207_.A1 fanout7.A 0.06407f
C1098 a_9120_9501# a_9269_9190# 0.17527f
C1099 a_1192_7712# sdata 0.16857f
C1100 _240_.Y a_10437_17519# 0.02707f
C1101 a_14572_16746# VDD 0.12602f
C1102 fanout8.A _118_.X 0.05048f
C1103 fanout8.A _222_.A 0.36918f
C1104 VDD en 0.11696f
C1105 _196_.Y a_6106_13726# 0.01569f
C1106 _192_.Y a_6584_12218# 0.01426f
C1107 _136_.A _154_.X 0.06322f
C1108 a_3407_16823# a_3664_16966# 0.20069f
C1109 _225_.A a_8538_5375# 0.04184f
C1110 a_12132_12528# a_13391_12287# 0.01303f
C1111 a_2667_12983# a_3407_13333# 0.15395f
C1112 _164_.B1 _166_.A 0.05268f
C1113 _205_.Y VDD 0.50314f
C1114 _120_.X a_2126_11726# 0.13438f
C1115 a_2240_3986# VDD 0.09159f
C1116 a_2126_13912# a_2298_14020# 0.01057f
C1117 a_9867_4772# a_10607_4727# 0.15395f
C1118 _122_.A0 _148_.A 0.18189f
C1119 _180_.X a_11185_9263# 0.01197f
C1120 _243_.RESET_B a_3045_3911# 0.02927f
C1121 a_16079_9263# fanout7.A 0.02013f
C1122 _148_.X a_13740_5678# 0.19788f
C1123 _164_.Y _145_.X 0.06789f
C1124 _119_.X a_1862_13410# 0.15732f
C1125 _215_.A a_3300_4968# 0.04481f
C1126 a_14794_8404# a_15237_8447# 0.02242f
C1127 a_14534_8874# a_15108_8861# 0.16388f
C1128 _243_.Q _144_.B 0.01576f
C1129 _250_.RESET_B a_2667_16007# 0.21477f
C1130 fanout8.A _118_.A0 0.17186f
C1131 fanout6.A _258_.D 0.03003f
C1132 a_14724_12528# VDD 0.07224f
C1133 _209_.Y _258_.RESET_B 0.07348f
C1134 _225_.A _149_.A 0.02979f
C1135 a_8325_16007# a_8196_16421# 0.01562f
C1136 a_2853_9165# _243_.CLK 0.154f
C1137 a_7908_16000# a_8427_16007# 0.18362f
C1138 a_8021_5782# _252_.D 0.02071f
C1139 _251_.CLK a_9867_4772# 0.05483f
C1140 _261_.RESET_B VDD 1.09068f
C1141 a_2126_7864# a_2620_7678# 0.01625f
C1142 _208_.X _209_.Y 0.10805f
C1143 _193_.Y a_7180_14020# 0.01455f
C1144 _151_.B a_13775_5782# 0.01167f
C1145 _256_.RESET_B a_9156_12528# 0.23987f
C1146 _162_.B a_13184_7183# 0.01826f
C1147 a_7739_9484# VDD 0.17778f
C1148 a_2232_15428# VDD 0.53005f
C1149 _148_.B _168_.A 0.0655f
C1150 _177_.X _178_.Y 0.08971f
C1151 fanout8.A _250_.D 0.05894f
C1152 _139_.X _147_.Y 0.01434f
C1153 _124_.S a_1192_11460# 0.13825f
C1154 _258_.RESET_B a_9167_16357# 0.07601f
C1155 a_10672_12430# a_11082_12508# 0.05221f
C1156 a_14624_4782# VDD 0.09334f
C1157 a_3407_16823# VDD 0.18969f
C1158 a_12651_12332# VDD 0.20462f
C1159 a_9062_4650# a_9765_4629# 0.02454f
C1160 _174_.Y a_6389_9484# 0.06359f
C1161 a_9156_12528# a_9675_12332# 0.18372f
C1162 a_11781_16725# a_12529_16823# 0.01058f
C1163 fanout8.A _222_.Y 0.01214f
C1164 _126_.B1 _129_.Y 0.07958f
C1165 VDD freq_in 0.29046f
C1166 _205_.Y a_7074_15532# 0.09142f
C1167 fanout7.A a_16746_8436# 0.04984f
C1168 a_2122_16969# a_1862_16746# 0.39302f
C1169 _162_.B _166_.A 0.35138f
C1170 fanout7.A _190_.A 0.05284f
C1171 _135_.A a_14340_15552# 0.02338f
C1172 _120_.A0 a_3503_12287# 0.02139f
C1173 _210_.A a_3819_4772# 0.01909f
C1174 a_9994_9409# a_9734_9186# 0.39302f
C1175 a_7622_16434# a_7908_16000# 0.21832f
C1176 _126_.B1 a_14240_13058# 0.01323f
C1177 _143_.A _138_.Y 0.09285f
C1178 a_2171_6204# a_2494_6166# 0.22783f
C1179 a_10672_12430# VDD 0.12701f
C1180 _148_.B _166_.A 0.03119f
C1181 _131_.A2 a_16650_12508# 0.07981f
C1182 _160_.X a_12904_7010# 0.03033f
C1183 _241_.Y a_12623_16823# 0.07595f
C1184 _186_.Y a_7451_14484# 0.04613f
C1185 _119_.X _221_.Y 0.05709f
C1186 a_8288_3270# VDD 0.09218f
C1187 _227_.Y a_16336_8678# 0.0605f
C1188 a_1862_16746# a_2667_16868# 0.06896f
C1189 _136_.A a_6468_4968# 0.01478f
C1190 a_2148_17064# a_2565_16725# 0.22605f
C1191 _157_.Y _151_.B 0.0879f
C1192 a_2232_11722# a_2298_11484# 0.03308f
C1193 a_2126_11726# a_2558_11484# 0.02903f
C1194 _258_.RESET_B a_7882_15964# 0.14253f
C1195 a_7985_7728# _154_.X 0.13524f
C1196 a_12369_4972# VDD 0.01089f
C1197 a_2148_17064# VDD 0.07863f
C1198 _124_.S a_2436_16421# 0.02635f
C1199 _148_.A _138_.Y 0.02672f
C1200 a_16336_11702# a_16079_11821# 0.20069f
C1201 _120_.A0 a_2122_12940# 0.03081f
C1202 a_5201_9240# VDD 0.16459f
C1203 _136_.B a_6836_3900# 0.01274f
C1204 a_1192_4782# VDD 0.11992f
C1205 a_5201_9240# _168_.B 0.12756f
C1206 fanout6.A a_8325_16007# 0.01542f
C1207 _243_.Q _210_.B 0.04072f
C1208 _210_.Y a_6060_4166# 0.11927f
C1209 _221_.Y a_3664_13214# 0.06055f
C1210 _170_.Y VDD 0.39701f
C1211 a_12992_15437# VDD 0.26576f
C1212 a_1192_4782# a_1376_4782# 0.0262f
C1213 a_17120_9318# VDD 0.06793f
C1214 _252_.RESET_B a_9867_4772# 0.21491f
C1215 _236_.A a_12420_12223# 0.02526f
C1216 _119_.A0 _195_.Y 0.15744f
C1217 a_9994_9409# VDD 0.09769f
C1218 _164_.Y _171_.Y 0.32149f
C1219 a_14757_15213# a_14628_15247# 0.01562f
C1220 _207_.Y a_4796_17044# 0.01265f
C1221 VDD rst 0.16778f
C1222 _131_.A2 a_14724_12528# 0.01549f
C1223 a_4816_5654# VDD 0.13097f
C1224 _266_.CLK _135_.X 0.05315f
C1225 a_13883_11460# VDD 0.16593f
C1226 a_12992_15437# _134_.Y 0.14949f
C1227 a_14534_9186# _260_.RESET_B 0.09166f
C1228 _131_.A2 _261_.RESET_B 0.02167f
C1229 _210_.A a_6747_5468# 0.15646f
C1230 a_10769_4258# VDD 0.16762f
C1231 _227_.Y a_14534_8874# 0.1149f
C1232 _210_.A a_2398_5782# 0.07354f
C1233 _260_.CLK a_14794_11428# 0.02712f
C1234 a_16936_7010# VDD 0.13211f
C1235 _207_.A1 VDD 0.78279f
C1236 _251_.CLK a_10308_9199# 0.0226f
C1237 a_14757_15213# VDD 0.25553f
C1238 _171_.A _168_.Y 0.17871f
C1239 _120_.A0 _173_.A 0.22472f
C1240 a_2436_8440# VDD 0.09296f
C1241 a_9994_9409# _228_.Y 0.13224f
C1242 _219_.Y a_2410_9409# 0.13844f
C1243 _131_.B1 _129_.Y 0.02626f
C1244 _122_.A0 VDD 1.62429f
C1245 _243_.CLK a_3147_3911# 0.01615f
C1246 _143_.A _136_.B 0.08666f
C1247 _225_.A a_14054_15234# 0.02807f
C1248 _193_.Y a_6958_13764# 0.1346f
C1249 _122_.A0 _168_.B 0.38215f
C1250 a_4512_17547# _207_.A2 0.11237f
C1251 _236_.A a_11456_12342# 0.01225f
C1252 _266_.CLK a_13221_16007# 0.17109f
C1253 _210_.Y a_6182_4650# 0.15311f
C1254 _225_.A a_11946_17508# 0.0123f
C1255 a_6442_4873# a_6468_4968# 0.21121f
C1256 a_4816_5654# a_4559_5773# 0.20069f
C1257 _131_.A2 a_12651_12332# 0.01169f
C1258 _162_.B _154_.X 0.035f
C1259 _148_.B a_3380_13690# 0.05332f
C1260 _119_.A0 a_2126_13912# 0.10227f
C1261 a_2398_5782# a_2301_5436# 0.02903f
C1262 a_2075_5468# a_2575_5436# 0.03308f
C1263 a_13019_6460# VDD 0.1748f
C1264 fanout8.A a_2232_17770# 0.02208f
C1265 _122_.X _122_.A0 0.04017f
C1266 a_16240_5654# VDD 0.13415f
C1267 _139_.X a_11274_4948# 0.02632f
C1268 _221_.Y a_1862_13410# 0.08168f
C1269 _250_.RESET_B rst 0.01556f
C1270 _157_.B VDD 0.52747f
C1271 a_6862_15532# VDD 0.13876f
C1272 a_16079_9263# VDD 0.17004f
C1273 a_16936_7010# a_17120_7010# 0.0262f
C1274 _236_.A a_12549_12189# 0.02164f
C1275 _205_.Y _201_.Y 0.16792f
C1276 a_14757_15213# a_14859_15356# 0.26919f
C1277 a_3274_5380# VDD 0.12197f
C1278 a_2436_8440# a_2853_8447# 0.22698f
C1279 a_14534_11898# VDD 0.44687f
C1280 _225_.A _214_.Y 0.21499f
C1281 a_2218_12433# VDD 0.09846f
C1282 a_8292_17064# a_8580_16759# 0.22255f
C1283 a_2853_8447# _122_.A0 0.0199f
C1284 _199_.B1 VDD 0.63245f
C1285 a_12886_13350# VDD 0.01105f
C1286 fanout6.A a_4625_16800# 0.0565f
C1287 a_16936_7806# VDD 0.13249f
C1288 _236_.A _260_.CLK 0.07306f
C1289 _151_.X VDD 0.45447f
C1290 _145_.A2 a_8564_5412# 0.08486f
C1291 _119_.A0 a_2667_12983# 0.01781f
C1292 a_10437_17519# VDD 0.2562f
C1293 a_9675_13844# a_10672_13942# 0.01528f
C1294 _195_.Y VDD 0.43008f
C1295 a_8870_13722# a_9444_13735# 0.16388f
C1296 a_6885_4629# a_6756_4663# 0.01562f
C1297 _183_.Y _171_.Y 0.23371f
C1298 _134_.Y a_12886_13350# 0.06003f
C1299 a_3717_5423# a_3819_5423# 0.27006f
C1300 _251_.CLK _149_.A 0.08815f
C1301 _225_.A a_9994_17476# 0.03546f
C1302 _133_.Y _261_.RESET_B 0.01781f
C1303 _124_.S a_1864_5498# 0.01205f
C1304 _122_.A0 a_6528_8475# 0.01665f
C1305 a_8709_16725# fanout7.A 0.15393f
C1306 _179_.Y a_7157_9948# 0.02635f
C1307 a_14724_5416# VDD 0.08903f
C1308 a_2398_4654# a_2575_4948# 0.01057f
C1309 a_2075_4692# _243_.D 0.01939f
C1310 _200_.Y a_6286_15276# 0.21186f
C1311 _243_.CLK a_3014_4650# 0.02794f
C1312 _244_.RESET_B _210_.A 0.01187f
C1313 _207_.A2 _222_.A 0.03048f
C1314 a_3695_8797# VDD 0.20294f
C1315 _124_.S a_1862_16746# 0.02926f
C1316 a_13649_4704# VDD 0.16811f
C1317 en sclk 0.07617f
C1318 _131_.B1 _235_.Y 0.04079f
C1319 a_16240_5654# a_15983_5773# 0.20069f
C1320 a_16746_8436# VDD 0.23894f
C1321 a_10888_16878# VDD 0.14969f
C1322 _194_.X a_8870_13722# 0.15513f
C1323 a_1862_16746# a_2436_16759# 0.16388f
C1324 _224_.Y a_6468_4968# 0.23939f
C1325 fanout8.A a_9160_17594# 0.02413f
C1326 _145_.X _160_.B 0.10361f
C1327 _125_.A1 a_2398_5782# 0.26753f
C1328 _133_.Y a_12651_12332# 0.03249f
C1329 clkbuf_1_0__f_sclk.A a_3886_10702# 0.92549f
C1330 _148_.B a_12328_8522# 0.01593f
C1331 _190_.A VDD 0.81917f
C1332 a_6862_15532# a_7074_15532# 0.11244f
C1333 a_2126_13912# VDD 0.10471f
C1334 _207_.A2 a_5147_15996# 0.05188f
C1335 a_15339_9308# a_15108_9199# 0.06628f
C1336 a_16079_9263# a_16336_9406# 0.20069f
C1337 a_14820_9504# a_15985_9263# 0.22369f
C1338 _186_.Y _193_.Y 0.57519f
C1339 a_6720_17061# VDD 0.17423f
C1340 _131_.A2 a_13883_11460# 0.04334f
C1341 a_14940_16710# a_15861_16904# 0.21121f
C1342 a_11536_17750# a_11279_17869# 0.20069f
C1343 a_13244_7972# VDD 0.11749f
C1344 _256_.RESET_B a_10415_12287# 0.07583f
C1345 _160_.X _164_.B1 0.09052f
C1346 _236_.A a_12424_15366# 0.01484f
C1347 _157_.Y a_13130_4948# 0.01678f
C1348 _138_.Y VDD 0.58222f
C1349 a_9156_14040# a_9573_13701# 0.22605f
C1350 a_8870_13722# a_9675_13844# 0.06896f
C1351 a_17120_8522# VDD 0.06793f
C1352 a_6468_4968# a_6987_4772# 0.18372f
C1353 a_14058_12508# _129_.Y 0.01929f
C1354 a_14063_16357# a_13969_16357# 0.15029f
C1355 _160_.B a_13321_7272# 0.01001f
C1356 a_5888_13854# VDD 0.07244f
C1357 a_4744_9318# a_4928_9318# 0.0262f
C1358 _159_.Y VDD 0.43097f
C1359 a_3274_5380# a_3300_5416# 0.21121f
C1360 _136_.A _168_.Y 0.10408f
C1361 _220_.Y VDD 1.08478f
C1362 a_2126_10214# a_2558_9972# 0.02903f
C1363 a_2232_10210# a_2298_9972# 0.03308f
C1364 _122_.A0 a_4362_8436# 0.08686f
C1365 _122_.A0 _173_.Y 0.16949f
C1366 _136_.A _210_.A 0.01858f
C1367 _207_.A2 _207_.Y 0.04622f
C1368 _236_.A _129_.B1 0.02512f
C1369 a_9675_12332# a_10415_12287# 0.15395f
C1370 _148_.A _144_.B 1.08992f
C1371 a_2410_8404# _124_.S 0.02867f
C1372 a_2667_12983# VDD 0.20996f
C1373 _214_.Y a_10539_17519# 0.04709f
C1374 _247_.CLK a_2244_12528# 0.04475f
C1375 _124_.S a_2232_10210# 0.11913f
C1376 a_3147_3911# a_3887_4261# 0.15395f
C1377 a_14724_5416# a_15983_5773# 0.01303f
C1378 _185_.Y _171_.Y 0.01274f
C1379 _171_.A a_7157_9948# 0.04642f
C1380 a_16936_7806# a_17120_7806# 0.0262f
C1381 _138_.Y a_8386_3900# 0.02063f
C1382 _236_.Y a_15108_11885# 0.01288f
C1383 a_14794_8404# VDD 0.09426f
C1384 a_2148_16000# a_3313_16357# 0.22369f
C1385 a_2763_12332# VDD 0.21341f
C1386 fanout7.A a_9073_16357# 0.01746f
C1387 _225_.A a_14534_8874# 0.04429f
C1388 a_15237_9165# a_15339_9308# 0.26919f
C1389 _179_.Y _178_.Y 0.28868f
C1390 _151_.B _149_.A 0.06961f
C1391 a_15071_17016# a_14919_16964# 0.27006f
C1392 _131_.A2 a_14534_11898# 0.01833f
C1393 _242_.RESET_B _243_.D 0.11348f
C1394 a_10020_17512# a_10308_17933# 0.22255f
C1395 a_12032_7806# VDD 0.08403f
C1396 a_9156_12528# VDD 0.07699f
C1397 _186_.Y a_8156_9928# 0.01075f
C1398 _210_.B a_6836_3900# 0.05357f
C1399 a_4559_4727# a_5226_4948# 0.06982f
C1400 _261_.RESET_B a_12106_12433# 0.15784f
C1401 _157_.Y a_13184_8522# 0.01289f
C1402 _202_.Y VDD 0.39469f
C1403 _243_.Q _210_.Y 0.02021f
C1404 _243_.CLK _210_.A 0.1041f
C1405 _186_.Y _179_.Y 0.02388f
C1406 _225_.A _164_.B1 0.01197f
C1407 _160_.X _162_.B 0.54928f
C1408 _151_.B a_13820_4948# 0.03239f
C1409 a_15243_12332# a_15983_12287# 0.15395f
C1410 _136_.B VDD 0.39248f
C1411 _222_.A _209_.Y 0.31002f
C1412 a_2628_3904# a_2916_4325# 0.22255f
C1413 a_11883_16868# VDD 0.20211f
C1414 a_14724_5416# a_15141_5423# 0.22698f
C1415 _236_.A a_10020_17512# 0.04429f
C1416 a_7985_13776# a_8156_14020# 0.19823f
C1417 a_1862_16434# a_2436_16421# 0.16388f
C1418 a_2122_15964# a_2565_16007# 0.02242f
C1419 _236_.Y a_14794_11428# 0.1464f
C1420 a_3695_8797# a_4362_8436# 0.06982f
C1421 _210_.A a_6442_4873# 0.03896f
C1422 _148_.B _160_.X 0.07048f
C1423 a_14940_16710# a_14830_16746# 0.22369f
C1424 _220_.Y _120_.X 0.10342f
C1425 _242_.D _243_.D 0.08532f
C1426 _259_.RESET_B a_8266_16969# 0.16101f
C1427 fanout7.A a_8325_16007# 0.16009f
C1428 fanout7.A _260_.CLK 0.12567f
C1429 a_10020_9504# a_10308_9199# 0.22255f
C1430 _263_.CLK a_15889_12287# 0.01343f
C1431 a_9248_7806# VDD 0.08505f
C1432 _214_.A _241_.Y 0.07058f
C1433 _215_.A a_5608_4782# 0.01181f
C1434 a_15339_8447# _166_.A 0.02199f
C1435 _260_.CLK _126_.Y 0.06754f
C1436 a_10888_16878# _212_.Y 0.02017f
C1437 _184_.Y a_7157_9948# 0.07179f
C1438 fanout6.A _241_.Y 0.03663f
C1439 _215_.A a_2398_4654# 0.01166f
C1440 _122_.A0 a_2410_9409# 0.02637f
C1441 a_9808_16966# VDD 0.12654f
C1442 _201_.Y a_6862_15532# 0.03473f
C1443 _178_.Y _171_.A 0.05894f
C1444 a_12778_15964# a_13221_16007# 0.02242f
C1445 a_13073_7728# a_13244_7972# 0.19823f
C1446 _179_.Y _164_.Y 0.29702f
C1447 a_1192_11460# VDD 0.1652f
C1448 a_3952_9406# a_4362_9484# 0.05221f
C1449 _136_.A _145_.B1 0.05452f
C1450 a_4462_16052# VDD 0.15303f
C1451 _122_.A0 a_7712_7806# 0.0124f
C1452 _238_.Y a_14919_16964# 0.2168f
C1453 _243_.RESET_B _243_.D 0.06443f
C1454 a_2126_13912# _119_.X 0.11982f
C1455 _211_.Y VDD 0.33795f
C1456 _214_.A a_11781_16725# 0.18176f
C1457 _148_.A _210_.B 0.03134f
C1458 _133_.Y a_12886_13350# 0.02179f
C1459 _213_.Y _227_.Y 0.01532f
C1460 a_6656_5498# VDD 0.08604f
C1461 a_14438_12210# a_15141_12189# 0.02454f
C1462 fanout6.A a_11781_16725# 0.01182f
C1463 _202_.Y a_7074_15532# 0.01389f
C1464 a_2342_4338# a_2602_3868# 0.39302f
C1465 _176_.A a_6336_11499# 0.09009f
C1466 a_12549_12189# a_13297_12287# 0.01058f
C1467 a_13391_12287# a_14058_12508# 0.06982f
C1468 a_8709_16725# VDD 0.24747f
C1469 _190_.A _192_.Y 0.04783f
C1470 _153_.Y VDD 0.69174f
C1471 _266_.CLK _239_.Y 0.0236f
C1472 _131_.B1 _131_.Y 0.41689f
C1473 _236_.A _236_.Y 0.38885f
C1474 a_17120_10034# VDD 0.07051f
C1475 a_3793_4261# VDD 0.01168f
C1476 _247_.CLK _148_.B 0.10688f
C1477 _242_.RESET_B a_3819_4772# 0.21421f
C1478 a_9348_4968# a_10513_4727# 0.22369f
C1479 a_9867_4772# a_9636_4663# 0.06628f
C1480 _148_.A a_12128_4782# 0.01155f
C1481 a_10864_4870# a_11274_4948# 0.05221f
C1482 _207_.A1 a_10218_17044# 0.01521f
C1483 _145_.X a_10895_8436# 0.02608f
C1484 _243_.Q _243_.D 0.15785f
C1485 _148_.B a_12808_13854# 0.02187f
C1486 a_9130_12433# a_8870_12210# 0.39302f
C1487 a_1580_12936# VDD 0.19604f
C1488 _124_.S a_2436_13397# 0.02536f
C1489 a_1952_7806# VDD 0.0905f
C1490 _207_.A1 _207_.B1 0.03574f
C1491 _215_.A a_4559_4727# 0.02215f
C1492 _173_.A a_2126_10214# 0.10665f
C1493 _251_.CLK _136_.A 0.03681f
C1494 a_15108_8861# a_15339_8447# 0.06628f
C1495 a_3588_4663# VDD 0.01234f
C1496 _247_.CLK a_2565_16007# 0.17626f
C1497 _225_.A _148_.B 0.02456f
C1498 a_2661_12189# a_3409_12287# 0.01058f
C1499 a_3760_12430# a_4170_12508# 0.05221f
C1500 _124_.S a_2661_12189# 0.01465f
C1501 _210_.A _224_.Y 0.0674f
C1502 _261_.RESET_B a_12651_12332# 0.21421f
C1503 _131_.B1 a_14820_11464# 0.01345f
C1504 _258_.D VDD 0.27717f
C1505 a_16240_12430# VDD 0.12607f
C1506 a_6336_11499# a_6485_11830# 0.17527f
C1507 a_3014_4650# a_3717_4629# 0.02454f
C1508 _210_.A a_2575_4948# 0.01333f
C1509 a_8427_16007# a_9167_16357# 0.15395f
C1510 _122_.X a_1952_7806# 0.01442f
C1511 a_2955_9308# a_3952_9406# 0.01528f
C1512 _135_.A a_14048_16878# 0.01342f
C1513 _207_.A1 a_8811_16868# 0.02768f
C1514 _186_.Y _194_.X 0.0139f
C1515 _240_.Y a_10020_17512# 0.21759f
C1516 _119_.A0 a_2298_15238# 0.02022f
C1517 _191_.Y VDD 0.71364f
C1518 a_15071_17016# VDD 0.25014f
C1519 _144_.B VDD 0.72676f
C1520 _243_.Q a_4554_3900# 0.09536f
C1521 a_7624_10034# a_7808_10034# 0.0262f
C1522 _136_.A a_8156_7972# 0.0324f
C1523 _131_.B1 a_14651_10996# 0.02408f
C1524 _122_.A0 _219_.Y 0.11265f
C1525 _236_.A a_8870_12210# 0.01232f
C1526 _178_.Y _184_.Y 0.09298f
C1527 fanout6.A a_8292_17064# 0.01345f
C1528 _199_.B1 _196_.Y 0.10872f
C1529 _210_.A a_6987_4772# 0.01454f
C1530 _236_.A _241_.Y 0.06104f
C1531 a_2667_12983# a_3664_13214# 0.01569f
C1532 _225_.A a_13221_16007# 0.05325f
C1533 a_2565_12983# a_3313_13333# 0.01058f
C1534 _179_.Y _183_.Y 0.34346f
C1535 _171_.Y _170_.B 0.03681f
C1536 a_5376_17061# VDD 0.16885f
C1537 _153_.Y a_13000_8522# 0.01995f
C1538 _136_.A _143_.Y 0.02627f
C1539 a_3045_3911# VDD 0.27555f
C1540 _263_.CLK _132_.Y 0.08729f
C1541 _171_.A _165_.Y 0.15495f
C1542 _122_.A0 a_2232_7868# 0.044f
C1543 _196_.Y _195_.Y 0.54513f
C1544 _174_.Y VDD 0.57626f
C1545 a_13290_17044# _266_.CLK 0.06948f
C1546 _145_.X a_11731_8698# 0.01427f
C1547 _243_.RESET_B a_2628_3904# 0.22556f
C1548 _174_.Y _168_.B 0.07226f
C1549 _215_.A a_3014_4650# 0.05306f
C1550 a_14794_8404# a_14820_8440# 0.21121f
C1551 a_2244_12528# a_3503_12287# 0.01303f
C1552 _210_.A a_5226_4948# 0.0854f
C1553 _124_.S _120_.A0 0.28075f
C1554 a_3380_13690# clkbuf_1_0__f_sclk.A 0.36217f
C1555 _260_.RESET_B VDD 1.10231f
C1556 a_14438_12210# VDD 0.44656f
C1557 _173_.A _136_.A 0.33024f
C1558 _209_.Y a_7328_16878# 0.01157f
C1559 a_7908_16000# a_8196_16421# 0.22255f
C1560 a_2436_9504# _243_.CLK 0.06774f
C1561 a_2853_9165# a_2955_9308# 0.26919f
C1562 _251_.CLK a_9765_4629# 0.18285f
C1563 a_7872_5451# _252_.D 0.11016f
C1564 a_17120_16878# VDD 0.07952f
C1565 a_11456_12342# VDD 0.08271f
C1566 a_2126_7864# a_2298_7678# 0.0308f
C1567 _162_.B a_12328_7010# 0.0161f
C1568 _256_.RESET_B a_8870_12210# 0.115f
C1569 _168_.A a_11946_9484# 0.08588f
C1570 _243_.Q a_2628_3904# 0.01997f
C1571 a_7520_9318# VDD 0.06507f
C1572 _207_.A1 _205_.Y 0.013f
C1573 _251_.CLK a_14534_8874# 0.01372f
C1574 a_1864_15366# VDD 0.14799f
C1575 _196_.Y _190_.A 0.13528f
C1576 a_2148_17064# a_3407_16823# 0.01303f
C1577 _148_.B a_5084_12972# 0.02754f
C1578 _124_.S _243_.D 0.03663f
C1579 _148_.B a_12328_7010# 0.01596f
C1580 a_10799_5782# _147_.A1 0.0107f
C1581 a_1862_13410# a_2667_12983# 0.06896f
C1582 _258_.RESET_B _259_.RESET_B 0.04922f
C1583 a_2148_12976# a_2565_12983# 0.22698f
C1584 _258_.RESET_B a_9424_16238# 0.0605f
C1585 a_10415_12287# a_11082_12508# 0.06982f
C1586 a_12549_12189# VDD 0.25149f
C1587 a_9322_4873# a_9765_4629# 0.02242f
C1588 a_9062_4650# a_9348_4968# 0.21832f
C1589 a_8870_12210# a_9675_12332# 0.06896f
C1590 a_9156_12528# a_9573_12189# 0.22605f
C1591 _178_.B1 _178_.Y 0.26629f
C1592 _148_.B _182_.Y 0.17237f
C1593 _238_.Y VDD 1.11902f
C1594 a_11883_16868# a_11652_16759# 0.06628f
C1595 a_11364_17064# a_12529_16823# 0.22369f
C1596 a_12880_16966# a_13290_17044# 0.05221f
C1597 _201_.Y _202_.Y 0.36476f
C1598 _153_.Y a_13073_7728# 0.05638f
C1599 _157_.Y a_12215_7664# 0.01751f
C1600 _168_.A _172_.Y 0.01649f
C1601 _205_.Y a_6862_15532# 0.22653f
C1602 fanout7.A a_16079_8797# 0.01776f
C1603 a_2398_5782# _242_.D 0.11434f
C1604 a_8325_16007# VDD 0.23777f
C1605 _260_.CLK VDD 1.79474f
C1606 _135_.A a_14054_15234# 0.20329f
C1607 _179_.Y _185_.Y 0.03023f
C1608 a_2048_6294# VDD 0.06687f
C1609 _148_.A a_12401_4704# 0.06408f
C1610 a_7622_16434# a_7882_15964# 0.39302f
C1611 _149_.A a_16650_5412# 0.0868f
C1612 _126_.B1 a_13464_12952# 0.01142f
C1613 _143_.A a_8021_5782# 0.01258f
C1614 a_10415_12287# VDD 0.17755f
C1615 _205_.Y _199_.B1 0.02876f
C1616 a_15599_15311# a_15505_15311# 0.15029f
C1617 _186_.Y _178_.B1 0.01642f
C1618 _168_.A a_10539_9308# 0.01983f
C1619 _210_.B VDD 0.48564f
C1620 _186_.Y a_7553_14832# 0.0129f
C1621 _119_.X a_1580_12936# 0.02758f
C1622 a_16336_9406# _260_.RESET_B 0.06198f
C1623 _227_.Y a_15339_8447# 0.21427f
C1624 _186_.Y a_8050_10326# 0.054f
C1625 a_1864_5498# VDD 0.14659f
C1626 a_11381_3900# VDD 0.13796f
C1627 a_1862_16746# a_2565_16725# 0.02454f
C1628 a_16266_15532# VDD 0.24204f
C1629 a_2232_13916# a_2558_14020# 0.02726f
C1630 _173_.A a_2298_11830# 0.01668f
C1631 a_2126_11726# a_2298_11484# 0.01057f
C1632 _244_.RESET_B _242_.RESET_B 0.02757f
C1633 a_7985_7728# a_8156_7972# 0.19823f
C1634 a_1862_16746# VDD 0.44963f
C1635 a_12128_4782# VDD 0.08227f
C1636 _251_.CLK _224_.Y 0.01291f
C1637 _266_.CLK a_14730_15996# 0.01675f
C1638 a_11364_17064# a_12623_16823# 0.01303f
C1639 a_15339_11471# a_16079_11821# 0.15395f
C1640 _221_.Y _220_.Y 0.02888f
C1641 _215_.A _210_.A 0.42004f
C1642 _136_.A _165_.Y 0.16233f
C1643 fanout6.A a_7908_16000# 0.03186f
C1644 _173_.Y _174_.Y 0.71883f
C1645 a_17032_5498# VDD 0.1315f
C1646 _145_.X VDD 2.1677f
C1647 _263_.CLK a_15237_11471# 0.1665f
C1648 _221_.Y a_2667_12983# 0.21477f
C1649 _243_.Q a_10940_3900# 0.01089f
C1650 _243_.Q a_2398_5782# 0.03546f
C1651 a_12424_15366# VDD 0.16424f
C1652 _244_.D _244_.RESET_B 0.04424f
C1653 _252_.RESET_B a_9765_4629# 0.02765f
C1654 _191_.Y _192_.Y 0.1747f
C1655 _251_.CLK a_6987_4772# 0.02197f
C1656 _205_.Y a_6720_17061# 0.12208f
C1657 a_14340_15552# a_14628_15247# 0.22255f
C1658 _164_.Y a_8050_10326# 0.07866f
C1659 _153_.Y _162_.Y 0.11047f
C1660 _131_.A2 a_14438_12210# 0.03296f
C1661 _171_.A _185_.Y 0.09749f
C1662 a_3819_5423# VDD 0.24276f
C1663 a_14794_9409# _260_.RESET_B 0.1524f
C1664 _251_.CLK _162_.B 0.01476f
C1665 fanout8.A fanout6.A 0.03136f
C1666 _129_.B1 VDD 0.36619f
C1667 _210_.A a_2075_5468# 0.03429f
C1668 _244_.D a_3014_5850# 0.15198f
C1669 _151_.B _148_.X 0.38563f
C1670 a_14340_15552# VDD 0.07756f
C1671 a_4625_16800# VDD 0.16674f
C1672 _119_.A0 a_4913_13330# 0.06673f
C1673 _120_.A0 a_2232_11722# 0.0162f
C1674 a_2410_8404# VDD 0.09796f
C1675 a_14359_16710# a_14919_16964# 0.15395f
C1676 _164_.B1 a_11974_8436# 0.0591f
C1677 a_10437_17519# freq_in 0.14833f
C1678 _148_.B _251_.CLK 0.0444f
C1679 a_2232_10210# VDD 0.52999f
C1680 _225_.A a_14314_15457# 0.01631f
C1681 _201_.Y _258_.D 0.0121f
C1682 a_4512_17547# a_4661_17878# 0.17527f
C1683 _266_.CLK a_12804_16000# 0.08524f
C1684 a_3819_5423# a_4559_5773# 0.15395f
C1685 a_14820_11464# a_16079_11821# 0.01303f
C1686 a_6442_4873# a_6182_4650# 0.39302f
C1687 _124_.S a_2126_15424# 0.09153f
C1688 a_1952_17594# VDD 0.09122f
C1689 _225_.A a_11279_17869# 0.01337f
C1690 a_5372_9484# VDD 0.11744f
C1691 _122_.A0 _170_.Y 0.04443f
C1692 _201_.Y _191_.Y 0.01038f
C1693 _186_.Y _192_.B 0.01166f
C1694 a_9808_16966# a_10218_17044# 0.05221f
C1695 a_2075_5468# a_2301_5436# 0.02726f
C1696 _168_.B a_5372_9484# 0.05433f
C1697 _242_.D a_3014_5850# 0.02057f
C1698 a_12800_6294# VDD 0.07988f
C1699 _171_.Y a_8603_9484# 0.05237f
C1700 fanout8.A a_2126_17774# 0.02072f
C1701 a_15243_5423# VDD 0.21138f
C1702 _144_.B _147_.A1 0.02783f
C1703 a_2126_10214# _246_.D 0.116f
C1704 _187_.Y a_4858_12214# 0.01727f
C1705 a_12328_8522# a_12512_8522# 0.0262f
C1706 _139_.X a_10864_4870# 0.05101f
C1707 _192_.C VDD 0.5086f
C1708 a_6184_8522# VDD 0.15122f
C1709 _148_.A a_2298_7678# 0.0207f
C1710 _131_.A2 _260_.CLK 2.13164f
C1711 _236_.A a_12132_12528# 0.04185f
C1712 _171_.Y a_8236_8436# 0.01409f
C1713 a_4462_16052# _207_.B1 0.13756f
C1714 a_14340_15552# a_14859_15356# 0.18372f
C1715 _176_.B VDD 0.5037f
C1716 a_2410_8404# a_2853_8447# 0.02242f
C1717 _225_.A a_9352_17508# 0.13544f
C1718 a_8811_16868# a_9808_16966# 0.01528f
C1719 a_8006_16746# a_8580_16759# 0.16388f
C1720 a_2436_8440# _122_.A0 0.07684f
C1721 a_11946_17508# _214_.A 0.07055f
C1722 a_15776_7806# VDD 0.08201f
C1723 _243_.CLK _242_.RESET_B 0.05957f
C1724 _145_.A2 a_8115_5412# 0.01104f
C1725 _119_.A0 a_2436_13397# 0.01929f
C1726 _243_.Q a_2608_6166# 0.02004f
C1727 _211_.Y _264_.Q 0.05932f
C1728 _215_.A _125_.A1 0.16689f
C1729 a_14240_16921# _135_.A 0.07035f
C1730 a_9675_13844# a_10415_13799# 0.15395f
C1731 _164_.Y _164_.B1 0.12765f
C1732 _205_.Y _202_.Y 0.04521f
C1733 a_10020_17512# VDD 0.07505f
C1734 a_6468_4968# a_6756_4663# 0.22255f
C1735 _183_.Y a_8050_10326# 0.0689f
C1736 _147_.Y a_13244_5412# 0.01008f
C1737 a_3717_5423# a_3588_5837# 0.01562f
C1738 a_3300_5416# a_3819_5423# 0.18362f
C1739 a_5608_4782# a_5792_4782# 0.0262f
C1740 fanout8.A _124_.S 0.03098f
C1741 _124_.S a_2398_5782# 0.11494f
C1742 _179_.Y a_6890_9948# 0.01451f
C1743 a_12401_4704# a_12572_4948# 0.19823f
C1744 a_8292_17064# fanout7.A 0.06859f
C1745 a_8709_16725# a_8811_16868# 0.26919f
C1746 _171_.Y a_9120_9501# 0.20153f
C1747 a_2398_4654# a_2301_4948# 0.02903f
C1748 a_14698_5380# VDD 0.10114f
C1749 _162_.B _151_.B 0.02325f
C1750 _243_.CLK a_3274_4873# 0.017f
C1751 a_2075_4692# a_2575_4948# 0.03308f
C1752 _196_.Y _191_.Y 0.02219f
C1753 _177_.X VDD 0.24039f
C1754 a_4913_13330# VDD 0.16479f
C1755 a_3952_8678# VDD 0.14178f
C1756 _214_.Y _214_.A 0.29841f
C1757 _131_.B1 a_14698_12433# 0.01443f
C1758 a_12401_4704# VDD 0.16638f
C1759 _225_.A _239_.Y 0.16677f
C1760 a_15243_5423# a_15983_5773# 0.15395f
C1761 _207_.A1 _199_.B1 0.07144f
C1762 fanout6.A _214_.Y 0.02718f
C1763 a_16079_8797# VDD 0.1729f
C1764 _224_.Y a_6182_4650# 0.11226f
C1765 _125_.A1 a_2075_5468# 0.07383f
C1766 _133_.Y a_12549_12189# 0.02571f
C1767 _148_.B a_11974_8436# 0.01159f
C1768 a_1192_11460# en 0.15783f
C1769 _147_.Y a_13073_5770# 0.0699f
C1770 _181_.Y _171_.Y 0.32866f
C1771 a_7451_14484# VDD 0.17388f
C1772 _207_.A1 _195_.Y 0.01048f
C1773 fanout6.A a_4796_17044# 0.01505f
C1774 _244_.RESET_B a_3717_5423# 0.02912f
C1775 a_15237_9165# a_15108_9199# 0.01562f
C1776 _246_.D a_1864_10034# 0.02599f
C1777 _171_.Y VDD 0.68709f
C1778 a_14940_16710# a_15767_17137# 0.21832f
C1779 _189_.X a_5084_12972# 0.05461f
C1780 a_1580_12936# _221_.Y 0.01298f
C1781 _148_.B _186_.Y 0.10458f
C1782 a_10539_17519# a_11279_17869# 0.15395f
C1783 a_13041_7996# VDD 0.01058f
C1784 _136_.A _243_.Q 2.33737f
C1785 _133_.Y _260_.CLK 0.01412f
C1786 _131_.A2 _129_.B1 0.16439f
C1787 a_8870_13722# a_9573_13701# 0.02454f
C1788 a_6182_4650# a_6987_4772# 0.06896f
C1789 a_6468_4968# a_6885_4629# 0.22605f
C1790 a_13648_12430# _129_.Y 0.02377f
C1791 _118_.A0 a_4661_17878# 0.0116f
C1792 a_14063_16357# a_14730_15996# 0.06982f
C1793 a_5704_13854# VDD 0.13548f
C1794 _236_.Y VDD 1.0573f
C1795 _243_.Q a_11661_4696# 0.07638f
C1796 _119_.A0 _120_.A0 0.44989f
C1797 a_2436_8440# a_3695_8797# 0.01303f
C1798 a_3014_5850# a_3717_5423# 0.02432f
C1799 a_1568_12342# VDD 0.09263f
C1800 _157_.Y VDD 0.56251f
C1801 _236_.A _194_.X 0.08339f
C1802 _247_.CLK a_2565_12983# 0.18302f
C1803 _122_.A0 a_3695_8797# 0.02143f
C1804 a_2126_10214# a_2298_9972# 0.01057f
C1805 _243_.CLK _243_.RESET_B 0.01097f
C1806 _213_.Y _251_.CLK 0.10533f
C1807 _148_.A a_8538_5375# 0.0104f
C1808 _202_.Y a_7251_15996# 0.01244f
C1809 a_16240_12430# a_16650_12508# 0.05221f
C1810 _147_.A1 a_11381_3900# 0.02365f
C1811 _124_.S a_2126_10214# 0.0897f
C1812 a_9867_4772# VDD 0.20715f
C1813 a_3147_3911# a_4144_4142# 0.01569f
C1814 a_15141_5423# a_15243_5423# 0.27006f
C1815 a_14359_16710# VDD 0.17422f
C1816 _207_.A1 a_6720_17061# 0.01053f
C1817 _185_.Y a_8050_10326# 0.02286f
C1818 _210_.Y VDD 0.28139f
C1819 a_2436_16421# a_2667_16007# 0.06628f
C1820 a_2661_12189# VDD 0.25577f
C1821 _225_.A a_13290_17044# 0.01401f
C1822 _199_.B1 _195_.Y 0.07583f
C1823 _178_.B1 a_6389_9484# 0.03242f
C1824 _225_.A a_14144_8522# 0.01269f
C1825 _148_.B _164_.Y 0.0831f
C1826 fanout7.A a_9834_15996# 0.02424f
C1827 _171_.Y _180_.X 0.44758f
C1828 a_11536_9406# a_11946_9484# 0.05221f
C1829 a_14820_9504# a_15339_9308# 0.18372f
C1830 _171_.A _170_.B 0.03384f
C1831 _131_.A2 a_13985_11808# 0.01181f
C1832 _243_.CLK _243_.Q 0.04207f
C1833 a_10592_5498# VDD 0.08379f
C1834 _182_.Y a_8352_11013# 0.11233f
C1835 _158_.Y a_13824_7989# 0.19715f
C1836 _263_.CLK _129_.Y 0.01363f
C1837 _135_.A a_13969_16357# 0.01733f
C1838 a_8870_12210# VDD 0.44679f
C1839 _194_.X _230_.Y 0.11194f
C1840 _241_.Y VDD 1.03648f
C1841 _215_.A _173_.A 0.04251f
C1842 _236_.A _214_.Y 0.20645f
C1843 _160_.B a_13973_7678# 0.02125f
C1844 a_12804_16000# a_14063_16357# 0.01303f
C1845 _205_.Y _191_.Y 0.13597f
C1846 a_4559_4727# a_4816_4870# 0.20069f
C1847 _151_.X a_13649_4704# 0.12897f
C1848 _222_.A a_2148_16000# 0.01247f
C1849 _205_.B1 a_7616_15437# 0.06483f
C1850 _133_.Y a_13527_11460# 0.02655f
C1851 _192_.Y _192_.C 0.07793f
C1852 _133_.Y _129_.B1 0.04703f
C1853 _238_.Y _264_.Q 0.06434f
C1854 a_9352_17508# a_9160_17594# 0.01226f
C1855 _230_.Y a_9675_13844# 0.21552f
C1856 a_14698_5380# a_15141_5423# 0.02242f
C1857 a_11781_16725# VDD 0.25124f
C1858 _192_.Y _176_.B 0.02343f
C1859 _236_.A a_9994_17476# 0.01836f
C1860 a_2122_15964# a_2148_16000# 0.21121f
C1861 a_3952_8678# a_4362_8436# 0.05221f
C1862 _161_.Y VDD 0.34834f
C1863 _126_.Y a_12132_12528# 0.01338f
C1864 a_12106_12433# a_12549_12189# 0.02242f
C1865 _120_.A0 VDD 1.06665f
C1866 _220_.Y a_2218_12433# 0.15833f
C1867 _243_.CLK a_3717_5423# 0.17741f
C1868 a_15767_17137# a_15722_16904# 0.16388f
C1869 fanout7.A a_7908_16000# 0.07076f
C1870 a_9734_9186# a_10308_9199# 0.16388f
C1871 a_10539_9308# a_11536_9406# 0.01528f
C1872 clkbuf_1_0__f_sclk.A a_5084_12972# 0.01038f
C1873 _118_.A0 a_2148_16000# 0.05566f
C1874 _214_.A a_11338_16969# 0.02178f
C1875 _243_.CLK a_3956_6888# 0.95027f
C1876 a_6747_5468# _143_.A 0.17885f
C1877 _135_.A a_13221_16007# 0.01079f
C1878 _222_.A _259_.RESET_B 0.05316f
C1879 a_16079_8797# a_15985_8797# 0.15029f
C1880 fanout7.A a_16746_11460# 0.06113f
C1881 _201_.Y a_6508_15532# 0.01455f
C1882 a_9551_16823# VDD 0.17401f
C1883 a_12778_15964# a_12804_16000# 0.21121f
C1884 _243_.D VDD 0.29461f
C1885 a_17032_12342# VDD 0.12787f
C1886 a_3300_4968# a_4559_4727# 0.01303f
C1887 _148_.B _183_.Y 0.02146f
C1888 fanout6.A a_4928_16082# 0.01126f
C1889 a_3695_9263# a_4362_9484# 0.06982f
C1890 _238_.Y a_14572_16746# 0.0605f
C1891 _250_.D a_2148_16000# 0.02577f
C1892 _236_.A _126_.B1 0.14061f
C1893 _214_.A a_11364_17064# 0.06701f
C1894 _243_.Q a_6810_3863# 0.01938f
C1895 _148_.A a_6747_5468# 0.01344f
C1896 _263_.CLK _235_.Y 0.31918f
C1897 _157_.Y a_13073_7728# 0.04161f
C1898 a_14438_12210# a_14724_12528# 0.21832f
C1899 fanout6.A _207_.A2 0.15539f
C1900 fanout6.A a_11364_17064# 0.03577f
C1901 _210_.A a_6756_4663# 0.01958f
C1902 a_13391_12287# a_13648_12430# 0.20069f
C1903 a_12132_12528# a_13297_12287# 0.22369f
C1904 a_12651_12332# a_12420_12223# 0.06628f
C1905 a_8292_17064# VDD 0.07209f
C1906 _222_.Y a_2148_16000# 0.01144f
C1907 _225_.A a_14730_15996# 0.01293f
C1908 _124_.S _243_.CLK 0.06495f
C1909 a_4554_3900# VDD 0.24558f
C1910 _242_.RESET_B a_3717_4629# 0.02692f
C1911 a_10764_5678# _139_.X 0.1967f
C1912 a_9765_4629# a_9636_4663# 0.01562f
C1913 a_10607_4727# a_11274_4948# 0.06982f
C1914 _210_.A a_6095_4270# 0.0267f
C1915 _207_.A1 a_9808_16966# 0.05416f
C1916 a_10437_9165# a_10539_9308# 0.26919f
C1917 _193_.Y VDD 0.76168f
C1918 _166_.A _154_.X 0.97236f
C1919 _243_.RESET_B a_3887_4261# 0.07596f
C1920 _176_.A _251_.CLK 0.01936f
C1921 _214_.Y _240_.Y 0.08858f
C1922 a_2126_15424# _119_.A0 0.28166f
C1923 a_14820_8440# a_16079_8797# 0.01303f
C1924 _225_.A _145_.A2 0.04846f
C1925 a_2763_12332# a_2532_12223# 0.06628f
C1926 a_3503_12287# a_4170_12508# 0.06982f
C1927 _247_.CLK a_2148_16000# 0.07008f
C1928 a_2244_12528# a_3409_12287# 0.22369f
C1929 _136_.A _170_.B 0.20873f
C1930 _124_.S a_2244_12528# 0.02585f
C1931 _261_.RESET_B a_12549_12189# 0.02692f
C1932 _173_.A a_4928_9318# 0.01516f
C1933 a_15983_12287# VDD 0.17369f
C1934 a_3014_4650# a_3300_4968# 0.21832f
C1935 _120_.A0 _120_.X 0.02958f
C1936 a_3274_4873# a_3717_4629# 0.02242f
C1937 a_8427_16007# a_9424_16238# 0.01569f
C1938 a_2955_9308# a_3695_9263# 0.15395f
C1939 _166_.A a_10408_7806# 0.01224f
C1940 _207_.A1 a_8709_16725# 0.0227f
C1941 _186_.Y a_8156_14020# 0.01008f
C1942 _240_.Y a_9994_17476# 0.15277f
C1943 _260_.CLK a_14724_12528# 0.03589f
C1944 a_6286_15276# VDD 0.15386f
C1945 a_8538_5375# VDD 0.17344f
C1946 _243_.Q a_3887_4261# 0.01787f
C1947 _251_.CLK a_15339_8447# 0.05502f
C1948 _183_.Y a_8506_10318# 0.01574f
C1949 _222_.A _258_.RESET_B 0.16379f
C1950 _131_.B1 a_14432_10830# 0.01144f
C1951 _241_.Y _212_.Y 0.10454f
C1952 fanout7.A a_9675_13844# 0.04731f
C1953 a_12416_16082# VDD 0.08255f
C1954 _215_.A _242_.RESET_B 1.03294f
C1955 _222_.A _208_.X 0.34385f
C1956 _210_.A a_6885_4629# 0.01464f
C1957 a_12549_12189# a_12651_12332# 0.26919f
C1958 _220_.Y a_2763_12332# 0.21421f
C1959 a_2148_12976# a_3313_13333# 0.22369f
C1960 _225_.A a_12804_16000# 0.02357f
C1961 a_2628_3904# VDD 0.1176f
C1962 _136_.A a_6836_3900# 0.0135f
C1963 _153_.Y a_13019_6460# 0.0855f
C1964 a_9348_4968# a_10607_4727# 0.01303f
C1965 _250_.Q a_4074_15996# 0.07035f
C1966 _243_.RESET_B a_2602_3868# 0.15332f
C1967 _157_.Y _162_.Y 0.09262f
C1968 _226_.Y a_14438_5850# 0.0932f
C1969 _215_.A a_3274_4873# 0.01395f
C1970 fanout8.A _119_.A0 0.02871f
C1971 _215_.A _244_.D 0.13604f
C1972 a_14534_8874# a_15237_8447# 0.02432f
C1973 a_3819_4772# VDD 0.22951f
C1974 fanout6.A _135_.X 0.01412f
C1975 _148_.A _244_.RESET_B 0.02695f
C1976 a_9834_15996# VDD 0.24268f
C1977 _149_.A VDD 0.76712f
C1978 _124_.S a_2232_13916# 0.12662f
C1979 fanout6.A a_7008_16035# 0.02008f
C1980 a_8156_9928# VDD 0.01841f
C1981 _236_.A _131_.B1 0.02224f
C1982 _173_.A a_4362_9484# 0.08677f
C1983 _187_.Y VDD 0.49901f
C1984 _119_.X _120_.A0 0.03253f
C1985 _209_.Y a_6869_16750# 0.02473f
C1986 a_2436_9504# a_2955_9308# 0.18372f
C1987 _251_.CLK a_9348_4968# 0.07072f
C1988 a_2494_6166# _244_.D 0.13304f
C1989 _179_.Y _181_.Y 0.29221f
C1990 _138_.Y _136_.B 0.43564f
C1991 _131_.A2 a_17032_12342# 0.02647f
C1992 _168_.A a_11536_9406# 0.01216f
C1993 _250_.Q _222_.A 0.36555f
C1994 _179_.Y VDD 0.46298f
C1995 a_7336_9318# VDD 0.12222f
C1996 _215_.A _242_.D 0.19593f
C1997 _207_.Y _208_.X 0.06482f
C1998 _207_.A1 a_5376_17061# 0.10045f
C1999 a_2126_15424# VDD 0.10495f
C2000 _227_.Y _166_.A 0.02709f
C2001 _136_.A _143_.A 0.78002f
C2002 _136_.A a_7984_4870# 0.01226f
C2003 _145_.A2 a_8557_4248# 0.01207f
C2004 fanout6.A _209_.Y 0.02524f
C2005 a_12215_7664# a_12549_7996# 0.07344f
C2006 _191_.Y a_6862_15532# 0.0116f
C2007 a_2122_12940# a_2565_12983# 0.02242f
C2008 a_1862_13410# a_2436_13397# 0.16388f
C2009 a_10415_12287# a_10672_12430# 0.20069f
C2010 _258_.RESET_B a_8427_16007# 0.21597f
C2011 a_13820_4948# VDD 0.11851f
C2012 _225_.A _263_.CLK 0.10286f
C2013 _186_.Y _176_.A 0.04877f
C2014 a_12132_12528# VDD 0.07483f
C2015 a_9322_4873# a_9348_4968# 0.21121f
C2016 _180_.X a_8705_9212# 0.01132f
C2017 a_8870_12210# a_9573_12189# 0.02454f
C2018 a_14048_16878# VDD 0.08983f
C2019 a_11781_16725# a_11652_16759# 0.01562f
C2020 fanout8.A a_1580_16710# 0.19324f
C2021 a_12623_16823# a_13290_17044# 0.06982f
C2022 _162_.B _160_.B 0.26726f
C2023 _129_.B1 _261_.RESET_B 0.02365f
C2024 _136_.A _148_.A 0.0395f
C2025 _215_.A _243_.RESET_B 0.12374f
C2026 fanout7.A a_16336_8678# 0.01012f
C2027 _250_.Q _118_.A0 0.91598f
C2028 fanout6.A a_9167_16357# 0.01486f
C2029 a_2398_5782# a_2512_5782# 0.0308f
C2030 a_7908_16000# VDD 0.07213f
C2031 _263_.CLK a_15339_11471# 0.02976f
C2032 _135_.A a_14314_15457# 0.01216f
C2033 a_1864_6294# VDD 0.13325f
C2034 _210_.A a_3300_4968# 0.01236f
C2035 clkbuf_1_0__f_sclk.A _173_.A 0.01375f
C2036 _215_.A _246_.D 0.06217f
C2037 _149_.A a_13121_6188# 0.01232f
C2038 fanout7.A _126_.B1 0.0102f
C2039 _173_.A a_2955_9308# 0.02405f
C2040 _250_.Q _207_.Y 0.08117f
C2041 _149_.A a_15983_5773# 0.02143f
C2042 _143_.A a_7872_5451# 0.08792f
C2043 _151_.B a_13824_7989# 0.01485f
C2044 a_5376_17061# _199_.B1 0.11087f
C2045 _160_.X a_13184_7183# 0.06176f
C2046 _153_.Y a_13244_7972# 0.01008f
C2047 _168_.A a_10437_9165# 0.01574f
C2048 a_16746_11460# VDD 0.24152f
C2049 a_6747_5468# VDD 0.20648f
C2050 _126_.B1 _126_.Y 0.15874f
C2051 a_16079_9263# _260_.RESET_B 0.07574f
C2052 _222_.A a_3313_16823# 0.0102f
C2053 _236_.A _148_.B 2.26938f
C2054 a_2398_5782# VDD 0.10958f
C2055 fanout8.A VDD 2.28045f
C2056 a_10940_3900# VDD 0.11801f
C2057 _215_.A _243_.Q 1.29466f
C2058 a_1862_16746# a_2148_17064# 0.21832f
C2059 _152_.X VDD 0.23795f
C2060 _260_.CLK a_13883_11460# 0.02882f
C2061 _181_.Y _171_.A 0.11836f
C2062 _236_.A _135_.X 0.06059f
C2063 a_10752_7989# a_10901_7678# 0.17527f
C2064 a_15856_15454# VDD 0.12731f
C2065 a_2232_13916# a_2298_14020# 0.03308f
C2066 _171_.A VDD 0.45605f
C2067 a_2126_11726# a_2620_11830# 0.01625f
C2068 _258_.RESET_B a_7622_16434# 0.08314f
C2069 _266_.CLK a_14940_16710# 0.07064f
C2070 _124_.S a_2565_16007# 0.01173f
C2071 _148_.A a_7872_5451# 0.01028f
C2072 _250_.Q _222_.Y 0.01674f
C2073 _243_.Q a_2494_6166# 0.2802f
C2074 _266_.CLK a_14063_16357# 0.01768f
C2075 _191_.Y _190_.A 0.13419f
C2076 a_15339_11471# a_16336_11702# 0.01569f
C2077 _120_.A0 a_1862_13410# 0.04424f
C2078 _164_.B1 a_12215_7664# 0.09779f
C2079 _243_.CLK _148_.A 0.07201f
C2080 fanout6.A a_7882_15964# 0.01177f
C2081 _160_.X _166_.A 0.32127f
C2082 _263_.CLK a_14820_11464# 0.09038f
C2083 _243_.Q a_2075_5468# 0.03947f
C2084 _138_.Y _144_.B 0.24973f
C2085 a_6810_3863# a_6836_3900# 0.19823f
C2086 _252_.RESET_B a_9348_4968# 0.21735f
C2087 _250_.Q _247_.CLK 0.03456f
C2088 _149_.A a_15141_5423# 0.02073f
C2089 _251_.CLK a_6885_4629# 0.15354f
C2090 fanout8.A _250_.RESET_B 0.10728f
C2091 a_14859_15356# a_15856_15454# 0.01528f
C2092 a_14054_15234# a_14628_15247# 0.16388f
C2093 a_7736_8802# _170_.Y 0.01426f
C2094 _152_.X a_12237_5760# 0.06176f
C2095 _243_.Q _147_.Y 0.21172f
C2096 _194_.X VDD 0.20867f
C2097 a_3588_5837# VDD 0.02127f
C2098 a_13413_11460# VDD 0.01352f
C2099 _120_.A0 sclk 0.01621f
C2100 _201_.Y _193_.Y 0.04168f
C2101 a_8288_3986# VDD 0.07362f
C2102 _225_.A a_15237_11471# 0.0116f
C2103 _135_.A _239_.Y 0.187f
C2104 _260_.CLK a_14534_11898# 0.02998f
C2105 a_12904_7010# VDD 0.14298f
C2106 _171_.A _180_.X 0.02225f
C2107 a_14054_15234# VDD 0.44822f
C2108 _251_.CLK a_11946_9484# 0.01157f
C2109 _173_.Y a_7336_9318# 0.01645f
C2110 _120_.A0 a_2126_11726# 0.08538f
C2111 _164_.B1 a_10895_8436# 0.06053f
C2112 a_14359_16710# a_14572_16746# 0.20069f
C2113 _251_.CLK _145_.A2 0.0257f
C2114 a_10020_17512# freq_in 0.06682f
C2115 a_2126_10214# VDD 0.10623f
C2116 a_11946_17508# VDD 0.24354f
C2117 a_10672_13942# a_11082_14020# 0.05221f
C2118 a_7727_4727# a_7633_4727# 0.15029f
C2119 _201_.Y a_7157_16366# 0.01075f
C2120 _134_.Y a_13366_13350# 0.03021f
C2121 _148_.B _170_.B 0.03359f
C2122 _266_.CLK a_12778_15964# 0.01835f
C2123 a_9675_13844# VDD 0.20599f
C2124 a_15237_11471# a_15339_11471# 0.27006f
C2125 a_3819_5423# a_4816_5654# 0.01569f
C2126 a_5169_9508# VDD 0.01058f
C2127 a_9551_16823# a_10218_17044# 0.06982f
C2128 _201_.Y a_6286_15276# 0.13615f
C2129 a_5201_9240# a_5372_9484# 0.19823f
C2130 _244_.RESET_B VDD 1.0587f
C2131 _144_.B a_10799_5782# 0.02071f
C2132 _139_.X a_10607_4727# 0.02938f
C2133 _184_.Y VDD 0.45407f
C2134 _192_.Y _187_.Y 0.4681f
C2135 _145_.A2 _252_.D 0.25393f
C2136 a_6060_4166# a_6095_4270# 0.17527f
C2137 _202_.Y _258_.D 0.12443f
C2138 _236_.A a_11846_12210# 0.07111f
C2139 _214_.Y VDD 0.42243f
C2140 _124_.S _215_.A 0.16825f
C2141 _143_.A _224_.Y 0.02076f
C2142 a_14054_15234# a_14859_15356# 0.06896f
C2143 _224_.Y a_7984_4870# 0.06198f
C2144 a_14340_15552# a_14757_15213# 0.22605f
C2145 _145_.X _157_.B 0.02143f
C2146 a_5468_12508# VDD 0.11744f
C2147 _120_.A0 _221_.Y 0.08368f
C2148 a_3014_5850# VDD 0.48872f
C2149 a_2410_8404# a_2436_8440# 0.21121f
C2150 _168_.A _168_.Y 0.0197f
C2151 _202_.Y _191_.Y 0.13732f
C2152 _145_.A2 _143_.Y 0.09615f
C2153 _225_.A _166_.A 0.16481f
C2154 a_8811_16868# a_9551_16823# 0.15395f
C2155 a_2410_8404# _122_.A0 0.04832f
C2156 _244_.RESET_B a_4559_5773# 0.07576f
C2157 a_4796_17044# VDD 0.11839f
C2158 a_2232_10210# _122_.A0 0.10649f
C2159 _124_.S a_2494_6166# 0.11739f
C2160 _213_.Y a_14534_9186# 0.16057f
C2161 _251_.CLK _139_.X 0.01141f
C2162 _148_.B a_12215_7664# 0.04187f
C2163 _251_.CLK a_10539_9308# 0.03031f
C2164 _164_.B1 a_11731_8698# 0.18168f
C2165 a_9994_17476# VDD 0.0954f
C2166 a_6987_4772# a_7984_4870# 0.01528f
C2167 _148_.A _224_.Y 0.01555f
C2168 a_6182_4650# a_6756_4663# 0.16388f
C2169 _145_.X _151_.X 0.20944f
C2170 _235_.Y _129_.Y 0.04449f
C2171 _243_.Q _147_.B1 0.19332f
C2172 a_14820_11464# a_15237_11471# 0.22698f
C2173 _225_.A a_9734_17946# 0.07548f
C2174 a_3300_5416# a_3588_5837# 0.22255f
C2175 _136_.A VDD 2.25076f
C2176 _124_.S a_2075_5468# 0.12572f
C2177 a_2232_17770# _250_.Q 0.02866f
C2178 a_8292_17064# a_8811_16868# 0.18372f
C2179 _136_.A _168_.B 0.40848f
C2180 fanout8.A _119_.X 0.04948f
C2181 a_2075_4692# a_2301_4948# 0.02726f
C2182 a_6124_9945# VDD 0.44712f
C2183 a_2955_8447# VDD 0.22435f
C2184 a_1864_10034# VDD 0.1478f
C2185 a_11661_4696# VDD 0.25332f
C2186 _225_.A a_14438_5850# 0.02528f
C2187 a_15243_5423# a_16240_5654# 0.01569f
C2188 _145_.A2 a_8394_4948# 0.06693f
C2189 a_16336_8678# VDD 0.12548f
C2190 fanout7.A _148_.B 0.05468f
C2191 a_3407_16357# a_3313_16357# 0.15029f
C2192 _225_.A _266_.CLK 0.41274f
C2193 _133_.Y a_12132_12528# 0.04792f
C2194 a_5297_12264# VDD 0.16581f
C2195 _145_.X a_13649_4704# 0.08988f
C2196 _158_.Y _166_.A 0.03692f
C2197 _178_.B1 VDD 0.84478f
C2198 _181_.Y a_8050_10326# 0.01125f
C2199 _244_.RESET_B a_3300_5416# 0.24505f
C2200 a_14820_9504# a_15108_9199# 0.22255f
C2201 _126_.B1 VDD 0.80584f
C2202 _136_.A a_8386_3900# 0.01167f
C2203 _148_.B _126_.Y 0.06462f
C2204 a_10539_17519# a_11536_17750# 0.01569f
C2205 a_10437_17519# a_11185_17869# 0.01058f
C2206 a_12549_7996# VDD 0.2016f
C2207 _243_.D a_2240_3986# 0.01657f
C2208 _145_.A2 _252_.RESET_B 0.01217f
C2209 _148_.B _148_.A 0.30146f
C2210 _247_.CLK a_3380_13690# 0.93947f
C2211 _131_.A2 a_13366_13350# 0.05331f
C2212 a_7872_5451# VDD 0.18339f
C2213 a_9130_13945# a_9573_13701# 0.02242f
C2214 a_8870_13722# a_9156_14040# 0.21832f
C2215 a_6182_4650# a_6885_4629# 0.02454f
C2216 _118_.A0 a_4512_17547# 0.1017f
C2217 a_13391_12287# _129_.Y 0.01078f
C2218 a_14320_16238# a_14730_15996# 0.05221f
C2219 _243_.Q a_11274_4948# 0.01015f
C2220 a_2853_8447# a_2955_8447# 0.27006f
C2221 _157_.B a_13775_5782# 0.02071f
C2222 _119_.A0 a_2232_13916# 0.05153f
C2223 a_3014_5850# a_3300_5416# 0.21832f
C2224 a_14357_12972# VDD 0.1613f
C2225 _145_.X _138_.Y 0.0168f
C2226 _247_.CLK a_2148_12976# 0.07263f
C2227 _243_.CLK VDD 2.61602f
C2228 _122_.A0 a_3952_8678# 0.01544f
C2229 _122_.A0 a_2298_10318# 0.01744f
C2230 _145_.X _159_.Y 0.08531f
C2231 a_14056_9318# _251_.CLK 0.02632f
C2232 a_9156_12528# a_10415_12287# 0.01303f
C2233 _160_.X a_12328_8522# 0.01251f
C2234 a_2150_8874# _124_.S 0.04436f
C2235 _136_.A a_6528_8475# 0.01326f
C2236 a_15983_12287# a_16650_12508# 0.06982f
C2237 a_9765_4629# VDD 0.2612f
C2238 a_14724_5416# a_15243_5423# 0.18362f
C2239 a_15141_5423# a_15012_5837# 0.01562f
C2240 a_3045_3911# a_3793_4261# 0.01058f
C2241 a_14240_16921# VDD 0.24167f
C2242 _185_.Y a_7808_10034# 0.01215f
C2243 _225_.A _154_.X 0.02492f
C2244 a_6442_4873# VDD 0.09586f
C2245 a_2148_16000# a_3407_16357# 0.01303f
C2246 a_14534_8874# VDD 0.44684f
C2247 a_2244_12528# VDD 0.08409f
C2248 _173_.Y _184_.Y 0.15283f
C2249 _222_.A _118_.X 0.10015f
C2250 fanout7.A a_9167_16357# 0.04725f
C2251 a_11279_9263# a_11946_9484# 0.06982f
C2252 a_14820_9504# a_15237_9165# 0.22605f
C2253 a_14534_9186# a_15339_9308# 0.06896f
C2254 _126_.B1 a_12704_11546# 0.01113f
C2255 a_9734_17946# a_10539_17519# 0.06896f
C2256 a_10020_17512# a_10437_17519# 0.22698f
C2257 _190_.A _192_.C 0.0633f
C2258 a_8990_5412# VDD 0.01094f
C2259 _225_.A _226_.Y 0.33913f
C2260 _210_.B _136_.B 0.02896f
C2261 _176_.A a_9130_12433# 0.01605f
C2262 a_2853_8447# _243_.CLK 0.18437f
C2263 _148_.X a_12572_4948# 0.07789f
C2264 a_11338_16969# VDD 0.09669f
C2265 a_13221_16007# a_13323_16007# 0.27006f
C2266 a_3717_4629# a_4465_4727# 0.01058f
C2267 _148_.X VDD 0.53793f
C2268 _164_.Y _172_.Y 0.03323f
C2269 _164_.B1 VDD 0.64688f
C2270 _157_.Y a_13019_6460# 0.02762f
C2271 a_4928_16082# VDD 0.07693f
C2272 _170_.B a_8488_8436# 0.01036f
C2273 _238_.Y _211_.Y 0.23775f
C2274 _192_.B VDD 0.49274f
C2275 _133_.Y a_13413_11460# 0.02521f
C2276 _118_.A0 _118_.X 0.02261f
C2277 _160_.X a_10989_8784# 0.02017f
C2278 _148_.B a_8603_9484# 0.02807f
C2279 _118_.A0 _222_.A 0.06766f
C2280 _119_.A0 _148_.B 1.21118f
C2281 a_7985_7728# VDD 0.16912f
C2282 _157_.Y _157_.B 0.43552f
C2283 _173_.Y _136_.A 0.33667f
C2284 a_14724_12528# a_15983_12287# 0.01303f
C2285 fanout6.A a_13290_17044# 0.02454f
C2286 _207_.A2 VDD 0.72348f
C2287 _230_.Y a_9573_13701# 0.02841f
C2288 a_14698_5380# a_14724_5416# 0.21121f
C2289 a_2342_4338# a_3147_3911# 0.06896f
C2290 _251_.CLK _168_.A 1.04629f
C2291 a_11364_17064# VDD 0.0748f
C2292 _236_.A _176_.A 0.16232f
C2293 a_1862_16434# a_2565_16007# 0.02432f
C2294 _222_.A _207_.Y 0.0424f
C2295 _236_.Y a_14534_11898# 0.09828f
C2296 _131_.B1 VDD 0.26518f
C2297 a_3952_8678# a_3695_8797# 0.20069f
C2298 _158_.Y a_13403_8436# 0.09026f
C2299 a_2232_13916# VDD 0.49833f
C2300 _135_.X a_12518_16434# 0.16172f
C2301 _173_.Y a_6124_9945# 0.11239f
C2302 _126_.Y a_11846_12210# 0.16306f
C2303 a_12106_12433# a_12132_12528# 0.21121f
C2304 a_6810_3863# VDD 0.17006f
C2305 _243_.CLK a_3300_5416# 0.07345f
C2306 a_14940_16710# a_15722_16904# 0.22255f
C2307 _242_.RESET_B a_4816_4870# 0.06198f
C2308 a_10607_4727# a_10513_4727# 0.15029f
C2309 a_10539_9308# a_11279_9263# 0.15395f
C2310 _215_.A _148_.A 0.08123f
C2311 _250_.D _118_.X 0.10472f
C2312 clkbuf_1_0__f_sclk.A a_3956_6888# 0.39741f
C2313 _148_.B a_4744_15366# 0.01664f
C2314 _118_.A0 a_2122_15964# 0.03246f
C2315 _218_.Y _124_.S 0.01138f
C2316 _250_.D _222_.A 0.03481f
C2317 _124_.S a_2724_8861# 0.01728f
C2318 _178_.B1 _173_.Y 0.36277f
C2319 _207_.Y a_5147_15996# 0.08668f
C2320 _131_.A2 _126_.B1 1.70108f
C2321 _210_.B a_6656_5498# 0.01295f
C2322 a_6747_5468# a_6949_5782# 0.01117f
C2323 _135_.A a_12804_16000# 0.02391f
C2324 a_16079_8797# a_16746_8436# 0.06982f
C2325 _224_.Y VDD 1.0908f
C2326 fanout7.A a_16079_11821# 0.01583f
C2327 a_12518_16434# a_13221_16007# 0.02432f
C2328 _148_.A a_2494_6166# 0.08909f
C2329 _160_.B a_13824_7989# 0.11854f
C2330 _222_.Y _118_.X 0.14113f
C2331 _120_.X a_2244_12528# 0.01075f
C2332 a_2218_12433# a_2661_12189# 0.02242f
C2333 _222_.A _222_.Y 0.18444f
C2334 _180_.X _164_.B1 0.07107f
C2335 _225_.A _227_.Y 0.20581f
C2336 a_3695_9263# a_3952_9406# 0.20069f
C2337 _238_.Y a_15071_17016# 0.03342f
C2338 _131_.A2 a_14357_12972# 0.04526f
C2339 _240_.Y a_11279_17869# 0.07576f
C2340 a_15861_16904# VDD 0.09768f
C2341 _214_.A a_11078_16746# 0.03512f
C2342 _251_.CLK _166_.A 0.12399f
C2343 _176_.A _256_.RESET_B 0.08212f
C2344 fanout8.A _221_.Y 0.05705f
C2345 a_6987_4772# VDD 0.20927f
C2346 _118_.A0 _250_.D 0.06279f
C2347 a_12549_12189# a_12420_12223# 0.01562f
C2348 a_8006_16746# VDD 0.44707f
C2349 _222_.A _247_.CLK 0.03005f
C2350 _162_.B VDD 0.92665f
C2351 a_3887_4261# VDD 0.20005f
C2352 _148_.A _147_.Y 0.05212f
C2353 _242_.RESET_B a_3300_4968# 0.23331f
C2354 _148_.B a_12572_4948# 0.02806f
C2355 a_9348_4968# a_9636_4663# 0.22255f
C2356 a_10607_4727# a_10864_4870# 0.20069f
C2357 _207_.A1 a_9551_16823# 0.03629f
C2358 a_10020_9504# a_10539_9308# 0.18372f
C2359 _145_.X _153_.Y 0.01783f
C2360 a_7616_15437# VDD 0.26674f
C2361 _148_.B _181_.Y 0.1255f
C2362 _178_.Y _168_.A 0.04052f
C2363 _225_.A _235_.Y 0.04482f
C2364 _148_.B a_13100_13686# 0.13284f
C2365 _118_.A0 _222_.Y 0.27273f
C2366 _243_.RESET_B a_4144_4142# 0.06071f
C2367 _176_.A a_9675_12332# 0.02628f
C2368 _157_.Y a_13244_7972# 0.02445f
C2369 _124_.S a_2565_12983# 0.01492f
C2370 _263_.CLK a_15243_12332# 0.0338f
C2371 a_2126_15424# a_2232_15428# 0.22783f
C2372 _136_.A _147_.A1 0.0163f
C2373 _148_.B VDD 4.17694f
C2374 a_15237_8447# a_15339_8447# 0.27006f
C2375 a_5226_4948# VDD 0.24163f
C2376 a_2565_16725# a_2565_16007# 0.01653f
C2377 _135_.X VDD 0.40988f
C2378 a_3503_12287# a_3760_12430# 0.20069f
C2379 a_5704_13854# a_5888_13854# 0.0262f
C2380 a_2661_12189# a_2532_12223# 0.01562f
C2381 _124_.S a_1958_12210# 0.05434f
C2382 _210_.A a_5608_4782# 0.02662f
C2383 _135_.X _237_.Y 0.25947f
C2384 _261_.RESET_B a_12132_12528# 0.23616f
C2385 _173_.A a_4744_9318# 0.03991f
C2386 a_7008_16035# VDD 0.17516f
C2387 _148_.B _134_.Y 0.19242f
C2388 _120_.A0 a_2218_12433# 0.04889f
C2389 a_3274_4873# a_3300_4968# 0.21121f
C2390 _147_.A1 a_11661_4696# 0.04593f
C2391 _210_.A a_2398_4654# 0.27941f
C2392 a_8325_16007# a_9073_16357# 0.01058f
C2393 a_2565_16007# VDD 0.24657f
C2394 _207_.A1 a_8292_17064# 0.03195f
C2395 _151_.B a_13184_7183# 0.11942f
C2396 _135_.X _134_.Y 0.03244f
C2397 _260_.CLK _260_.RESET_B 0.02732f
C2398 _126_.Y a_12923_11460# 0.08668f
C2399 _250_.D _222_.Y 0.15357f
C2400 a_2126_15424# a_2620_15238# 0.01625f
C2401 _260_.CLK a_14438_12210# 0.02044f
C2402 _251_.CLK a_15108_8861# 0.0146f
C2403 _243_.Q a_4144_4142# 0.0108f
C2404 _133_.Y _126_.B1 0.05893f
C2405 _222_.A a_7328_16878# 0.01016f
C2406 a_13221_16007# VDD 0.25205f
C2407 fanout7.A a_9573_13701# 0.17746f
C2408 _210_.A a_6468_4968# 0.02489f
C2409 _162_.Y a_12549_7996# 0.03305f
C2410 _237_.Y a_13221_16007# 0.02841f
C2411 a_12132_12528# a_12651_12332# 0.18372f
C2412 _209_.Y VDD 0.28914f
C2413 _220_.Y a_2661_12189# 0.02692f
C2414 a_2436_13397# a_2667_12983# 0.06628f
C2415 a_2602_3868# VDD 0.09944f
C2416 _148_.B a_12237_5760# 0.17464f
C2417 a_14058_12508# VDD 0.24247f
C2418 _235_.Y _131_.Y 0.04064f
C2419 fanout7.A _128_.B1 0.03414f
C2420 _202_.Y a_7451_14484# 0.0862f
C2421 _225_.A _160_.X 0.05737f
C2422 _131_.A2 _131_.B1 0.16304f
C2423 _148_.B _180_.X 0.08534f
C2424 a_14534_8874# a_14820_8440# 0.21832f
C2425 _151_.B _166_.A 0.02958f
C2426 a_11974_8436# _166_.A 0.01009f
C2427 a_3717_4629# VDD 0.25578f
C2428 a_9167_16357# VDD 0.17513f
C2429 _250_.RESET_B a_2565_16007# 0.02751f
C2430 a_2661_12189# a_2763_12332# 0.26919f
C2431 _210_.A a_4559_4727# 0.01497f
C2432 _120_.A0 a_2532_12223# 0.01924f
C2433 _171_.A a_7739_9484# 0.09173f
C2434 _148_.A _147_.B1 0.01861f
C2435 _173_.A a_3952_9406# 0.01074f
C2436 a_2126_13912# _120_.A0 0.27418f
C2437 _235_.Y a_14820_11464# 0.01405f
C2438 _251_.CLK _154_.X 0.03087f
C2439 a_7622_16434# a_8427_16007# 0.06896f
C2440 _192_.Y _192_.B 0.1608f
C2441 a_2150_9186# a_2955_9308# 0.06896f
C2442 _164_.Y _168_.A 0.05449f
C2443 a_2436_9504# a_2853_9165# 0.22605f
C2444 _251_.CLK a_9062_4650# 0.02083f
C2445 a_2494_6166# a_2671_6460# 0.01057f
C2446 a_2171_6204# _244_.D 0.01321f
C2447 a_2126_7864# a_2558_7972# 0.02903f
C2448 _151_.B a_13740_5678# 0.02971f
C2449 a_3592_10830# VDD 0.17281f
C2450 _168_.A a_11279_9263# 0.01286f
C2451 a_17032_16082# VDD 0.13516f
C2452 fanout6.A a_12804_16000# 0.02966f
C2453 _136_.A a_7727_4727# 0.03595f
C2454 _243_.Q _139_.X 0.06343f
C2455 _191_.Y _192_.C 0.14279f
C2456 _251_.CLK _226_.Y 0.04939f
C2457 a_2122_12940# a_2148_12976# 0.21121f
C2458 _120_.A0 _220_.Y 0.05836f
C2459 a_8156_7972# _154_.X 0.05579f
C2460 _251_.CLK a_10408_7806# 0.01104f
C2461 _243_.Q a_3300_4968# 0.03444f
C2462 a_13617_4972# VDD 0.01089f
C2463 a_11846_12210# VDD 0.44828f
C2464 _252_.D a_9062_4650# 0.14363f
C2465 a_9322_4873# a_9062_4650# 0.39302f
C2466 _207_.A1 a_9834_15996# 0.07149f
C2467 a_8870_12210# a_9156_12528# 0.21832f
C2468 _215_.A VDD 2.74434f
C2469 a_12623_16823# a_12880_16966# 0.20069f
C2470 a_11364_17064# a_11652_16759# 0.22255f
C2471 _162_.B a_13073_7728# 0.21956f
C2472 _178_.Y a_7624_10034# 0.01814f
C2473 _215_.A a_1376_4782# 0.01113f
C2474 a_2232_17770# _118_.A0 0.09962f
C2475 a_2398_5782# a_2301_5782# 0.01625f
C2476 a_7882_15964# VDD 0.09714f
C2477 a_2494_6166# VDD 0.10548f
C2478 _210_.A a_3014_4650# 0.02415f
C2479 _120_.A0 a_2763_12332# 0.02466f
C2480 _164_.Y _166_.A 0.01847f
C2481 _122_.X _215_.A 0.08085f
C2482 _149_.A a_13019_6460# 0.02391f
C2483 _173_.A a_2853_9165# 0.0157f
C2484 _250_.Q a_4074_17044# 0.03408f
C2485 _252_.RESET_B a_10864_4870# 0.06208f
C2486 _149_.A a_16240_5654# 0.01544f
C2487 _213_.Y VDD 0.23643f
C2488 _193_.Y _190_.A 0.02689f
C2489 _149_.A _157_.B 0.09241f
C2490 a_16079_11821# VDD 0.17281f
C2491 _168_.A a_10020_9504# 0.01353f
C2492 _241_.Y a_11883_16868# 0.21621f
C2493 _119_.A0 _189_.X 0.01414f
C2494 a_1192_17508# VDD 0.16746f
C2495 a_2075_5468# VDD 0.51727f
C2496 a_10737_3900# VDD 0.01074f
C2497 _225_.A a_15339_11471# 0.01343f
C2498 a_15599_15311# VDD 0.17667f
C2499 a_2232_13916# clkload0.Y 0.05105f
C2500 _153_.Y _157_.Y 0.4774f
C2501 _145_.X a_11381_3900# 0.01131f
C2502 a_2126_11726# a_2298_11830# 0.0308f
C2503 _129_.B1 _260_.CLK 0.13022f
C2504 _147_.Y VDD 0.58412f
C2505 _124_.S a_2148_16000# 0.01696f
C2506 _243_.Q a_2171_6204# 0.06352f
C2507 _250_.Q a_2122_16969# 0.03039f
C2508 _149_.A _151_.X 0.05362f
C2509 _186_.Y a_7985_13776# 0.07054f
C2510 _266_.CLK a_14320_16238# 0.0145f
C2511 a_11781_16725# a_11883_16868# 0.26919f
C2512 _148_.B _192_.Y 0.01194f
C2513 _251_.CLK _227_.Y 0.10994f
C2514 _131_.A2 a_14058_12508# 0.07103f
C2515 fanout8.A rst 0.04974f
C2516 _151_.B a_13403_8436# 0.07868f
C2517 a_10769_4258# a_10940_3900# 0.19823f
C2518 _225_.A _158_.Y 0.05836f
C2519 a_8488_8436# VDD 0.16672f
C2520 _138_.Y a_8538_5375# 0.05914f
C2521 fanout8.A _207_.A1 0.11979f
C2522 _179_.Y a_8501_10702# 0.02385f
C2523 _252_.RESET_B a_9062_4650# 0.08054f
C2524 _250_.Q a_2667_16868# 0.02541f
C2525 _149_.A a_14724_5416# 0.02807f
C2526 _214_.Y freq_in 0.03196f
C2527 _251_.CLK a_6468_4968# 0.05962f
C2528 _215_.A a_3300_5416# 0.02732f
C2529 _207_.B1 a_4928_16082# 0.02124f
C2530 a_14859_15356# a_15599_15311# 0.15395f
C2531 _215_.A _120_.X 0.06642f
C2532 _162_.B _162_.Y 0.12819f
C2533 a_8156_14020# VDD 0.11751f
C2534 a_12923_11460# VDD 0.16547f
C2535 _151_.X a_13820_4948# 0.05498f
C2536 _201_.Y a_7616_15437# 0.17559f
C2537 fanout6.A _258_.RESET_B 0.04953f
C2538 _225_.A a_14820_11464# 0.0186f
C2539 a_6779_12972# VDD 0.17394f
C2540 _148_.B _133_.Y 0.01527f
C2541 a_14314_15457# VDD 0.09587f
C2542 _251_.CLK a_11536_9406# 0.01238f
C2543 _148_.B _162_.Y 0.09351f
C2544 a_2150_8874# VDD 0.45145f
C2545 a_14240_16921# a_14572_16746# 0.05221f
C2546 _266_.CLK _135_.A 0.06486f
C2547 _190_.A _187_.Y 0.01477f
C2548 a_17032_10830# VDD 0.14777f
C2549 a_10415_13799# a_11082_14020# 0.06982f
C2550 a_11279_17869# VDD 0.17318f
C2551 _201_.Y a_7008_16035# 0.09033f
C2552 a_9573_13701# VDD 0.25511f
C2553 a_14820_11464# a_15339_11471# 0.18362f
C2554 a_15237_11471# a_15108_11885# 0.01562f
C2555 a_4928_9318# VDD 0.0715f
C2556 _225_.A a_10539_17519# 0.02799f
C2557 _202_.Y _193_.Y 0.01521f
C2558 _189_.X VDD 0.49352f
C2559 a_9551_16823# a_9808_16966# 0.20069f
C2560 _122_.X a_2150_8874# 0.14948f
C2561 a_13649_4704# a_13820_4948# 0.19823f
C2562 _128_.B1 VDD 0.40634f
C2563 _144_.B a_10592_5498# 0.01168f
C2564 _153_.Y _161_.Y 0.41423f
C2565 a_6048_13011# VDD 0.1782f
C2566 _236_.A _263_.CLK 0.61378f
C2567 _147_.B1 VDD 0.23047f
C2568 _176_.A a_11082_12508# 0.09202f
C2569 a_15339_9308# VDD 0.20203f
C2570 _202_.Y a_7157_16366# 0.01023f
C2571 a_9352_17508# VDD 0.18461f
C2572 a_14054_15234# a_14757_15213# 0.02454f
C2573 _224_.Y a_7727_4727# 0.07574f
C2574 a_5265_12532# VDD 0.01064f
C2575 a_14820_9504# _225_.A 0.05026f
C2576 _134_.Y _128_.B1 0.02841f
C2577 _162_.B a_10752_7989# 0.11158f
C2578 _119_.A0 clkbuf_1_0__f_sclk.A 0.03626f
C2579 _250_.Q fanout6.A 0.01216f
C2580 a_2150_8874# a_2853_8447# 0.02432f
C2581 _244_.RESET_B a_4816_5654# 0.0605f
C2582 a_16079_9263# a_15985_9263# 0.15029f
C2583 a_4593_17068# VDD 0.01074f
C2584 a_2126_10214# _122_.A0 0.27883f
C2585 _124_.S a_2171_6204# 0.13628f
C2586 a_12712_5498# VDD 0.14615f
C2587 _119_.A0 a_2565_12983# 0.01602f
C2588 _251_.CLK a_10437_9165# 0.15733f
C2589 _168_.A a_6677_8806# 0.02596f
C2590 _181_.Y a_8352_11013# 0.21857f
C2591 _148_.B _196_.Y 0.02937f
C2592 a_8352_11013# VDD 0.17399f
C2593 a_9156_14040# a_10415_13799# 0.01303f
C2594 _131_.Y a_14651_10996# 0.08535f
C2595 a_6987_4772# a_7727_4727# 0.15395f
C2596 _176_.A VDD 0.89281f
C2597 a_14794_11428# a_15237_11471# 0.02242f
C2598 a_4362_9484# VDD 0.24273f
C2599 a_2126_17774# _250_.Q 0.07074f
C2600 a_8292_17064# a_8709_16725# 0.22605f
C2601 _207_.B1 _148_.B 0.01534f
C2602 a_8006_16746# a_8811_16868# 0.06896f
C2603 _260_.CLK _236_.Y 0.09537f
C2604 _136_.A a_5201_9240# 0.17612f
C2605 _236_.A a_9928_18390# 0.02118f
C2606 a_2075_4692# a_2398_4654# 0.22783f
C2607 a_9573_12189# a_10321_12287# 0.01058f
C2608 _239_.Y VDD 1.0607f
C2609 _218_.Y VDD 1.05328f
C2610 _215_.A sdata 0.01079f
C2611 _136_.A _170_.Y 0.10882f
C2612 a_14359_16710# _238_.Y 0.07576f
C2613 a_11274_4948# VDD 0.24356f
C2614 _143_.A _145_.A2 0.28791f
C2615 a_15339_8447# VDD 0.20442f
C2616 a_3407_16357# a_4074_15996# 0.06982f
C2617 a_4170_12508# VDD 0.24648f
C2618 _236_.A a_11082_14020# 0.04383f
C2619 _122_.X _218_.Y 0.11759f
C2620 a_7232_14570# VDD 0.07892f
C2621 _244_.RESET_B a_3274_5380# 0.13595f
C2622 a_7808_10034# VDD 0.06744f
C2623 a_15339_9308# a_16336_9406# 0.01528f
C2624 a_14534_9186# a_15108_9199# 0.16388f
C2625 _136_.A a_10769_4258# 0.20467f
C2626 a_14919_16964# a_15767_17137# 0.06896f
C2627 _131_.A2 a_12923_11460# 0.05928f
C2628 _192_.C _176_.B 0.01458f
C2629 _199_.Y _200_.Y 0.17659f
C2630 _148_.B a_12106_12433# 0.02883f
C2631 a_13824_7989# VDD 0.16826f
C2632 a_10020_17512# a_11185_17869# 0.22369f
C2633 _131_.B1 a_14724_12528# 0.04349f
C2634 _148_.A _145_.A2 0.07894f
C2635 a_9130_13945# a_9156_14040# 0.21121f
C2636 _210_.B _210_.Y 0.0403f
C2637 _122_.A0 _136_.A 0.26614f
C2638 a_6182_4650# a_6468_4968# 0.21832f
C2639 _239_.Y a_14859_15356# 0.21577f
C2640 _160_.B a_13184_7183# 0.14164f
C2641 a_14320_16238# a_14063_16357# 0.20069f
C2642 _125_.A1 _210_.A 0.22293f
C2643 _225_.A _251_.CLK 1.65078f
C2644 _218_.Y a_2853_8447# 0.02707f
C2645 _190_.A _194_.X 0.02407f
C2646 a_2436_8440# a_2955_8447# 0.18362f
C2647 a_2853_8447# a_2724_8861# 0.01562f
C2648 a_3014_5850# a_3274_5380# 0.39302f
C2649 clkbuf_1_0__f_sclk.A VDD 3.22317f
C2650 _250_.Q _124_.S 0.10966f
C2651 a_2955_9308# VDD 0.22359f
C2652 clkbuf_1_0__f_sclk.A _168_.B 0.1476f
C2653 _122_.A0 a_2955_8447# 0.0257f
C2654 _191_.Y _193_.Y 0.16994f
C2655 _126_.B1 a_13883_11460# 0.05737f
C2656 a_2126_10214# a_2620_10318# 0.01625f
C2657 _195_.Y a_5427_15260# 0.01006f
C2658 _160_.X _151_.B 0.01201f
C2659 _145_.X _157_.Y 0.06917f
C2660 _160_.X a_11974_8436# 0.03046f
C2661 a_7157_16366# _258_.D 0.02071f
C2662 a_3592_10830# sclk 0.01905f
C2663 a_2565_12983# VDD 0.25173f
C2664 _214_.Y a_10437_17519# 0.04514f
C2665 a_15983_12287# a_16240_12430# 0.20069f
C2666 a_15141_12189# a_15889_12287# 0.01058f
C2667 _164_.Y a_10989_8784# 0.14987f
C2668 fanout6.A _266_.CLK 0.16362f
C2669 a_9348_4968# VDD 0.08005f
C2670 a_14724_5416# a_15012_5837# 0.22255f
C2671 a_2628_3904# a_3793_4261# 0.22369f
C2672 a_2916_4325# a_3147_3911# 0.06628f
C2673 _128_.B1 _131_.A2 0.16133f
C2674 a_13290_17044# VDD 0.24014f
C2675 _185_.Y a_7624_10034# 0.02678f
C2676 a_14698_12433# _235_.Y 0.13355f
C2677 _225_.A _252_.D 0.04211f
C2678 a_14144_8522# VDD 0.09269f
C2679 a_2565_16007# a_2667_16007# 0.27006f
C2680 a_1958_12210# VDD 0.44995f
C2681 _225_.A a_12623_16823# 0.01143f
C2682 _173_.Y a_5242_8806# 0.01575f
C2683 _173_.Y a_6320_10296# 0.01087f
C2684 a_1952_11546# VDD 0.09003f
C2685 _147_.A1 _147_.Y 0.27643f
C2686 _178_.B1 a_6579_11460# 0.01033f
C2687 _192_.Y a_6779_12972# 0.02018f
C2688 fanout7.A a_9424_16238# 0.01921f
C2689 a_11279_9263# a_11536_9406# 0.20069f
C2690 a_14534_9186# a_15237_9165# 0.02454f
C2691 _199_.Y _186_.Y 0.19061f
C2692 _145_.B1 a_8557_4248# 0.17403f
C2693 a_8538_5375# _144_.B 0.18478f
C2694 _153_.Y _149_.A 0.05907f
C2695 _166_.A _160_.B 0.02476f
C2696 _148_.A _139_.X 0.04439f
C2697 _215_.A sclk 0.0391f
C2698 a_9734_17946# a_10308_17933# 0.16388f
C2699 a_9994_17476# a_10437_17519# 0.02242f
C2700 _190_.A a_6197_13342# 0.02954f
C2701 a_8564_5412# VDD 0.11835f
C2702 _135_.A a_14063_16357# 0.04777f
C2703 a_2436_8440# _243_.CLK 0.08351f
C2704 _235_.Y a_15243_12332# 0.21423f
C2705 _214_.Y a_10888_16878# 0.01691f
C2706 a_13073_5770# a_13244_5412# 0.19823f
C2707 _122_.A0 _243_.CLK 0.05107f
C2708 a_12804_16000# a_13323_16007# 0.18362f
C2709 a_13221_16007# a_13092_16421# 0.01562f
C2710 clkbuf_1_0__f_sclk.A a_5800_9318# 0.01103f
C2711 a_3819_4772# a_3588_4663# 0.06628f
C2712 a_3300_4968# a_4465_4727# 0.22369f
C2713 _170_.B a_8014_8492# 0.01895f
C2714 fanout7.A _263_.CLK 0.18202f
C2715 _148_.B _261_.RESET_B 0.07633f
C2716 _160_.X a_10784_8522# 0.01326f
C2717 _164_.Y _160_.X 0.07078f
C2718 fanout6.A a_12880_16966# 0.01434f
C2719 a_2342_4338# a_2916_4325# 0.16388f
C2720 _230_.Y a_9156_14040# 0.2398f
C2721 a_2628_3904# a_3045_3911# 0.22698f
C2722 a_11078_16746# VDD 0.44854f
C2723 _263_.CLK _126_.Y 0.02274f
C2724 _162_.Y a_12652_6924# 0.01398f
C2725 _236_.A a_9734_17946# 0.03378f
C2726 _215_.A _219_.Y 0.0895f
C2727 a_1862_16434# a_2148_16000# 0.21832f
C2728 _191_.Y _187_.Y 0.07827f
C2729 a_2955_8447# a_3695_8797# 0.15395f
C2730 a_12512_8522# VDD 0.07071f
C2731 a_12106_12433# a_11846_12210# 0.39302f
C2732 a_1864_13854# VDD 0.14536f
C2733 _242_.RESET_B a_4559_4727# 0.07574f
C2734 _215_.A _221_.Y 0.15995f
C2735 _159_.Y a_13973_7678# 0.02071f
C2736 _182_.Y _251_.CLK 0.02252f
C2737 a_15237_9165# a_15237_8447# 0.01653f
C2738 _128_.B1 _133_.Y 0.15788f
C2739 a_15237_8447# _166_.A 0.01348f
C2740 a_16336_8678# a_16746_8436# 0.05221f
C2741 a_5792_4782# VDD 0.06892f
C2742 _136_.A _138_.Y 0.07987f
C2743 _225_.A _252_.RESET_B 0.13817f
C2744 fanout7.A a_16336_11702# 0.0128f
C2745 a_12518_16434# a_12804_16000# 0.21832f
C2746 _148_.A a_2171_6204# 0.04611f
C2747 _120_.X a_1958_12210# 0.1668f
C2748 a_2218_12433# a_2244_12528# 0.21121f
C2749 _147_.A1 _147_.B1 0.03141f
C2750 _200_.Y a_6008_15242# 0.01588f
C2751 _258_.RESET_B fanout7.A 0.0264f
C2752 _120_.X a_1952_11546# 0.01763f
C2753 _207_.A2 _207_.A1 0.47937f
C2754 a_2853_9165# a_3601_9263# 0.01058f
C2755 _148_.X a_13019_6460# 0.05588f
C2756 _199_.Y _205_.B1 0.18338f
C2757 _143_.Y a_8557_4248# 0.01857f
C2758 _122_.A0 a_7985_7728# 0.06292f
C2759 a_14820_9504# _251_.CLK 0.01502f
C2760 _153_.Y _152_.X 0.11818f
C2761 _225_.A a_15012_12223# 0.02086f
C2762 _118_.A0 a_4074_17044# 0.08013f
C2763 _172_.Y a_9734_9186# 0.17336f
C2764 _240_.Y a_11536_17750# 0.0605f
C2765 a_15767_17137# VDD 0.45227f
C2766 clkbuf_1_0__f_sclk.A _173_.Y 0.05214f
C2767 _148_.X _157_.B 0.05745f
C2768 fanout8.A a_1580_12936# 0.16923f
C2769 _170_.B _166_.A 0.11967f
C2770 a_6885_4629# VDD 0.24859f
C2771 fanout6.A a_4512_17547# 0.19032f
C2772 fanout7.A a_11082_14020# 0.01507f
C2773 a_14730_15996# VDD 0.2396f
C2774 a_12132_12528# a_12420_12223# 0.22255f
C2775 a_8266_16969# VDD 0.09403f
C2776 a_3407_13333# a_3313_13333# 0.15029f
C2777 _151_.B _158_.Y 0.10088f
C2778 a_2126_13912# a_2620_13726# 0.01625f
C2779 _251_.CLK a_15980_7638# 0.14914f
C2780 a_4144_4142# VDD 0.13372f
C2781 _242_.RESET_B a_3014_4650# 0.07304f
C2782 a_9062_4650# a_9636_4663# 0.16388f
C2783 a_5333_15532# _199_.Y 0.08615f
C2784 _210_.A a_6060_4166# 0.096f
C2785 a_10020_9504# a_10437_9165# 0.22605f
C2786 a_9734_9186# a_10539_9308# 0.06896f
C2787 _243_.Q a_2398_4654# 0.09196f
C2788 a_11946_9484# VDD 0.24319f
C2789 _225_.A _164_.Y 0.66103f
C2790 _243_.RESET_B a_3147_3911# 0.21624f
C2791 _118_.A0 a_2122_16969# 0.02616f
C2792 _176_.A a_9573_12189# 0.02192f
C2793 _225_.A a_14698_12433# 0.02496f
C2794 a_7336_9318# a_7520_9318# 0.0262f
C2795 _263_.CLK a_15141_12189# 0.1761f
C2796 _124_.S a_2148_12976# 0.01927f
C2797 a_9120_9501# _172_.Y 0.11772f
C2798 _145_.A2 VDD 0.58061f
C2799 _196_.Y _189_.X 0.08053f
C2800 a_14820_8440# a_15339_8447# 0.18362f
C2801 a_15237_8447# a_15108_8861# 0.01562f
C2802 a_4816_4870# VDD 0.12996f
C2803 a_11944_16082# VDD 0.1574f
C2804 a_2244_12528# a_2532_12223# 0.22255f
C2805 _131_.B1 a_14534_11898# 0.04913f
C2806 _207_.A2 _199_.B1 0.03977f
C2807 _261_.RESET_B a_11846_12210# 0.11348f
C2808 _147_.A1 a_11274_4948# 0.08738f
C2809 a_3274_4873# a_3014_4650# 0.39302f
C2810 _210_.A a_2075_4692# 0.0996f
C2811 a_8196_16421# a_8427_16007# 0.06628f
C2812 a_7908_16000# a_9073_16357# 0.22369f
C2813 a_2436_9504# a_3695_9263# 0.01303f
C2814 a_2148_16000# VDD 0.07939f
C2815 _207_.A1 a_8006_16746# 0.02079f
C2816 _135_.X a_12992_15437# 0.07539f
C2817 _118_.A0 a_2667_16868# 0.01308f
C2818 _250_.D a_2122_16969# 0.02135f
C2819 _225_.A a_15243_12332# 0.02368f
C2820 _153_.Y a_12904_7010# 0.03091f
C2821 a_2126_15424# a_2298_15238# 0.0308f
C2822 _240_.Y a_9734_17946# 0.09283f
C2823 _172_.Y VDD 0.27248f
C2824 _243_.Q a_3147_3911# 0.01034f
C2825 _222_.A a_6869_16750# 0.01017f
C2826 _225_.A _135_.A 0.13695f
C2827 _136_.A _136_.B 0.15292f
C2828 _145_.A2 a_8386_3900# 0.04978f
C2829 a_12804_16000# VDD 0.0737f
C2830 fanout7.A a_9156_14040# 0.06265f
C2831 _210_.A a_6182_4650# 0.07283f
C2832 a_11846_12210# a_12651_12332# 0.06896f
C2833 _159_.Y a_14534_8874# 0.14499f
C2834 a_12132_12528# a_12549_12189# 0.22605f
C2835 _237_.Y a_12804_16000# 0.22336f
C2836 a_2122_16969# _222_.Y 0.13217f
C2837 _220_.Y a_2244_12528# 0.23939f
C2838 _242_.D a_3014_4650# 0.15065f
C2839 a_2148_12976# a_3407_13333# 0.01303f
C2840 _143_.Y _145_.B1 0.11935f
C2841 a_13648_12430# VDD 0.12752f
C2842 _190_.A _192_.B 0.02496f
C2843 _151_.B a_13244_5412# 0.0547f
C2844 _172_.Y _228_.Y 0.04302f
C2845 _225_.A a_9928_8522# 0.01252f
C2846 fanout6.A _222_.A 0.13832f
C2847 _236_.A _129_.Y 0.06053f
C2848 _139_.X VDD 0.47698f
C2849 _128_.B1 a_13978_13342# 0.01695f
C2850 a_10539_9308# VDD 0.20554f
C2851 a_12623_16823# a_12529_16823# 0.15029f
C2852 _243_.RESET_B a_2342_4338# 0.08342f
C2853 _214_.A a_11168_16082# 0.01013f
C2854 _212_.Y a_11078_16746# 0.15726f
C2855 _168_.Y _165_.Y 0.13647f
C2856 _205_.Y a_7168_15260# 0.01657f
C2857 fanout7.A _166_.A 0.1316f
C2858 _132_.Y VDD 0.31092f
C2859 a_14534_8874# a_14794_8404# 0.39302f
C2860 a_3300_4968# VDD 0.09234f
C2861 _222_.Y a_2667_16868# 0.21421f
C2862 _259_.RESET_B VDD 1.06908f
C2863 a_10895_8436# _166_.A 0.02993f
C2864 a_9424_16238# VDD 0.12553f
C2865 a_2244_12528# a_2763_12332# 0.18372f
C2866 _250_.RESET_B a_2148_16000# 0.22383f
C2867 _165_.Y a_7258_8806# 0.01842f
C2868 _173_.A a_3695_9263# 0.01857f
C2869 _119_.X a_1864_13854# 0.04537f
C2870 a_2126_13912# a_2232_13916# 0.22783f
C2871 _228_.Y a_10539_9308# 0.21421f
C2872 _149_.A a_17032_5498# 0.02925f
C2873 a_2150_9186# a_2853_9165# 0.02454f
C2874 a_7908_16000# a_8325_16007# 0.22698f
C2875 a_7622_16434# a_8196_16421# 0.16388f
C2876 _251_.CLK _252_.D 0.50198f
C2877 _251_.CLK a_9322_4873# 0.01015f
C2878 _145_.X _149_.A 0.10442f
C2879 a_2171_6204# a_2671_6460# 0.03308f
C2880 a_2494_6166# a_2397_6460# 0.02903f
C2881 a_1864_6294# a_2048_6294# 0.0262f
C2882 _207_.A1 _209_.Y 0.19694f
C2883 _170_.B _154_.X 0.11491f
C2884 a_2126_7864# a_2298_7972# 0.01057f
C2885 _151_.B a_13073_5770# 0.12922f
C2886 _180_.X _172_.Y 0.03918f
C2887 a_3886_10702# VDD 1.66186f
C2888 _118_.A0 fanout6.A 0.74532f
C2889 fanout6.A a_12778_15964# 0.02328f
C2890 a_2667_16868# _247_.CLK 0.01586f
C2891 _260_.CLK a_16746_11460# 0.07726f
C2892 _148_.B a_12886_13350# 0.08664f
C2893 _124_.S a_2398_4654# 0.07741f
C2894 _263_.CLK VDD 1.01962f
C2895 _161_.Y _157_.Y 0.18271f
C2896 a_1862_13410# a_2565_12983# 0.02432f
C2897 a_15141_12189# a_15237_11471# 0.01276f
C2898 _210_.A _242_.RESET_B 0.09376f
C2899 fanout6.A _207_.Y 0.3499f
C2900 a_13376_4782# VDD 0.08329f
C2901 _148_.B a_8501_10702# 0.01263f
C2902 _148_.B _195_.Y 0.14589f
C2903 a_17120_13854# VDD 0.08082f
C2904 a_11078_16746# a_11652_16759# 0.16388f
C2905 a_6747_5468# _210_.B 0.11265f
C2906 _218_.Y _219_.Y 0.0676f
C2907 _145_.X a_13820_4948# 0.02692f
C2908 _178_.Y a_7157_9948# 0.01249f
C2909 _174_.Y _184_.Y 0.09511f
C2910 a_2126_17774# _118_.A0 0.26703f
C2911 fanout6.A a_8427_16007# 0.01659f
C2912 _120_.A0 a_2661_12189# 0.02382f
C2913 a_2171_6204# VDD 0.51847f
C2914 _210_.A a_3274_4873# 0.0125f
C2915 a_10220_18222# _225_.A 0.16451f
C2916 _173_.A a_2436_9504# 0.02191f
C2917 _252_.RESET_B a_10607_4727# 0.07583f
C2918 _250_.Q a_3664_16966# 0.01532f
C2919 _149_.A a_15243_5423# 0.02588f
C2920 _236_.A _235_.Y 0.12431f
C2921 _124_.S _222_.A 0.02816f
C2922 fanout8.A a_1862_16746# 0.0133f
C2923 a_14056_9318# VDD 0.16476f
C2924 a_15856_15454# a_16266_15532# 0.05221f
C2925 _153_.Y a_12549_7996# 0.01304f
C2926 _162_.B a_13244_7972# 0.01232f
C2927 _168_.A a_9734_9186# 0.01792f
C2928 a_16336_11702# VDD 0.12596f
C2929 _193_.Y a_7451_14484# 0.07889f
C2930 _241_.Y a_11781_16725# 0.02885f
C2931 _192_.C _187_.Y 0.03789f
C2932 _148_.B _190_.A 0.49668f
C2933 _227_.Y a_15237_8447# 0.02707f
C2934 a_9928_18390# VDD 0.1419f
C2935 _212_.Y a_11944_16082# 0.02581f
C2936 a_2126_17774# _250_.D 0.11406f
C2937 _225_.A a_15108_11885# 0.01597f
C2938 _258_.RESET_B VDD 1.01373f
C2939 _210_.A _242_.D 0.04062f
C2940 _236_.A a_11168_16082# 0.01593f
C2941 _208_.X VDD 0.3094f
C2942 _187_.Y _176_.B 0.11454f
C2943 _215_.A _122_.A0 0.02468f
C2944 _266_.CLK a_14919_16964# 0.01758f
C2945 _219_.Y a_2955_9308# 0.21421f
C2946 _251_.CLK _252_.RESET_B 0.10591f
C2947 _252_.D a_8394_4948# 0.01555f
C2948 _149_.A a_13775_5782# 0.01312f
C2949 _174_.Y _136_.A 0.02431f
C2950 _266_.CLK a_13323_16007# 0.0678f
C2951 a_11082_14020# VDD 0.24152f
C2952 a_11364_17064# a_11883_16868# 0.18372f
C2953 a_15108_11885# a_15339_11471# 0.06628f
C2954 _132_.Y a_13804_10996# 0.01284f
C2955 _225_.A _214_.A 0.09461f
C2956 _131_.A2 a_13648_12430# 0.02591f
C2957 _160_.X _160_.B 0.02045f
C2958 a_1192_17508# rst 0.16549f
C2959 _118_.A0 _124_.S 0.17697f
C2960 _136_.B a_6810_3863# 0.18571f
C2961 _225_.A fanout6.A 0.09772f
C2962 _174_.Y a_6124_9945# 0.12659f
C2963 fanout6.A a_7622_16434# 0.02288f
C2964 _243_.CLK a_3588_4663# 0.0214f
C2965 _221_.Y a_2565_12983# 0.02751f
C2966 a_8014_8492# VDD 0.15154f
C2967 _131_.A2 _132_.Y 0.23968f
C2968 _252_.D _252_.RESET_B 0.23705f
C2969 a_6720_17061# _209_.Y 0.13465f
C2970 _250_.Q a_2565_16725# 0.02005f
C2971 _252_.RESET_B a_9322_4873# 0.1505f
C2972 _149_.A a_14698_5380# 0.0179f
C2973 _178_.B1 _174_.Y 0.5164f
C2974 _215_.A a_3274_5380# 0.01229f
C2975 _207_.B1 a_4684_15996# 0.01352f
C2976 _181_.Y _168_.A 0.01877f
C2977 a_15237_11471# VDD 0.24134f
C2978 a_7953_14044# VDD 0.01063f
C2979 _250_.Q VDD 0.51552f
C2980 _168_.A VDD 0.87017f
C2981 _125_.A1 _242_.RESET_B 0.01175f
C2982 a_7262_3900# VDD 0.01082f
C2983 _168_.B _168_.A 0.33677f
C2984 _251_.CLK _164_.Y 0.04304f
C2985 _225_.A a_14794_11428# 0.03075f
C2986 a_13184_7183# VDD 0.26457f
C2987 _179_.Y _177_.X 0.12788f
C2988 _152_.X a_12800_6294# 0.01177f
C2989 _251_.CLK a_11279_9263# 0.01591f
C2990 _119_.A0 a_3313_13333# 0.01099f
C2991 _243_.Q _210_.A 0.55152f
C2992 _124_.S _222_.Y 0.01883f
C2993 a_11536_17750# VDD 0.12694f
C2994 _243_.CLK a_3045_3911# 0.15214f
C2995 _263_.CLK _131_.A2 0.18558f
C2996 a_10415_13799# a_10672_13942# 0.20069f
C2997 a_9573_13701# a_10321_13799# 0.01058f
C2998 _126_.B1 a_14438_12210# 0.02033f
C2999 _168_.A _228_.Y 0.02245f
C3000 _266_.CLK a_12518_16434# 0.02363f
C3001 a_9156_14040# VDD 0.07729f
C3002 a_14820_11464# a_15108_11885# 0.22255f
C3003 a_3717_5423# a_4465_5773# 0.01058f
C3004 a_3588_5837# a_3819_5423# 0.06628f
C3005 _225_.A a_10308_17933# 0.01757f
C3006 a_4744_9318# VDD 0.12797f
C3007 _147_.Y _157_.B 0.12881f
C3008 _179_.Y _171_.Y 0.02529f
C3009 _168_.Y a_6677_8806# 0.02176f
C3010 _157_.Y _149_.A 0.28842f
C3011 _124_.S _247_.CLK 0.28832f
C3012 a_13366_13350# _129_.B1 0.04934f
C3013 _176_.A a_10672_12430# 0.01591f
C3014 a_2232_7868# a_2558_7972# 0.02726f
C3015 a_15237_9165# VDD 0.24215f
C3016 _202_.Y a_7008_16035# 0.20012f
C3017 _166_.A VDD 1.27293f
C3018 a_2565_16725# a_3313_16823# 0.01058f
C3019 a_14054_15234# a_14340_15552# 0.21832f
C3020 a_14314_15457# a_14757_15213# 0.02242f
C3021 a_14534_9186# _225_.A 0.03633f
C3022 a_4552_12342# VDD 0.14865f
C3023 _168_.A _180_.X 0.17809f
C3024 a_2150_8874# a_2436_8440# 0.21832f
C3025 _119_.A0 a_3380_13690# 0.08592f
C3026 _136_.A _210_.B 0.01435f
C3027 _191_.Y _192_.B 0.06695f
C3028 a_2150_8874# _122_.A0 0.03889f
C3029 a_8292_17064# a_9551_16823# 0.01303f
C3030 _244_.RESET_B a_3819_5423# 0.21621f
C3031 _251_.CLK a_16736_4782# 0.01551f
C3032 _139_.X _147_.A1 0.68425f
C3033 _225_.A _236_.A 0.43212f
C3034 a_2126_10214# a_2232_10210# 0.22783f
C3035 a_13740_5678# VDD 0.17495f
C3036 _133_.Y _132_.Y 0.09553f
C3037 _251_.CLK a_10020_9504# 0.10672f
C3038 _168_.A a_6528_8475# 0.10298f
C3039 _119_.A0 a_2148_12976# 0.03832f
C3040 _126_.B1 _260_.CLK 0.39995f
C3041 a_9734_17946# VDD 0.44705f
C3042 _145_.X a_13973_7678# 0.01234f
C3043 a_6272_12342# VDD 0.09107f
C3044 _215_.A _220_.Y 0.09753f
C3045 a_14730_15996# _264_.Q 0.0722f
C3046 a_14794_11428# a_14820_11464# 0.21121f
C3047 a_3014_5850# a_3819_5423# 0.06896f
C3048 a_3952_9406# VDD 0.14224f
C3049 a_2126_17774# a_2232_17770# 0.22783f
C3050 a_8006_16746# a_8709_16725# 0.02454f
C3051 _207_.A2 a_5376_17061# 0.2449f
C3052 _260_.CLK a_14357_12972# 0.01049f
C3053 a_14438_5850# VDD 0.45685f
C3054 a_9156_12528# a_10321_12287# 0.22369f
C3055 a_9675_12332# a_9444_12223# 0.06628f
C3056 _136_.A _145_.X 1.24667f
C3057 _162_.B _153_.Y 0.28892f
C3058 a_10864_4870# VDD 0.12763f
C3059 _158_.Y _160_.B 0.21842f
C3060 a_3887_4261# a_3793_4261# 0.15029f
C3061 a_4625_16800# a_4796_17044# 0.19823f
C3062 _263_.CLK _133_.Y 0.22144f
C3063 _266_.CLK VDD 0.84288f
C3064 _145_.A2 a_7727_4727# 0.01615f
C3065 a_15012_5837# a_15243_5423# 0.06628f
C3066 _171_.A _171_.Y 0.53426f
C3067 _266_.CLK _237_.Y 0.05507f
C3068 a_6197_13342# _192_.C 0.02143f
C3069 a_3664_16238# a_4074_15996# 0.05221f
C3070 a_3760_12430# VDD 0.15882f
C3071 _186_.Y _164_.Y 0.01396f
C3072 _148_.B _153_.Y 0.03008f
C3073 a_6336_11499# VDD 0.17997f
C3074 _124_.S _210_.A 0.09019f
C3075 _125_.A1 _243_.Q 0.07048f
C3076 _236_.A _131_.Y 0.03624f
C3077 a_17032_15366# VDD 0.14714f
C3078 a_15339_9308# a_16079_9263# 0.15395f
C3079 a_7624_10034# VDD 0.12385f
C3080 _145_.B1 a_9290_3900# 0.01545f
C3081 a_15071_17016# a_15861_16904# 0.02242f
C3082 a_14919_16964# a_14940_16710# 0.18362f
C3083 _157_.Y _152_.X 0.18717f
C3084 a_10308_17933# a_10539_17519# 0.06628f
C3085 _131_.B1 a_14438_12210# 0.02875f
C3086 _243_.Q _145_.B1 0.07217f
C3087 _120_.A0 _187_.Y 0.36694f
C3088 _173_.Y _168_.A 0.32783f
C3089 a_7616_5498# VDD 0.09518f
C3090 _128_.B1 a_12886_13350# 0.04766f
C3091 a_5468_12508# _176_.B 0.05279f
C3092 _210_.B a_6442_4873# 0.02277f
C3093 a_9130_13945# a_8870_13722# 0.39302f
C3094 _239_.Y a_14757_15213# 0.02788f
C3095 a_13323_16007# a_14063_16357# 0.15395f
C3096 a_7985_13776# VDD 0.17053f
C3097 _218_.Y a_2436_8440# 0.25078f
C3098 a_3380_13690# VDD 1.66654f
C3099 a_2436_8440# a_2724_8861# 0.22255f
C3100 a_4559_4727# a_4465_4727# 0.15029f
C3101 a_2232_17770# _124_.S 0.11951f
C3102 _136_.A a_5372_9484# 0.01268f
C3103 _225_.A _170_.B 0.01803f
C3104 _236_.A a_14820_11464# 0.01575f
C3105 a_2853_9165# VDD 0.25427f
C3106 _218_.Y _122_.A0 0.13854f
C3107 _266_.CLK a_14859_15356# 0.02663f
C3108 clkbuf_1_0__f_sclk.A a_5201_9240# 0.0132f
C3109 a_2126_10214# a_2298_10318# 0.0308f
C3110 _205_.B1 _186_.Y 0.13656f
C3111 a_2398_4654# a_2512_4654# 0.0308f
C3112 _195_.Y a_5050_15238# 0.01728f
C3113 _148_.B _191_.Y 0.01279f
C3114 _160_.X a_10895_8436# 0.21219f
C3115 _214_.Y a_10020_17512# 0.02576f
C3116 _126_.B1 _129_.B1 0.11065f
C3117 a_7008_16035# _258_.D 0.12102f
C3118 a_2148_12976# VDD 0.07994f
C3119 a_3886_10702# sclk 0.38089f
C3120 _154_.X VDD 0.63512f
C3121 a_15243_12332# a_15012_12223# 0.06628f
C3122 a_14724_12528# a_15889_12287# 0.22369f
C3123 a_9062_4650# VDD 0.45102f
C3124 fanout6.A a_12529_16823# 0.01144f
C3125 _147_.A1 a_11475_4248# 0.012f
C3126 _230_.Y a_10672_13942# 0.06198f
C3127 a_12880_16966# VDD 0.12748f
C3128 _185_.Y a_7157_9948# 0.08755f
C3129 _138_.Y a_8042_3900# 0.01284f
C3130 a_2148_16000# a_2667_16007# 0.18362f
C3131 a_13403_8436# VDD 0.17784f
C3132 a_2565_16007# a_2436_16421# 0.01562f
C3133 _225_.A _240_.Y 0.06211f
C3134 _251_.CLK _243_.Q 0.03531f
C3135 _173_.Y a_6218_10296# 0.01663f
C3136 _243_.CLK a_3819_5423# 0.04184f
C3137 _189_.X _190_.A 0.36162f
C3138 _259_.RESET_B a_8811_16868# 0.21556f
C3139 fanout7.A a_8427_16007# 0.03428f
C3140 a_14794_9409# a_15237_9165# 0.02242f
C3141 a_14534_9186# a_14820_9504# 0.21832f
C3142 _226_.Y VDD 1.1186f
C3143 _260_.CLK _131_.B1 1.0827f
C3144 _242_.RESET_B a_2075_4692# 0.06435f
C3145 _148_.A a_10764_5678# 0.01549f
C3146 a_8352_11013# a_8501_10702# 0.17527f
C3147 _157_.Y a_12904_7010# 0.01014f
C3148 a_9994_17476# a_10020_17512# 0.21121f
C3149 _190_.A a_6048_13011# 0.10662f
C3150 a_10408_7806# VDD 0.15239f
C3151 a_2853_8447# a_2853_9165# 0.01653f
C3152 _135_.A a_14320_16238# 0.01111f
C3153 clkbuf_1_0__f_sclk.A _122_.A0 0.03312f
C3154 _235_.Y a_15141_12189# 0.02791f
C3155 _168_.Y _170_.B 0.17408f
C3156 a_5297_12264# _176_.B 0.12847f
C3157 _176_.B _178_.B1 0.07185f
C3158 _186_.Y _183_.Y 0.01195f
C3159 a_12804_16000# a_13092_16421# 0.22255f
C3160 _118_.X a_1862_16434# 0.02436f
C3161 _189_.X a_5888_13854# 0.01147f
C3162 a_3717_4629# a_3588_4663# 0.01562f
C3163 _210_.B a_6810_3863# 0.13092f
C3164 a_3695_9263# a_3601_9263# 0.15029f
C3165 _238_.Y a_15861_16904# 0.13388f
C3166 _129_.Y VDD 0.14599f
C3167 _172_.Y a_9269_9190# 0.03285f
C3168 _145_.X _148_.X 0.05444f
C3169 _243_.Q _143_.Y 0.01363f
C3170 _160_.X a_11731_8698# 0.01482f
C3171 _145_.X _164_.B1 0.17846f
C3172 _256_.RESET_B _182_.Y 0.08683f
C3173 a_2232_15428# a_2558_15532# 0.02726f
C3174 _165_.Y a_7841_9212# 0.01177f
C3175 fanout6.A a_12623_16823# 0.01721f
C3176 a_4512_17547# VDD 0.17981f
C3177 a_14438_5850# a_15141_5423# 0.02432f
C3178 _210_.B _224_.Y 0.0438f
C3179 _230_.Y a_8870_13722# 0.11496f
C3180 _124_.S _125_.A1 0.08266f
C3181 _173_.A _246_.D 0.02806f
C3182 a_2602_3868# a_3045_3911# 0.02242f
C3183 a_13391_12287# a_13297_12287# 0.15029f
C3184 a_1862_16434# a_2122_15964# 0.39302f
C3185 a_6958_13764# a_6760_13854# 0.01393f
C3186 _218_.Y a_3695_8797# 0.07576f
C3187 a_6124_9945# _177_.X 0.09494f
C3188 a_2955_8447# a_3952_8678# 0.01569f
C3189 a_14240_13058# VDD 0.08002f
C3190 _164_.Y a_10020_9504# 0.014f
C3191 a_12328_8522# VDD 0.12674f
C3192 a_14919_16964# a_15722_16904# 0.06628f
C3193 _225_.A fanout7.A 0.03673f
C3194 a_15071_17016# a_14830_16746# 0.01058f
C3195 a_10020_9504# a_11279_9263# 0.01303f
C3196 _215_.A a_1580_12936# 0.1615f
C3197 _171_.Y _136_.A 0.17289f
C3198 _118_.A0 a_1862_16434# 0.0476f
C3199 _263_.CLK a_16650_12508# 0.01314f
C3200 fanout6.A _200_.Y 0.01006f
C3201 _178_.B1 _177_.X 0.03767f
C3202 _212_.Y _266_.CLK 0.05648f
C3203 _226_.Y a_15983_5773# 0.07576f
C3204 _183_.Y _164_.Y 0.14357f
C3205 a_14820_8440# _166_.A 0.01408f
C3206 a_16336_8678# a_16079_8797# 0.20069f
C3207 _118_.A0 _119_.A0 0.18262f
C3208 a_5608_4782# VDD 0.12994f
C3209 _178_.Y _185_.Y 0.13614f
C3210 a_3503_12287# a_3409_12287# 0.15029f
C3211 _225_.A _148_.A 0.02278f
C3212 _227_.Y VDD 1.02732f
C3213 _261_.RESET_B a_13648_12430# 0.06198f
C3214 a_12518_16434# a_12778_15964# 0.39302f
C3215 a_1580_16710# _118_.X 0.03119f
C3216 a_2398_4654# VDD 0.10375f
C3217 _222_.A a_1580_16710# 0.16031f
C3218 a_2218_12433# a_1958_12210# 0.39302f
C3219 a_2436_9504# a_3601_9263# 0.22369f
C3220 a_2955_9308# a_2724_9199# 0.06628f
C3221 _207_.A2 a_4625_16800# 0.01128f
C3222 a_9167_16357# a_9073_16357# 0.15029f
C3223 a_4074_15996# VDD 0.24898f
C3224 a_14534_9186# _251_.CLK 0.01406f
C3225 _178_.Y a_6389_9484# 0.10532f
C3226 _250_.D a_1862_16434# 0.16726f
C3227 _240_.Y a_10539_17519# 0.21427f
C3228 a_14940_16710# VDD 0.07525f
C3229 _243_.Q a_6060_4166# 0.01483f
C3230 a_6468_4968# VDD 0.0792f
C3231 fanout7.A a_10672_13942# 0.01626f
C3232 a_14063_16357# VDD 0.16848f
C3233 _192_.C _192_.B 0.2037f
C3234 _210_.A _143_.A 0.0317f
C3235 _237_.Y a_14063_16357# 0.07576f
C3236 a_12651_12332# a_13648_12430# 0.01528f
C3237 a_11846_12210# a_12420_12223# 0.16388f
C3238 _186_.Y _185_.Y 0.14262f
C3239 _222_.Y a_1862_16434# 0.02214f
C3240 _225_.A a_13323_16007# 0.03715f
C3241 a_3407_13333# a_4074_12972# 0.06982f
C3242 a_2126_13912# a_2298_13726# 0.0308f
C3243 _124_.S a_2436_9504# 0.02838f
C3244 a_3147_3911# VDD 0.23565f
C3245 _148_.A a_12128_5498# 0.01253f
C3246 _235_.Y VDD 0.99724f
C3247 _192_.B _176_.B 0.0803f
C3248 _242_.RESET_B a_3274_4873# 0.138f
C3249 a_9734_9186# a_10437_9165# 0.02454f
C3250 _118_.X VDD 0.43682f
C3251 _243_.Q a_2075_4692# 0.04942f
C3252 a_7872_5451# a_8021_5782# 0.17527f
C3253 _222_.A VDD 0.77616f
C3254 _145_.X _162_.B 0.02172f
C3255 a_11536_9406# VDD 0.12608f
C3256 _159_.Y a_13824_7989# 0.11233f
C3257 _124_.S a_2122_12940# 0.01123f
C3258 _176_.A a_9156_12528# 0.02745f
C3259 _157_.Y a_12549_7996# 0.06181f
C3260 _148_.X a_13775_5782# 0.02092f
C3261 _263_.CLK a_14724_12528# 0.09609f
C3262 _226_.Y a_15141_5423# 0.02984f
C3263 _148_.A _210_.A 0.09257f
C3264 a_14820_8440# a_15108_8861# 0.22255f
C3265 a_2232_17770# a_2558_17532# 0.02726f
C3266 _222_.Y a_3664_16966# 0.06198f
C3267 a_4559_4727# VDD 0.17964f
C3268 a_11168_16082# VDD 0.08273f
C3269 a_1958_12210# a_2532_12223# 0.16388f
C3270 _120_.A0 a_5468_12508# 0.01032f
C3271 _207_.A2 a_5619_17044# 0.01107f
C3272 _148_.B _145_.X 0.01788f
C3273 a_5147_15996# VDD 0.17384f
C3274 _242_.D _242_.RESET_B 0.05172f
C3275 _247_.CLK _119_.A0 0.11569f
C3276 _228_.Y a_11536_9406# 0.06198f
C3277 a_2122_15964# VDD 0.09827f
C3278 _138_.Y a_9348_4968# 0.02681f
C3279 _166_.A a_10752_7989# 0.09995f
C3280 _207_.A1 a_8266_16969# 0.01617f
C3281 _193_.Y _194_.X 0.03464f
C3282 _225_.A a_15141_12189# 0.01335f
C3283 _118_.A0 a_2565_16725# 0.01087f
C3284 _256_.RESET_B _251_.CLK 0.0103f
C3285 _205_.Y _208_.X 0.27386f
C3286 _251_.CLK a_15237_8447# 0.19034f
C3287 _131_.A2 _129_.Y 0.37889f
C3288 _263_.CLK a_12651_12332# 0.01443f
C3289 _148_.X a_12401_4704# 0.14757f
C3290 _136_.A a_7633_4727# 0.01786f
C3291 a_12778_15964# VDD 0.09677f
C3292 _118_.A0 VDD 1.40275f
C3293 _213_.Y _260_.RESET_B 0.03556f
C3294 _237_.Y a_12778_15964# 0.16201f
C3295 a_11846_12210# a_12549_12189# 0.02454f
C3296 _250_.RESET_B _118_.X 0.04185f
C3297 a_6376_16878# VDD 0.16562f
C3298 _222_.A _250_.RESET_B 0.13824f
C3299 _220_.Y a_1958_12210# 0.11044f
C3300 _124_.S _173_.A 0.17782f
C3301 a_2565_12983# a_2667_12983# 0.27006f
C3302 _160_.X VDD 0.50387f
C3303 _244_.D _242_.D 0.05502f
C3304 a_10415_12287# a_10321_12287# 0.15029f
C3305 _207_.Y VDD 0.21566f
C3306 _138_.Y a_8564_5412# 0.01008f
C3307 a_2342_4338# VDD 0.45916f
C3308 _152_.X _149_.A 0.01607f
C3309 a_13391_12287# VDD 0.17587f
C3310 _243_.RESET_B _242_.RESET_B 0.01217f
C3311 a_9765_4629# a_9867_4772# 0.26919f
C3312 _180_.X a_11536_9406# 0.01553f
C3313 a_9675_12332# _251_.CLK 0.01621f
C3314 _131_.A2 a_14240_13058# 0.01197f
C3315 a_14240_16921# a_14359_16710# 0.06982f
C3316 a_10764_5678# VDD 0.17984f
C3317 _199_.Y VDD 0.30655f
C3318 a_10437_9165# VDD 0.25016f
C3319 _151_.B _160_.B 0.27867f
C3320 _205_.Y a_6862_15260# 0.01839f
C3321 _250_.D VDD 0.34951f
C3322 _191_.Y a_6779_12972# 0.0926f
C3323 _222_.Y a_2565_16725# 0.02692f
C3324 a_3014_4650# VDD 0.47571f
C3325 a_8427_16007# VDD 0.20639f
C3326 _250_.RESET_B a_2122_15964# 0.15035f
C3327 a_1958_12210# a_2763_12332# 0.06896f
C3328 a_2244_12528# a_2661_12189# 0.22605f
C3329 _210_.A a_2512_4654# 0.01717f
C3330 _120_.A0 a_5297_12264# 0.05695f
C3331 _179_.Y _171_.A 0.01275f
C3332 _148_.B _192_.C 0.03385f
C3333 _171_.A a_7336_9318# 0.01445f
C3334 _157_.Y _148_.X 0.04762f
C3335 _228_.Y a_10437_9165# 0.02692f
C3336 a_7882_15964# a_8325_16007# 0.02242f
C3337 _222_.Y VDD 1.03127f
C3338 a_2410_9409# a_2853_9165# 0.02242f
C3339 a_2150_9186# a_2436_9504# 0.21832f
C3340 _243_.Q _242_.RESET_B 0.0334f
C3341 a_2171_6204# a_2397_6460# 0.02726f
C3342 fanout7.A a_15980_7638# 0.14708f
C3343 _118_.A0 _250_.RESET_B 0.03364f
C3344 _161_.Y a_12549_7996# 0.07475f
C3345 fanout6.A _135_.A 0.10537f
C3346 _148_.B _176_.B 0.04961f
C3347 a_17120_11546# VDD 0.06817f
C3348 _236_.A _186_.Y 0.02235f
C3349 _215_.A a_1864_5498# 0.01194f
C3350 _139_.X a_10769_4258# 0.13872f
C3351 a_2565_16725# _247_.CLK 0.1523f
C3352 _260_.CLK a_16079_11821# 0.01907f
C3353 _124_.S a_2075_4692# 0.12f
C3354 _180_.X _160_.X 0.01269f
C3355 a_1862_13410# a_2148_12976# 0.21832f
C3356 _247_.CLK VDD 2.54273f
C3357 _219_.Y a_3952_9406# 0.06198f
C3358 _225_.A a_14628_15247# 0.01055f
C3359 _207_.A1 _259_.RESET_B 0.08764f
C3360 _170_.B a_9466_7678# 0.01535f
C3361 _243_.Q _244_.D 0.05299f
C3362 _250_.D _250_.RESET_B 0.06266f
C3363 _125_.A1 _148_.A 0.01153f
C3364 _180_.X a_10437_9165# 0.01109f
C3365 _266_.CLK _264_.Q 0.36521f
C3366 a_12808_13854# VDD 0.14664f
C3367 a_16079_11821# a_15985_11821# 0.15029f
C3368 _133_.Y _129_.Y 0.0395f
C3369 _131_.A2 _235_.Y 0.05249f
C3370 _185_.Y _183_.Y 0.13325f
C3371 _168_.A a_7739_9484# 0.01022f
C3372 a_11338_16969# _241_.Y 0.13427f
C3373 _119_.A0 a_5084_12972# 0.01008f
C3374 _225_.A VDD 4.45631f
C3375 a_2075_5468# a_1864_5498# 0.02132f
C3376 _250_.RESET_B _222_.Y 0.14402f
C3377 a_7622_16434# VDD 0.44653f
C3378 _225_.A _237_.Y 0.02609f
C3379 _120_.A0 a_2244_12528# 0.0625f
C3380 _154_.X a_10752_7989# 0.20259f
C3381 _148_.B a_4913_13330# 0.23244f
C3382 _243_.Q _242_.D 0.06847f
C3383 _173_.A a_2150_9186# 0.03671f
C3384 _148_.B a_12401_4704# 0.2015f
C3385 _250_.Q a_3407_16823# 0.02316f
C3386 _251_.CLK _143_.A 0.02735f
C3387 _251_.CLK a_7984_4870# 0.01087f
C3388 _147_.Y a_11381_3900# 0.0865f
C3389 a_15599_15311# a_16266_15532# 0.06982f
C3390 a_15339_11471# VDD 0.20504f
C3391 fanout7.A _251_.CLK 0.03146f
C3392 _241_.Y a_11364_17064# 0.24377f
C3393 a_11338_16969# a_11781_16725# 0.02242f
C3394 _224_.Y _210_.Y 0.10949f
C3395 _225_.A _228_.Y 0.06627f
C3396 a_15339_9308# _260_.RESET_B 0.21421f
C3397 _227_.Y a_14820_8440# 0.25011f
C3398 a_7328_16878# VDD 0.08131f
C3399 _250_.RESET_B _247_.CLK 0.02593f
C3400 _148_.B _171_.Y 0.0527f
C3401 _260_.CLK a_12923_11460# 0.04645f
C3402 _179_.Y _184_.Y 0.01458f
C3403 _184_.Y a_7336_9318# 0.01018f
C3404 _162_.B _157_.Y 0.44717f
C3405 a_12128_5498# VDD 0.08163f
C3406 _219_.Y a_2853_9165# 0.02692f
C3407 _243_.Q _243_.RESET_B 0.02663f
C3408 _145_.A2 _138_.Y 0.03595f
C3409 _143_.A _252_.D 0.10564f
C3410 _251_.CLK _148_.A 0.0701f
C3411 _252_.D a_7984_4870# 0.03021f
C3412 _225_.A a_14859_15356# 0.06927f
C3413 a_10672_13942# VDD 0.12786f
C3414 _266_.CLK a_13092_16421# 0.01461f
C3415 a_11078_16746# a_11883_16868# 0.06896f
C3416 a_11364_17064# a_11781_16725# 0.22605f
C3417 a_4559_5773# a_4465_5773# 0.15029f
C3418 _145_.X _147_.Y 0.0344f
C3419 _168_.Y VDD 0.45057f
C3420 _160_.X a_13073_7728# 0.01638f
C3421 _191_.Y a_7232_14570# 0.01769f
C3422 _131_.A2 a_13391_12287# 0.02926f
C3423 _148_.B _157_.Y 0.02741f
C3424 _131_.Y VDD 0.25599f
C3425 _157_.B a_13376_4782# 0.01178f
C3426 _143_.A _143_.Y 0.07059f
C3427 _158_.Y VDD 0.45927f
C3428 _168_.B _168_.Y 0.04325f
C3429 _225_.A _180_.X 0.03129f
C3430 _210_.A VDD 1.09296f
C3431 _124_.S _242_.RESET_B 0.03966f
C3432 _221_.Y a_2148_12976# 0.22195f
C3433 a_12730_8806# _161_.Y 0.01534f
C3434 a_2232_13916# _120_.A0 0.06334f
C3435 a_2232_11722# _173_.A 0.09983f
C3436 _176_.A a_11456_12342# 0.01526f
C3437 _148_.A _252_.D 0.03604f
C3438 _250_.Q a_2148_17064# 0.02042f
C3439 _128_.B1 _260_.CLK 0.20814f
C3440 _207_.A1 _208_.X 0.8214f
C3441 a_3407_16823# a_3313_16823# 0.15029f
C3442 a_14340_15552# a_15599_15311# 0.01303f
C3443 a_8014_8492# _170_.Y 0.19713f
C3444 _162_.B a_10901_7678# 0.03349f
C3445 a_14820_11464# VDD 0.07247f
C3446 a_15339_9308# _260_.CLK 0.036f
C3447 a_2232_17770# VDD 0.52973f
C3448 a_8709_16725# a_9457_16823# 0.01058f
C3449 a_8557_4248# VDD 0.28745f
C3450 a_5084_12972# VDD 0.1175f
C3451 _164_.Y _170_.B 0.02526f
C3452 a_12328_7010# VDD 0.14503f
C3453 _119_.A0 a_4074_12972# 0.08526f
C3454 _187_.Y a_5297_12264# 0.01316f
C3455 _173_.Y a_6483_9212# 0.01284f
C3456 _144_.B a_9348_4968# 0.06388f
C3457 _182_.Y _181_.Y 0.03433f
C3458 fanout6.A _214_.A 0.24742f
C3459 _243_.CLK a_2628_3904# 0.06839f
C3460 a_14651_10996# VDD 0.16602f
C3461 a_10539_17519# VDD 0.20605f
C3462 a_9156_14040# a_10321_13799# 0.22369f
C3463 a_9675_13844# a_9444_13735# 0.06628f
C3464 clkbuf_1_0__f_sclk.A _174_.Y 0.02499f
C3465 a_7984_4870# a_8394_4948# 0.05221f
C3466 _182_.Y VDD 0.48991f
C3467 _165_.Y _170_.B 0.44283f
C3468 _168_.A a_9994_9409# 0.01749f
C3469 a_8870_13722# VDD 0.4488f
C3470 a_3300_5416# a_4465_5773# 0.22369f
C3471 _184_.Y _171_.A 0.34539f
C3472 _147_.B1 a_12128_4782# 0.0171f
C3473 a_13244_5412# VDD 0.11901f
C3474 _243_.CLK a_3819_4772# 0.05499f
C3475 _144_.B a_8564_5412# 0.01436f
C3476 a_8557_4248# a_8386_3900# 0.07344f
C3477 _168_.Y a_6528_8475# 0.1139f
C3478 _162_.B _161_.Y 0.07609f
C3479 _124_.S a_2667_16868# 0.04055f
C3480 a_2232_7868# a_2298_7972# 0.03308f
C3481 _176_.A a_10415_12287# 0.02138f
C3482 _225_.A _131_.A2 0.03945f
C3483 a_14820_9504# VDD 0.07212f
C3484 _145_.A2 _136_.B 0.11013f
C3485 a_15983_5773# a_15889_5773# 0.15029f
C3486 _122_.A0 _168_.A 0.03421f
C3487 a_2148_17064# a_3313_16823# 0.22369f
C3488 a_2667_16868# a_2436_16759# 0.06628f
C3489 a_14314_15457# a_14340_15552# 0.21121f
C3490 _133_.Y a_13391_12287# 0.01432f
C3491 a_14794_9409# _225_.A 0.02318f
C3492 _125_.A1 a_2512_5782# 0.01923f
C3493 _148_.B _120_.A0 0.31111f
C3494 _148_.B _161_.Y 0.02861f
R0 GND.t612 GND.t582 54728
R1 GND.t133 GND.n513 46757.2
R2 GND.t276 GND.n832 38023.5
R3 GND.t1560 GND.t566 26307.1
R4 GND.n503 GND.n502 22525.7
R5 GND.n144 GND.t115 16.6634
R6 GND.n843 GND.n842 14780.3
R7 GND.n837 GND.t1557 8036.11
R8 GND.n508 GND.t582 7250
R9 GND.n149 GND.n851 4398.56
R10 GND.n745 GND.t133 4262.19
R11 GND.n521 GND.n519 4232.88
R12 GND.t106 GND.n850 4108.7
R13 GND.t106 GND.n766 4108.7
R14 GND.n766 GND.t363 4108.7
R15 GND.t363 GND.n222 4108.7
R16 GND.n222 GND.t184 4108.7
R17 GND.t184 GND.t148 4108.7
R18 GND.n744 GND.t148 4108.7
R19 GND.t118 GND.n744 4108.7
R20 GND.n851 GND.t91 4079.14
R21 GND.t91 GND.n357 4079.14
R22 GND.t7 GND.n357 4079.14
R23 GND.t7 GND.n171 4079.14
R24 GND.t128 GND.n171 4079.14
R25 GND.t128 GND.n751 4079.14
R26 GND.n751 GND.n750 4079.14
R27 GND.n750 GND.t723 4079.14
R28 GND.t723 GND.t115 4079.14
R29 GND.t1557 GND.n836 3592.89
R30 GND.n526 GND.t559 3494.97
R31 GND.n833 GND.t396 2371.54
R32 GND.n516 GND.t525 1562.5
R33 GND.n526 GND.t1400 1140.62
R34 GND.t1248 GND.n149 156.482
R35 GND.t1256 GND.n149 157.976
R36 GND.n149 GND.t1307 157.976
R37 GND.n149 GND.t1317 157.976
R38 GND.t1322 GND.n149 157.976
R39 GND.n149 GND.t1327 157.976
R40 GND.t1332 GND.n149 157.976
R41 GND.t1342 GND.n149 157.976
R42 GND.n850 GND.n149 4425.74
R43 GND.t559 GND.t1399 500
R44 GND.t285 GND.n357 427.779
R45 GND.n128 GND.n171 427.755
R46 GND.n751 GND.n13 427.132
R47 GND.n184 GND.t20 9.79521
R48 GND.t1 GND.n151 9.79521
R49 GND.t366 GND.n770 422.846
R50 GND.n145 GND.t65 16.1868
R51 GND.n96 GND.t37 422.846
R52 GND.n134 GND.t33 422.846
R53 GND.n85 GND.t621 422.846
R54 GND.t299 GND.n65 422.846
R55 GND.t1483 GND.n284 418.56
R56 GND.t588 GND.n188 418.841
R57 GND.t1512 GND.n136 418.56
R58 GND.n15 GND.t398 418.56
R59 GND.t20 GND.t1115 237.142
R60 GND.n158 GND.t160 66.1984
R61 GND.t201 GND.t132 53.8079
R62 GND.t1481 GND.n290 414.274
R63 GND.t570 GND.n186 414.555
R64 GND.t116 GND.n189 15.8598
R65 GND.n138 GND.t1349 414.274
R66 GND.n84 GND.t1348 414.274
R67 GND.n850 GND.n392 427.132
R68 GND.n226 GND.t1197 242.846
R69 GND.t382 GND.n307 204.274
R70 GND.t1225 GND.n356 242.846
R71 GND.t1227 GND.n241 242.846
R72 GND.t1229 GND.n355 242.846
R73 GND.n851 GND.n46 427.132
R74 GND.n766 GND.n349 411.43
R75 GND.t1077 GND.n350 242.846
R76 GND.n342 GND.t934 242.846
R77 GND.n139 GND.t494 60.1439
R78 GND.t385 GND.n308 28.5605
R79 GND.t295 GND.n345 28.5605
R80 GND.t393 GND.n337 28.5605
R81 GND.t879 GND.n311 242.846
R82 GND.n744 GND.t461 427.5
R83 GND.n229 GND.t784 242.846
R84 GND.t1416 GND.n239 28.5605
R85 GND.t803 GND.n334 242.846
R86 GND.t758 GND.n333 242.846
R87 GND.t761 GND.n313 242.846
R88 GND.t299 GND.n230 19.9891
R89 GND.n750 GND.n67 427.132
R90 GND.n144 GND.t118 4511.95
R91 GND.n226 GND.t370 422.846
R92 GND.t142 GND.n206 413.861
R93 GND.t39 GND.n494 407.144
R94 GND.n342 GND.t35 422.846
R95 GND.n544 GND.t490 402.858
R96 GND.n801 GND.t555 398.572
R97 GND.t216 GND.n178 26.1545
R98 GND.n576 GND.t1381 398.572
R99 GND.n583 GND.t1366 398.572
R100 GND.t1367 GND.n556 398.572
R101 GND.n645 GND.t51 398.572
R102 GND.t52 GND.n638 398.572
R103 GND.t1531 GND.n631 398.572
R104 GND.n669 GND.t576 398.572
R105 GND.t1407 GND.n663 398.572
R106 GND.n156 GND.t413 75.2357
R107 GND.t295 GND.n472 398.572
R108 GND.n708 GND.t393 398.572
R109 GND.n706 GND.t397 398.572
R110 GND.n700 GND.t255 398.572
R111 GND.n717 GND.t105 398.572
R112 GND.t400 GND.n486 395.416
R113 GND.t379 GND.n615 395.159
R114 GND.t1464 GND.n769 394.286
R115 GND.n794 GND.t474 394.286
R116 GND.t1474 GND.n568 394.286
R117 GND.n627 GND.t381 394.286
R118 GND.t1472 GND.n641 394.286
R119 GND.n677 GND.t403 394.286
R120 GND.n492 GND.t260 394.286
R121 GND.t1467 GND.n528 394.286
R122 GND.t620 GND.n534 394.286
R123 GND.n718 GND.t99 394.286
R124 GND.t1466 GND.n538 394.286
R125 GND.n809 GND.t501 391.668
R126 GND.t1470 GND.n681 391.214
R127 GND.t211 GND.t248 390
R128 GND.n743 GND.t197 390
R129 GND.t88 GND.n780 385.714
R130 GND.n818 GND.t451 385.714
R131 GND.n607 GND.t281 385.714
R132 GND.t543 GND.n737 385.714
R133 GND.n292 GND.t1482 384.274
R134 GND.t205 GND.n6 384.274
R135 GND.n108 GND.t214 384.274
R136 GND.t1548 GND.n701 384.274
R137 GND.t633 GND.n797 381.43
R138 GND.n786 GND.t1356 381.43
R139 GND.t629 GND.n590 381.43
R140 GND.n757 GND.t1354 381.43
R141 GND.t455 GND.n82 379.99
R142 GND.t396 GND.t276 379.447
R143 GND.n200 GND.t116 0.359466
R144 GND.t132 GND.n202 0.359463
R145 GND.t476 GND.n803 377.144
R146 GND.t1499 GND.n598 377.144
R147 GND.n619 GND.t46 377.144
R148 GND.n671 GND.t470 377.144
R149 GND.n476 GND.t298 377.144
R150 GND.n545 GND.t1502 377.144
R151 GND.n216 GND.t20 14.3867
R152 GND.n87 GND.t1542 376.724
R153 GND.n39 GND.t1579 376.724
R154 GND.n575 GND.t1379 372.858
R155 GND.t1382 GND.n564 372.858
R156 GND.t1365 GND.n558 372.858
R157 GND.n585 GND.t1368 372.858
R158 GND.t50 GND.n640 372.858
R159 GND.n647 GND.t54 372.858
R160 GND.n653 GND.t1530 372.858
R161 GND.t1533 GND.n630 372.858
R162 GND.n714 GND.t1580 372.858
R163 GND.t97 GND.n716 372.858
R164 GND.t1494 GND.n535 372.858
R165 GND.t1408 GND.n664 368.572
R166 GND.t1513 GND.n473 368.572
R167 GND.t136 GND.n715 368.572
R168 GND.t269 GND.n55 367.135
R169 GND.t377 GND.n129 367.135
R170 GND.n283 GND.t371 367.132
R171 GND.n508 GND.t179 365.279
R172 GND.t252 GND.t172 364.286
R173 GND.t468 GND.t1550 364.286
R174 GND.n475 GND.t41 364.286
R175 GND.n125 GND.t1534 362.846
R176 GND.n752 GND.t324 362.07
R177 GND.n831 GND.t268 361.033
R178 GND.t1563 GND.n143 376.781
R179 GND.t376 GND.n485 361.033
R180 GND.t412 GND.n758 361.033
R181 GND.n681 GND.t341 361.033
R182 GND.n781 GND.t624 360
R183 GND.n819 GND.t452 360
R184 GND.n608 GND.t279 360
R185 GND.n739 GND.t531 360
R186 GND.n736 GND.t1402 360
R187 GND.n785 GND.t1347 355.714
R188 GND.n793 GND.t190 355.714
R189 GND.n788 GND.t208 355.714
R190 GND.t625 GND.n609 355.714
R191 GND.t569 GND.n600 355.714
R192 GND.n655 GND.t457 355.714
R193 GND.n676 GND.t402 355.714
R194 GND.t166 GND.n775 351.43
R195 GND.t277 GND.n145 351.594
R196 GND.n802 GND.t66 351.43
R197 GND.n795 GND.t176 351.43
R198 GND.t155 GND.n815 351.43
R199 GND.n605 GND.t149 351.43
R200 GND.t1564 GND.n616 351.43
R201 GND.n620 GND.t47 351.43
R202 GND.t430 GND.n662 351.43
R203 GND.t1514 GND.n493 351.43
R204 GND.t122 GND.n481 351.43
R205 GND.n484 GND.t433 351.43
R206 GND.t413 GND.n762 351.43
R207 GND.n139 GND.t290 99.1558
R208 GND.t1540 GND.n472 351.43
R209 GND.n709 GND.t347 351.43
R210 GND.n707 GND.t343 351.43
R211 GND.t462 GND.n732 351.43
R212 GND.n191 GND.t146 99.148
R213 GND.n839 GND.t275 350.976
R214 GND.n777 GND.t497 347.144
R215 GND.t102 GND.n799 347.144
R216 GND.n816 GND.t574 347.144
R217 GND.t1378 GND.n566 347.144
R218 GND.n582 GND.t1358 347.144
R219 GND.n621 GND.t93 347.144
R220 GND.t55 GND.n637 347.144
R221 GND.n491 GND.t447 347.144
R222 GND.n695 GND.t512 347.144
R223 GND.n741 GND.t186 347.144
R224 GND.t1556 GND.n713 347.144
R225 GND.n170 GND.t89 62.9212
R226 GND.n149 GND.t1238 156.482
R227 GND.n149 GND.t1263 156.482
R228 GND.n149 GND.t1273 156.482
R229 GND.t1278 GND.n149 156.482
R230 GND.t1285 GND.n149 156.482
R231 GND.n149 GND.t1299 156.482
R232 GND.n149 GND.t1309 156.482
R233 GND.t337 GND.n813 345.834
R234 GND.n628 GND.t247 343.841
R235 GND.n504 GND.n503 343.75
R236 GND.t579 GND.n511 341.668
R237 GND.t353 GND.n53 341.418
R238 GND.t1582 GND.t264 338.572
R239 GND.t1517 GND.n512 337.5
R240 GND.n823 GND.t409 336.502
R241 GND.t207 GND.n599 334.286
R242 GND.t134 GND.n738 334.286
R243 GND.t1458 GND.n735 334.286
R244 GND.n149 GND.t1246 157.976
R245 GND.t1566 GND.n217 339.01
R246 GND.n572 GND.t407 330
R247 GND.n643 GND.t182 330
R248 GND.t613 GND.n666 330
R249 GND.t261 GND.n658 330
R250 GND.t358 GND.n699 330
R251 GND.n529 GND.t483 330
R252 GND.n541 GND.t103 330
R253 GND.n281 GND.t284 329.185
R254 GND.n848 GND.t1422 329.168
R255 GND.t1589 GND.n806 329.168
R256 GND.n150 GND.t287 340.188
R257 GND.t361 GND.n214 17.0819
R258 GND.t1506 GND.n142 340.188
R259 GND.n688 GND.t23 329.168
R260 GND.t417 GND.n158 167.082
R261 GND.n746 GND.t221 329.168
R262 GND.n154 GND.t550 66.1984
R263 GND.n50 GND.t598 328.56
R264 GND.n18 GND.t1503 328.56
R265 GND.t59 GND.n774 325.714
R266 GND.n796 GND.t242 325.714
R267 GND.t107 GND.t1412 325.714
R268 GND.t290 GND.n765 325.714
R269 GND.n311 GND.t229 341.418
R270 GND.t1384 GND.n563 321.43
R271 GND.n652 GND.t1528 321.43
R272 GND.t265 GND.n740 321.43
R273 GND.n846 GND.t372 320.834
R274 GND.t1515 GND.n686 320.834
R275 GND.n201 GND.t428 77.2375
R276 GND.n169 GND.t510 64.595
R277 GND.t224 GND.n175 64.595
R278 GND.t150 GND.n496 320.271
R279 GND.n159 GND.t191 64.595
R280 GND.n43 GND.t1447 319.99
R281 GND.n276 GND.t545 319.99
R282 GND.t127 GND.n131 319.99
R283 GND.n149 GND.t1344 159.53
R284 GND.t61 GND.n349 312.858
R285 GND.n604 GND.t1498 312.858
R286 GND.t469 GND.n665 312.858
R287 GND.t297 GND.n474 312.858
R288 GND.n144 GND.t479 313.183
R289 GND.t1501 GND.n536 312.858
R290 GND.t1448 GND.t75 312.5
R291 GND.t116 GND.n8 0.359442
R292 GND.t16 GND.t132 0.315741
R293 GND.t616 GND.n140 89.8491
R294 GND.t903 GND.n761 305.159
R295 GND.t95 GND.n748 305.159
R296 GND.t115 GND.t670 0.468206
R297 GND.t263 GND.n804 304.286
R298 GND.t619 GND.n796 304.286
R299 GND.t81 GND.n782 304.286
R300 GND.t94 GND.n819 304.286
R301 GND.n656 GND.t1426 304.286
R302 GND.n148 GND.t935 187.369
R303 GND.t1370 GND.n756 304.286
R304 GND.n309 GND.t168 319.99
R305 GND.t1459 GND.n726 304.286
R306 GND.n552 GND.t575 304.286
R307 GND.n808 GND.t477 304.168
R308 GND.t318 GND.n547 304.168
R309 GND.n275 GND.t78 303.471
R310 GND.t437 GND.t65 303.469
R311 GND.n149 GND.t1283 159.536
R312 GND.n622 GND.t1424 300
R313 GND.n489 GND.t521 300
R314 GND.n187 GND.t249 86.4901
R315 GND.t151 GND.n810 295.834
R316 GND.n578 GND.t1385 295.714
R317 GND.n581 GND.t1392 295.714
R318 GND.t1520 GND.n636 295.714
R319 GND.t1527 GND.n633 295.714
R320 GND.n525 GND.t334 291.514
R321 GND.t443 GND.t305 291.43
R322 GND.n129 GND.t520 290.777
R323 GND.t1236 GND.n149 157.972
R324 GND.t1251 GND.n149 157.976
R325 GND.t1266 GND.n149 157.976
R326 GND.t1276 GND.n149 157.976
R327 GND.t1287 GND.n149 157.976
R328 GND.t1312 GND.n149 157.976
R329 GND.t286 GND.n146 79.0593
R330 GND.n789 GND.t383 287.144
R331 GND.n591 GND.t1571 287.144
R332 GND.n603 GND.t605 287.144
R333 GND.n668 GND.t316 287.144
R334 GND.t386 GND.n469 287.144
R335 GND.t357 GND.n152 293.533
R336 GND.t126 GND.t1552 282.858
R337 GND.n847 GND.t313 279.168
R338 GND.t567 GND.n685 279.168
R339 GND.t1479 GND.n194 285.616
R340 GND.n507 GND.t523 275.863
R341 GND.t514 GND.n202 100.585
R342 GND.n761 GND.t516 275.072
R343 GND.n692 GND.t282 275.072
R344 GND.t515 GND.t1 291.149
R345 GND.t1410 GND.n40 89.8481
R346 GND.t356 GND.t1453 275
R347 GND.t1339 GND.n149 156.482
R348 GND.n149 GND.t1334 156.482
R349 GND.t1329 GND.n149 156.482
R350 GND.n149 GND.t1324 156.482
R351 GND.t1319 GND.n149 156.482
R352 GND.n149 GND.t1314 156.482
R353 GND.n149 GND.t1304 156.482
R354 GND.n149 GND.t1302 157.976
R355 GND.n149 GND.t1294 156.482
R356 GND.t1289 GND.n149 156.482
R357 GND.t1281 GND.n149 157.976
R358 GND.n149 GND.t1268 156.482
R359 GND.t1258 GND.n149 156.482
R360 GND.n149 GND.t1253 156.482
R361 GND.n149 GND.t1243 156.482
R362 GND.n149 GND.t1241 157.976
R363 GND.n149 GND.t1233 156.288
R364 GND.t1477 GND.n768 274.286
R365 GND.n490 GND.t1478 274.286
R366 GND.t1583 GND.n569 270
R367 GND.t1391 GND.n560 270
R368 GND.t1569 GND.n642 270
R369 GND.n649 GND.t1521 270
R370 GND.t1415 GND.n530 270
R371 GND.t487 GND.n539 270
R372 GND.t615 GND.n773 267.409
R373 GND.n843 GND.n841 266.668
R374 GND.t352 GND.t374 265.714
R375 GND.t431 GND.t321 265.714
R376 GND.t1546 GND.t163 265.714
R377 GND.t125 GND.t1373 265.714
R378 GND.t546 GND.t311 265.714
R379 GND.t289 GND.t302 265.714
R380 GND.t86 GND.t228 265.714
R381 GND.t1351 GND.n152 97.9413
R382 GND.t253 GND.n18 259.99
R383 GND.t375 GND.t222 259.053
R384 GND.n516 GND.t250 258.909
R385 GND.t72 GND.t317 258.334
R386 GND.t600 GND.t320 258.334
R387 GND.t273 GND.t13 258.334
R388 GND.n826 GND.t63 258.334
R389 GND.t80 GND.t327 258.334
R390 GND.t438 GND.n468 258.334
R391 GND.n755 GND.t119 258.334
R392 GND.t306 GND.t85 258.334
R393 GND.t508 GND.t1567 258.334
R394 GND.t342 GND.t418 258.334
R395 GND.n729 GND.t459 258.334
R396 GND.n510 GND.t1595 258.334
R397 GND.n747 GND.t1541 258.334
R398 GND.t423 GND.t262 258.334
R399 GND.t1578 GND.n546 258.334
R400 GND.n833 GND.n831 257.88
R401 GND.n758 GND.t174 257.88
R402 GND.n297 GND.n128 0.369515
R403 GND.n128 GND.t981 252.065
R404 GND.t115 GND.t665 252.065
R405 GND.t65 GND.n206 9.63482
R406 GND.t1074 GND.n265 252.041
R407 GND.t1081 GND.n255 252.041
R408 GND.n260 GND.t1083 252.041
R409 GND.n253 GND.t1085 252.041
R410 GND.t1094 GND.n291 252.041
R411 GND.n281 GND.t1070 252.041
R412 GND.t1 GND.n197 9.63482
R413 GND.n181 GND.t1 9.63482
R414 GND.n190 GND.t461 9.63482
R415 GND.t639 GND.n38 108.635
R416 GND.t694 GND.n185 99.5774
R417 GND.n198 GND.t696 99.5774
R418 GND.t698 GND.n173 99.5774
R419 GND.t115 GND.n212 9.63482
R420 GND.n167 GND.t115 9.63482
R421 GND.t115 GND.n219 9.63482
R422 GND.n44 GND.t1226 251.417
R423 GND.n48 GND.t1228 251.417
R424 GND.t1230 GND.n49 251.417
R425 GND.t1078 GND.n258 251.417
R426 GND.n256 GND.t1043 251.417
R427 GND.n290 GND.t1092 251.417
R428 GND.t1101 GND.n276 251.417
R429 GND.n270 GND.t1066 251.417
R430 GND.t1105 GND.n278 251.417
R431 GND.t1068 GND.n279 251.417
R432 GND.t1107 GND.n268 251.417
R433 GND.n128 GND.n222 427.5
R434 GND.n147 GND.n128 0.613852
R435 GND.t954 GND.n109 251.417
R436 GND.n106 GND.t992 251.417
R437 GND.n105 GND.t956 251.417
R438 GND.t994 GND.n111 251.417
R439 GND.t959 GND.n112 251.417
R440 GND.n103 GND.t996 251.417
R441 GND.n102 GND.t961 251.417
R442 GND.t998 GND.n114 251.417
R443 GND.t963 GND.n115 251.417
R444 GND.n100 GND.t1000 251.417
R445 GND.n99 GND.t966 251.417
R446 GND.t1002 GND.n117 251.417
R447 GND.t969 GND.n118 251.417
R448 GND.n97 GND.t1004 251.417
R449 GND.n95 GND.t1008 251.417
R450 GND.n94 GND.t972 251.417
R451 GND.t1010 GND.n121 251.417
R452 GND.t974 GND.n122 251.417
R453 GND.n92 GND.t1012 251.417
R454 GND.n138 GND.t911 251.417
R455 GND.t852 GND.n15 251.417
R456 GND.n77 GND.t789 251.417
R457 GND.n79 GND.t791 251.417
R458 GND.t461 GND.t793 108.719
R459 GND.n84 GND.t796 251.417
R460 GND.n70 GND.t756 251.417
R461 GND.n69 GND.t759 251.417
R462 GND.n73 GND.t762 251.417
R463 GND.n74 GND.t765 251.417
R464 GND.n61 GND.t768 251.417
R465 GND.n60 GND.t771 251.417
R466 GND.t643 GND.n29 251.417
R467 GND.n31 GND.t692 251.417
R468 GND.n32 GND.t645 251.417
R469 GND.t647 GND.n27 251.417
R470 GND.t1575 GND.t293 251.351
R471 GND.t440 GND.n177 257.877
R472 GND.t1487 GND.t415 251.351
R473 GND.t511 GND.t1449 251.351
R474 GND.t458 GND.t1405 251.351
R475 GND.t333 GND.t360 251.351
R476 GND.t217 GND.n215 257.877
R477 GND.t15 GND.n820 250.952
R478 GND.t308 GND.n478 250.952
R479 GND.n551 GND.t421 250.952
R480 GND.t373 GND.n839 250.696
R481 GND.t566 GND.t525 250
R482 GND.t939 GND.t1551 249.285
R483 GND.n201 GND.t1574 253.246
R484 GND.n0 GND.t1160 244.835
R485 GND.t870 GND.n689 244.835
R486 GND.n579 GND.t1387 244.286
R487 GND.t1525 GND.n634 244.286
R488 GND.n267 GND.t1071 109.987
R489 GND.n128 GND.t942 109.986
R490 GND.t980 GND.n232 100.888
R491 GND.n231 GND.t115 9.30762
R492 GND.t1062 GND.n291 243.47
R493 GND.t1057 GND.n253 243.47
R494 GND.n260 GND.t1055 243.47
R495 GND.t1052 GND.n255 243.47
R496 GND.n128 GND.n179 9.30721
R497 GND.n172 GND.t1013 100.883
R498 GND.t1 GND.n209 9.30721
R499 GND.t889 GND.n182 100.883
R500 GND.n196 GND.t887 100.883
R501 GND.t461 GND.n227 9.30764
R502 GND.n220 GND.t662 100.883
R503 GND.t658 GND.n168 100.883
R504 GND.n211 GND.t656 100.883
R505 GND.t653 GND.n174 100.883
R506 GND.n199 GND.t650 100.883
R507 GND.t648 GND.t115 243.47
R508 GND.n177 GND.t116 9.79175
R509 GND.n210 GND.t1396 93.3945
R510 GND.n215 GND.t132 9.79175
R511 GND.n45 GND.t1189 242.846
R512 GND.n47 GND.t1192 242.846
R513 GND.t1075 GND.n263 242.846
R514 GND.t1041 GND.n257 242.846
R515 GND.t1080 GND.n256 242.846
R516 GND.n277 GND.t1104 242.846
R517 GND.n278 GND.t1067 242.846
R518 GND.t1106 GND.n269 242.846
R519 GND.t1069 GND.n268 242.846
R520 GND.t944 GND.n123 242.846
R521 GND.t991 GND.n107 242.846
R522 GND.t955 GND.n106 242.846
R523 GND.n110 GND.t993 242.846
R524 GND.n111 GND.t957 242.846
R525 GND.t995 GND.n104 242.846
R526 GND.t960 GND.n103 242.846
R527 GND.n113 GND.t997 242.846
R528 GND.n114 GND.t962 242.846
R529 GND.t999 GND.n101 242.846
R530 GND.t965 GND.n100 242.846
R531 GND.n116 GND.t1001 242.846
R532 GND.n117 GND.t967 242.846
R533 GND.t1003 GND.n98 242.846
R534 GND.t970 GND.n97 242.846
R535 GND.n120 GND.t1009 242.846
R536 GND.n121 GND.t973 242.846
R537 GND.t1011 GND.n93 242.846
R538 GND.t975 GND.n92 242.846
R539 GND.n76 GND.t750 242.846
R540 GND.n80 GND.t753 242.846
R541 GND.n82 GND.t797 242.846
R542 GND.n71 GND.t805 242.846
R543 GND.n68 GND.t807 242.846
R544 GND.n72 GND.t809 242.846
R545 GND.n75 GND.t811 242.846
R546 GND.n62 GND.t813 242.846
R547 GND.n59 GND.t815 242.846
R548 GND.n65 GND.t822 242.846
R549 GND.t640 GND.n37 242.846
R550 GND.t691 GND.n30 242.846
R551 GND.t644 GND.n31 242.846
R552 GND.n28 GND.t693 242.846
R553 GND.n275 GND.t606 239.184
R554 GND.n252 GND.t1572 238.56
R555 GND.t20 GND.n4 38.2412
R556 GND.n216 GND.t1116 238.357
R557 GND.t901 GND.n759 236.391
R558 GND.t872 GND.t1 252.71
R559 GND.t1195 GND.n392 251.417
R560 GND.t1200 GND.n778 235.714
R561 GND.t1211 GND.n193 101.781
R562 GND.n217 GND.t1218 101.781
R563 GND.n356 GND.t1188 251.417
R564 GND.n241 GND.t1191 251.417
R565 GND.t1072 GND.n571 235.714
R566 GND.n573 GND.t1076 235.714
R567 GND.t1040 GND.n350 251.417
R568 GND.n580 GND.t1047 235.714
R569 GND.t1051 GND.n557 235.714
R570 GND.n586 GND.t1053 235.714
R571 GND.t1056 GND.n554 235.714
R572 GND.t1090 GND.n592 235.714
R573 GND.t1061 GND.n589 235.714
R574 GND.n595 GND.t1063 235.714
R575 GND.n605 GND.t1103 235.714
R576 GND.t1017 GND.n186 108.635
R577 GND.n188 GND.t116 0.369499
R578 GND.n644 GND.t945 235.714
R579 GND.t979 GND.n348 251.417
R580 GND.n651 GND.t986 235.714
R581 GND.t1428 GND.t1409 235.714
R582 GND.t990 GND.n662 235.714
R583 GND.n180 GND.t1006 105.331
R584 GND.t928 GND.n482 235.714
R585 GND.t932 GND.t121 252.041
R586 GND.t935 GND.n240 251.417
R587 GND.t121 GND.t907 108.719
R588 GND.n163 GND.t897 106.677
R589 GND.n183 GND.t919 244.398
R590 GND.n337 GND.t877 251.417
R591 GND.n160 GND.t881 101.781
R592 GND.n165 GND.t883 105.684
R593 GND.t848 GND.n698 235.714
R594 GND.t850 GND.n700 235.714
R595 GND.n703 GND.t886 235.714
R596 GND.t888 GND.n197 242.431
R597 GND.n181 GND.t890 242.431
R598 GND.t781 GND.n228 108.638
R599 GND.n531 GND.t785 235.714
R600 GND.n330 GND.t748 251.417
R601 GND.n302 GND.t752 251.417
R602 GND.n742 GND.t798 235.714
R603 GND.n740 GND.t801 235.714
R604 GND.n738 GND.t804 235.714
R605 GND.n333 GND.t806 251.417
R606 GND.n313 GND.t808 251.417
R607 GND.n332 GND.t810 251.417
R608 GND.n221 GND.t812 251.417
R609 GND.n331 GND.t814 251.417
R610 GND.n314 GND.t816 251.417
R611 GND.n203 GND.t818 97.3
R612 GND.n735 GND.t821 235.714
R613 GND.n230 GND.t823 251.417
R614 GND.t636 GND.n540 235.714
R615 GND.n542 GND.t641 235.714
R616 GND.t690 GND.n463 251.417
R617 GND.n185 GND.t649 242.431
R618 GND.t652 GND.n198 242.431
R619 GND.n173 GND.t654 242.431
R620 GND.t657 GND.n212 242.431
R621 GND.n167 GND.t660 242.431
R622 GND.t663 GND.n219 242.431
R623 GND.n827 GND.t554 233.333
R624 GND.t177 GND.n754 233.333
R625 GND.n730 GND.t348 233.333
R626 GND.n548 GND.t114 233.333
R627 GND.t378 GND.t597 232.093
R628 GND.t1414 GND.t241 231.429
R629 GND.t513 GND.n164 102.159
R630 GND.t336 GND.t153 229.167
R631 GND.t1205 GND.n824 229.167
R632 GND.n479 GND.t921 229.167
R633 GND.n754 GND.t923 229.167
R634 GND.t826 GND.n727 229.167
R635 GND.n319 GND.t736 244.835
R636 GND.t668 GND.n548 229.167
R637 GND.t564 GND.n523 228.782
R638 GND.n519 GND.n518 227.56
R639 GND.n709 GND.t875 227.488
R640 GND.n384 GND.t1217 242.846
R641 GND.t1073 GND.n570 227.143
R642 GND.t1046 GND.n562 227.143
R643 GND.t1082 GND.n555 227.143
R644 GND.n587 GND.t1084 227.143
R645 GND.n610 GND.t1087 227.143
R646 GND.n592 GND.t1060 227.143
R647 GND.n593 GND.t1093 227.143
R648 GND.n595 GND.t1098 227.143
R649 GND.n608 GND.t1100 227.143
R650 GND.t1108 GND.n596 227.143
R651 GND.n189 GND.t1019 227.636
R652 GND.n626 GND.t1022 227.143
R653 GND.n348 GND.t946 242.846
R654 GND.n646 GND.t982 227.143
R655 GND.t985 GND.n635 227.143
R656 GND.n128 GND.n194 9.30719
R657 GND.n207 GND.t953 102.457
R658 GND.n483 GND.t931 227.143
R659 GND.n765 GND.t906 227.143
R660 GND.n471 GND.t912 227.143
R661 GND.n183 GND.t899 102.457
R662 GND.n309 GND.t920 242.846
R663 GND.n165 GND.t844 106.677
R664 GND.n706 GND.t849 227.143
R665 GND.t859 GND.n209 234.188
R666 GND.n330 GND.t788 242.846
R667 GND.n302 GND.t790 242.846
R668 GND.n58 GND.t792 243.171
R669 GND.n332 GND.t764 242.846
R670 GND.n221 GND.t767 242.846
R671 GND.n331 GND.t770 242.846
R672 GND.n314 GND.t773 242.846
R673 GND.n67 GND.t837 242.846
R674 GND.t637 GND.n157 106.159
R675 GND.n463 GND.t642 242.846
R676 GND.n544 GND.t646 227.143
R677 GND.n231 GND.t705 234.188
R678 GND.n552 GND.t667 227.143
R679 GND.n500 GND.t611 227.028
R680 GND.n501 GND.t549 227.028
R681 GND.n800 GND.t1413 222.857
R682 GND.t1584 GND.n192 231.541
R683 GND.t388 GND.n470 222.857
R684 GND.t915 GND.t1511 222.857
R685 GND.t116 GND.n237 8.48857
R686 GND.t1186 GND.n205 102.703
R687 GND.n265 GND.t1039 222.042
R688 GND.n153 GND.t885 107.194
R689 GND.t115 GND.n157 3.83506
R690 GND.n180 GND.t971 107.358
R691 GND.t1 GND.n208 8.48812
R692 GND.t65 GND.t1203 110.709
R693 GND.n49 GND.t1194 221.417
R694 GND.n6 GND.t1023 221.417
R695 GND.t947 GND.n127 221.417
R696 GND.n91 GND.t976 221.417
R697 GND.n136 GND.t895 221.417
R698 GND.t892 GND.n13 221.417
R699 GND.n63 GND.t774 221.417
R700 GND.n64 GND.t775 221.417
R701 GND.t777 GND.n66 221.417
R702 GND.n828 GND.t1207 220.833
R703 GND.n184 GND.t1162 227.374
R704 GND.n151 GND.t871 227.374
R705 GND.n731 GND.t829 220.833
R706 GND.t614 GND.t58 219.198
R707 GND.t1570 GND.n569 218.571
R708 GND.t1388 GND.n561 218.571
R709 GND.t1389 GND.n561 218.571
R710 GND.t601 GND.n642 218.571
R711 GND.n650 GND.t1523 218.571
R712 GND.n650 GND.t1524 218.571
R713 GND.t213 GND.t1007 218.571
R714 GND.n530 GND.t493 218.571
R715 GND.t1491 GND.n539 218.571
R716 GND.t1380 GND.t1044 214.286
R717 GND.t1091 GND.t1543 214.286
R718 GND.t909 GND.t385 214.286
R719 GND.t1416 GND.t795 214.286
R720 GND.t349 GND.t831 214.286
R721 GND.t1417 GND.n683 212.5
R722 GND.t380 GND.n623 210
R723 GND.t156 GND.t951 210
R724 GND.t257 GND.t851 210
R725 GND.n263 GND.t1570 208.56
R726 GND.n123 GND.t601 208.56
R727 GND.n37 GND.t1491 208.56
R728 GND.t1371 GND.t553 208.333
R729 GND.t322 GND.t498 208.095
R730 GND.t581 GND.n504 206.898
R731 GND.t524 GND.n522 206.643
R732 GND.n748 GND.t722 206.304
R733 GND.n354 GND.t1198 221.417
R734 GND.t1198 GND.n769 205.714
R735 GND.t210 GND.t1222 205.714
R736 GND.t1223 GND.n205 235.006
R737 GND.n355 GND.t1194 221.417
R738 GND.t394 GND.n817 205.714
R739 GND.t1039 GND.n570 205.714
R740 GND.n602 GND.t590 205.714
R741 GND.t1023 GND.n237 213.577
R742 GND.t1038 GND.n237 102.707
R743 GND.n654 GND.t988 205.714
R744 GND.n756 GND.t914 205.714
R745 GND.n234 GND.t914 221.417
R746 GND.n234 GND.t895 221.417
R747 GND.n153 GND.t846 106.159
R748 GND.t860 GND.n208 102.703
R749 GND.n208 GND.t892 213.578
R750 GND.n58 GND.t755 110.639
R751 GND.t774 GND.n227 212.758
R752 GND.t775 GND.n725 205.714
R753 GND.n190 GND.t777 212.431
R754 GND.t689 GND.n157 107.194
R755 GND.t1413 GND.n51 204.274
R756 GND.n784 GND.t1584 204.274
R757 GND.t606 GND.n273 204.274
R758 GND.n137 GND.t388 204.274
R759 GND.t1545 GND.t1097 201.429
R760 GND.t121 GND.t909 200.613
R761 GND.t1213 GND.n192 102.457
R762 GND.t1221 GND.t65 200.613
R763 GND.n264 GND.t1073 200.613
R764 GND.n287 GND.t1089 200.613
R765 GND.t1060 GND.n288 200.613
R766 GND.n286 GND.t1091 200.613
R767 GND.t1065 GND.n294 200.613
R768 GND.t1100 GND.n282 200.613
R769 GND.n207 GND.n128 7.66905
R770 GND.t1007 GND.n128 200.613
R771 GND.n166 GND.t121 86.7547
R772 GND.n162 GND.t918 23.2336
R773 GND.n183 GND.t121 7.66905
R774 GND.t1 GND.n161 86.7547
R775 GND.n165 GND.t1 3.31705
R776 GND.n155 GND.t1 86.7547
R777 GND.t746 GND.t461 109.986
R778 GND.t795 GND.t461 200.613
R779 GND.t820 GND.n204 102.457
R780 GND.t834 GND.t461 200.613
R781 GND.t1223 GND.n43 199.989
R782 GND.t1225 GND.n42 199.989
R783 GND.t1227 GND.n45 199.989
R784 GND.t1229 GND.n47 199.989
R785 GND.n257 GND.t1080 199.989
R786 GND.n254 GND.t1082 199.989
R787 GND.t1084 GND.n261 199.989
R788 GND.t1093 GND.n285 199.989
R789 GND.t1098 GND.n283 199.989
R790 GND.n272 GND.t1102 199.989
R791 GND.t1067 GND.n277 199.989
R792 GND.n269 GND.t1069 199.989
R793 GND.n107 GND.t955 199.989
R794 GND.t957 GND.n110 199.989
R795 GND.n104 GND.t960 199.989
R796 GND.t962 GND.n113 199.989
R797 GND.n101 GND.t965 199.989
R798 GND.t967 GND.n116 199.989
R799 GND.n98 GND.t970 199.989
R800 GND.t973 GND.n120 199.989
R801 GND.n93 GND.t975 199.989
R802 GND.n133 GND.t934 199.989
R803 GND.t906 GND.n764 199.989
R804 GND.t849 GND.n19 199.989
R805 GND.n16 GND.t853 199.989
R806 GND.t856 GND.n14 199.989
R807 GND.n17 GND.t859 199.989
R808 GND.t790 GND.n76 199.989
R809 GND.t792 GND.n80 199.989
R810 GND.t800 GND.n85 199.989
R811 GND.t758 GND.n71 199.989
R812 GND.t761 GND.n68 199.989
R813 GND.t764 GND.n72 199.989
R814 GND.t767 GND.n75 199.989
R815 GND.t770 GND.n62 199.989
R816 GND.t773 GND.n59 199.989
R817 GND.t837 GND.n66 199.989
R818 GND.n30 GND.t644 199.989
R819 GND.t646 GND.n28 199.989
R820 GND.n33 GND.t695 199.989
R821 GND.t697 GND.n25 199.989
R822 GND.n34 GND.t699 199.989
R823 GND.t701 GND.n24 199.989
R824 GND.n35 GND.t703 199.989
R825 GND.t705 GND.n23 199.989
R826 GND.t667 GND.n22 199.989
R827 GND.t65 GND.n164 7.50525
R828 GND.t1397 GND.n274 196.327
R829 GND.n832 GND.n829 193.411
R830 GND.n579 GND.t1388 192.857
R831 GND.n580 GND.t1389 192.857
R832 GND.t1523 GND.n635 192.857
R833 GND.t1524 GND.n634 192.857
R834 GND.t988 GND.t1532 192.857
R835 GND.n229 GND.t493 208.56
R836 GND.t65 GND.n217 7.34144
R837 GND.t65 GND.n193 7.34144
R838 GND.t1070 GND.n267 192.054
R839 GND.n280 GND.t1107 192.042
R840 GND.n282 GND.t1099 192.042
R841 GND.t1063 GND.n294 192.042
R842 GND.n286 GND.t1090 192.042
R843 GND.t1058 GND.n288 192.042
R844 GND.n287 GND.t1088 192.042
R845 GND.n180 GND.n128 3.67126
R846 GND.t952 GND.n128 108.719
R847 GND.n128 GND.t940 108.722
R848 GND.n162 GND.t121 86.7547
R849 GND.n163 GND.t917 105.683
R850 GND.n166 GND.t896 22.2411
R851 GND.t121 GND.t915 192.042
R852 GND.n155 GND.t845 22.2411
R853 GND.t843 GND.n161 22.2411
R854 GND.t1 GND.n160 7.34144
R855 GND.t461 GND.t743 108.722
R856 GND.t1113 GND.t21 191.667
R857 GND.n770 GND.t1195 191.417
R858 GND.n53 GND.t1200 191.417
R859 GND.n44 GND.t1188 191.417
R860 GND.n48 GND.t1191 191.417
R861 GND.n50 GND.t1230 191.417
R862 GND.n266 GND.t1074 191.417
R863 GND.n258 GND.t1040 191.417
R864 GND.t1053 GND.n254 191.417
R865 GND.n261 GND.t1056 191.417
R866 GND.t1085 GND.n252 191.417
R867 GND.n285 GND.t1061 191.417
R868 GND.n284 GND.t1094 191.417
R869 GND.t1103 GND.n270 191.417
R870 GND.n279 GND.t1105 191.417
R871 GND.n188 GND.t1020 108.635
R872 GND.n297 GND.t943 108.639
R873 GND.n127 GND.t979 191.417
R874 GND.t950 GND.n108 191.417
R875 GND.n109 GND.t990 191.417
R876 GND.t992 GND.n105 191.417
R877 GND.n112 GND.t994 191.417
R878 GND.t996 GND.n102 191.417
R879 GND.n115 GND.t998 191.417
R880 GND.t1000 GND.n99 191.417
R881 GND.n118 GND.t1002 191.417
R882 GND.t1008 GND.n94 191.417
R883 GND.n122 GND.t1010 191.417
R884 GND.t1012 GND.n91 191.417
R885 GND.t919 GND.n134 191.417
R886 GND.n701 GND.t850 191.417
R887 GND.t886 GND.n16 191.417
R888 GND.n14 GND.t888 191.417
R889 GND.t890 GND.n17 191.417
R890 GND.n77 GND.t748 191.417
R891 GND.n79 GND.t752 191.417
R892 GND.n70 GND.t804 191.417
R893 GND.n69 GND.t806 191.417
R894 GND.n73 GND.t808 191.417
R895 GND.n74 GND.t810 191.417
R896 GND.n61 GND.t812 191.417
R897 GND.n60 GND.t814 191.417
R898 GND.n63 GND.t816 191.417
R899 GND.n64 GND.t821 191.417
R900 GND.n29 GND.t690 191.417
R901 GND.t692 GND.n32 191.417
R902 GND.t649 GND.n33 191.417
R903 GND.n25 GND.t652 191.417
R904 GND.t654 GND.n34 191.417
R905 GND.n24 GND.t657 191.417
R906 GND.t660 GND.n35 191.417
R907 GND.n23 GND.t663 191.417
R908 GND.t405 GND.t565 189.633
R909 GND.t1377 GND.t1232 188.571
R910 GND.t1572 GND.n553 188.571
R911 GND.n684 GND.t1417 187.5
R912 GND.n39 GND.t668 186.526
R913 GND.n3 GND.t1167 195.315
R914 GND.t875 GND.n692 184.815
R915 GND.n549 GND.t669 184.815
R916 GND.t1197 GND.n771 184.286
R917 GND.n849 GND.t1411 184.286
R918 GND.t1202 GND.n779 184.286
R919 GND.t1217 GND.n782 184.286
R920 GND.t1189 GND.n790 184.286
R921 GND.t1192 GND.n791 184.286
R922 GND.t1232 GND.n792 184.286
R923 GND.t1077 GND.n568 184.286
R924 GND.n574 GND.t1041 184.286
R925 GND.t1044 GND.n565 184.286
R926 GND.t1049 GND.n559 184.286
R927 GND.t1055 GND.n555 184.286
R928 GND.n587 GND.t1057 184.286
R929 GND.t1087 GND.n553 184.286
R930 GND.n593 GND.t1062 184.286
R931 GND.n594 GND.t1096 184.286
R932 GND.t1102 GND.t481 184.286
R933 GND.t1104 GND.n597 184.286
R934 GND.n606 GND.t1106 184.286
R935 GND.t44 GND.n622 184.286
R936 GND.t1019 GND.n624 184.286
R937 GND.t1022 GND.n625 184.286
R938 GND.t946 GND.n641 184.286
R939 GND.t947 GND.n232 212.758
R940 GND.t982 GND.n639 184.286
R941 GND.t987 GND.n632 184.286
R942 GND.t949 GND.n194 100.883
R943 GND.t951 GND.n667 184.286
R944 GND.n672 GND.t991 184.286
R945 GND.t993 GND.n661 184.286
R946 GND.n673 GND.t995 184.286
R947 GND.t997 GND.n660 184.286
R948 GND.n674 GND.t999 184.286
R949 GND.t1001 GND.n659 184.286
R950 GND.n675 GND.t1003 184.286
R951 GND.t1005 GND.n179 100.883
R952 GND.t1009 GND.n657 184.286
R953 GND.n678 GND.t1011 184.286
R954 GND.n172 GND.t976 212.76
R955 GND.t920 GND.n477 184.286
R956 GND.t879 GND.n693 184.286
R957 GND.t851 GND.n702 184.286
R958 GND.n196 GND.t853 234.188
R959 GND.t856 GND.n182 234.188
R960 GND.t891 GND.n209 100.883
R961 GND.t788 GND.n528 184.286
R962 GND.t750 GND.n532 184.286
R963 GND.t753 GND.n533 184.286
R964 GND.t803 GND.n712 184.286
R965 GND.t805 GND.n719 184.286
R966 GND.t807 GND.n720 184.286
R967 GND.t809 GND.n721 184.286
R968 GND.t811 GND.n722 184.286
R969 GND.t813 GND.n723 184.286
R970 GND.t815 GND.n724 184.286
R971 GND.t817 GND.n227 100.888
R972 GND.t822 GND.n725 184.286
R973 GND.n734 GND.t825 184.286
R974 GND.t831 GND.n733 184.286
R975 GND.t642 GND.n538 184.286
R976 GND.n543 GND.t691 184.286
R977 GND.t693 GND.n537 184.286
R978 GND.n199 GND.t695 234.188
R979 GND.t697 GND.n174 234.188
R980 GND.n211 GND.t699 234.188
R981 GND.t701 GND.n168 234.188
R982 GND.n220 GND.t703 234.188
R983 GND.n231 GND.t664 100.888
R984 GND.t739 GND.t201 183.333
R985 GND.t1207 GND.n827 179.167
R986 GND.t829 GND.n730 179.167
R987 GND.n840 GND.t373 178.379
R988 GND.n760 GND.t901 176.219
R989 GND.t1215 GND.n783 175.714
R990 GND.t1222 GND.n787 175.714
R991 GND.t1224 GND.n206 99.5774
R992 GND.t1226 GND.n790 175.714
R993 GND.t1228 GND.n791 175.714
R994 GND.n574 GND.t1078 175.714
R995 GND.t1043 GND.n566 175.714
R996 GND.n577 GND.t1045 175.714
R997 GND.n584 GND.t1051 175.714
R998 GND.n586 GND.t1081 175.714
R999 GND.t1083 GND.n554 175.714
R1000 GND.t1092 GND.n589 175.714
R1001 GND.t1097 GND.n588 175.714
R1002 GND.t1066 GND.n597 175.714
R1003 GND.n606 GND.t1068 175.714
R1004 GND.n648 GND.t983 175.714
R1005 GND.t948 GND.n629 175.714
R1006 GND.n672 GND.t954 175.714
R1007 GND.t956 GND.n661 175.714
R1008 GND.n673 GND.t959 175.714
R1009 GND.t961 GND.n660 175.714
R1010 GND.n674 GND.t963 175.714
R1011 GND.t966 GND.n659 175.714
R1012 GND.n675 GND.t969 175.714
R1013 GND.t1004 GND.n658 175.714
R1014 GND.t972 GND.n657 175.714
R1015 GND.n678 GND.t974 175.714
R1016 GND.n763 GND.t904 175.714
R1017 GND.t911 GND.n470 175.714
R1018 GND.n694 GND.t877 175.714
R1019 GND.n703 GND.t852 175.714
R1020 GND.t855 GND.n197 99.5774
R1021 GND.n181 GND.t857 99.5774
R1022 GND.t789 GND.n532 175.714
R1023 GND.t791 GND.n533 175.714
R1024 GND.t797 GND.t453 175.714
R1025 GND.n711 GND.t798 175.714
R1026 GND.n713 GND.t801 175.714
R1027 GND.t756 GND.n719 175.714
R1028 GND.t759 GND.n720 175.714
R1029 GND.t762 GND.n721 175.714
R1030 GND.t765 GND.n722 175.714
R1031 GND.t768 GND.n723 175.714
R1032 GND.t771 GND.n724 175.714
R1033 GND.n726 GND.t823 175.714
R1034 GND.n190 GND.t835 99.5774
R1035 GND.n543 GND.t643 175.714
R1036 GND.t645 GND.n537 175.714
R1037 GND.t700 GND.n212 99.5774
R1038 GND.n167 GND.t702 99.5774
R1039 GND.t704 GND.n219 99.5774
R1040 GND.n502 GND.t580 174.325
R1041 GND.t1045 GND.t1383 171.429
R1042 GND.t904 GND.t73 171.429
R1043 GND.t26 GND.n203 7.95766
R1044 GND.n825 GND.t1205 170.833
R1045 GND.t1160 GND.n467 170.833
R1046 GND.n480 GND.t923 170.833
R1047 GND.n690 GND.t870 170.833
R1048 GND.n728 GND.t826 170.833
R1049 GND.t519 GND.n506 168.103
R1050 GND.t464 GND.t1202 167.143
R1051 GND.t1387 GND.n562 167.143
R1052 GND.t1390 GND.n560 167.143
R1053 GND.t480 GND.t1101 167.143
R1054 GND.n649 GND.t1522 167.143
R1055 GND.n651 GND.t1525 167.143
R1056 GND.n668 GND.t1428 167.143
R1057 GND.n698 GND.t253 167.143
R1058 GND.t395 GND.n772 166.667
R1059 GND.t215 GND.n812 166.667
R1060 GND.t554 GND.n826 166.667
R1061 GND.n184 GND.t139 96.0227
R1062 GND.n468 GND.t270 166.667
R1063 GND.n755 GND.t177 166.667
R1064 GND.t392 GND.n151 96.0227
R1065 GND.n682 GND.t0 166.667
R1066 GND.t348 GND.n729 166.667
R1067 GND.t96 GND.n510 166.667
R1068 GND.n747 GND.t219 166.667
R1069 GND.t114 GND.n546 166.667
R1070 GND.t272 GND.t500 162.857
R1071 GND.t1529 GND.t987 162.857
R1072 GND.t178 GND.t928 162.857
R1073 GND.n842 GND.n840 162.162
R1074 GND.n177 GND.t138 93.3945
R1075 GND.n210 GND.t1451 257.877
R1076 GND.t549 GND.n500 162.162
R1077 GND.n215 GND.t56 93.3945
R1078 GND.t1485 GND.n1 157.335
R1079 GND.n2 GND.t438 157.335
R1080 GND.t345 GND.n691 157.335
R1081 GND.t1595 GND.n509 157.335
R1082 GND.t1541 GND.n88 157.335
R1083 GND.n521 GND.t25 154.982
R1084 GND.n832 GND.t542 154.728
R1085 GND.n836 GND.t267 154.596
R1086 GND.t495 GND.t948 154.286
R1087 GND.t112 GND.t950 154.286
R1088 GND.t1555 GND.t800 154.286
R1089 GND.t70 GND.n848 154.167
R1090 GND.t274 GND.t171 154.167
R1091 GND.n806 GND.t322 154.167
R1092 GND.n821 GND.t15 154.167
R1093 GND.n150 GND.t326 43.2152
R1094 GND.n479 GND.t308 154.167
R1095 GND.n688 GND.t507 154.167
R1096 GND.n213 GND.t203 167.082
R1097 GND.n154 GND.t421 167.082
R1098 GND.n5 GND.t440 153.474
R1099 GND.t1451 GND.n611 153.474
R1100 GND.n86 GND.t217 153.474
R1101 GND.n3 GND.t596 94.6591
R1102 GND.t282 GND.n12 153.243
R1103 GND.n56 GND.t1477 152.846
R1104 GND.t1461 GND.n262 152.846
R1105 GND.t1469 GND.n124 152.846
R1106 GND.t1465 GND.n78 152.846
R1107 GND.t1460 GND.n36 152.846
R1108 GND.n517 GND.t330 151.708
R1109 GND.t630 GND.n814 150
R1110 GND.t1209 GND.n828 150
R1111 GND.t19 GND.t361 150
R1112 GND.t573 GND.t1397 150
R1113 GND.t590 GND.t607 150
R1114 GND.t1574 GND.n169 162.888
R1115 GND.n175 GND.t416 162.888
R1116 GND.t926 GND.n480 150
R1117 GND.t830 GND.n731 150
R1118 GND.t4 GND.n319 165.669
R1119 GND.t219 GND.t235 150
R1120 GND.t332 GND.n159 162.888
R1121 GND.t1463 GND.n10 149.002
R1122 GND.n523 GND.t524 147.601
R1123 GND.n503 GND.n501 145.946
R1124 GND.t558 GND.t394 145.714
R1125 GND.t427 GND.t1108 145.714
R1126 GND.t983 GND.t1519 145.714
R1127 GND.t832 GND.t419 145.714
R1128 GND.t267 GND.n773 142.061
R1129 GND.n841 GND.t274 141.667
R1130 GND.t153 GND.n811 141.667
R1131 GND.t63 GND.n825 141.667
R1132 GND.t922 GND.t309 141.667
R1133 GND.n344 GND.t119 157.335
R1134 GND.n683 GND.t340 141.667
R1135 GND.t459 GND.n728 141.667
R1136 GND.t1576 GND.t2 141.667
R1137 GND.n547 GND.t1578 141.667
R1138 GND.t500 GND.n768 141.429
R1139 GND.n573 GND.t1583 141.429
R1140 GND.n578 GND.t1386 141.429
R1141 GND.n581 GND.t1391 141.429
R1142 GND.t1547 GND.t44 141.429
R1143 GND.t231 GND.t380 141.429
R1144 GND.n644 GND.t1569 141.429
R1145 GND.t1521 GND.n636 141.429
R1146 GND.t1526 GND.n633 141.429
R1147 GND.n531 GND.t1415 141.429
R1148 GND.t146 GND.t834 141.429
R1149 GND.n542 GND.t487 141.429
R1150 GND.t523 GND.n505 137.931
R1151 GND.n507 GND.t519 137.931
R1152 GND.t580 GND.n498 137.839
R1153 GND.t323 GND.n499 137.839
R1154 GND.n140 GND.t1116 181.464
R1155 GND.t597 GND.n614 137.536
R1156 GND.t516 GND.n760 137.536
R1157 GND.t505 GND.n458 153.243
R1158 GND.t669 GND.n40 233.041
R1159 GND.t384 GND.n682 137.5
R1160 GND.t1480 GND.t1072 137.143
R1161 GND.t1393 GND.t1049 137.143
R1162 GND.t1478 GND.n489 137.143
R1163 GND.t76 GND.t636 137.143
R1164 GND.n835 GND.t615 133.706
R1165 GND.n844 GND.n843 133.333
R1166 GND.t518 GND.t515 133.238
R1167 GND.n656 GND.t1479 132.857
R1168 GND.t796 GND.t195 132.857
R1169 GND.t488 GND.t647 132.857
R1170 GND.n520 GND.n519 132.841
R1171 GND.n836 GND.n834 130.435
R1172 GND.n518 GND.t405 128.952
R1173 GND.t1088 GND.t444 128.571
R1174 GND.t1096 GND.t1544 128.571
R1175 GND.n187 GND.t231 64.9154
R1176 GND.t912 GND.t1353 128.571
R1177 GND.t1424 GND.n7 127.132
R1178 GND.n524 GND.t564 125.462
R1179 GND.t1164 GND.n4 70.8418
R1180 GND.t346 GND.t872 124.642
R1181 GND.n785 GND.t1585 124.287
R1182 GND.t383 GND.n788 124.287
R1183 GND.n572 GND.t635 124.287
R1184 GND.n609 GND.t1571 124.287
R1185 GND.t78 GND.n601 124.287
R1186 GND.n643 GND.t429 124.287
R1187 GND.t316 GND.n666 124.287
R1188 GND.n471 GND.t386 124.287
R1189 GND.n696 GND.t357 124.287
R1190 GND.n699 GND.t1549 124.287
R1191 GND.t434 GND.n529 124.287
R1192 GND.n541 GND.t344 124.287
R1193 GND.t1421 GND.t648 124.287
R1194 GND.n148 GND.t463 84.0267
R1195 GND.n495 GND.t127 121.496
R1196 GND.t330 GND.n146 217.589
R1197 GND.t313 GND.n846 120.834
R1198 GND.n813 GND.t623 120.834
R1199 GND.n686 GND.t567 120.834
R1200 GND.t340 GND.t384 120.834
R1201 GND.t1167 GND.t1169 120.344
R1202 GND.t1369 GND.t1052 120.001
R1203 GND.t931 GND.t634 120.001
R1204 GND.t145 GND.t832 120.001
R1205 GND.n1 GND.t80 119.835
R1206 GND.n2 GND.t446 119.835
R1207 GND.n691 GND.t306 119.835
R1208 GND.n509 GND.t1406 119.835
R1209 GND.t293 GND.n5 116.987
R1210 GND.n611 GND.t1487 116.987
R1211 GND.t360 GND.n86 116.987
R1212 GND.t1395 GND.t922 116.668
R1213 GND.t1385 GND.n563 115.715
R1214 GND.t1392 GND.n559 115.715
R1215 GND.n648 GND.t1520 115.715
R1216 GND.n652 GND.t1527 115.715
R1217 GND.t1544 GND.n292 114.275
R1218 GND.t1498 GND.n272 114.275
R1219 GND.n27 GND.t1501 114.275
R1220 GND.t623 GND.t215 112.501
R1221 GND.t1585 GND.t1215 111.43
R1222 GND.t981 GND.t48 111.43
R1223 GND.t521 GND.n488 111.43
R1224 GND.n849 GND.t272 107.144
R1225 GND.n805 GND.t263 107.144
R1226 GND.t1209 GND.n802 107.144
R1227 GND.n797 GND.t619 107.144
R1228 GND.n786 GND.t81 107.144
R1229 GND.t1447 GND.n787 107.144
R1230 GND.n815 GND.t630 107.144
R1231 GND.n820 GND.t94 107.144
R1232 GND.t444 GND.n590 107.144
R1233 GND.t545 GND.n599 107.144
R1234 GND.t1426 GND.n629 107.144
R1235 GND.n481 GND.t926 107.144
R1236 GND.n762 GND.t903 107.144
R1237 GND.n757 GND.t1370 107.144
R1238 GND.n478 GND.t168 107.144
R1239 GND.n734 GND.t1459 107.144
R1240 GND.n732 GND.t830 107.144
R1241 GND.t575 GND.n551 107.144
R1242 GND.t317 GND.n844 104.168
R1243 GND.t171 GND.n772 104.168
R1244 GND.n810 GND.t600 104.168
R1245 GND.n811 GND.t151 104.168
R1246 GND.n824 GND.t273 104.168
R1247 GND.n344 GND.t1395 119.835
R1248 GND.t1567 GND.n684 104.168
R1249 GND.n727 GND.t342 104.168
R1250 GND.t262 GND.n550 104.168
R1251 GND.t1399 GND.t1400 101.562
R1252 GND.n497 GND.t511 101.352
R1253 GND.n498 GND.t458 101.352
R1254 GND.t921 GND.t194 100.001
R1255 GND.t0 GND.t1463 100.001
R1256 GND.t598 GND.n792 98.5719
R1257 GND.n571 GND.t61 98.5719
R1258 GND.t284 GND.n596 98.5719
R1259 GND.n669 GND.t469 98.5719
R1260 GND.n475 GND.t297 98.5719
R1261 GND.t1503 GND.n697 98.5719
R1262 GND.t479 GND.n540 98.5719
R1263 GND.t1489 GND.n535 98.5719
R1264 GND.t407 GND.n266 97.1319
R1265 GND.t182 GND.n297 97.4123
R1266 GND.n19 GND.t358 97.1319
R1267 GND.t483 GND.n228 97.4123
R1268 GND.t103 GND.n38 97.4123
R1269 GND.t222 GND.n837 96.1008
R1270 GND.t477 GND.n807 95.8338
R1271 GND.n550 GND.t318 95.8338
R1272 GND.t520 GND.t258 94.5564
R1273 GND.t538 GND.n525 92.2514
R1274 GND.t25 GND.n520 92.2514
R1275 GND.n829 GND.t68 90.2584
R1276 GND.t374 GND.n777 90.0005
R1277 GND.n799 GND.t11 90.0005
R1278 GND.n577 GND.t1384 90.0005
R1279 GND.n582 GND.t1393 90.0005
R1280 GND.t163 GND.n621 90.0005
R1281 GND.t1519 GND.n637 90.0005
R1282 GND.t1528 GND.n632 90.0005
R1283 GND.t1373 GND.n491 90.0005
R1284 GND.t311 GND.n483 90.0005
R1285 GND.t547 GND.t932 90.0005
R1286 GND.t302 GND.n763 90.0005
R1287 GND.n695 GND.t86 90.0005
R1288 GND.n741 GND.t265 90.0005
R1289 GND.t419 GND.n170 103.269
R1290 GND.t194 GND.t121 87.1423
R1291 GND.t1394 GND.n214 66.1984
R1292 GND.n154 GND.t115 3.4198
R1293 GND.t287 GND.n0 86.5025
R1294 GND.n689 GND.t1506 86.5025
R1295 GND.n213 GND.t1420 66.199
R1296 GND.t221 GND.n89 86.5025
R1297 GND.n779 GND.t353 85.7148
R1298 GND.t242 GND.n795 85.7148
R1299 GND.n817 GND.t432 85.7148
R1300 GND.n623 GND.t1547 85.7148
R1301 GND.n493 GND.t126 85.7148
R1302 GND.n484 GND.t547 85.7148
R1303 GND.n707 GND.t229 85.7148
R1304 GND.n169 GND.t116 3.42966
R1305 GND.t116 GND.n175 3.42966
R1306 GND.n159 GND.t132 3.42966
R1307 GND.n132 GND.t150 84.5541
R1308 GND.t235 GND.n511 83.3338
R1309 GND.n793 GND.t1566 81.4291
R1310 GND.t338 GND.n816 81.4291
R1311 GND.n602 GND.t573 81.4291
R1312 GND.n655 GND.t495 81.4291
R1313 GND.n195 GND.t112 95.0261
R1314 GND.n207 GND.t613 90.1117
R1315 GND.n676 GND.t261 81.4291
R1316 GND.n697 GND.t443 81.4291
R1317 GND.t307 GND.t1404 81.0816
R1318 GND.n170 GND.t461 3.08228
R1319 GND.t634 GND.t121 80.6121
R1320 GND.t497 GND.n54 79.9891
R1321 GND.t372 GND.n845 79.1672
R1322 GND.t409 GND.n822 79.1672
R1323 GND.n687 GND.t1515 79.1672
R1324 GND.t16 GND.n526 78.1255
R1325 GND.t1412 GND.n781 77.1434
R1326 GND.n739 GND.t134 77.1434
R1327 GND.n736 GND.t1458 77.1434
R1328 GND.t665 GND.t1489 77.1434
R1329 GND.n502 GND.n499 77.0275
R1330 GND.n191 GND.t391 60.3116
R1331 GND.n54 GND.t166 75.7034
R1332 GND.t433 GND.n133 75.7034
R1333 GND.t179 GND.t180 75.4129
R1334 GND.t1406 GND.t739 75.0005
R1335 GND.n87 GND.t579 74.0263
R1336 GND.t450 GND.n521 73.8012
R1337 GND.t1558 GND.t59 72.8576
R1338 GND.t605 GND.t482 72.8576
R1339 GND.n335 GND.t1555 88.5605
R1340 GND.t65 GND.t431 72.0417
R1341 GND.t461 GND.t145 72.0417
R1342 GND.t632 GND.t65 72.0407
R1343 GND.t58 GND.n55 71.5798
R1344 GND.n51 GND.t631 71.4177
R1345 GND.t1347 GND.n784 71.4177
R1346 GND.n7 GND.t1546 71.4177
R1347 GND.t457 GND.n125 71.4177
R1348 GND.n195 GND.t534 57.6194
R1349 GND.n764 GND.t289 71.4177
R1350 GND.t1353 GND.n137 71.4177
R1351 GND.t1422 GND.n847 70.8338
R1352 GND.n807 GND.t1589 70.8338
R1353 GND.n822 GND.t356 70.8338
R1354 GND.t23 GND.n687 70.8338
R1355 GND.n88 GND.t234 69.8359
R1356 GND.n496 GND.t307 68.9194
R1357 GND.t247 GND.n614 68.7684
R1358 GND.t722 GND.t505 68.7684
R1359 GND.t441 GND.n8 57.3414
R1360 GND.n200 GND.t1452 57.3414
R1361 GND.t218 GND.n202 57.3414
R1362 GND.t1486 GND.n4 18.8619
R1363 GND.n12 GND.t346 67.2827
R1364 GND.t341 GND.n11 67.2827
R1365 GND.t1411 GND.t70 66.6672
R1366 GND.n150 GND.t20 4.76624
R1367 GND.t106 GND.t19 66.6672
R1368 GND.t446 GND.t1113 66.6672
R1369 GND.t83 GND.n142 43.2152
R1370 GND.t507 GND.t148 66.6672
R1371 GND.t825 GND.t417 66.6672
R1372 GND.t723 GND.t203 66.6672
R1373 GND.t2 GND.n745 66.6672
R1374 GND.t363 GND.t416 64.8654
R1375 GND.t1404 GND.t1448 64.8654
R1376 GND.t118 GND.t332 64.8654
R1377 GND.t542 GND.n830 64.4704
R1378 GND.n575 GND.t1378 64.2862
R1379 GND.t1383 GND.n564 64.2862
R1380 GND.t1358 GND.n558 64.2862
R1381 GND.n585 GND.t1369 64.2862
R1382 GND.t93 GND.n620 64.2862
R1383 GND.t48 GND.n640 64.2862
R1384 GND.n647 GND.t55 64.2862
R1385 GND.n653 GND.t1529 64.2862
R1386 GND.t1534 GND.n630 64.2862
R1387 GND.t447 GND.n490 64.2862
R1388 GND.t73 GND.t121 80.6121
R1389 GND.t512 GND.n694 64.2862
R1390 GND.n335 GND.t186 79.9891
R1391 GND.n714 GND.t1556 64.2862
R1392 GND.t264 GND.n716 64.2862
R1393 GND.t334 GND.n524 62.7311
R1394 GND.n774 GND.t269 60.0005
R1395 GND.t65 GND.t464 76.3513
R1396 GND.n803 GND.t277 60.0005
R1397 GND.t66 GND.n801 60.0005
R1398 GND.n178 GND.t155 75.2357
R1399 GND.n164 GND.t558 68.847
R1400 GND.t635 GND.t1075 60.0005
R1401 GND.t371 GND.n588 60.0005
R1402 GND.t149 GND.n598 60.0005
R1403 GND.n617 GND.t1564 60.0005
R1404 GND.t47 GND.n619 60.0005
R1405 GND.t429 GND.t944 60.0005
R1406 GND.n671 GND.t430 60.0005
R1407 GND.n487 GND.t377 60.0005
R1408 GND.n494 GND.t1514 60.0005
R1409 GND.n482 GND.t122 60.0005
R1410 GND.n476 GND.t1540 60.0005
R1411 GND.t347 GND.n708 60.0005
R1412 GND.t343 GND.n160 69.0108
R1413 GND.t784 GND.t434 60.0005
R1414 GND.n733 GND.t462 60.0005
R1415 GND.t344 GND.t640 60.0005
R1416 GND.n545 GND.t1421 60.0005
R1417 GND.n526 GND.t449 59.0411
R1418 GND.t1482 GND.n293 58.5605
R1419 GND.t481 GND.n271 58.5605
R1420 GND.n26 GND.t488 58.5605
R1421 GND.n778 GND.t352 55.7148
R1422 GND.t241 GND.n798 55.7148
R1423 GND.n384 GND.t190 71.4177
R1424 GND.n307 GND.t208 71.4177
R1425 GND.n610 GND.t625 55.7148
R1426 GND.t607 GND.n601 55.7148
R1427 GND.t402 GND.n179 62.7593
R1428 GND.t228 GND.n693 55.7148
R1429 GND.n264 GND.t1480 54.8988
R1430 GND.t115 GND.t76 54.8988
R1431 GND.n280 GND.t427 54.8979
R1432 GND.n22 GND.t1494 54.2748
R1433 GND.n814 GND.t337 54.1672
R1434 GND.t1453 GND.n821 54.1672
R1435 GND.t21 GND.t20 53.8089
R1436 GND.t115 GND.t423 53.8089
R1437 GND.t309 GND.t121 53.8079
R1438 GND.t13 GND.n823 53.1692
R1439 GND.t418 GND.t461 53.8089
R1440 GND.t116 GND.t1575 52.777
R1441 GND.t415 GND.t116 52.777
R1442 GND.t132 GND.t333 52.777
R1443 GND.t1449 GND.n132 52.1217
R1444 GND.n752 GND.t581 51.7246
R1445 GND.t324 GND.n505 51.7246
R1446 GND.t268 GND.n830 51.5764
R1447 GND.n216 GND.t439 43.6455
R1448 GND.n628 GND.t1563 51.5764
R1449 GND.n753 GND.t376 51.5764
R1450 GND.n759 GND.t412 51.5764
R1451 GND.n458 GND.t1542 67.2827
R1452 GND.t1579 GND.n549 51.5764
R1453 GND.t624 GND.n780 51.4291
R1454 GND.t452 GND.n818 51.4291
R1455 GND.t1089 GND.t1058 51.4291
R1456 GND.t1099 GND.t1065 51.4291
R1457 GND.t279 GND.n607 51.4291
R1458 GND.t482 GND.n600 51.4291
R1459 GND.n166 GND.t916 23.2336
R1460 GND.n162 GND.t898 22.2411
R1461 GND.t882 GND.n161 23.2336
R1462 GND.n155 GND.t884 23.2336
R1463 GND.t1549 GND.t848 51.4291
R1464 GND.t531 GND.n715 51.4291
R1465 GND.n737 GND.t1402 51.4291
R1466 GND.t275 GND.n838 50.1398
R1467 GND.t553 GND.t6 50.0005
R1468 GND.t234 GND.t1371 50.0005
R1469 GND.n293 GND.t1545 49.9891
R1470 GND.n271 GND.t1499 49.9891
R1471 GND.t1502 GND.n26 49.9891
R1472 GND.t68 GND.t614 47.2784
R1473 GND.t572 GND.t207 47.1434
R1474 GND.t170 GND.t125 47.1434
R1475 GND.t41 GND.n473 47.1434
R1476 GND.n743 GND.t455 47.1434
R1477 GND.t565 GND.n517 45.5125
R1478 GND.n513 GND.n89 44.8359
R1479 GND.t449 GND.t538 44.2809
R1480 GND.n615 GND.t378 42.9804
R1481 GND.t258 GND.n486 42.9804
R1482 GND.t498 GND.n805 42.8576
R1483 GND.t244 GND.n794 42.8576
R1484 GND.t1386 GND.t1046 42.8576
R1485 GND.n627 GND.t205 42.8576
R1486 GND.t214 GND.n667 42.8576
R1487 GND.n670 GND.t1408 42.8576
R1488 GND.n677 GND.t252 42.8576
R1489 GND.t1552 GND.n492 42.8576
R1490 GND.n702 GND.t1548 42.8576
R1491 GND.t195 GND.n534 42.8576
R1492 GND.n274 GND.t281 42.0417
R1493 GND.n273 GND.t560 41.4177
R1494 GND.t382 GND.t1221 38.5719
R1495 GND.n46 GND.t1377 54.2748
R1496 GND.t432 GND.t437 38.5719
R1497 GND.t1076 GND.t1461 38.5719
R1498 GND.t1379 GND.n565 38.5719
R1499 GND.n576 GND.t1382 38.5719
R1500 GND.n583 GND.t1365 38.5719
R1501 GND.t1368 GND.n556 38.5719
R1502 GND.t945 GND.t1469 38.5719
R1503 GND.n645 GND.t50 38.5719
R1504 GND.t54 GND.n638 38.5719
R1505 GND.t1530 GND.n631 38.5719
R1506 GND.n654 GND.t1533 38.5719
R1507 GND.t305 GND.n696 38.5719
R1508 GND.t785 GND.t1465 38.5719
R1509 GND.t1580 GND.n712 38.5719
R1510 GND.n717 GND.t97 38.5719
R1511 GND.t641 GND.t1460 38.5719
R1512 GND.n838 GND.t375 37.605
R1513 GND.n845 GND.t72 37.5005
R1514 GND.t320 GND.n809 37.5005
R1515 GND.t327 GND.n467 37.5005
R1516 GND.t1162 GND.t1485 37.5005
R1517 GND.t85 GND.n690 37.5005
R1518 GND.t871 GND.t345 37.5005
R1519 GND.n685 GND.t508 37.5005
R1520 GND.t6 GND.n512 37.5005
R1521 GND.n135 GND.t233 37.1319
R1522 GND.t1405 GND.n497 36.487
R1523 GND.n804 GND.t476 34.2862
R1524 GND.t11 GND.t1414 34.2862
R1525 GND.t46 GND.n618 34.2862
R1526 GND.t986 GND.t1526 34.2862
R1527 GND.t470 GND.n663 34.2862
R1528 GND.t1550 GND.n487 34.2862
R1529 GND.n513 GND.t1517 33.3338
R1530 GND.n522 GND.t450 33.2108
R1531 GND.n56 GND.t1464 32.8462
R1532 GND.t474 GND.n52 32.8462
R1533 GND.n262 GND.t1474 32.8462
R1534 GND.n124 GND.t1472 32.8462
R1535 GND.t403 GND.n119 32.8462
R1536 GND.t260 GND.n130 32.8462
R1537 GND.n78 GND.t1467 32.8462
R1538 GND.n83 GND.t620 32.8462
R1539 GND.t99 GND.n81 32.8462
R1540 GND.n36 GND.t1466 32.8462
R1541 GND.n10 GND.t1470 32.3359
R1542 GND.n508 GND.n506 31.2505
R1543 GND.t180 GND.t612 30.6368
R1544 GND.n798 GND.t633 30.0005
R1545 GND.t1356 GND.n783 30.0005
R1546 GND.n789 GND.t210 30.0005
R1547 GND.n591 GND.t629 30.0005
R1548 GND.t560 GND.t569 30.0005
R1549 GND.n603 GND.t572 30.0005
R1550 GND.t1354 GND.n469 30.0005
R1551 GND.t298 GND.t568 30.0005
R1552 GND.t65 GND.n178 1.11651
R1553 GND.t121 GND.t178 29.1846
R1554 GND.t461 GND.t349 29.1836
R1555 GND.n812 GND.t336 29.1672
R1556 GND.n259 GND.t1380 28.5605
R1557 GND.t1381 GND.n259 28.5605
R1558 GND.t1543 GND.n289 28.5605
R1559 GND.n289 GND.t1481 28.5605
R1560 GND.n126 GND.t1531 28.5605
R1561 GND.t1532 GND.n126 28.5605
R1562 GND.t397 GND.n705 28.5605
R1563 GND.n705 GND.t255 28.5605
R1564 GND.t732 GND.t251 26.7266
R1565 GND.t250 GND.t732 26.7266
R1566 GND.n193 GND.t88 34.7251
R1567 GND.n718 GND.t1375 25.7148
R1568 GND.n204 GND.t543 34.3974
R1569 GND.t611 GND.t323 24.3248
R1570 GND.n52 GND.t107 24.2748
R1571 GND.t110 GND.n147 22.9122
R1572 GND.n119 GND.t213 24.2748
R1573 GND.n130 GND.t170 24.2748
R1574 GND.t453 GND.n83 24.2748
R1575 GND.n81 GND.t1582 24.2748
R1576 GND.n149 GND.t527 22.0353
R1577 GND.t451 GND.t144 21.4291
R1578 GND.t233 GND.t1513 21.4291
R1579 GND.t197 GND.n742 21.4291
R1580 GND.t594 GND.t116 19.6558
R1581 GND.t461 GND.n203 11.7003
R1582 GND.t144 GND.t65 20.6121
R1583 GND.n11 GND.t518 20.0048
R1584 GND.n42 GND.t142 19.9891
R1585 GND.t172 GND.n96 19.9891
R1586 GND.t37 GND.n95 19.9891
R1587 GND.n131 GND.t39 19.9891
R1588 GND.t568 GND.n135 19.9891
R1589 GND.n745 GND.t31 18.2932
R1590 GND.n753 GND.t400 17.1925
R1591 GND.t176 GND.t244 17.1434
R1592 GND.n616 GND.t379 17.1434
R1593 GND.t381 GND.n626 17.1434
R1594 GND.t1522 GND.t985 17.1434
R1595 GND.n312 GND.t257 32.8462
R1596 GND.t1375 GND.t136 17.1434
R1597 GND.n392 GND.t65 0.649832
R1598 GND.t65 GND.n46 0.649832
R1599 GND.t461 GND.n67 0.649832
R1600 GND.t65 GND.n849 17.0005
R1601 GND.t65 GND.n768 17.0005
R1602 GND.t65 GND.n769 17.0005
R1603 GND.t65 GND.n354 0.649813
R1604 GND.n226 GND.t65 0.649813
R1605 GND.n771 GND.t65 17.0005
R1606 GND.t65 GND.n772 17.0005
R1607 GND.t65 GND.n841 17.0005
R1608 GND.t65 GND.n844 17.0005
R1609 GND.t65 GND.n845 17.0005
R1610 GND.t65 GND.n846 17.0005
R1611 GND.t65 GND.n847 17.0005
R1612 GND.t65 GND.n848 17.0005
R1613 GND.t65 GND.n773 17.0005
R1614 GND.t65 GND.n835 17.0005
R1615 GND.t65 GND.n838 17.0005
R1616 GND.t65 GND.n839 17.0005
R1617 GND.t65 GND.n829 17.0005
R1618 GND.t65 GND.n830 17.0005
R1619 GND.t65 GND.n831 17.0005
R1620 GND.n805 GND.t65 17.0005
R1621 GND.n804 GND.t65 17.0005
R1622 GND.n803 GND.t65 17.0005
R1623 GND.t65 GND.n779 17.0005
R1624 GND.t65 GND.n778 17.0005
R1625 GND.t65 GND.n777 17.0005
R1626 GND.t65 GND.n775 17.0005
R1627 GND.t65 GND.n774 17.0005
R1628 GND.n814 GND.t65 17.0005
R1629 GND.n813 GND.t65 17.0005
R1630 GND.n812 GND.t65 17.0005
R1631 GND.n811 GND.t65 17.0005
R1632 GND.n810 GND.t65 17.0005
R1633 GND.n809 GND.t65 17.0005
R1634 GND.n808 GND.t65 17.0005
R1635 GND.n807 GND.t65 17.0005
R1636 GND.n806 GND.t65 17.0005
R1637 GND.n815 GND.t65 17.0005
R1638 GND.n828 GND.t65 17.0005
R1639 GND.n827 GND.t65 17.0005
R1640 GND.n826 GND.t65 17.0005
R1641 GND.n825 GND.t65 17.0005
R1642 GND.n824 GND.t65 17.0005
R1643 GND.n822 GND.t65 17.0005
R1644 GND.n821 GND.t65 17.0005
R1645 GND.n820 GND.t65 17.0005
R1646 GND.n819 GND.t65 17.0005
R1647 GND.n818 GND.t65 17.0005
R1648 GND.n817 GND.t65 17.0005
R1649 GND.n816 GND.t65 17.0005
R1650 GND.t65 GND.n792 17.0005
R1651 GND.t65 GND.n355 0.649813
R1652 GND.t65 GND.n791 17.0005
R1653 GND.t65 GND.n241 0.649813
R1654 GND.t65 GND.n790 17.0005
R1655 GND.t65 GND.n356 0.649813
R1656 GND.t65 GND.n205 8.48814
R1657 GND.t65 GND.n787 17.0005
R1658 GND.t65 GND.n789 17.0005
R1659 GND.t65 GND.n788 17.0005
R1660 GND.t65 GND.n307 0.649813
R1661 GND.t65 GND.n793 17.0005
R1662 GND.n384 GND.t65 0.649813
R1663 GND.t65 GND.n782 17.0005
R1664 GND.t65 GND.n786 17.0005
R1665 GND.t65 GND.n783 17.0005
R1666 GND.t65 GND.n785 17.0005
R1667 GND.n192 GND.t65 7.66905
R1668 GND.t65 GND.n780 17.0005
R1669 GND.t65 GND.n781 17.0005
R1670 GND.t65 GND.n794 17.0005
R1671 GND.t65 GND.n795 17.0005
R1672 GND.t65 GND.n796 17.0005
R1673 GND.t65 GND.n797 17.0005
R1674 GND.t65 GND.n798 17.0005
R1675 GND.t65 GND.n799 17.0005
R1676 GND.t65 GND.n800 17.0005
R1677 GND.t65 GND.n801 17.0005
R1678 GND.t65 GND.n802 17.0005
R1679 GND.t20 GND.n214 3.4198
R1680 GND.t20 GND.n468 17.0005
R1681 GND.t20 GND.n140 11.1066
R1682 GND.n223 GND.t20 3.33087
R1683 GND.t20 GND.n394 5.64438
R1684 GND.n398 GND.t20 5.64879
R1685 GND.n395 GND.t1125 0.069885
R1686 GND.n397 GND.t20 5.6463
R1687 GND.t20 GND.t1121 17.0005
R1688 GND.t22 GND.n396 0.0657511
R1689 GND.t20 GND.n467 17.0005
R1690 GND.t20 GND.n242 3.33087
R1691 GND.t20 GND.n401 5.64438
R1692 GND.t92 GND.t1170 0.0657511
R1693 GND.t91 GND.t20 1.21385
R1694 GND.n3 GND.t20 5.85107
R1695 GND.t285 GND.n596 17.0005
R1696 GND.t285 GND.n606 17.0005
R1697 GND.t285 GND.n597 17.0005
R1698 GND.t285 GND.n605 17.0005
R1699 GND.t285 GND.n598 17.0005
R1700 GND.t285 GND.n604 17.0005
R1701 GND.t285 GND.n599 17.0005
R1702 GND.t285 GND.n603 17.0005
R1703 GND.t285 GND.n600 17.0005
R1704 GND.t285 GND.n601 17.0005
R1705 GND.t285 GND.n602 17.0005
R1706 GND.n607 GND.t285 17.0005
R1707 GND.t285 GND.n608 17.0005
R1708 GND.t285 GND.n595 17.0005
R1709 GND.t285 GND.n588 17.0005
R1710 GND.t285 GND.n594 17.0005
R1711 GND.t285 GND.n593 17.0005
R1712 GND.t285 GND.n589 17.0005
R1713 GND.t285 GND.n592 17.0005
R1714 GND.t285 GND.n590 17.0005
R1715 GND.t285 GND.n591 17.0005
R1716 GND.n609 GND.t285 17.0005
R1717 GND.t285 GND.n610 17.0005
R1718 GND.t285 GND.n553 17.0005
R1719 GND.t285 GND.n587 17.0005
R1720 GND.t285 GND.n554 17.0005
R1721 GND.t285 GND.n555 17.0005
R1722 GND.t285 GND.n586 17.0005
R1723 GND.t285 GND.n585 17.0005
R1724 GND.t285 GND.n556 17.0005
R1725 GND.t285 GND.n584 17.0005
R1726 GND.t285 GND.n557 17.0005
R1727 GND.t285 GND.n583 17.0005
R1728 GND.t285 GND.n558 17.0005
R1729 GND.t285 GND.n582 17.0005
R1730 GND.t285 GND.n559 17.0005
R1731 GND.t285 GND.n581 17.0005
R1732 GND.t285 GND.n560 17.0005
R1733 GND.t285 GND.n580 17.0005
R1734 GND.t285 GND.n561 17.0005
R1735 GND.t285 GND.n579 17.0005
R1736 GND.t285 GND.n562 17.0005
R1737 GND.t285 GND.n578 17.0005
R1738 GND.t285 GND.n563 17.0005
R1739 GND.t285 GND.n577 17.0005
R1740 GND.t285 GND.n564 17.0005
R1741 GND.t285 GND.n576 17.0005
R1742 GND.t285 GND.n565 17.0005
R1743 GND.t285 GND.n575 17.0005
R1744 GND.t285 GND.n566 17.0005
R1745 GND.t285 GND.n574 17.0005
R1746 GND.t285 GND.n350 0.649813
R1747 GND.t285 GND.n568 17.0005
R1748 GND.t285 GND.n573 17.0005
R1749 GND.t285 GND.n569 17.0005
R1750 GND.t285 GND.n572 17.0005
R1751 GND.t285 GND.n570 17.0005
R1752 GND.t285 GND.n571 17.0005
R1753 GND.t285 GND.n349 17.0005
R1754 GND.n210 GND.t116 9.79175
R1755 GND.n409 GND.t116 5.6463
R1756 GND.t116 GND.n628 17.0005
R1757 GND.t116 GND.n614 17.0005
R1758 GND.t116 GND.n187 11.4368
R1759 GND.t116 GND.n623 17.0005
R1760 GND.t116 GND.n622 17.0005
R1761 GND.t116 GND.n621 17.0005
R1762 GND.t116 GND.n620 17.0005
R1763 GND.t116 GND.n619 17.0005
R1764 GND.t116 GND.n618 17.0005
R1765 GND.t116 GND.n617 17.0005
R1766 GND.t116 GND.n616 17.0005
R1767 GND.t116 GND.n615 17.0005
R1768 GND.n624 GND.t116 17.0005
R1769 GND.n9 GND.t116 0.975673
R1770 GND.t116 GND.n627 17.0005
R1771 GND.n626 GND.t116 17.0005
R1772 GND.n625 GND.t116 17.0005
R1773 GND.t116 GND.n201 12.2559
R1774 GND.n128 GND.n172 9.30721
R1775 GND.n128 GND.n678 17.0005
R1776 GND.n128 GND.n657 17.0005
R1777 GND.n128 GND.n677 17.0005
R1778 GND.n128 GND.n676 17.0005
R1779 GND.n128 GND.n658 17.0005
R1780 GND.n128 GND.n675 17.0005
R1781 GND.n128 GND.n659 17.0005
R1782 GND.n128 GND.n674 17.0005
R1783 GND.n128 GND.n660 17.0005
R1784 GND.n128 GND.n673 17.0005
R1785 GND.n128 GND.n661 17.0005
R1786 GND.n128 GND.n672 17.0005
R1787 GND.n128 GND.n662 17.0005
R1788 GND.n128 GND.n671 17.0005
R1789 GND.n128 GND.n663 17.0005
R1790 GND.n128 GND.n670 17.0005
R1791 GND.n128 GND.n664 17.0005
R1792 GND.n128 GND.n669 17.0005
R1793 GND.n128 GND.n665 17.0005
R1794 GND.n128 GND.n668 17.0005
R1795 GND.n128 GND.n666 17.0005
R1796 GND.n128 GND.n667 17.0005
R1797 GND.n128 GND.n195 2.75465
R1798 GND.n128 GND.n656 17.0005
R1799 GND.n128 GND.n629 17.0005
R1800 GND.n128 GND.n655 17.0005
R1801 GND.n128 GND.n630 17.0005
R1802 GND.n128 GND.n654 17.0005
R1803 GND.n128 GND.n631 17.0005
R1804 GND.n128 GND.n653 17.0005
R1805 GND.n128 GND.n632 17.0005
R1806 GND.n128 GND.n652 17.0005
R1807 GND.n128 GND.n633 17.0005
R1808 GND.n128 GND.n651 17.0005
R1809 GND.n128 GND.n634 17.0005
R1810 GND.n128 GND.n650 17.0005
R1811 GND.n128 GND.n635 17.0005
R1812 GND.n128 GND.n649 17.0005
R1813 GND.n128 GND.n636 17.0005
R1814 GND.n128 GND.n648 17.0005
R1815 GND.n128 GND.n637 17.0005
R1816 GND.n128 GND.n647 17.0005
R1817 GND.n128 GND.n638 17.0005
R1818 GND.n128 GND.n646 17.0005
R1819 GND.n128 GND.n639 17.0005
R1820 GND.n128 GND.n645 17.0005
R1821 GND.n128 GND.n640 17.0005
R1822 GND.n128 GND.n232 9.30762
R1823 GND.n128 GND.n348 0.649813
R1824 GND.n128 GND.n641 17.0005
R1825 GND.n128 GND.n644 17.0005
R1826 GND.n128 GND.n642 17.0005
R1827 GND.n128 GND.n643 17.0005
R1828 GND.n759 GND.t121 17.0005
R1829 GND.n758 GND.t121 17.0005
R1830 GND.n760 GND.t121 17.0005
R1831 GND.n139 GND.t121 2.91035
R1832 GND.n765 GND.t121 17.0005
R1833 GND.n763 GND.t121 17.0005
R1834 GND.n156 GND.t121 1.11651
R1835 GND.n762 GND.t121 17.0005
R1836 GND.n761 GND.t121 17.0005
R1837 GND.t121 GND.n480 17.0005
R1838 GND.n754 GND.t121 17.0005
R1839 GND.t121 GND.n755 17.0005
R1840 GND.n344 GND.t121 0.666899
R1841 GND.t121 GND.n479 17.0005
R1842 GND.t121 GND.n478 17.0005
R1843 GND.n309 GND.t121 0.649813
R1844 GND.t121 GND.n477 17.0005
R1845 GND.t121 GND.n163 3.31704
R1846 GND.t121 GND.n345 0.649813
R1847 GND.t121 GND.n472 17.0005
R1848 GND.t121 GND.n476 17.0005
R1849 GND.t121 GND.n473 17.0005
R1850 GND.t121 GND.n475 17.0005
R1851 GND.t121 GND.n474 17.0005
R1852 GND.n234 GND.t121 0.649813
R1853 GND.n756 GND.t121 17.0005
R1854 GND.t121 GND.n757 17.0005
R1855 GND.t121 GND.n469 17.0005
R1856 GND.t121 GND.n471 17.0005
R1857 GND.t121 GND.n470 17.0005
R1858 GND.t121 GND.n308 0.649813
R1859 GND.t121 GND.n753 17.0005
R1860 GND.t121 GND.n485 17.0005
R1861 GND.n148 GND.t121 4.69539
R1862 GND.n240 GND.t121 0.649813
R1863 GND.t121 GND.n342 0.649813
R1864 GND.t121 GND.n484 17.0005
R1865 GND.n483 GND.t121 17.0005
R1866 GND.n482 GND.t121 17.0005
R1867 GND.n481 GND.t121 17.0005
R1868 GND.t121 GND.t120 4.25103
R1869 GND.t121 GND.n486 17.0005
R1870 GND.t121 GND.n752 17.0005
R1871 GND.t121 GND.n504 17.0005
R1872 GND.t121 GND.n501 17.0005
R1873 GND.t121 GND.n500 17.0005
R1874 GND.t121 GND.n499 17.0005
R1875 GND.t121 GND.n498 17.0005
R1876 GND.t121 GND.n497 17.0005
R1877 GND.t121 GND.n496 17.0005
R1878 GND.t121 GND.n494 17.0005
R1879 GND.t121 GND.n493 17.0005
R1880 GND.t121 GND.n492 17.0005
R1881 GND.t121 GND.n491 17.0005
R1882 GND.t121 GND.n490 17.0005
R1883 GND.t121 GND.n489 17.0005
R1884 GND.t121 GND.n488 17.0005
R1885 GND.t121 GND.n487 17.0005
R1886 GND.t121 GND.n505 17.0005
R1887 GND.t121 GND.n507 17.0005
R1888 GND.t121 GND.n506 17.0005
R1889 GND.t1 GND.n681 17.0005
R1890 GND.t1 GND.n682 17.0005
R1891 GND.t1 GND.n683 17.0005
R1892 GND.t1 GND.n684 17.0005
R1893 GND.t1 GND.n685 17.0005
R1894 GND.t1 GND.n686 17.0005
R1895 GND.t1 GND.n687 17.0005
R1896 GND.t1 GND.n688 17.0005
R1897 GND.t1 GND.t1360 17.0005
R1898 GND.n690 GND.t1 17.0005
R1899 GND.n142 GND.t1 4.76624
R1900 GND.t101 GND.t329 0.071538
R1901 GND.t1 GND.n153 3.83506
R1902 GND.t1 GND.n707 17.0005
R1903 GND.t1 GND.n311 0.649813
R1904 GND.t1 GND.n693 17.0005
R1905 GND.t1 GND.n695 17.0005
R1906 GND.t1 GND.n694 17.0005
R1907 GND.t1 GND.n337 0.649813
R1908 GND.n708 GND.t1 17.0005
R1909 GND.t1 GND.n709 17.0005
R1910 GND.t1 GND.n692 17.0005
R1911 GND.t1 GND.n182 9.30721
R1912 GND.t1 GND.n196 9.30721
R1913 GND.t1 GND.n703 17.0005
R1914 GND.t1 GND.n312 0.649813
R1915 GND.n702 GND.t1 17.0005
R1916 GND.n700 GND.t1 17.0005
R1917 GND.t1 GND.n706 17.0005
R1918 GND.t1 GND.n699 17.0005
R1919 GND.t1 GND.n698 17.0005
R1920 GND.t1 GND.n697 17.0005
R1921 GND.t1 GND.n696 17.0005
R1922 GND.t1 GND.n152 9.96245
R1923 GND.t461 GND.n734 17.0005
R1924 GND.t461 GND.n726 17.0005
R1925 GND.t461 GND.n230 0.649813
R1926 GND.t461 GND.n725 17.0005
R1927 GND.n735 GND.t461 17.0005
R1928 GND.t461 GND.n736 17.0005
R1929 GND.n737 GND.t461 17.0005
R1930 GND.t461 GND.n204 7.66905
R1931 GND.n314 GND.t461 0.649813
R1932 GND.t461 GND.n724 17.0005
R1933 GND.n331 GND.t461 0.649813
R1934 GND.t461 GND.n723 17.0005
R1935 GND.n221 GND.t461 0.649813
R1936 GND.t461 GND.n722 17.0005
R1937 GND.n332 GND.t461 0.649813
R1938 GND.t461 GND.n721 17.0005
R1939 GND.t461 GND.n313 0.649813
R1940 GND.t461 GND.n720 17.0005
R1941 GND.t461 GND.n333 0.649813
R1942 GND.t461 GND.n719 17.0005
R1943 GND.n738 GND.t461 17.0005
R1944 GND.t461 GND.n739 17.0005
R1945 GND.t461 GND.n715 17.0005
R1946 GND.t461 GND.n718 17.0005
R1947 GND.t461 GND.n716 17.0005
R1948 GND.t461 GND.n717 17.0005
R1949 GND.t461 GND.n334 0.649813
R1950 GND.t461 GND.n712 17.0005
R1951 GND.t461 GND.n714 17.0005
R1952 GND.t461 GND.n713 17.0005
R1953 GND.n740 GND.t461 17.0005
R1954 GND.t461 GND.n741 17.0005
R1955 GND.n335 GND.t461 0.649813
R1956 GND.t461 GND.n711 17.0005
R1957 GND.n742 GND.t461 17.0005
R1958 GND.t461 GND.n743 17.0005
R1959 GND.t461 GND.n534 17.0005
R1960 GND.t461 GND.n239 0.649813
R1961 GND.t461 GND.n533 17.0005
R1962 GND.n302 GND.t461 0.649813
R1963 GND.t461 GND.n532 17.0005
R1964 GND.n330 GND.t461 0.649813
R1965 GND.t461 GND.n528 17.0005
R1966 GND.t461 GND.n531 17.0005
R1967 GND.n530 GND.t461 17.0005
R1968 GND.n229 GND.t461 0.649813
R1969 GND.n529 GND.t461 17.0005
R1970 GND.n731 GND.t461 17.0005
R1971 GND.n730 GND.t461 17.0005
R1972 GND.n729 GND.t461 17.0005
R1973 GND.n728 GND.t461 17.0005
R1974 GND.n727 GND.t461 17.0005
R1975 GND.t461 GND.n158 3.4198
R1976 GND.n733 GND.t461 17.0005
R1977 GND.n732 GND.t461 17.0005
R1978 GND.n191 GND.t461 2.91846
R1979 GND.t720 GND.t721 0.0583051
R1980 GND.n455 GND.t1587 0.069885
R1981 GND.n321 GND.t132 5.61485
R1982 GND.n517 GND.t132 17.0005
R1983 GND.n518 GND.t132 17.0005
R1984 GND.n520 GND.t132 17.0005
R1985 GND.n522 GND.t132 17.0005
R1986 GND.n523 GND.t132 17.0005
R1987 GND.n524 GND.t132 17.0005
R1988 GND.n525 GND.t132 17.0005
R1989 GND.n146 GND.t132 11.0749
R1990 GND.t132 GND.n511 17.0005
R1991 GND.t132 GND.n747 17.0005
R1992 GND.t132 GND.n512 17.0005
R1993 GND.t132 GND.n746 17.0005
R1994 GND.n458 GND.t132 0.648101
R1995 GND.n748 GND.t132 17.0005
R1996 GND.n462 GND.t742 0.0755603
R1997 GND.n461 GND.t132 5.6463
R1998 GND.t132 GND.n213 3.41984
R1999 GND.n510 GND.t132 17.0005
R2000 GND.n319 GND.t132 0.666899
R2001 GND.n551 GND.t115 17.0005
R2002 GND.t115 GND.n552 17.0005
R2003 GND.t115 GND.n535 17.0005
R2004 GND.t115 GND.n220 9.30721
R2005 GND.t115 GND.n168 9.30721
R2006 GND.t115 GND.n211 9.30721
R2007 GND.t115 GND.n173 9.63482
R2008 GND.t115 GND.n174 9.30721
R2009 GND.t115 GND.n198 9.63482
R2010 GND.t115 GND.n199 9.30721
R2011 GND.t115 GND.n185 9.63482
R2012 GND.t115 GND.n545 17.0005
R2013 GND.t115 GND.n536 17.0005
R2014 GND.t115 GND.n544 17.0005
R2015 GND.t115 GND.n537 17.0005
R2016 GND.t115 GND.n543 17.0005
R2017 GND.t115 GND.n463 0.649813
R2018 GND.t115 GND.n538 17.0005
R2019 GND.t115 GND.n542 17.0005
R2020 GND.t115 GND.n539 17.0005
R2021 GND.t115 GND.n541 17.0005
R2022 GND.t115 GND.n540 17.0005
R2023 GND.t115 GND.n548 17.0005
R2024 GND.t115 GND.n546 17.0005
R2025 GND.t115 GND.n547 17.0005
R2026 GND.t115 GND.n550 17.0005
R2027 GND.t115 GND.n40 11.1065
R2028 GND.t115 GND.n549 17.0005
R2029 GND.t75 GND.n495 14.3531
R2030 GND.n775 GND.t1558 12.8576
R2031 GND.t555 GND.n800 12.8576
R2032 GND.t1366 GND.n557 12.8576
R2033 GND.n584 GND.t1367 12.8576
R2034 GND.n618 GND.t211 12.8576
R2035 GND.n624 GND.t570 12.8576
R2036 GND.t604 GND.n189 11.995
R2037 GND.t51 GND.n639 12.8576
R2038 GND.n646 GND.t52 12.8576
R2039 GND.t576 GND.n664 12.8576
R2040 GND.n670 GND.t1407 12.8576
R2041 GND.n488 GND.t468 12.8576
R2042 GND.n308 GND.t1349 28.5605
R2043 GND.n345 GND.t1511 28.5605
R2044 GND.n239 GND.t1348 28.5605
R2045 GND.n334 GND.t105 28.5605
R2046 GND.n842 GND.t395 12.5005
R2047 GND.t270 GND.t1115 12.5005
R2048 GND.n746 GND.t1576 12.5005
R2049 GND.n834 GND.n833 11.8582
R2050 GND.t1551 GND.n485 8.59649
R2051 GND.t631 GND.t102 8.57193
R2052 GND.t574 GND.t632 8.57193
R2053 GND.t321 GND.t338 8.57193
R2054 GND.t1047 GND.t1390 8.57193
R2055 GND.n594 GND.t1483 8.57193
R2056 GND.n604 GND.t480 8.57193
R2057 GND.t248 GND.n617 8.57193
R2058 GND.n625 GND.t588 8.57193
R2059 GND.t1409 GND.n665 8.57193
R2060 GND.n474 GND.t1512 8.57193
R2061 GND.t398 GND.n312 24.2748
R2062 GND.t490 GND.n536 8.57193
R2063 GND.n249 GND.t20 3.36052
R2064 GND.n462 GND.t132 5.66081
R2065 GND.n381 GND.t1345 0.096752
R2066 GND.t1343 GND.n149 8.501
R2067 GND.n380 GND.t1340 0.130189
R2068 GND.t1338 GND.n149 8.501
R2069 GND.n379 GND.t1335 0.130189
R2070 GND.t1333 GND.n149 8.501
R2071 GND.n378 GND.t1330 0.130189
R2072 GND.t1328 GND.n149 8.501
R2073 GND.n377 GND.t1325 0.130189
R2074 GND.t1323 GND.n149 8.501
R2075 GND.n376 GND.t1320 0.130189
R2076 GND.t1318 GND.n149 8.501
R2077 GND.n375 GND.t1315 0.130189
R2078 GND.t1313 GND.n149 8.501
R2079 GND.n374 GND.t1310 0.130189
R2080 GND.t1308 GND.n149 8.501
R2081 GND.n373 GND.t1305 0.130189
R2082 GND.t1303 GND.n149 8.501
R2083 GND.n372 GND.t1300 0.130189
R2084 GND.t1298 GND.n149 8.501
R2085 GND.n371 GND.t1295 0.130189
R2086 GND.t1293 GND.n149 8.501
R2087 GND.n370 GND.t1290 0.130189
R2088 GND.t1288 GND.n149 8.501
R2089 GND.n369 GND.t528 0.130189
R2090 GND.n368 GND.t1284 0.280539
R2091 GND.t1282 GND.n149 8.501
R2092 GND.n367 GND.t1279 0.130189
R2093 GND.t1277 GND.n149 8.501
R2094 GND.n366 GND.t1274 0.130189
R2095 GND.t1272 GND.n149 8.501
R2096 GND.n365 GND.t1269 0.130189
R2097 GND.t1267 GND.n149 8.501
R2098 GND.n364 GND.t1264 0.130189
R2099 GND.t1259 GND.n363 0.215686
R2100 GND.t1257 GND.n149 8.501
R2101 GND.n362 GND.t1254 0.130189
R2102 GND.t1252 GND.n149 8.501
R2103 GND.n361 GND.t1249 0.130189
R2104 GND.t1247 GND.n149 8.501
R2105 GND.n360 GND.t1244 0.130189
R2106 GND.t1242 GND.n149 8.501
R2107 GND.n359 GND.t1239 0.130189
R2108 GND.t1237 GND.n149 8.501
R2109 GND.n149 GND.n358 3.33079
R2110 GND.n353 GND.t65 4.23289
R2111 GND.t367 GND.n353 0.0377157
R2112 GND.t65 GND.n393 3.33079
R2113 GND.t65 GND.t369 0.952411
R2114 GND.t354 GND.n352 0.135296
R2115 GND.t1210 GND.n383 0.624318
R2116 GND.t64 GND.t65 4.25087
R2117 GND.t1208 GND.t65 8.501
R2118 GND.n382 GND.t65 3.33079
R2119 GND.t65 GND.t599 8.501
R2120 GND.n391 GND.t65 2.318
R2121 GND.n390 GND.t65 2.31585
R2122 GND.n389 GND.t65 2.31585
R2123 GND.t209 GND.n388 0.581396
R2124 GND.n387 GND.t65 3.33079
R2125 GND.t82 GND.t65 8.501
R2126 GND.t1214 GND.n386 0.130189
R2127 GND.t12 GND.n385 0.236161
R2128 GND.t1114 GND.n141 0.00994909
R2129 GND.t1154 GND.n399 0.0811489
R2130 GND.n248 GND.t20 3.32884
R2131 GND.t1149 GND.t20 8.501
R2132 GND.t473 GND.n394 0.0362711
R2133 GND.t245 GND.n327 0.0793054
R2134 GND.n301 GND.t20 4.20253
R2135 GND.t1142 GND.n247 0.13364
R2136 GND.n326 GND.t20 4.20315
R2137 GND.t20 GND.t410 5.6463
R2138 GND.t1136 GND.n325 0.0836055
R2139 GND.t20 GND.t436 5.6463
R2140 GND.n398 GND.t1131 0.0296542
R2141 GND.n395 GND.t20 5.64493
R2142 GND.n397 GND.t1123 0.0333775
R2143 GND.t20 GND.n396 5.6463
R2144 GND.t1119 GND.n295 0.135098
R2145 GND.t1165 GND.t20 8.501
R2146 GND.n400 GND.t1163 0.34705
R2147 GND.t198 GND.n401 0.0362711
R2148 GND.t466 GND.n324 0.0793054
R2149 GND.t141 GND.n249 0.0967413
R2150 GND.t1171 GND.n323 0.0836055
R2151 GND.t20 GND.t1170 5.6463
R2152 GND.n402 GND.t20 3.32876
R2153 GND.n405 GND.t285 0.206825
R2154 GND.n404 GND.t285 0.416151
R2155 GND.n403 GND.t285 0.523746
R2156 GND.n409 GND.t1029 0.0333775
R2157 GND.t123 GND.n322 0.0836055
R2158 GND.t1036 GND.n251 0.123414
R2159 GND.t578 GND.n300 0.0836055
R2160 GND.t117 GND.n304 0.0737702
R2161 GND.t165 GND.n411 0.17924
R2162 GND.t1018 GND.n412 0.809808
R2163 GND.n413 GND.t116 3.32884
R2164 GND.n407 GND.t116 2.33234
R2165 GND.t7 GND.t116 1.2349
R2166 GND.n415 GND.n128 0.41286
R2167 GND.n414 GND.n128 0.503501
R2168 GND.t184 GND.t121 0.895372
R2169 GND.t121 GND.n339 3.31931
R2170 GND.t291 GND.n417 0.129991
R2171 GND.t74 GND.n416 0.23595
R2172 GND.t902 GND.n347 0.633036
R2173 GND.t924 GND.n421 0.130189
R2174 GND.t310 GND.n343 0.331253
R2175 GND.t296 GND.n420 0.772267
R2176 GND.t42 GND.n419 0.431232
R2177 GND.n346 GND.t121 1.99317
R2178 GND.n418 GND.t121 5.64548
R2179 GND.t927 GND.t121 8.501
R2180 GND.n310 GND.t121 4.23289
R2181 GND.t109 GND.n310 0.0377157
R2182 GND.n424 GND.t121 3.33079
R2183 GND.t36 GND.t121 8.501
R2184 GND.n423 GND.t121 3.33087
R2185 GND.n422 GND.t121 2.31579
R2186 GND.t128 GND.t121 1.30798
R2187 GND.n425 GND.t1 5.64879
R2188 GND.t873 GND.n427 0.129991
R2189 GND.n320 GND.t1 1.52976
R2190 GND.t1 GND.t329 5.64438
R2191 GND.n21 GND.t1 0.892272
R2192 GND.t878 GND.n428 0.129991
R2193 GND.t876 GND.t1 8.501
R2194 GND.n430 GND.t1 0.557273
R2195 GND.n429 GND.t256 0.130189
R2196 GND.n435 GND.t461 3.33087
R2197 GND.n434 GND.t461 2.31581
R2198 GND.t544 GND.t461 8.501
R2199 GND.n433 GND.t461 3.33079
R2200 GND.n447 GND.t461 2.31581
R2201 GND.n446 GND.t461 2.31585
R2202 GND.n445 GND.t461 2.31585
R2203 GND.n444 GND.t461 2.31585
R2204 GND.n443 GND.t461 2.31585
R2205 GND.n442 GND.t461 2.31585
R2206 GND.n441 GND.t461 2.31585
R2207 GND.t98 GND.n440 0.290827
R2208 GND.n439 GND.t461 3.33087
R2209 GND.t187 GND.t461 8.501
R2210 GND.n438 GND.t461 3.33079
R2211 GND.t196 GND.n437 0.342687
R2212 GND.n451 GND.t461 2.318
R2213 GND.n450 GND.t461 2.31585
R2214 GND.n449 GND.t461 2.31585
R2215 GND.n448 GND.t461 3.33087
R2216 GND.t435 GND.t461 8.501
R2217 GND.n452 GND.t461 3.33079
R2218 GND.t747 GND.t461 8.501
R2219 GND.t461 GND.n453 3.33079
R2220 GND.t827 GND.n436 0.450039
R2221 GND.t161 GND.t461 8.501
R2222 GND.t147 GND.t461 8.501
R2223 GND.n431 GND.t461 3.33079
R2224 GND.n432 GND.t461 2.31412
R2225 GND.n218 GND.t721 0.119639
R2226 GND.n455 GND.t132 5.64493
R2227 GND.n245 GND.t132 2.73982
R2228 GND.t30 GND.n296 0.185461
R2229 GND.t552 GND.n328 0.127268
R2230 GND.t132 GND.n459 1.09158
R2231 GND.n745 GND.t132 8.501
R2232 GND.n461 GND.t204 0.0333775
R2233 GND.t132 GND.t202 8.501
R2234 GND.t737 GND.n460 0.130189
R2235 GND.t422 GND.n465 0.291279
R2236 GND.n466 GND.t115 0.518239
R2237 GND.n464 GND.t115 0.671672
R2238 GND.t115 GND.t674 0.918791
R2239 GND.t65 GND.n840 8.5005
R2240 GND.t189 GND.n305 0.113604
R2241 GND.t1153 GND.n223 0.145818
R2242 GND.n327 GND.t20 4.20468
R2243 GND.t1144 GND.n301 0.083315
R2244 GND.t1140 GND.t20 8.47111
R2245 GND.t1138 GND.n326 0.0820912
R2246 GND.n325 GND.t20 4.20253
R2247 GND.n351 GND.t20 4.177
R2248 GND.t1128 GND.n351 0.119605
R2249 GND.n306 GND.t20 5.61485
R2250 GND.n399 GND.t20 4.20376
R2251 GND.t288 GND.n242 0.145818
R2252 GND.n324 GND.t20 4.20468
R2253 GND.n305 GND.t20 4.18157
R2254 GND.n323 GND.t20 4.20253
R2255 GND.t285 GND.t1086 8.47111
R2256 GND.n299 GND.t116 2.29759
R2257 GND.t169 GND.n299 0.2914
R2258 GND.t246 GND.n406 1.29991
R2259 GND.n408 GND.t116 4.177
R2260 GND.n224 GND.t116 3.34697
R2261 GND.n322 GND.t116 4.20253
R2262 GND.n613 GND.t116 8.47111
R2263 GND.t628 GND.n410 0.119605
R2264 GND.n410 GND.t116 4.177
R2265 GND.n317 GND.t116 2.72093
R2266 GND.t496 GND.n317 0.235242
R2267 GND.n300 GND.t116 4.20253
R2268 GND.n236 GND.t116 2.29748
R2269 GND.n304 GND.t116 4.20744
R2270 GND.n244 GND.t116 3.30688
R2271 GND.n41 GND.t116 0.602699
R2272 GND.n225 GND.t900 0.119605
R2273 GND.n225 GND.t121 4.177
R2274 GND.n316 GND.t181 0.177814
R2275 GND.n318 GND.t359 1.0498
R2276 GND.n341 GND.t1419 0.119605
R2277 GND.n341 GND.t1 4.177
R2278 GND.n336 GND.t1 4.177
R2279 GND.t185 GND.n336 0.119605
R2280 GND.n250 GND.t1 4.177
R2281 GND.t292 GND.n250 0.119605
R2282 GND.n679 GND.t1 8.47111
R2283 GND.t1432 GND.n235 0.119605
R2284 GND.n235 GND.t1 4.177
R2285 GND.t1359 GND.t1 8.47111
R2286 GND.t9 GND.t1 8.47111
R2287 GND.t1 GND.n298 4.177
R2288 GND.n303 GND.t43 0.235242
R2289 GND.n426 GND.t1 4.177
R2290 GND.n426 GND.t28 0.119605
R2291 GND.t100 GND.n338 0.119605
R2292 GND.n338 GND.t1 4.177
R2293 GND.t1 GND.n303 2.72093
R2294 GND.n454 GND.t132 4.177
R2295 GND.t237 GND.n454 0.119605
R2296 GND.t301 GND.n90 0.0284607
R2297 GND.t314 GND.n321 0.0605362
R2298 GND.n456 GND.t132 5.61485
R2299 GND.n515 GND.t132 8.47111
R2300 GND.t132 GND.n457 4.177
R2301 GND.n457 GND.t404 0.119605
R2302 GND.t404 GND.n243 0.360183
R2303 GND.t132 GND.n243 4.177
R2304 GND.n315 GND.t132 3.30688
R2305 GND.n514 GND.t132 8.47111
R2306 GND.n238 GND.t426 0.867338
R2307 GND.n296 GND.t132 2.74088
R2308 GND.t5 GND.n329 0.723143
R2309 GND GND.t489 8.36235
R2310 GND.n837 GND.n835 8.35705
R2311 GND.t501 GND.n808 8.33383
R2312 GND GND.t227 8.3005
R2313 GND.t196 GND 8.3005
R2314 GND GND.t1352 8.3005
R2315 GND GND.t389 8.3005
R2316 GND GND.t984 8.3005
R2317 GND GND.t602 8.3005
R2318 GND GND.t1042 8.3005
R2319 GND GND.n176 8.3005
R2320 GND.t60 GND 8.3005
R2321 GND GND.t1262 8.3005
R2322 GND.t283 GND.n516 7.813
R2323 GND.t630 GND.t154 7.1604
R2324 GND.t64 GND.t1209 7.1604
R2325 GND.t120 GND.t926 7.1604
R2326 GND.t830 GND.t460 7.1604
R2327 GND.t4 GND.t504 7.1604
R2328 GND.t31 GND.t131 7.1604
R2329 GND.t251 GND.t1560 6.68201
R2330 GND.t8 GND.n41 0.463514
R2331 GND.t129 GND.t121 5.81596
R2332 GND.t723 GND.t132 2.42938
R2333 GND.t65 GND.n834 5.66717
R2334 GND.n381 GND.n149 3.35999
R2335 GND.n340 GND.t862 0.119636
R2336 GND.n224 GND.t1028 0.0712173
R2337 GND.n527 GND.t132 5.62033
R2338 GND.n149 GND.n380 3.33079
R2339 GND.n379 GND.n149 3.33079
R2340 GND.n149 GND.n378 3.33079
R2341 GND.n377 GND.n149 3.33079
R2342 GND.n149 GND.n376 3.33079
R2343 GND.n375 GND.n149 3.33079
R2344 GND.n149 GND.n374 3.33079
R2345 GND.n373 GND.n149 3.33079
R2346 GND.n149 GND.n372 3.33079
R2347 GND.n371 GND.n149 3.33079
R2348 GND.n149 GND.n370 3.33079
R2349 GND.n369 GND.n149 3.33079
R2350 GND.n367 GND.n149 3.33079
R2351 GND.n149 GND.n366 3.33079
R2352 GND.n365 GND.n149 3.33079
R2353 GND.n149 GND.n364 3.33079
R2354 GND.n362 GND.n149 3.33079
R2355 GND.n149 GND.n361 3.33079
R2356 GND.n360 GND.n149 3.33079
R2357 GND.n149 GND.n359 3.33079
R2358 GND.t1235 GND.n358 0.0863258
R2359 GND.t65 GND.n352 3.32876
R2360 GND.t1206 GND.n382 0.0863258
R2361 GND.n387 GND.t1220 0.0863258
R2362 GND.t65 GND.n386 3.33079
R2363 GND.t1150 GND.n248 0.0895683
R2364 GND.t20 GND.t1143 5.61485
R2365 GND.n247 GND.t20 3.32942
R2366 GND.n246 GND.t20 2.73987
R2367 GND.t1130 GND.t20 5.61485
R2368 GND.t20 GND.t1127 5.61485
R2369 GND.t1176 GND.t20 5.61485
R2370 GND.n295 GND.t20 3.32884
R2371 GND.t1166 GND.n402 0.0896992
R2372 GND.n612 GND.t116 5.61485
R2373 GND.n251 GND.t116 3.33348
R2374 GND.t577 GND.n236 0.231785
R2375 GND.n417 GND.t121 3.33087
R2376 GND.t121 GND.n421 3.33079
R2377 GND.t937 GND.n424 0.0863258
R2378 GND.n423 GND.t933 0.0861948
R2379 GND.n316 GND.t121 3.30696
R2380 GND.t1 GND.n340 2.75744
R2381 GND.n427 GND.t1 3.33087
R2382 GND.n710 GND.t1 5.61485
R2383 GND.t1 GND.t863 5.61485
R2384 GND.t1 GND.n428 3.33087
R2385 GND.n429 GND.t1 3.33079
R2386 GND.n435 GND.t824 0.0861948
R2387 GND.n433 GND.t819 0.0863258
R2388 GND.n439 GND.t802 0.0861948
R2389 GND.n438 GND.t799 0.0863258
R2390 GND.n448 GND.t787 0.0861948
R2391 GND.t783 GND.n452 0.0863258
R2392 GND.t745 GND.n453 0.0863258
R2393 GND.t833 GND.n431 0.0863258
R2394 GND.n218 GND.t132 2.75749
R2395 GND.t132 GND.t733 5.61485
R2396 GND.t162 GND.n315 0.118323
R2397 GND.t132 GND.n328 3.33195
R2398 GND.n233 GND.t132 1.72293
R2399 GND.t725 GND.t132 5.61485
R2400 GND.n460 GND.t132 3.33079
R2401 GND.t132 GND.t540 5.61485
R2402 GND.n771 GND.t366 4.28621
R2403 GND.n354 GND.t370 19.9891
R2404 GND.n145 GND.t368 4.08146
R2405 GND.n240 GND.t35 19.9891
R2406 GND.t33 GND.n477 4.28621
R2407 GND.t621 GND.n711 4.28621
R2408 GND.t504 GND.t132 4.25119
R2409 GND.t131 GND.t132 4.25113
R2410 GND.t283 GND.t132 3.95885
R2411 GND.t154 GND.t65 4.2505
R2412 GND.t460 GND.t461 4.2505
R2413 GND.t1014 GND.t116 4.20468
R2414 GND.n411 GND.t116 2.74289
R2415 GND.n245 GND.t720 0.392427
R2416 GND.t736 GND.t96 4.16717
R2417 GND.n143 GND.t537 3.24379
R2418 GND.t108 GND.t939 3.50108
R2419 GND.t184 GND.t174 3.50108
R2420 GND.t31 GND.t29 3.50108
R2421 GND.t132 GND.t29 0.604813
R2422 GND.t121 GND.t108 1.7142
R2423 GND.n363 GND.n149 2.33238
R2424 GND.n385 GND.t65 2.31579
R2425 GND.t930 GND.n422 0.0924786
R2426 GND.t121 GND.n343 1.74964
R2427 GND.t836 GND.n432 0.0947366
R2428 GND.n391 GND.t1231 0.0893255
R2429 GND.n451 GND.t794 0.0893255
R2430 GND.n416 GND.t121 2.31576
R2431 GND.t115 GND.t666 2.75379
R2432 GND.t461 GND.n440 1.9918
R2433 GND.n346 GND.t387 0.0918841
R2434 GND.t115 GND.n465 1.99155
R2435 GND.t128 GND.n508 2.35714
R2436 GND.n749 GND.t4 2.31175
R2437 GND.n749 GND.t95 2.31175
R2438 GND.t461 GND.n437 1.73694
R2439 GND.t20 GND.n400 1.73591
R2440 GND.t91 GND.t1169 2.19188
R2441 GND.t1 GND.n704 1.97708
R2442 GND.t868 GND.n320 0.680646
R2443 GND.t1 GND.t148 1.88939
R2444 GND.t132 GND.t118 1.88939
R2445 GND.t121 GND.n419 1.36107
R2446 GND.t65 GND.n776 1.72307
R2447 GND.n516 GND.t29 1.67088
R2448 GND.t363 GND.t116 1.41717
R2449 GND.n238 GND.t132 0.552132
R2450 GND.t121 GND.n495 1.32495
R2451 GND.n436 GND.t461 1.05028
R2452 GND.t132 GND.n749 1.21529
R2453 GND.t65 GND.n388 0.983506
R2454 GND.t40 GND.n318 1.17505
R2455 GND.n21 GND.t230 0.00991219
R2456 GND.n405 GND.t280 1.01483
R2457 GND.t1059 GND.t1095 1.17726
R2458 GND.t958 GND.t964 1.16755
R2459 GND.t20 GND.n141 0.885608
R2460 GND.n767 GND.t69 1.09908
R2461 GND.t651 GND.t655 1.07852
R2462 GND.t1050 GND.t1054 1.06642
R2463 GND.t471 GND.t111 1.04538
R2464 GND.n9 GND.t1024 0.00788005
R2465 GND.t854 GND.t858 1.0402
R2466 GND.t65 GND.n57 0.375568
R2467 GND.t661 GND.t659 1.02135
R2468 GND.n406 GND.t225 1.07063
R2469 GND.n680 GND.t24 1.01899
R2470 GND.t173 GND.t38 1.01844
R2471 GND.t968 GND.t173 1.01786
R2472 GND.t71 GND.n767 1.01432
R2473 GND.t1048 GND.t1050 1.01126
R2474 GND.n20 GND.t254 0.874945
R2475 GND.t489 GND.t651 0.988665
R2476 GND.t14 GND.n57 1.06204
R2477 GND.t121 GND.t522 0.975674
R2478 GND.n329 GND.t132 0.800902
R2479 GND.n412 GND.t45 0.0640142
R2480 GND.t399 GND.n430 0.807673
R2481 GND.t659 GND.t655 0.95865
R2482 GND.t49 GND.n414 0.809428
R2483 GND.n415 GND.t113 0.813051
R2484 GND.t45 GND.t165 0.946063
R2485 GND.n420 GND.t34 0.995656
R2486 GND.n404 GND.t445 0.791157
R2487 GND.n347 GND.t121 0.757712
R2488 GND.t984 GND.t53 0.903816
R2489 GND.t280 GND.t1064 0.90241
R2490 GND.n466 GND.t104 0.765643
R2491 GND.n383 GND.t65 0.754145
R2492 GND.t900 GND.t175 0.895705
R2493 GND.t408 GND.n403 0.751124
R2494 GND.t236 GND.n329 0.87229
R2495 GND.n128 GND.t989 0.877142
R2496 GND.t958 GND.t471 0.874909
R2497 GND.t1042 GND.t1079 0.873601
R2498 GND.t964 GND.t968 0.859403
R2499 GND.t1111 GND.t20 0.855188
R2500 GND.t617 GND.n200 100.585
R2501 GND.t489 GND.t491 0.843814
R2502 GND.t364 GND.n680 0.836494
R2503 GND.t408 GND.n567 0.829961
R2504 GND.t104 GND.t638 0.82925
R2505 GND.t20 GND.t106 0.810024
R2506 GND.t3 GND.n459 0.886786
R2507 GND.n238 GND.t335 0.807317
R2508 GND.n464 GND.t673 0.0586101
R2509 GND.t259 GND.t522 0.786608
R2510 GND.t674 GND.t673 0.773005
R2511 GND.t77 GND.t638 0.76562
R2512 GND.t62 GND.n567 0.763901
R2513 GND.t40 GND.t522 0.756245
R2514 GND.t175 GND.n347 0.0682506
R2515 GND.t183 GND.t49 0.752358
R2516 GND.t12 GND.n383 0.893494
R2517 GND.n57 GND.t152 0.283473
R2518 GND.t243 GND.n464 0.620372
R2519 GND.t121 GND.n420 0.610124
R2520 GND.t1187 GND.t143 0.714073
R2521 GND.n388 GND.t1187 0.0831959
R2522 GND.t989 GND.t113 0.706871
R2523 GND.t285 GND.t1064 0.706373
R2524 GND.t183 GND.n128 0.693307
R2525 GND.n611 GND.t116 0.68391
R2526 GND.t116 GND.n5 0.68391
R2527 GND.t121 GND.n132 0.68391
R2528 GND.t132 GND.n86 0.68391
R2529 GND.n823 GND.t65 0.666899
R2530 GND.t20 GND.n2 0.666899
R2531 GND.t20 GND.n1 0.666899
R2532 GND.t1 GND.n10 0.666899
R2533 GND.n691 GND.t1 0.666899
R2534 GND.n689 GND.t1 0.666899
R2535 GND.t132 GND.n88 0.666899
R2536 GND.t132 GND.n89 0.666899
R2537 GND.n509 GND.t132 0.666899
R2538 GND.n430 GND.t854 0.0638689
R2539 GND.t116 GND.n412 0.556945
R2540 GND.t132 GND.n87 0.655024
R2541 GND.t115 GND.n39 0.655024
R2542 GND.t236 GND.n459 0.530424
R2543 GND.t65 GND.n56 0.649813
R2544 GND.n770 GND.t65 0.649813
R2545 GND.t65 GND.n53 0.649813
R2546 GND.t65 GND.n54 0.649813
R2547 GND.t65 GND.n50 0.649813
R2548 GND.t65 GND.n49 0.649813
R2549 GND.t65 GND.n47 0.649813
R2550 GND.t65 GND.n48 0.649813
R2551 GND.t65 GND.n45 0.649813
R2552 GND.t65 GND.n44 0.649813
R2553 GND.t65 GND.n42 0.649813
R2554 GND.t65 GND.n43 0.649813
R2555 GND.n784 GND.t65 0.649813
R2556 GND.t65 GND.n52 0.649813
R2557 GND.t65 GND.n51 0.649813
R2558 GND.t285 GND.n268 0.649813
R2559 GND.t285 GND.n269 0.649813
R2560 GND.t285 GND.n279 0.649813
R2561 GND.t285 GND.n278 0.649813
R2562 GND.t285 GND.n277 0.649813
R2563 GND.t285 GND.n270 0.649813
R2564 GND.t285 GND.n271 0.649813
R2565 GND.t285 GND.n272 0.649813
R2566 GND.t285 GND.n276 0.649813
R2567 GND.t285 GND.n273 0.649813
R2568 GND.t285 GND.n283 0.649813
R2569 GND.t285 GND.n293 0.649813
R2570 GND.t285 GND.n292 0.649813
R2571 GND.t285 GND.n284 0.649813
R2572 GND.t285 GND.n285 0.649813
R2573 GND.t285 GND.n290 0.649813
R2574 GND.t285 GND.n289 0.649813
R2575 GND.t285 GND.n252 0.649813
R2576 GND.t285 GND.n261 0.649813
R2577 GND.t285 GND.n254 0.649813
R2578 GND.t285 GND.n259 0.649813
R2579 GND.t285 GND.n256 0.649813
R2580 GND.t285 GND.n257 0.649813
R2581 GND.t285 GND.n258 0.649813
R2582 GND.t285 GND.n262 0.649813
R2583 GND.t285 GND.n263 0.649813
R2584 GND.t285 GND.n266 0.649813
R2585 GND.t116 GND.n7 0.649813
R2586 GND.n186 GND.t116 0.369499
R2587 GND.t116 GND.n6 0.649813
R2588 GND.n128 GND.n91 0.649813
R2589 GND.n128 GND.n92 0.649813
R2590 GND.n128 GND.n93 0.649813
R2591 GND.n128 GND.n122 0.649813
R2592 GND.n128 GND.n121 0.649813
R2593 GND.n128 GND.n120 0.649813
R2594 GND.n128 GND.n94 0.649813
R2595 GND.n128 GND.n95 0.649813
R2596 GND.n128 GND.n96 0.649813
R2597 GND.n128 GND.n119 0.649813
R2598 GND.n128 GND.n97 0.649813
R2599 GND.n128 GND.n98 0.649813
R2600 GND.n128 GND.n118 0.649813
R2601 GND.n128 GND.n117 0.649813
R2602 GND.n128 GND.n116 0.649813
R2603 GND.n128 GND.n99 0.649813
R2604 GND.n128 GND.n100 0.649813
R2605 GND.n128 GND.n101 0.649813
R2606 GND.n128 GND.n115 0.649813
R2607 GND.n128 GND.n114 0.649813
R2608 GND.n128 GND.n113 0.649813
R2609 GND.n128 GND.n102 0.649813
R2610 GND.n128 GND.n103 0.649813
R2611 GND.n128 GND.n104 0.649813
R2612 GND.n128 GND.n112 0.649813
R2613 GND.n128 GND.n111 0.649813
R2614 GND.n128 GND.n110 0.649813
R2615 GND.n128 GND.n105 0.649813
R2616 GND.n128 GND.n106 0.649813
R2617 GND.n128 GND.n107 0.649813
R2618 GND.n128 GND.n109 0.649813
R2619 GND.n147 GND.t156 32.8822
R2620 GND.n128 GND.n108 0.649813
R2621 GND.n128 GND.n125 0.649813
R2622 GND.n128 GND.n126 0.649813
R2623 GND.n128 GND.n127 0.649813
R2624 GND.n128 GND.n124 0.649813
R2625 GND.n128 GND.n123 0.649813
R2626 GND.n764 GND.t121 0.649813
R2627 GND.t1536 GND.n156 26.1545
R2628 GND.t121 GND.n134 0.649813
R2629 GND.t121 GND.n135 0.649813
R2630 GND.t121 GND.n136 0.649813
R2631 GND.t121 GND.n137 0.649813
R2632 GND.t121 GND.n138 0.649813
R2633 GND.t121 GND.n133 0.649813
R2634 GND.t546 GND.t121 72.0417
R2635 GND.t121 GND.n131 0.649813
R2636 GND.t121 GND.n130 0.649813
R2637 GND.t1 GND.n13 0.649813
R2638 GND.t1 GND.n17 0.649813
R2639 GND.t1 GND.n14 0.649813
R2640 GND.t1 GND.n16 0.649813
R2641 GND.t1 GND.n15 0.649813
R2642 GND.n701 GND.t1 0.649813
R2643 GND.n705 GND.t1 0.649813
R2644 GND.t1 GND.n19 0.649813
R2645 GND.t1 GND.n18 0.649813
R2646 GND.t461 GND.n65 0.649813
R2647 GND.t461 GND.n64 0.649813
R2648 GND.t461 GND.n63 0.649813
R2649 GND.t461 GND.n59 0.649813
R2650 GND.t461 GND.n60 0.649813
R2651 GND.t461 GND.n62 0.649813
R2652 GND.t461 GND.n61 0.649813
R2653 GND.t461 GND.n75 0.649813
R2654 GND.t461 GND.n74 0.649813
R2655 GND.t461 GND.n72 0.649813
R2656 GND.t461 GND.n73 0.649813
R2657 GND.t461 GND.n68 0.649813
R2658 GND.t461 GND.n69 0.649813
R2659 GND.t461 GND.n71 0.649813
R2660 GND.t461 GND.n70 0.649813
R2661 GND.t461 GND.n81 0.649813
R2662 GND.t461 GND.n85 0.649813
R2663 GND.t461 GND.n82 0.649813
R2664 GND.t461 GND.n83 0.649813
R2665 GND.t461 GND.n84 0.649813
R2666 GND.t461 GND.n80 0.649813
R2667 GND.t461 GND.n79 0.649813
R2668 GND.t461 GND.n76 0.649813
R2669 GND.t461 GND.n77 0.649813
R2670 GND.t461 GND.n78 0.649813
R2671 GND.n228 GND.t461 0.369515
R2672 GND.t461 GND.n66 0.649813
R2673 GND.t115 GND.n22 0.649813
R2674 GND.t115 GND.n23 0.649813
R2675 GND.t115 GND.n35 0.649813
R2676 GND.t115 GND.n24 0.649813
R2677 GND.t115 GND.n34 0.649813
R2678 GND.t115 GND.n25 0.649813
R2679 GND.t115 GND.n33 0.649813
R2680 GND.t115 GND.n26 0.649813
R2681 GND.t115 GND.n27 0.649813
R2682 GND.t115 GND.n28 0.649813
R2683 GND.t115 GND.n32 0.649813
R2684 GND.t115 GND.n31 0.649813
R2685 GND.t115 GND.n30 0.649813
R2686 GND.t115 GND.n29 0.649813
R2687 GND.t115 GND.n36 0.649813
R2688 GND.t115 GND.n37 0.649813
R2689 GND.t65 GND.n55 0.648546
R2690 GND.t121 GND.n129 0.648546
R2691 GND.t1 GND.n11 0.648101
R2692 GND.t1 GND.n12 0.648101
R2693 GND.n8 GND.t401 100.579
R2694 GND.t115 GND.t638 0.643752
R2695 GND.t285 GND.n567 0.643237
R2696 GND.t989 GND.t984 0.632767
R2697 GND.n403 GND.t1079 0.0552535
R2698 GND.t491 GND.n466 0.0557893
R2699 GND.t1064 GND.t1095 0.594968
R2700 GND.n414 GND.t53 0.0575035
R2701 GND.n419 GND.t296 0.652632
R2702 GND.t60 GND.n776 0.549816
R2703 GND.n436 GND.t828 0.0682891
R2704 GND.n233 GND.t3 0.339959
R2705 GND.t288 GND.t1161 0.531698
R2706 GND.n320 GND.t84 0.396775
R2707 GND.t183 GND.t941 0.511584
R2708 GND.t1 GND.n680 0.509246
R2709 GND.t115 GND.t659 0.504936
R2710 GND.t115 GND.t651 0.504897
R2711 GND.t69 GND.n776 0.498088
R2712 GND.n404 GND.t1059 0.0459658
R2713 GND.n415 GND.t111 0.0469627
R2714 GND.t828 GND.t90 0.47154
R2715 GND.t1161 GND.n400 0.0945219
R2716 GND.t456 GND.t454 0.456136
R2717 GND.t454 GND.n437 0.0933495
R2718 GND.n406 GND.t116 0.361827
R2719 GND.t137 GND.n440 0.493079
R2720 GND.t243 GND.n465 0.492596
R2721 GND.t913 GND.n346 0.28496
R2722 GND.t528 GND.n368 0.489322
R2723 GND.n233 GND.t552 0.546356
R2724 GND.n128 GND.t38 0.37098
R2725 GND.t666 GND.t422 0.350665
R2726 GND.n704 GND.t858 0.345252
R2727 GND.n432 GND.t778 0.241971
R2728 GND.n343 GND.t34 0.328435
R2729 GND.t599 GND.t1231 0.344562
R2730 GND.t196 GND.t794 0.344562
R2731 GND.n704 GND.t861 0.344367
R2732 GND.t1190 GND.n389 0.433869
R2733 GND.t772 GND.n446 0.433869
R2734 GND.t769 GND.n445 0.433869
R2735 GND.t766 GND.n444 0.433869
R2736 GND.t763 GND.n443 0.433869
R2737 GND.t760 GND.n442 0.433869
R2738 GND.t757 GND.n441 0.433869
R2739 GND.t751 GND.n449 0.433869
R2740 GND.t300 GND.n434 0.433709
R2741 GND.t27 GND.n447 0.433709
R2742 GND.t905 GND.t291 0.341746
R2743 GND.t1212 GND.t1214 0.341445
R2744 GND.t930 GND.t312 0.341445
R2745 GND.t147 GND.t836 0.339141
R2746 GND.n128 GND.t968 0.336772
R2747 GND.n385 GND.t1212 0.0924786
R2748 GND.t929 GND.n422 0.236161
R2749 GND.n416 GND.t905 0.0923917
R2750 GND.n434 GND.t776 0.235876
R2751 GND.n447 GND.t772 0.235876
R2752 GND.n390 GND.t1190 0.235729
R2753 GND.n389 GND.t143 0.235729
R2754 GND.n446 GND.t769 0.235729
R2755 GND.n445 GND.t766 0.235729
R2756 GND.n444 GND.t763 0.235729
R2757 GND.n443 GND.t760 0.235729
R2758 GND.n442 GND.t757 0.235729
R2759 GND.n441 GND.t137 0.235729
R2760 GND.n450 GND.t751 0.235729
R2761 GND.n449 GND.t749 0.235729
R2762 GND.t1193 GND.n390 0.422619
R2763 GND.t754 GND.n450 0.422619
R2764 GND.n20 GND.t847 0.0250765
R2765 GND.t389 GND.t387 0.325609
R2766 GND.n391 GND.t1193 0.228063
R2767 GND.n451 GND.t754 0.228063
R2768 GND.n363 GND.t1260 0.0850573
R2769 GND.t863 GND.t842 0.301114
R2770 GND.t1496 GND.n612 0.301114
R2771 GND.t359 GND.n316 0.418807
R2772 GND.n244 GND.t1496 0.17801
R2773 GND.t100 GND.n710 0.301114
R2774 GND.n236 GND.t157 0.291785
R2775 GND.n299 GND.t246 0.232176
R2776 GND.t67 GND.n315 0.17801
R2777 GND.t733 GND.t67 0.301114
R2778 GND.t1128 GND.t1127 0.301114
R2779 GND.t1130 GND.t475 0.301114
R2780 GND.t1141 GND.t1140 0.301114
R2781 GND.t1144 GND.t1143 0.301114
R2782 GND.t223 GND.n41 0.152675
R2783 GND.n612 GND.t628 0.300775
R2784 GND.t32 GND.t1561 0.300775
R2785 GND.t232 GND.t863 0.300775
R2786 GND.t1033 GND.t577 0.300775
R2787 GND.n515 GND.t335 0.300775
R2788 GND.t162 GND.n514 0.300775
R2789 GND.t540 GND.t5 0.300775
R2790 GND.t238 GND.n527 0.292908
R2791 GND.n245 GND.t17 0.188316
R2792 GND.n411 GND.t130 0.508682
R2793 GND.t285 GND.t1050 0.270519
R2794 GND.t666 GND.t661 0.252657
R2795 GND.t1028 GND.t169 0.242733
R2796 GND.n218 GND.t728 0.118926
R2797 GND.n340 GND.t1362 0.118927
R2798 GND.n426 GND.t868 0.119605
R2799 GND.t556 GND.t9 0.241078
R2800 GND.t292 GND.n679 0.241078
R2801 GND.n679 GND.t1432 0.241078
R2802 GND.t1561 GND.n296 0.210206
R2803 GND.t603 GND.n408 0.119605
R2804 GND.t556 GND.n298 0.119605
R2805 GND.t237 GND.n90 0.449786
R2806 GND.t492 GND.n454 0.119605
R2807 GND.t1510 GND.n515 0.241078
R2808 GND.n514 GND.t426 0.241078
R2809 GND.n90 GND.t132 0.963932
R2810 GND.t842 GND.n338 0.119605
R2811 GND.t232 GND.n303 0.235599
R2812 GND.n341 GND.t1442 0.119605
R2813 GND.t1442 GND.t1440 0.241078
R2814 GND.t1436 GND.n250 0.119605
R2815 GND.n235 GND.t1431 0.119605
R2816 GND.t1440 GND.n336 0.119605
R2817 GND.t185 GND.t1436 0.241078
R2818 GND.t1419 GND.t1359 0.241078
R2819 GND.t496 GND.n613 0.241078
R2820 GND.t124 GND.n317 0.235599
R2821 GND.n410 GND.t124 0.360183
R2822 GND.t157 GND.t158 0.241078
R2823 GND.t1054 GND.t1086 0.241078
R2824 GND.n457 GND.t1510 0.119605
R2825 GND.t18 GND.n243 0.119605
R2826 GND.n225 GND.t362 0.119605
R2827 GND.t894 GND.n339 0.166169
R2828 GND.t362 GND.t894 0.241078
R2829 GND.t475 GND.n351 0.119605
R2830 GND.t529 GND.t1132 0.240825
R2831 GND.t1176 GND.t1124 0.240825
R2832 GND.t725 GND.t741 0.240825
R2833 GND.t1362 GND.t1360 0.240825
R2834 GND.t79 GND.n405 0.0296603
R2835 GND.n246 GND.t529 0.151934
R2836 GND.t1125 GND.t1176 0.240486
R2837 GND.t742 GND.t725 0.240486
R2838 GND.n710 GND.t101 0.240486
R2839 GND.t862 GND.t9 0.238595
R2840 GND.t188 GND.n305 0.113522
R2841 GND.t824 GND.t161 0.227075
R2842 GND.t1168 GND.n402 0.135296
R2843 GND.n352 GND.t1201 0.0896992
R2844 GND.t802 GND.t98 0.227075
R2845 GND.t87 GND.t880 0.227075
R2846 GND.t876 GND.t874 0.227075
R2847 GND.t36 GND.t933 0.227075
R2848 GND.t910 GND.t908 0.227075
R2849 GND.t1235 GND.t1237 0.226736
R2850 GND.t1242 GND.t1240 0.226736
R2851 GND.t1245 GND.t1247 0.226736
R2852 GND.t1252 GND.t1250 0.226736
R2853 GND.t1255 GND.t1257 0.226736
R2854 GND.t1206 GND.t1208 0.226736
R2855 GND.t1151 GND.n248 0.135098
R2856 GND.n295 GND.t1118 0.0895683
R2857 GND.t925 GND.t927 0.226736
R2858 GND.t833 GND.t147 0.226736
R2859 GND.t544 GND.t819 0.226736
R2860 GND.t187 GND.t799 0.226736
R2861 GND.t745 GND.t747 0.226736
R2862 GND.t202 GND.t738 0.226736
R2863 GND.t30 GND.t733 0.226736
R2864 GND.t1267 GND.t1265 0.226736
R2865 GND.t1270 GND.t1272 0.226736
R2866 GND.t1277 GND.t1275 0.226736
R2867 GND.t1280 GND.t1282 0.226736
R2868 GND.t1286 GND.t1288 0.226736
R2869 GND.t1293 GND.t1291 0.226736
R2870 GND.t1296 GND.t1298 0.226736
R2871 GND.t1303 GND.t1301 0.226736
R2872 GND.t1306 GND.t1308 0.226736
R2873 GND.t1313 GND.t1311 0.226736
R2874 GND.t1316 GND.t1318 0.226736
R2875 GND.t1323 GND.t1321 0.226736
R2876 GND.t1326 GND.t1328 0.226736
R2877 GND.t1333 GND.t1331 0.226736
R2878 GND.t1336 GND.t1338 0.226736
R2879 GND.n393 GND.t367 0.312561
R2880 GND.t209 GND.t1220 0.226736
R2881 GND.t82 GND.t1216 0.226736
R2882 GND.t937 GND.t109 0.226736
R2883 GND.t783 GND.t435 0.226736
R2884 GND.n429 GND.t399 0.312561
R2885 GND.n413 GND.t571 0.135098
R2886 GND.n407 GND.t589 0.219767
R2887 GND.t1343 GND.t1341 0.226736
R2888 GND.t737 GND.t540 0.224575
R2889 GND.t749 GND.t787 0.224575
R2890 GND.n247 GND.t1141 0.0886049
R2891 GND.n433 GND.t27 0.130189
R2892 GND.t1196 GND.n393 0.130189
R2893 GND.t1021 GND.n407 0.215964
R2894 GND.t1018 GND.n413 0.307393
R2895 GND.n365 GND.t1270 0.0863258
R2896 GND.n367 GND.t1280 0.0863258
R2897 GND.n369 GND.t1286 0.0863258
R2898 GND.n371 GND.t1296 0.0863258
R2899 GND.n373 GND.t1306 0.0863258
R2900 GND.n375 GND.t1316 0.0863258
R2901 GND.n377 GND.t1326 0.0863258
R2902 GND.n379 GND.t1336 0.0863258
R2903 GND.t1234 GND.n358 0.130189
R2904 GND.n360 GND.t1245 0.0863258
R2905 GND.n362 GND.t1255 0.0863258
R2906 GND.t1250 GND.n361 0.0863258
R2907 GND.t1240 GND.n359 0.0863258
R2908 GND.t14 GND.n382 0.130189
R2909 GND.n387 GND.t1219 0.130189
R2910 GND.n386 GND.t1216 0.0863258
R2911 GND.t936 GND.n424 0.130189
R2912 GND.t738 GND.n460 0.0863258
R2913 GND.t744 GND.n453 0.130189
R2914 GND.t782 GND.n452 0.130189
R2915 GND.t90 GND.n431 0.130189
R2916 GND.n438 GND.t456 0.130189
R2917 GND.t728 GND.t315 0.218325
R2918 GND.t925 GND.n421 0.0863258
R2919 GND.t1118 GND.t1117 0.218325
R2920 GND.t1150 GND.t1149 0.218325
R2921 GND.t1341 GND.n380 0.0863258
R2922 GND.t1331 GND.n378 0.0863258
R2923 GND.t1321 GND.n376 0.0863258
R2924 GND.t1311 GND.n374 0.0863258
R2925 GND.t1301 GND.n372 0.0863258
R2926 GND.t1291 GND.n370 0.0863258
R2927 GND.t1275 GND.n366 0.0863258
R2928 GND.t1265 GND.n364 0.0863258
R2929 GND.t1166 GND.t1165 0.217986
R2930 GND.n435 GND.t300 0.129991
R2931 GND.t266 GND.n439 0.129991
R2932 GND.n428 GND.t87 0.0861948
R2933 GND.t874 GND.n427 0.0861948
R2934 GND.t786 GND.n448 0.129991
R2935 GND.t312 GND.n423 0.129991
R2936 GND.t908 GND.n417 0.0861948
R2937 GND.t1126 GND.t1127 0.217986
R2938 GND.t1142 GND.t1143 0.217986
R2939 GND.n328 GND.t32 0.0843963
R2940 GND.t1131 GND.t1130 0.212986
R2941 GND.t117 GND.n244 0.330808
R2942 GND.t130 GND.n251 0.0818513
R2943 GND.t390 GND.n306 0.0605362
R2944 GND.n456 GND.t238 0.0605362
R2945 GND.n323 GND.t92 0.263604
R2946 GND.t1135 GND.t436 0.24604
R2947 GND.t43 GND.n425 0.238594
R2948 GND.t1030 GND.t533 0.180789
R2949 GND.t1587 GND.t314 0.180789
R2950 GND.n321 GND.t227 0.150486
R2951 GND.t1138 GND.t410 0.24604
R2952 GND.n223 GND.t1152 0.130401
R2953 GND.t1158 GND.n242 0.130401
R2954 GND.n224 GND.t1027 0.106333
R2955 GND.n527 GND.t492 0.175556
R2956 GND.t1154 GND.t1153 0.167039
R2957 GND.t445 GND.t1086 0.167039
R2958 GND.n300 GND.t1033 0.083315
R2959 GND.n322 GND.t1030 0.083315
R2960 GND.n325 GND.t1135 0.083315
R2961 GND.t1145 GND.n301 0.0836055
R2962 GND.t1139 GND.n326 0.0823774
R2963 GND.t1029 GND.t603 0.164539
R2964 GND.t1123 GND.t390 0.164539
R2965 GND.t466 GND.t188 0.164539
R2966 GND.n613 GND.t123 0.162039
R2967 GND.t17 GND.t18 0.162039
R2968 GND.n381 GND.t1346 0.0647427
R2969 GND.t1140 GND.t1139 0.158289
R2970 GND.t1156 GND.n324 0.07903
R2971 GND.t1147 GND.n327 0.07903
R2972 GND.n298 GND.t10 0.272394
R2973 GND.t1352 GND.t1359 0.150789
R2974 GND.t602 GND.t1027 0.150789
R2975 GND.t1201 GND.t60 0.150486
R2976 GND.t158 GND.n304 0.0735143
R2977 GND.t225 GND.t1014 0.139432
R2978 GND.t1262 GND.t1260 0.135506
R2979 GND.t1121 GND.t22 0.1205
R2980 GND.n9 GND.t206 0.113327
R2981 GND.t189 GND.n399 0.200274
R2982 GND.n339 GND.t212 0.189217
R2983 GND.t1431 GND.t24 0.115789
R2984 GND.n249 GND.t1172 0.102698
R2985 GND.n462 GND.t724 0.0384463
R2986 GND.n401 GND.t1156 0.251827
R2987 GND.n394 GND.t1147 0.251827
R2988 GND.t1133 GND.n246 0.188499
R2989 GND.t1126 GND.n395 0.0354445
R2990 GND.t315 GND.n455 0.0354445
R2991 GND.t589 GND.t206 0.10175
R2992 GND.n418 GND.t910 0.0346178
R2993 GND.t181 GND.t129 0.099539
R2994 GND.t1124 GND.n397 0.0657511
R2995 GND.t741 GND.n461 0.0657511
R2996 GND.t533 GND.n409 0.0657511
R2997 GND.n396 GND.t1120 0.0333775
R2998 GND.t602 GND.n408 0.209894
R2999 GND.t1121 GND.n176 0.0905
R3000 GND.t389 GND.n418 0.158232
R3001 GND.t227 GND.n456 0.210486
R3002 GND.t28 GND.t329 0.19781
R3003 GND.t1199 GND.t71 0.08675
R3004 GND.t1170 GND.t1168 0.118377
R3005 GND.t410 GND.t1136 0.118377
R3006 GND.t436 GND.t1133 0.118377
R3007 GND.t1132 GND.n398 0.0583051
R3008 GND.t10 GND.n425 0.0296542
R3009 GND.t1237 GND.t1239 0.0855
R3010 GND.t1244 GND.t1242 0.0855
R3011 GND.t1247 GND.t1249 0.0855
R3012 GND.t1254 GND.t1252 0.0855
R3013 GND.t1257 GND.t1259 0.0855
R3014 GND.t1219 GND.t82 0.0855
R3015 GND.t1165 GND.t1163 0.0855
R3016 GND.t1158 GND.t198 0.0855
R3017 GND.t1152 GND.t1151 0.0855
R3018 GND.t1149 GND.t473 0.0855
R3019 GND.t245 GND.t1145 0.0855
R3020 GND.t1120 GND.t1119 0.0855
R3021 GND.n141 GND.t1117 0.0772892
R3022 GND.t571 GND.t1021 0.0855
R3023 GND.t927 GND.t929 0.0855
R3024 GND.t924 GND.t310 0.0855
R3025 GND.t902 GND.t74 0.0855
R3026 GND.t256 GND.t254 0.0855
R3027 GND.n21 GND.t880 0.0763345
R3028 GND.t878 GND.t876 0.0855
R3029 GND.t84 GND.t873 0.0855
R3030 GND.t776 GND.t544 0.0855
R3031 GND.t266 GND.t187 0.0855
R3032 GND.t435 GND.t786 0.0855
R3033 GND.t747 GND.t782 0.0855
R3034 GND.t202 GND.t204 0.0855
R3035 GND.t1262 GND.t1264 0.0855
R3036 GND.t1269 GND.t1267 0.0855
R3037 GND.t1272 GND.t1274 0.0855
R3038 GND.t1279 GND.t1277 0.0855
R3039 GND.t1288 GND.t1290 0.0855
R3040 GND.t1295 GND.t1293 0.0855
R3041 GND.t1298 GND.t1300 0.0855
R3042 GND.t1305 GND.t1303 0.0855
R3043 GND.t1308 GND.t1310 0.0855
R3044 GND.t1315 GND.t1313 0.0855
R3045 GND.t1318 GND.t1320 0.0855
R3046 GND.t1325 GND.t1323 0.0855
R3047 GND.t1328 GND.t1330 0.0855
R3048 GND.t1335 GND.t1333 0.0855
R3049 GND.t1338 GND.t1340 0.0855
R3050 GND.t36 GND.t936 0.0855
R3051 GND.t161 GND.t827 0.0855
R3052 GND.t1208 GND.t1210 0.07425
R3053 GND.t369 GND.t354 0.07425
R3054 GND.t141 GND.t1171 0.07425
R3055 GND.t1036 GND.t578 0.07425
R3056 GND.t1282 GND.t1284 0.07425
R3057 GND.t1345 GND.t1343 0.07425
R3058 GND.n353 GND.t1199 0.0377157
R3059 GND.n310 GND.t259 0.0377157
R3060 GND.t42 GND.t913 0.05925
R3061 GND.n306 GND.n176 0.150486
R3062 GND.t1042 GND.t1048 0.0305
R3063 GND.t1352 GND.t1360 0.0305
R3064 GND.t285 GND.n281 0.0258175
R3065 GND.t285 GND.n280 0.0258175
R3066 GND.t285 GND.n275 0.0258175
R3067 GND.t285 GND.n274 0.0258175
R3068 GND.t285 GND.n282 0.0258175
R3069 GND.t285 GND.n294 0.0258175
R3070 GND.t285 GND.n291 0.0258175
R3071 GND.t285 GND.n286 0.0258175
R3072 GND.t285 GND.n288 0.0258175
R3073 GND.t285 GND.n287 0.0258175
R3074 GND.t285 GND.n253 0.0258175
R3075 GND.t285 GND.n260 0.0258175
R3076 GND.t285 GND.n255 0.0258175
R3077 GND.t285 GND.n265 0.0258175
R3078 GND.t285 GND.n264 0.0258175
R3079 GND.t285 GND.n267 0.0184357
R3080 GND.n149 GND.t1261 157.976
R3081 GND.t1337 GND.n149 157.976
R3082 GND.t1297 GND.n149 157.976
R3083 GND.n149 GND.t1292 157.976
R3084 GND.t1271 GND.n149 157.976
R3085 GND.n149 GND.n368 2.36699
R3086 GND.t20 GND.n0 1.3145
R3087 GND.n767 GND.t65 1.24717
R3088 GND.t132 GND.t192 1.22842
R3089 GND.t115 GND.n38 1.21592
R3090 GND.t683 GND.t115 1.15254
R3091 GND.t116 GND.n143 1.14026
R3092 GND.t461 GND.n58 1.08657
R3093 GND.n20 GND.t1 1.082
R3094 GND.n128 GND.t958 1.0233
R3095 GND.n318 GND.t121 1.00658
R3096 _225_.A.n0 _225_.A 38.4217
R3097 _225_.A.n2 _225_.A 26.4999
R3098 _225_.A.n5 _225_.A.n4 21.1685
R3099 _225_.A.n6 _225_.A.n5 20.2672
R3100 _225_.A.n6 _225_.A 20.2267
R3101 _225_.A _225_.A.n6 19.6901
R3102 _225_.A.n1 _225_.A.n0 18.1221
R3103 _225_.A.n1 _225_.A 18.0022
R3104 _225_.A _225_.A.t0 17.0317
R3105 _225_.A _225_.A.t4 15.0215
R3106 _225_.A _225_.A.t2 15.0022
R3107 _225_.A _225_.A.t3 15.0005
R3108 _225_.A _225_.A.t1 15.0005
R3109 _225_.A.n3 _225_.A.n2 12.9135
R3110 _225_.A.n4 _225_.A.n3 12.6959
R3111 _225_.A.n4 _225_.A 10.1079
R3112 _225_.A.n5 _225_.A 9.90553
R3113 _225_.A.n3 _225_.A 9.42457
R3114 _225_.A.n0 _225_.A 9.0005
R3115 _225_.A.t0 _225_.A 8.62605
R3116 _225_.A.n2 _225_.A.n1 1.0565
C3495 freq_out GND 0.66055f
C3496 sdata GND 0.69311f
C3497 sclk GND 1.14379f
C3498 en GND 0.40001f
C3499 freq_in GND 2.02382f
C3500 rst GND 0.56777f
C3501 VDD GND 0.33673p
C3502 a_17120_3270# GND 0.08286f
C3503 a_8288_3270# GND 0.04396f
C3504 a_11475_4248# GND 0.01118f ; **FLOATING
C3505 a_10769_4258# GND 0.14626f ; **FLOATING
C3506 a_8288_3986# GND 0.04109f
C3507 a_8557_4248# GND 0.28261f ; **FLOATING
C3508 _145_.B1 GND 0.32633f ; **FLOATING
C3509 _143_.Y GND 0.19137f ; **FLOATING
C3510 a_6810_3863# GND 0.14843f ; **FLOATING
C3511 a_6095_4270# GND 0.082f ; **FLOATING
C3512 a_6060_4166# GND 0.19091f ; **FLOATING
C3513 a_3793_4261# GND 0.05838f ; **FLOATING
C3514 a_4554_3900# GND 0.18939f ; **FLOATING
C3515 a_3887_4261# GND 0.27244f ; **FLOATING
C3516 a_4144_4142# GND 0.14731f ; **FLOATING
C3517 a_3147_3911# GND 0.19443f ; **FLOATING
C3518 a_2916_4325# GND 0.03671f ; **FLOATING
C3519 a_2240_3986# GND 0.04201f
C3520 a_3045_3911# GND 0.42574f ; **FLOATING
C3521 a_2628_3904# GND 0.89884f ; **FLOATING
C3522 a_2602_3868# GND 0.08449f ; **FLOATING
C3523 a_2342_4338# GND 0.12154f ; **FLOATING
C3524 a_16736_4782# GND 0.04382f
C3525 a_16840_4688# GND 0.17342f ; **FLOATING
C3526 a_14624_4782# GND 0.04283f
C3527 a_13376_4782# GND 0.04229f
C3528 a_12128_4782# GND 0.04481f
C3529 _147_.B1 GND 0.36722f ; **FLOATING
C3530 a_10513_4727# GND 0.05791f ; **FLOATING
C3531 a_9636_4663# GND 0.03671f ; **FLOATING
C3532 a_13649_4704# GND 0.146f ; **FLOATING
C3533 a_12401_4704# GND 0.14152f ; **FLOATING
C3534 a_11661_4696# GND 0.09299f ; **FLOATING
C3535 a_11274_4948# GND 0.17713f ; **FLOATING
C3536 a_10864_4870# GND 0.14361f ; **FLOATING
C3537 a_10607_4727# GND 0.26511f ; **FLOATING
C3538 a_9867_4772# GND 0.1962f ; **FLOATING
C3539 a_9765_4629# GND 0.44009f ; **FLOATING
C3540 a_9348_4968# GND 0.89626f ; **FLOATING
C3541 a_9062_4650# GND 0.12351f ; **FLOATING
C3542 a_9322_4873# GND 0.0841f ; **FLOATING
C3543 _252_.RESET_B GND 0.52725f ; **FLOATING
C3544 _136_.B GND 0.64808f ; **FLOATING
C3545 a_7633_4727# GND 0.05788f ; **FLOATING
C3546 a_6756_4663# GND 0.03681f ; **FLOATING
C3547 a_8394_4948# GND 0.17808f ; **FLOATING
C3548 a_7984_4870# GND 0.14473f ; **FLOATING
C3549 a_7727_4727# GND 0.26676f ; **FLOATING
C3550 a_6987_4772# GND 0.19595f ; **FLOATING
C3551 a_6885_4629# GND 0.42619f ; **FLOATING
C3552 a_6468_4968# GND 0.90184f ; **FLOATING
C3553 a_6182_4650# GND 0.11459f ; **FLOATING
C3554 _210_.Y GND 0.29645f ; **FLOATING
C3555 a_6442_4873# GND 0.08505f ; **FLOATING
C3556 _224_.Y GND 0.57717f ; **FLOATING
C3557 a_5792_4782# GND 0.03677f
C3558 a_5608_4782# GND 0.08107f
C3559 a_4465_4727# GND 0.05864f ; **FLOATING
C3560 a_3588_4663# GND 0.03673f ; **FLOATING
C3561 a_5226_4948# GND 0.20404f ; **FLOATING
C3562 a_4816_4870# GND 0.1724f ; **FLOATING
C3563 a_4559_4727# GND 0.28054f ; **FLOATING
C3564 a_3819_4772# GND 0.19687f ; **FLOATING
C3565 a_3717_4629# GND 0.44224f ; **FLOATING
C3566 a_3300_4968# GND 0.90099f ; **FLOATING
C3567 a_3014_4650# GND 0.10989f ; **FLOATING
C3568 a_3274_4873# GND 0.08182f ; **FLOATING
C3569 _243_.D GND 0.28376f ; **FLOATING
C3570 a_2398_4654# GND 0.31983f ; **FLOATING
C3571 a_2075_4692# GND 0.12367f ; **FLOATING
C3572 _242_.RESET_B GND 0.53698f ; **FLOATING
C3573 _243_.RESET_B GND 1.00982f ; **FLOATING
C3574 a_1376_4782# GND 0.03616f
C3575 a_1192_4782# GND 0.11475f
C3576 a_17032_5498# GND 0.12093f
C3577 a_15889_5773# GND 0.05799f ; **FLOATING
C3578 a_16650_5412# GND 0.17848f ; **FLOATING
C3579 a_15983_5773# GND 0.26399f ; **FLOATING
C3580 a_16240_5654# GND 0.14326f ; **FLOATING
C3581 a_15243_5423# GND 0.19769f ; **FLOATING
C3582 a_15012_5837# GND 0.03671f ; **FLOATING
C3583 a_15141_5423# GND 0.43986f ; **FLOATING
C3584 a_14724_5416# GND 0.89766f ; **FLOATING
C3585 a_14698_5380# GND 0.08245f ; **FLOATING
C3586 a_14438_5850# GND 0.12265f ; **FLOATING
C3587 _226_.Y GND 0.56434f ; **FLOATING
C3588 _151_.X GND 0.39296f ; **FLOATING
C3589 a_13775_5782# GND 0.08113f ; **FLOATING
C3590 a_12712_5498# GND 0.08463f
C3591 a_13740_5678# GND 0.18225f ; **FLOATING
C3592 a_13073_5770# GND 0.1397f ; **FLOATING
C3593 _157_.B GND 0.35014f ; **FLOATING
C3594 _147_.Y GND 0.73185f ; **FLOATING
C3595 a_12128_5498# GND 0.05291f
C3596 a_12237_5760# GND 0.10541f ; **FLOATING
C3597 _147_.A1 GND 0.53563f ; **FLOATING
C3598 a_10799_5782# GND 0.08109f ; **FLOATING
C3599 a_10592_5498# GND 0.05195f
C3600 _139_.X GND 0.60219f ; **FLOATING
C3601 a_10764_5678# GND 0.19172f ; **FLOATING
C3602 _144_.B GND 0.68439f ; **FLOATING
C3603 a_8538_5375# GND 0.14391f ; **FLOATING
C3604 _252_.D GND 0.17364f ; **FLOATING
C3605 _138_.Y GND 0.78604f ; **FLOATING
C3606 a_8021_5782# GND 0.08113f ; **FLOATING
C3607 a_7872_5451# GND 0.18424f ; **FLOATING
C3608 a_7616_5498# GND 0.04565f
C3609 _145_.A2 GND 0.5133f ; **FLOATING
C3610 _143_.A GND 0.93614f ; **FLOATING
C3611 a_6656_5498# GND 0.04295f
C3612 _210_.B GND 0.5939f ; **FLOATING
C3613 a_6747_5468# GND 0.17052f ; **FLOATING
C3614 a_4465_5773# GND 0.05986f ; **FLOATING
C3615 a_5226_5412# GND 0.22027f ; **FLOATING
C3616 a_4559_5773# GND 0.28983f ; **FLOATING
C3617 a_4816_5654# GND 0.17371f ; **FLOATING
C3618 a_3819_5423# GND 0.19812f ; **FLOATING
C3619 a_3588_5837# GND 0.03671f ; **FLOATING
C3620 a_3717_5423# GND 0.43784f ; **FLOATING
C3621 a_3300_5416# GND 0.89931f ; **FLOATING
C3622 a_3274_5380# GND 0.08181f ; **FLOATING
C3623 a_3014_5850# GND 0.10996f ; **FLOATING
C3624 _242_.D GND 0.16194f ; **FLOATING
C3625 a_1864_5498# GND 0.09583f
C3626 a_2398_5782# GND 0.32133f ; **FLOATING
C3627 a_2075_5468# GND 0.14359f ; **FLOATING
C3628 _210_.A GND 1.016f ; **FLOATING
C3629 a_17120_6294# GND 0.08143f
C3630 a_13121_6188# GND 0.01151f ; **FLOATING
C3631 a_12800_6294# GND 0.05309f
C3632 _148_.X GND 0.65117f ; **FLOATING
C3633 _149_.A GND 1.13949f ; **FLOATING
C3634 _152_.X GND 0.41218f ; **FLOATING
C3635 _244_.RESET_B GND 0.7171f ; **FLOATING
C3636 _244_.D GND 0.26785f ; **FLOATING
C3637 a_2048_6294# GND 0.03963f
C3638 a_1864_6294# GND 0.09207f
C3639 a_2494_6166# GND 0.32819f ; **FLOATING
C3640 a_2171_6204# GND 0.14735f ; **FLOATING
C3641 _243_.Q GND 2.0735f ; **FLOATING
C3642 a_17120_7010# GND 0.07523f
C3643 a_16936_7010# GND 0.09304f
C3644 a_12904_7010# GND 0.08623f
C3645 a_13184_7183# GND 0.11594f ; **FLOATING
C3646 a_12328_7010# GND 0.09658f
C3647 a_3956_6888# GND 1.57549f ; **FLOATING
C3648 a_17120_7806# GND 0.07483f
C3649 a_16936_7806# GND 0.09151f
C3650 a_15776_7806# GND 0.05413f
C3651 a_13973_7678# GND 0.0817f ; **FLOATING
C3652 a_15980_7638# GND 0.16755f ; **FLOATING
C3653 a_13824_7989# GND 0.19466f ; **FLOATING
C3654 _160_.B GND 0.66367f ; **FLOATING
C3655 a_13073_7728# GND 0.14459f ; **FLOATING
C3656 _162_.Y GND 0.31913f ; **FLOATING
C3657 a_12032_7806# GND 0.05373f
C3658 a_10901_7678# GND 0.08189f ; **FLOATING
C3659 a_10408_7806# GND 0.09874f
C3660 a_9466_7678# GND 0.01001f ; **FLOATING
C3661 a_12215_7664# GND 0.28554f ; **FLOATING
C3662 a_10752_7989# GND 0.1949f ; **FLOATING
C3663 a_9248_7806# GND 0.05262f
C3664 _154_.X GND 0.85102f ; **FLOATING
C3665 a_7712_7806# GND 0.05396f
C3666 a_7985_7728# GND 0.15259f ; **FLOATING
C3667 _148_.A GND 2.45358f ; **FLOATING
C3668 a_2232_7868# GND 0.15529f ; **FLOATING
C3669 a_1952_7806# GND 0.0448f
C3670 _125_.A1 GND 0.89545f ; **FLOATING
C3671 a_2126_7864# GND 0.32738f ; **FLOATING
C3672 a_1192_7712# GND 0.20838f ; **FLOATING
C3673 a_17120_8522# GND 0.08024f
C3674 _166_.A GND 1.12823f ; **FLOATING
C3675 a_15985_8797# GND 0.05794f ; **FLOATING
C3676 a_16746_8436# GND 0.18066f ; **FLOATING
C3677 a_16079_8797# GND 0.26372f ; **FLOATING
C3678 a_16336_8678# GND 0.1443f ; **FLOATING
C3679 a_15339_8447# GND 0.19772f ; **FLOATING
C3680 a_15108_8861# GND 0.03692f ; **FLOATING
C3681 a_15237_8447# GND 0.42511f ; **FLOATING
C3682 a_14820_8440# GND 0.89779f ; **FLOATING
C3683 a_14794_8404# GND 0.08539f ; **FLOATING
C3684 a_14534_8874# GND 0.11492f ; **FLOATING
C3685 a_14144_8522# GND 0.0433f
C3686 _227_.Y GND 0.62425f ; **FLOATING
C3687 _159_.Y GND 0.21763f ; **FLOATING
C3688 a_13505_8784# GND 0.01136f ; **FLOATING
C3689 _158_.Y GND 0.42568f ; **FLOATING
C3690 a_13184_8522# GND 0.03626f
C3691 a_13000_8522# GND 0.07587f
C3692 _151_.B GND 1.07448f ; **FLOATING
C3693 _157_.Y GND 0.52876f ; **FLOATING
C3694 _161_.Y GND 0.17319f ; **FLOATING
C3695 a_12512_8522# GND 0.0362f
C3696 a_12328_8522# GND 0.08f
C3697 a_11974_8436# GND 0.01577f ; **FLOATING
C3698 _153_.Y GND 0.77113f ; **FLOATING
C3699 _162_.B GND 1.0548f ; **FLOATING
C3700 a_12110_8784# GND 0.01081f ; **FLOATING
C3701 a_10989_8784# GND 0.22997f ; **FLOATING
C3702 a_10784_8522# GND 0.04429f
C3703 a_11731_8698# GND 0.23985f ; **FLOATING
C3704 _164_.B1 GND 0.47231f ; **FLOATING
C3705 _145_.X GND 2.43201f ; **FLOATING
C3706 _160_.X GND 0.75284f ; **FLOATING
C3707 a_9928_8522# GND 0.08454f
C3708 _170_.Y GND 0.14547f ; **FLOATING
C3709 a_7634_8802# GND 0.01188f ; **FLOATING
C3710 a_8488_8436# GND 0.16963f ; **FLOATING
C3711 a_8014_8492# GND 0.14352f ; **FLOATING
C3712 a_6677_8806# GND 0.08169f ; **FLOATING
C3713 a_6528_8475# GND 0.19256f ; **FLOATING
C3714 a_6184_8522# GND 0.10159f
C3715 a_5242_8806# GND 0.01276f ; **FLOATING
C3716 a_3601_8797# GND 0.058f ; **FLOATING
C3717 a_4362_8436# GND 0.18815f ; **FLOATING
C3718 a_3695_8797# GND 0.26603f ; **FLOATING
C3719 a_3952_8678# GND 0.14495f ; **FLOATING
C3720 a_2955_8447# GND 0.19706f ; **FLOATING
C3721 a_2724_8861# GND 0.03692f ; **FLOATING
C3722 a_2853_8447# GND 0.42614f ; **FLOATING
C3723 a_2436_8440# GND 0.89703f ; **FLOATING
C3724 a_2410_8404# GND 0.08392f ; **FLOATING
C3725 a_2150_8874# GND 0.11278f ; **FLOATING
C3726 _218_.Y GND 0.59972f ; **FLOATING
C3727 _122_.X GND 0.17905f ; **FLOATING
C3728 a_17120_9318# GND 0.08f
C3729 a_15985_9263# GND 0.05795f ; **FLOATING
C3730 a_15108_9199# GND 0.03671f ; **FLOATING
C3731 a_16746_9484# GND 0.17927f ; **FLOATING
C3732 a_16336_9406# GND 0.14519f ; **FLOATING
C3733 a_16079_9263# GND 0.26263f ; **FLOATING
C3734 a_15339_9308# GND 0.19553f ; **FLOATING
C3735 a_15237_9165# GND 0.42374f ; **FLOATING
C3736 a_14820_9504# GND 0.8961f ; **FLOATING
C3737 a_14534_9186# GND 0.11222f ; **FLOATING
C3738 a_14794_9409# GND 0.08292f ; **FLOATING
C3739 _213_.Y GND 0.20725f ; **FLOATING
C3740 a_14056_9318# GND 0.08592f
C3741 a_11185_9263# GND 0.0579f ; **FLOATING
C3742 a_10308_9199# GND 0.03671f ; **FLOATING
C3743 a_11946_9484# GND 0.18618f ; **FLOATING
C3744 a_11536_9406# GND 0.1472f ; **FLOATING
C3745 a_11279_9263# GND 0.26533f ; **FLOATING
C3746 a_9269_9190# GND 0.08105f ; **FLOATING
C3747 a_8705_9212# GND 0.01137f ; **FLOATING
C3748 a_10539_9308# GND 0.19456f ; **FLOATING
C3749 a_10437_9165# GND 0.43989f ; **FLOATING
C3750 a_10020_9504# GND 0.89935f ; **FLOATING
C3751 a_9734_9186# GND 0.11222f ; **FLOATING
C3752 _228_.Y GND 0.64377f ; **FLOATING
C3753 a_9994_9409# GND 0.0828f ; **FLOATING
C3754 _172_.Y GND 0.19302f ; **FLOATING
C3755 a_7841_9212# GND 0.01135f ; **FLOATING
C3756 a_7520_9318# GND 0.03769f
C3757 a_7336_9318# GND 0.07691f
C3758 a_6962_9194# GND 0.01187f ; **FLOATING
C3759 a_6483_9212# GND 0.01139f ; **FLOATING
C3760 a_6106_9190# GND 0.01019f ; **FLOATING
C3761 a_9120_9501# GND 0.18587f ; **FLOATING
C3762 _180_.X GND 0.4571f ; **FLOATING
C3763 _170_.B GND 0.53357f ; **FLOATING
C3764 _165_.Y GND 0.37996f ; **FLOATING
C3765 _168_.Y GND 0.47964f ; **FLOATING
C3766 a_5800_9318# GND 0.08394f
C3767 a_4928_9318# GND 0.04594f
C3768 a_4744_9318# GND 0.08188f
C3769 a_3601_9263# GND 0.05799f ; **FLOATING
C3770 a_2724_9199# GND 0.03671f ; **FLOATING
C3771 _168_.A GND 0.9331f ; **FLOATING
C3772 _168_.B GND 0.61457f ; **FLOATING
C3773 a_5201_9240# GND 0.16955f ; **FLOATING
C3774 _136_.A GND 3.22587f ; **FLOATING
C3775 a_4362_9484# GND 0.18077f ; **FLOATING
C3776 a_3952_9406# GND 0.14639f ; **FLOATING
C3777 a_3695_9263# GND 0.26569f ; **FLOATING
C3778 _243_.CLK GND 2.47717f ; **FLOATING
C3779 a_2955_9308# GND 0.19555f ; **FLOATING
C3780 a_2853_9165# GND 0.42491f ; **FLOATING
C3781 a_2436_9504# GND 0.89616f ; **FLOATING
C3782 a_2150_9186# GND 0.11099f ; **FLOATING
C3783 a_2410_9409# GND 0.0826f ; **FLOATING
C3784 _219_.Y GND 0.59588f ; **FLOATING
C3785 a_17120_10034# GND 0.0894f
C3786 _260_.RESET_B GND 0.55604f ; **FLOATING
C3787 _171_.Y GND 0.5638f ; **FLOATING
C3788 a_8050_10326# GND 0.12569f ; **FLOATING
C3789 a_7808_10034# GND 0.03893f
C3790 a_7624_10034# GND 0.07413f
C3791 _164_.Y GND 1.07939f ; **FLOATING
C3792 _183_.Y GND 0.15053f ; **FLOATING
C3793 _185_.Y GND 0.19973f ; **FLOATING
C3794 a_7251_10296# GND 0.01118f ; **FLOATING
C3795 _171_.A GND 0.51513f ; **FLOATING
C3796 _184_.Y GND 0.18245f ; **FLOATING
C3797 _178_.Y GND 0.32942f ; **FLOATING
C3798 _177_.X GND 0.24697f ; **FLOATING
C3799 a_6124_9945# GND 0.10962f ; **FLOATING
C3800 _174_.Y GND 0.39269f ; **FLOATING
C3801 _173_.Y GND 0.86662f ; **FLOATING
C3802 a_1864_10034# GND 0.09605f
C3803 _246_.D GND 0.1797f ; **FLOATING
C3804 _122_.A0 GND 1.51173f ; **FLOATING
C3805 a_2232_10210# GND 0.15293f ; **FLOATING
C3806 a_2126_10214# GND 0.32468f ; **FLOATING
C3807 a_17032_10830# GND 0.1218f
C3808 a_14753_10724# GND 0.01118f ; **FLOATING
C3809 a_14432_10830# GND 0.04449f
C3810 a_8501_10702# GND 0.08117f ; **FLOATING
C3811 a_8352_11013# GND 0.20032f ; **FLOATING
C3812 _181_.Y GND 0.32091f ; **FLOATING
C3813 _179_.Y GND 0.82101f ; **FLOATING
C3814 a_3592_10830# GND 0.08614f
C3815 a_3886_10702# GND 1.55432f ; **FLOATING
C3816 a_17120_11546# GND 0.08024f
C3817 a_15985_11821# GND 0.05798f ; **FLOATING
C3818 a_16746_11460# GND 0.18141f ; **FLOATING
C3819 a_16079_11821# GND 0.2652f ; **FLOATING
C3820 a_16336_11702# GND 0.14407f ; **FLOATING
C3821 a_15339_11471# GND 0.19599f ; **FLOATING
C3822 a_15108_11885# GND 0.03671f ; **FLOATING
C3823 a_15237_11471# GND 0.43065f ; **FLOATING
C3824 a_14820_11464# GND 0.89727f ; **FLOATING
C3825 a_14794_11428# GND 0.08278f ; **FLOATING
C3826 a_14534_11898# GND 0.11099f ; **FLOATING
C3827 a_13985_11808# GND 0.01118f ; **FLOATING
C3828 _236_.Y GND 0.58045f ; **FLOATING
C3829 _131_.Y GND 0.16462f ; **FLOATING
C3830 a_13025_11808# GND 0.01118f ; **FLOATING
C3831 a_12704_11546# GND 0.04369f
C3832 _132_.Y GND 0.24818f ; **FLOATING
C3833 _178_.B1 GND 0.64283f ; **FLOATING
C3834 a_6485_11830# GND 0.08213f ; **FLOATING
C3835 a_6336_11499# GND 0.19725f ; **FLOATING
C3836 a_6080_11546# GND 0.04708f
C3837 a_1952_11546# GND 0.04561f
C3838 _173_.A GND 1.54302f ; **FLOATING
C3839 a_2232_11722# GND 0.15554f ; **FLOATING
C3840 a_2126_11726# GND 0.32104f ; **FLOATING
C3841 a_1192_11460# GND 0.20706f ; **FLOATING
C3842 a_17032_12342# GND 0.1201f
C3843 a_15889_12287# GND 0.05791f ; **FLOATING
C3844 a_15012_12223# GND 0.03671f ; **FLOATING
C3845 a_16650_12508# GND 0.17979f ; **FLOATING
C3846 a_16240_12430# GND 0.1468f ; **FLOATING
C3847 a_15983_12287# GND 0.26505f ; **FLOATING
C3848 a_15243_12332# GND 0.19571f ; **FLOATING
C3849 a_15141_12189# GND 0.43179f ; **FLOATING
C3850 a_14724_12528# GND 0.89558f ; **FLOATING
C3851 a_14438_12210# GND 0.11033f ; **FLOATING
C3852 _129_.Y GND 0.23263f ; **FLOATING
C3853 _235_.Y GND 0.61384f ; **FLOATING
C3854 a_14698_12433# GND 0.08295f ; **FLOATING
C3855 a_13297_12287# GND 0.0579f ; **FLOATING
C3856 a_12420_12223# GND 0.03671f ; **FLOATING
C3857 a_14058_12508# GND 0.17665f ; **FLOATING
C3858 a_13648_12430# GND 0.14656f ; **FLOATING
C3859 a_13391_12287# GND 0.26421f ; **FLOATING
C3860 a_12651_12332# GND 0.19406f ; **FLOATING
C3861 a_12549_12189# GND 0.44607f ; **FLOATING
C3862 a_12132_12528# GND 0.89645f ; **FLOATING
C3863 a_11846_12210# GND 0.1133f ; **FLOATING
C3864 _126_.Y GND 0.48554f ; **FLOATING
C3865 a_12106_12433# GND 0.0825f ; **FLOATING
C3866 _261_.RESET_B GND 0.61924f ; **FLOATING
C3867 a_11456_12342# GND 0.04163f
C3868 a_10321_12287# GND 0.05794f ; **FLOATING
C3869 a_9444_12223# GND 0.03672f ; **FLOATING
C3870 a_11082_12508# GND 0.17784f ; **FLOATING
C3871 a_10672_12430# GND 0.14529f ; **FLOATING
C3872 a_10415_12287# GND 0.26677f ; **FLOATING
C3873 _251_.CLK GND 3.9495f ; **FLOATING
C3874 a_9675_12332# GND 0.19482f ; **FLOATING
C3875 a_9573_12189# GND 0.43964f ; **FLOATING
C3876 a_9156_12528# GND 0.89584f ; **FLOATING
C3877 a_8870_12210# GND 0.1127f ; **FLOATING
C3878 _182_.Y GND 0.41277f ; **FLOATING
C3879 a_9130_12433# GND 0.08324f ; **FLOATING
C3880 _256_.RESET_B GND 0.59483f ; **FLOATING
C3881 a_6482_12218# GND 0.01261f ; **FLOATING
C3882 _176_.A GND 1.26155f ; **FLOATING
C3883 a_6272_12342# GND 0.04352f
C3884 a_4858_12214# GND 0.01132f ; **FLOATING
C3885 _176_.B GND 0.91189f ; **FLOATING
C3886 a_4552_12342# GND 0.0836f
C3887 a_3409_12287# GND 0.05788f ; **FLOATING
C3888 a_2532_12223# GND 0.03672f ; **FLOATING
C3889 a_5297_12264# GND 0.15578f ; **FLOATING
C3890 a_4170_12508# GND 0.18135f ; **FLOATING
C3891 a_3760_12430# GND 0.14465f ; **FLOATING
C3892 a_3503_12287# GND 0.26253f ; **FLOATING
C3893 a_2763_12332# GND 0.1947f ; **FLOATING
C3894 a_2661_12189# GND 0.44024f ; **FLOATING
C3895 a_2244_12528# GND 0.89728f ; **FLOATING
C3896 a_1958_12210# GND 0.11114f ; **FLOATING
C3897 _120_.X GND 0.28429f ; **FLOATING
C3898 a_2218_12433# GND 0.08248f ; **FLOATING
C3899 _220_.Y GND 0.56898f ; **FLOATING
C3900 a_1568_12342# GND 0.04371f
C3901 _131_.B1 GND 0.26483f ; **FLOATING
C3902 a_14451_13320# GND 0.01118f ; **FLOATING
C3903 a_14240_13058# GND 0.04039f
C3904 _260_.CLK GND 1.55399f ; **FLOATING
C3905 _129_.B1 GND 0.24628f ; **FLOATING
C3906 a_13366_13350# GND 0.12498f ; **FLOATING
C3907 a_5084_12972# GND 0.01679f ; **FLOATING
C3908 a_6881_13320# GND 0.01161f ; **FLOATING
C3909 a_12886_13350# GND 0.15463f ; **FLOATING
C3910 _126_.B1 GND 0.81352f ; **FLOATING
C3911 _131_.A2 GND 1.13416f ; **FLOATING
C3912 _133_.Y GND 0.40451f ; **FLOATING
C3913 _128_.B1 GND 0.28831f ; **FLOATING
C3914 _192_.B GND 0.31233f ; **FLOATING
C3915 _187_.Y GND 0.50915f ; **FLOATING
C3916 _192_.C GND 0.2911f ; **FLOATING
C3917 a_6197_13342# GND 0.08209f ; **FLOATING
C3918 a_6048_13011# GND 0.18955f ; **FLOATING
C3919 a_5178_13330# GND 0.013f ; **FLOATING
C3920 a_4640_13058# GND 0.03938f
C3921 a_4456_13058# GND 0.08019f
C3922 a_4913_13330# GND 0.17827f ; **FLOATING
C3923 a_3313_13333# GND 0.05792f ; **FLOATING
C3924 a_4074_12972# GND 0.18f ; **FLOATING
C3925 a_3407_13333# GND 0.26293f ; **FLOATING
C3926 a_3664_13214# GND 0.14343f ; **FLOATING
C3927 a_2667_12983# GND 0.19274f ; **FLOATING
C3928 a_2436_13397# GND 0.03671f ; **FLOATING
C3929 a_2565_12983# GND 0.44144f ; **FLOATING
C3930 a_2148_12976# GND 0.89724f ; **FLOATING
C3931 a_2122_12940# GND 0.0821f ; **FLOATING
C3932 a_1862_13410# GND 0.11748f ; **FLOATING
C3933 _221_.Y GND 0.77615f ; **FLOATING
C3934 a_1580_12936# GND 0.14635f ; **FLOATING
C3935 _215_.A GND 3.17571f ; **FLOATING
C3936 a_17120_13854# GND 0.08212f
C3937 a_12808_13854# GND 0.09782f
C3938 a_13100_13686# GND 0.16931f ; **FLOATING
C3939 a_10321_13799# GND 0.05795f ; **FLOATING
C3940 a_9444_13735# GND 0.03671f ; **FLOATING
C3941 a_11082_14020# GND 0.18342f ; **FLOATING
C3942 a_10672_13942# GND 0.14529f ; **FLOATING
C3943 a_10415_13799# GND 0.2633f ; **FLOATING
C3944 a_9675_13844# GND 0.1968f ; **FLOATING
C3945 a_9573_13701# GND 0.43856f ; **FLOATING
C3946 a_9156_14040# GND 0.89768f ; **FLOATING
C3947 a_8870_13722# GND 0.1127f ; **FLOATING
C3948 a_9130_13945# GND 0.08329f ; **FLOATING
C3949 _230_.Y GND 0.60006f ; **FLOATING
C3950 _194_.X GND 0.35685f ; **FLOATING
C3951 a_6760_13854# GND 0.08506f
C3952 a_6106_13726# GND 0.01021f ; **FLOATING
C3953 _192_.Y GND 0.31424f ; **FLOATING
C3954 a_5888_13854# GND 0.03774f
C3955 a_5704_13854# GND 0.08126f
C3956 a_7985_13776# GND 0.14526f ; **FLOATING
C3957 a_6958_13764# GND 0.15509f ; **FLOATING
C3958 _190_.A GND 1.31173f ; **FLOATING
C3959 _189_.X GND 0.69132f ; **FLOATING
C3960 clkbuf_1_0__f_sclk.A GND 3.36885f ; **FLOATING
C3961 a_3380_13690# GND 1.5746f ; **FLOATING
C3962 clkload0.Y GND 0.08172f ; **FLOATING
C3963 _120_.A0 GND 1.08271f ; **FLOATING
C3964 a_2232_13916# GND 0.1282f ; **FLOATING
C3965 a_1864_13854# GND 0.0965f
C3966 _119_.X GND 0.3166f ; **FLOATING
C3967 a_2126_13912# GND 0.32225f ; **FLOATING
C3968 a_7553_14832# GND 0.01135f ; **FLOATING
C3969 a_7232_14570# GND 0.05167f
C3970 a_17032_15366# GND 0.1196f
C3971 _263_.CLK GND 1.39256f ; **FLOATING
C3972 a_15505_15311# GND 0.058f ; **FLOATING
C3973 a_14628_15247# GND 0.03671f ; **FLOATING
C3974 a_16266_15532# GND 0.18592f ; **FLOATING
C3975 a_15856_15454# GND 0.14811f ; **FLOATING
C3976 a_15599_15311# GND 0.26097f ; **FLOATING
C3977 a_14859_15356# GND 0.19401f ; **FLOATING
C3978 a_14757_15213# GND 0.4355f ; **FLOATING
C3979 a_14340_15552# GND 0.89564f ; **FLOATING
C3980 a_14054_15234# GND 0.11099f ; **FLOATING
C3981 a_14314_15457# GND 0.0821f ; **FLOATING
C3982 _239_.Y GND 0.57082f ; **FLOATING
C3983 _134_.Y GND 0.41838f ; **FLOATING
C3984 a_12992_15437# GND 0.11296f ; **FLOATING
C3985 a_12424_15366# GND 0.08554f
C3986 a_5906_15242# GND 0.01205f ; **FLOATING
C3987 a_5427_15260# GND 0.01169f ; **FLOATING
C3988 a_5050_15238# GND 0.0165f ; **FLOATING
C3989 _193_.Y GND 0.99926f ; **FLOATING
C3990 a_7616_15437# GND 0.11276f ; **FLOATING
C3991 _186_.Y GND 1.46063f ; **FLOATING
C3992 _205_.B1 GND 0.1827f ; **FLOATING
C3993 _191_.Y GND 0.83514f ; **FLOATING
C3994 a_6286_15276# GND 0.14875f ; **FLOATING
C3995 _200_.Y GND 0.27042f ; **FLOATING
C3996 _199_.Y GND 0.58503f ; **FLOATING
C3997 a_4744_15366# GND 0.08443f
C3998 _195_.Y GND 0.36651f ; **FLOATING
C3999 _196_.Y GND 0.60944f ; **FLOATING
C4000 _148_.B GND 4.00355f ; **FLOATING
C4001 _119_.A0 GND 1.60104f ; **FLOATING
C4002 a_2232_15428# GND 0.15229f ; **FLOATING
C4003 a_1864_15366# GND 0.09549f
C4004 a_2126_15424# GND 0.325f ; **FLOATING
C4005 a_17032_16082# GND 0.12983f
C4006 _264_.Q GND 0.29241f ; **FLOATING
C4007 a_13969_16357# GND 0.05793f ; **FLOATING
C4008 a_14730_15996# GND 0.17805f ; **FLOATING
C4009 a_14063_16357# GND 0.26059f ; **FLOATING
C4010 a_14320_16238# GND 0.14344f ; **FLOATING
C4011 a_13323_16007# GND 0.19563f ; **FLOATING
C4012 a_13092_16421# GND 0.03671f ; **FLOATING
C4013 a_12416_16082# GND 0.03887f
C4014 a_13221_16007# GND 0.44559f ; **FLOATING
C4015 a_12804_16000# GND 0.89627f ; **FLOATING
C4016 a_12778_15964# GND 0.08287f ; **FLOATING
C4017 a_12518_16434# GND 0.12044f ; **FLOATING
C4018 _237_.Y GND 0.52569f ; **FLOATING
C4019 _135_.X GND 0.2521f ; **FLOATING
C4020 a_11944_16082# GND 0.08417f
C4021 a_11168_16082# GND 0.04075f
C4022 a_9073_16357# GND 0.0579f ; **FLOATING
C4023 a_9834_15996# GND 0.18364f ; **FLOATING
C4024 a_9167_16357# GND 0.26492f ; **FLOATING
C4025 a_9424_16238# GND 0.14492f ; **FLOATING
C4026 a_8427_16007# GND 0.19521f ; **FLOATING
C4027 a_8196_16421# GND 0.03671f ; **FLOATING
C4028 a_8325_16007# GND 0.42996f ; **FLOATING
C4029 a_7908_16000# GND 0.89496f ; **FLOATING
C4030 a_7882_15964# GND 0.08235f ; **FLOATING
C4031 a_7622_16434# GND 0.11051f ; **FLOATING
C4032 _258_.D GND 0.15506f ; **FLOATING
C4033 a_7157_16366# GND 0.08106f ; **FLOATING
C4034 a_7008_16035# GND 0.1899f ; **FLOATING
C4035 a_5147_15996# GND 0.0171f ; **FLOATING
C4036 _202_.Y GND 0.31592f ; **FLOATING
C4037 a_5249_16344# GND 0.01579f ; **FLOATING
C4038 a_4928_16082# GND 0.04539f
C4039 _201_.Y GND 0.50283f ; **FLOATING
C4040 _207_.B1 GND 0.27146f ; **FLOATING
C4041 a_4462_16052# GND 0.14633f ; **FLOATING
C4042 a_3313_16357# GND 0.05791f ; **FLOATING
C4043 a_4074_15996# GND 0.18119f ; **FLOATING
C4044 a_3407_16357# GND 0.26339f ; **FLOATING
C4045 a_3664_16238# GND 0.14351f ; **FLOATING
C4046 a_2667_16007# GND 0.1944f ; **FLOATING
C4047 a_2436_16421# GND 0.03671f ; **FLOATING
C4048 a_2565_16007# GND 0.42526f ; **FLOATING
C4049 a_2148_16000# GND 0.89638f ; **FLOATING
C4050 a_2122_15964# GND 0.08194f ; **FLOATING
C4051 a_1862_16434# GND 0.11099f ; **FLOATING
C4052 a_17120_16878# GND 0.08131f
C4053 a_14830_16746# GND 0.05791f ; **FLOATING
C4054 a_15722_16904# GND 0.03671f ; **FLOATING
C4055 _211_.Y GND 0.61975f ; **FLOATING
C4056 a_15861_16904# GND 0.08337f ; **FLOATING
C4057 a_15767_17137# GND 0.13028f ; **FLOATING
C4058 a_14940_16710# GND 0.89605f ; **FLOATING
C4059 a_14919_16964# GND 0.19514f ; **FLOATING
C4060 a_14572_16746# GND 0.14398f ; **FLOATING
C4061 a_15071_17016# GND 0.44096f ; **FLOATING
C4062 _238_.Y GND 0.85067f ; **FLOATING
C4063 a_14048_16878# GND 0.04553f
C4064 _135_.A GND 0.74592f ; **FLOATING
C4065 _266_.CLK GND 1.0064f ; **FLOATING
C4066 a_12529_16823# GND 0.05794f ; **FLOATING
C4067 a_11652_16759# GND 0.03671f ; **FLOATING
C4068 a_14359_16710# GND 0.26402f ; **FLOATING
C4069 a_14240_16921# GND 0.17955f ; **FLOATING
C4070 a_13290_17044# GND 0.18284f ; **FLOATING
C4071 a_12880_16966# GND 0.14446f ; **FLOATING
C4072 a_12623_16823# GND 0.26211f ; **FLOATING
C4073 a_11883_16868# GND 0.19254f ; **FLOATING
C4074 a_11781_16725# GND 0.44349f ; **FLOATING
C4075 a_11364_17064# GND 0.89574f ; **FLOATING
C4076 a_11078_16746# GND 0.12096f ; **FLOATING
C4077 _212_.Y GND 0.47468f ; **FLOATING
C4078 a_10888_16878# GND 0.07936f
C4079 _241_.Y GND 0.71446f ; **FLOATING
C4080 a_11338_16969# GND 0.08221f ; **FLOATING
C4081 a_9457_16823# GND 0.05791f ; **FLOATING
C4082 a_8580_16759# GND 0.03671f ; **FLOATING
C4083 a_10218_17044# GND 0.17622f ; **FLOATING
C4084 a_9808_16966# GND 0.14633f ; **FLOATING
C4085 a_9551_16823# GND 0.26242f ; **FLOATING
C4086 fanout7.A GND 3.83068f ; **FLOATING
C4087 a_8811_16868# GND 0.19333f ; **FLOATING
C4088 a_8709_16725# GND 0.43943f ; **FLOATING
C4089 a_8292_17064# GND 0.89614f ; **FLOATING
C4090 a_8006_16746# GND 0.11203f ; **FLOATING
C4091 a_8266_16969# GND 0.08356f ; **FLOATING
C4092 _259_.RESET_B GND 0.59932f ; **FLOATING
C4093 _258_.RESET_B GND 0.75473f ; **FLOATING
C4094 a_7328_16878# GND 0.04134f
C4095 a_6869_16750# GND 0.0813f ; **FLOATING
C4096 _209_.Y GND 0.2287f ; **FLOATING
C4097 a_6376_16878# GND 0.08995f
C4098 a_5525_16750# GND 0.0819f ; **FLOATING
C4099 _199_.B1 GND 0.52448f ; **FLOATING
C4100 a_4796_17044# GND 0.0108f ; **FLOATING
C4101 a_3313_16823# GND 0.05791f ; **FLOATING
C4102 a_2436_16759# GND 0.03671f ; **FLOATING
C4103 a_6720_17061# GND 0.18438f ; **FLOATING
C4104 _208_.X GND 0.38197f ; **FLOATING
C4105 _205_.Y GND 0.88577f ; **FLOATING
C4106 a_5376_17061# GND 0.19643f ; **FLOATING
C4107 _207_.A1 GND 0.93038f ; **FLOATING
C4108 a_4625_16800# GND 0.15813f ; **FLOATING
C4109 _207_.Y GND 0.62389f ; **FLOATING
C4110 a_4074_17044# GND 0.182f ; **FLOATING
C4111 a_3664_16966# GND 0.14516f ; **FLOATING
C4112 a_3407_16823# GND 0.26327f ; **FLOATING
C4113 _247_.CLK GND 1.96312f ; **FLOATING
C4114 a_2667_16868# GND 0.19452f ; **FLOATING
C4115 a_2565_16725# GND 0.42405f ; **FLOATING
C4116 a_2148_17064# GND 0.89637f ; **FLOATING
C4117 a_1862_16746# GND 0.11736f ; **FLOATING
C4118 _118_.X GND 0.29157f ; **FLOATING
C4119 _222_.Y GND 0.58822f ; **FLOATING
C4120 a_2122_16969# GND 0.08194f ; **FLOATING
C4121 a_1580_16710# GND 0.14988f ; **FLOATING
C4122 _250_.RESET_B GND 0.87079f ; **FLOATING
C4123 _222_.A GND 1.43068f ; **FLOATING
C4124 a_17032_17594# GND 0.13152f
C4125 _214_.A GND 0.44758f ; **FLOATING
C4126 a_11185_17869# GND 0.05788f ; **FLOATING
C4127 a_11946_17508# GND 0.18436f ; **FLOATING
C4128 a_11279_17869# GND 0.26342f ; **FLOATING
C4129 a_11536_17750# GND 0.14226f ; **FLOATING
C4130 a_10539_17519# GND 0.19183f ; **FLOATING
C4131 a_10308_17933# GND 0.03671f ; **FLOATING
C4132 a_10437_17519# GND 0.43952f ; **FLOATING
C4133 a_10020_17512# GND 0.89842f ; **FLOATING
C4134 a_9994_17476# GND 0.08191f ; **FLOATING
C4135 a_9734_17946# GND 0.11054f ; **FLOATING
C4136 a_9160_17594# GND 0.09791f
C4137 _240_.Y GND 0.55369f ; **FLOATING
C4138 _214_.Y GND 0.46042f ; **FLOATING
C4139 a_9352_17508# GND 0.1598f ; **FLOATING
C4140 _207_.A2 GND 0.61991f ; **FLOATING
C4141 a_4661_17878# GND 0.0854f ; **FLOATING
C4142 a_4512_17547# GND 0.21245f ; **FLOATING
C4143 fanout6.A GND 1.81751f ; **FLOATING
C4144 a_1952_17594# GND 0.04509f
C4145 _250_.D GND 0.27776f ; **FLOATING
C4146 _124_.S GND 3.01979f ; **FLOATING
C4147 _118_.A0 GND 0.92513f ; **FLOATING
C4148 _250_.Q GND 0.67823f ; **FLOATING
C4149 a_2232_17770# GND 0.15229f ; **FLOATING
C4150 a_2126_17774# GND 0.3235f ; **FLOATING
C4151 fanout8.A GND 2.47276f ; **FLOATING
C4152 a_1192_17508# GND 0.20549f ; **FLOATING
C4153 a_9928_18390# GND 0.09885f
C4154 _236_.A GND 3.25084f ; **FLOATING
C4155 _225_.A GND 8.05701f ; **FLOATING
C4156 a_10220_18222# GND 0.16933f ; **FLOATING
C4157 _225_.A.t2 GND 0.20907f ; **FLOATING
C4158 _225_.A.t4 GND 0.2091f ; **FLOATING
C4159 _225_.A.n0 GND 2.05982f ; **FLOATING
C4160 _225_.A.t3 GND 0.20906f ; **FLOATING
C4161 _225_.A.n1 GND 1.4664f ; **FLOATING
C4162 _225_.A.t1 GND 0.20906f ; **FLOATING
C4163 _225_.A.n2 GND 1.13827f ; **FLOATING
C4164 _225_.A.n3 GND 1.88338f ; **FLOATING
C4165 _225_.A.n4 GND 1.74837f ; **FLOATING
C4166 _225_.A.n5 GND 1.44634f ; **FLOATING
C4167 _225_.A.n6 GND 1.80798f ; **FLOATING
C4168 _225_.A.t0 GND 0.17649f ; **FLOATING
.ends

