GDS input file passed, running in LVS mode
Found cell BANDGAP_REF in GDS /foss/designs/unicasss-tools/SG13G2_2.4GHz_LC_VCO_FPLL/gds/blocks/BANDGAP_REF.gds (only top cell)
LVS input schematic not specified (argument --schematic), using dummy schematic
Calling MAGIC
magic -dnull -noconsole -rcfile /foss/pdks/ihp-sg13g2/libs.tech/magic/ihp-sg13g2.magicrc /foss/designs/unicasss-tools/SG13G2_2.4GHz_LC_VCO_FPLL/pex/BANDGAP_REF__BANDGAP_REF/magic_RC/BANDGAP_REF_MAGIC_RC_Script.tcl, output file: /foss/designs/unicasss-tools/SG13G2_2.4GHz_LC_VCO_FPLL/pex/BANDGAP_REF__BANDGAP_REF/magic_RC/BANDGAP_REF_MAGIC_RC_Output.txt

Magic 8.3 revision 681 - Compiled on Tue Aug 25 11:50:23 AM CEST 2026.
Starting magic under Tcl interpreter
Using the terminal as the console.
WARNING: RLIMIT_NOFILE is above 1024 and Tcl_Version<9 this may cause runtime issues [rlim_cur=1048576]
Using NULL graphics device.
Processing system .magicrc file
Switching to WIRING tool.
Switching to NETLIST tool.
Switching to PICK tool.
Switching to BOX tool.
Sourcing design .magicrc for technology ihp-sg13g2 ...
2 Magic internal units = 1 Lambda
Input style sg13g2(): scaleFactor=2, multiplier=2
The following types are not handled by extraction and will be treated as non-electrical types:
    pblock sealcont difffill nemitter hvnemitter hvisodiffres sealvia1 sealvia2 sealvia3 sealvia4 sealvia5 sealvia6 pillar solder seal glass thruvia inductor 
Scaled tech values by 2 / 1 to match internal grid scaling
Loading ihp-sg13g2 Device Generator Menu ...
Loading "/foss/designs/unicasss-tools/SG13G2_2.4GHz_LC_VCO_FPLL/pex/BANDGAP_REF__BANDGAP_REF/magic_RC/BANDGAP_REF_MAGIC_RC_Script.tcl" from command line.
Warning: Calma reading is not undoable!  I hope that's OK.
Library written using GDS-II Release 6.0
Library name: LIB
Reading "$$$CONTEXT_INFO$$$".
Reading "via_stack$1".
Reading "rppd".
Reading "BANDGAP_REF".
CIF file read warning: CIF style sg13g2(): units rescaled by factor of 5 / 1
Error while reading cell "BANDGAP_REF" (byte position 3537528): Unknown layer/datatype in boundary, layer=236 type=0
Extracting BANDGAP_REF into /foss/designs/unicasss-tools/SG13G2_2.4GHz_LC_VCO_FPLL/pex/BANDGAP_REF__BANDGAP_REF/magic_RC/BANDGAP_REF.ext:
Processing BANDGAP_REF
exttosim finished.
Note:  This option has been deprecated and is unused.
Extracting a_4707_16560#
Extracting a_3822_10479#
Extracting a_n7059_10169#
Extracting GND
Warning:  Orphaned node "GND" arbitrarily attached to "GND.n0"
Extracting VDD
Warning: via5 at -7966 19289 smaller than extract section allows
Warning:  Orphaned node "VDD" arbitrarily attached to "VDD.n0"
Extracting VBGR
Total Nets: 52
Nets extracted: 6 (0.115385)
Nets output: 3 (0.057692)
exttospice finished.
MAGIC succeeded after 7.81s
Report DB saved at: /foss/designs/unicasss-tools/SG13G2_2.4GHz_LC_VCO_FPLL/pex/BANDGAP_REF__BANDGAP_REF/magic_RC/BANDGAP_REF_MAGIC_report.rdb.gz
SPICE netlist saved at: /foss/designs/unicasss-tools/SG13G2_2.4GHz_LC_VCO_FPLL/pex/BANDGAP_REF__BANDGAP_REF/magic_RC/BANDGAP_REF.pex.spice
* NGSPICE file created from BANDGAP_REF.ext - technology: ihp-sg13g2

.subckt BANDGAP_REF VDD GND VBGR
X0 VDD.t24 VDD.t23 a_3630_15211# VDD.t17 sg13_lv_pmos ad=1.2376p pd=7.96u as=1.2376p ps=7.96u w=3.64u l=3.7u
X1 a_n7059_10169.t2 a_3822_10479# VDD.t52 VDD.t38 sg13_lv_pmos ad=1.78125p pd=9.755u as=1.78125p ps=9.755u w=9.375u l=2.08u
X2 VDD.t68 GND.t8 cap_cmim l=5u w=5u
X3 a_981_18638# a_n6059_11418# GND.t27 GND.t26 sg13_lv_nmos ad=0.1005p pd=1.34u as=0.1005p ps=1.34u w=0.15u l=10u
X4 VDD.t1 a_n7059_10169.t12 VBGR VDD.t0 sg13_lv_pmos ad=0.38p pd=2.38u as=0.38p ps=2.38u w=2u l=5u
X5 a_n7288_18340# GND.t25 GND.t24 rppd l=38.65u w=0.71u
X6 GND.t55 a_5580_15247# a_n7059_10169.t6 GND.t54 sg13_lv_nmos ad=2.448p pd=15.08u as=1.368p ps=7.58u w=7.2u l=9.75u
X7 a_n6059_10861# a_n7059_10169.t9 VDD.t9 VDD.t0 sg13_lv_pmos ad=0.35625p pd=2.255u as=0.35625p ps=2.255u w=1.875u l=5u
X8 a_n7059_10169.t0 a_3822_10479# VDD.t49 VDD.t38 sg13_lv_pmos ad=1.78125p pd=9.755u as=3.1875p ps=19.43u w=9.375u l=2.08u
X9 a_4707_16560# VDD.t25 VDD.t26 VDD.t17 sg13_lv_pmos ad=1.2376p pd=7.96u as=1.2376p ps=7.96u w=3.64u l=3.7u
X10 VDD.t52 a_3822_10479# a_n7059_10169.t1 VDD.t38 sg13_lv_pmos ad=1.78125p pd=9.755u as=1.78125p ps=9.755u w=9.375u l=2.08u
X11 VDD.t13 a_n7059_10169.t14 VBGR VDD.t0 sg13_lv_pmos ad=0.38p pd=2.38u as=0.38p ps=2.38u w=2u l=5u
X12 VDD.t68 GND.t2 cap_cmim l=5u w=5u
X13 a_3822_10479# a_3822_10479# VDD.t40 VDD.t38 sg13_lv_pmos ad=1.78125p pd=9.755u as=1.78125p ps=9.755u w=9.375u l=2.08u
X14 a_5580_15247# a_3630_15211# GND.t51 GND.t50 sg13_lv_nmos ad=0.2448p pd=2.12u as=0.2448p ps=2.12u w=0.72u l=9.75u
X15 VDD.t68 GND.t4 cap_cmim l=5u w=5u
X16 VDD.t52 a_3822_10479# a_n7059_10169.t2 VDD.t38 sg13_lv_pmos ad=1.78125p pd=9.755u as=1.78125p ps=9.755u w=9.375u l=2.08u
X17 VDD.t48 a_3822_10479# a_4707_16560# VDD.t47 sg13_lv_pmos ad=1.802p pd=11.28u as=1.802p ps=11.28u w=5.3u l=1.95u
X18 GND.t44 a_n6059_10861# a_n6059_11418# GND.t45 sg13_lv_nmos ad=0.33915p pd=2.165u as=0.33915p ps=2.165u w=1.785u l=5u
X19 a_n7289_16017# a_527_16281# GND.t41 rppd l=38.65u w=0.5u
X20 a_3822_10479# a_3822_10479# VDD.t39 VDD.t38 sg13_lv_pmos ad=1.78125p pd=9.755u as=3.1875p ps=19.43u w=9.375u l=2.08u
X21 a_4707_16560# VDD.t16 VDD.t18 VDD.t17 sg13_lv_pmos ad=1.2376p pd=7.96u as=1.2376p ps=7.96u w=3.64u l=3.7u
X22 VDD.t50 a_3822_10479# a_n7059_10169.t0 VDD.t38 sg13_lv_pmos ad=1.78125p pd=9.755u as=1.78125p ps=9.755u w=9.375u l=2.08u
X23 VDD.t40 a_3822_10479# a_3822_10479# VDD.t38 sg13_lv_pmos ad=1.78125p pd=9.755u as=1.78125p ps=9.755u w=9.375u l=2.08u
X24 VDD.t44 a_3822_10479# a_3822_10479# VDD.t38 sg13_lv_pmos ad=1.78125p pd=9.755u as=1.78125p ps=9.755u w=9.375u l=2.08u
X25 a_n6059_11418# a_n7059_10169.t9 VDD.t8 VDD.t0 sg13_lv_pmos ad=0.35625p pd=2.255u as=0.35625p ps=2.255u w=1.875u l=5u
X26 a_n7288_17727# a_528_18033# GND.t24 rppd l=38.65u w=0.71u
X27 a_n6059_10861# a_n7059_10169.t11 VDD.t3 VDD.t0 sg13_lv_pmos ad=0.35625p pd=2.255u as=0.35625p ps=2.255u w=1.875u l=5u
X28 GND.t40 a_n7289_16545# a_n7289_16545# GND.t39 sg13_lv_nmos ad=0.8925p pd=5.93u as=0.49875p ps=3.005u w=2.625u l=5u
X29 a_n7288_17115# a_528_16809# GND.t24 rppd l=38.65u w=0.71u
X30 VDD.t68 GND.t6 cap_cmim l=5u w=5u
X31 a_n7289_16545# a_n7289_16545# GND.t34 GND.t35 sg13_lv_nmos ad=0.49875p pd=3.005u as=0.49875p ps=3.005u w=2.625u l=5u
X32 VDD.t40 a_3822_10479# a_3822_10479# VDD.t38 sg13_lv_pmos ad=1.78125p pd=9.755u as=1.78125p ps=9.755u w=9.375u l=2.08u
X33 a_n7289_15489# a_527_15753# GND.t41 rppd l=38.65u w=0.5u
X34 VDD.t68 GND.t8 cap_cmim l=5u w=5u
X35 a_n7289_16545# a_n7289_16545# GND.t31 GND.t32 sg13_lv_nmos ad=0.49875p pd=3.005u as=0.49875p ps=3.005u w=2.625u l=5u
X36 VDD.t62 a_n7059_10169.t8 a_n6059_10861# VDD.t0 sg13_lv_pmos ad=0.6375p pd=4.43u as=0.35625p ps=2.255u w=1.875u l=5u
X37 a_3630_15211# a_n6059_11418# a_4707_16560# VDD.t17 sg13_lv_pmos ad=1.2376p pd=7.96u as=1.2376p ps=7.96u w=3.64u l=3.7u
X38 a_n7289_15489# a_n6059_10861# GND.t41 rppd l=38.65u w=0.5u
X39 VDD.t68 GND.t0 cap_cmim l=5u w=5u
X40 a_n7059_10169.t3 a_3822_10479# VDD.t52 VDD.t38 sg13_lv_pmos ad=1.78125p pd=9.755u as=1.78125p ps=9.755u w=9.375u l=2.08u
X41 a_n6059_11418# a_n6059_10861# GND.t44 GND.t42 sg13_lv_nmos ad=0.33915p pd=2.165u as=0.33915p ps=2.165u w=1.785u l=5u
X42 a_n7289_16545# a_n7289_16545# GND.t29 GND.t28 sg13_lv_nmos ad=0.49875p pd=3.005u as=0.8925p ps=5.93u w=2.625u l=5u
X43 VDD.t68 GND.t17 cap_cmim l=5u w=5u
X44 a_n6059_11418# a_n7059_10169.t11 VDD.t2 VDD.t0 sg13_lv_pmos ad=0.35625p pd=2.255u as=0.35625p ps=2.255u w=1.875u l=5u
X45 VBGR a_n7059_10169.t9 VDD.t7 VDD.t0 sg13_lv_pmos ad=0.38p pd=2.38u as=0.38p ps=2.38u w=2u l=5u
X46 a_5580_15247# a_n6059_10861# a_4707_16560# VDD.t17 sg13_lv_pmos ad=1.2376p pd=7.96u as=1.2376p ps=7.96u w=3.64u l=3.7u
X47 a_1804_15931# a_981_18638# VDD.t37 VDD.t33 sg13_lv_pmos ad=0.17p pd=1.68u as=0.17p ps=1.68u w=0.5u l=1u
X48 GND.t60 a_527_13669# GND.t41 rppd l=38.65u w=3u
X49 a_n7059_10169.t1 a_3822_10479# VDD.t50 VDD.t38 sg13_lv_pmos ad=1.78125p pd=9.755u as=1.78125p ps=9.755u w=9.375u l=2.08u
X50 a_3822_10479# a_3822_10479# VDD.t44 VDD.t38 sg13_lv_pmos ad=1.78125p pd=9.755u as=1.78125p ps=9.755u w=9.375u l=2.08u
X51 VDD.t56 a_3822_10479# a_n7059_10169.t3 VDD.t38 sg13_lv_pmos ad=3.1875p pd=19.43u as=1.78125p ps=9.755u w=9.375u l=2.08u
X52 VDD.t61 a_n7059_10169.t8 a_n6059_11418# VDD.t0 sg13_lv_pmos ad=0.6375p pd=4.43u as=0.35625p ps=2.255u w=1.875u l=5u
X53 a_981_18638# a_981_18638# VDD.t35 VDD.t33 sg13_lv_pmos ad=0.17p pd=1.68u as=0.17p ps=1.68u w=0.5u l=1u
X54 a_n7289_14961# a_n6059_10861# GND.t41 rppd l=38.65u w=0.5u
X55 GND.t37 a_n7289_16545# a_n7289_16545# GND.t36 sg13_lv_nmos ad=0.49875p pd=3.005u as=0.49875p ps=3.005u w=2.625u l=5u
X56 a_3822_10479# a_3822_10479# VDD.t40 VDD.t38 sg13_lv_pmos ad=1.78125p pd=9.755u as=1.78125p ps=9.755u w=9.375u l=2.08u
X57 VDD.t68 GND.t21 cap_cmim l=5u w=5u
X58 VDD.t46 a_3822_10479# a_3822_10479# VDD.t38 sg13_lv_pmos ad=3.1875p pd=19.43u as=1.78125p ps=9.755u w=9.375u l=2.08u
X59 VBGR a_n7059_10169.t11 VDD.t1 VDD.t0 sg13_lv_pmos ad=0.38p pd=2.38u as=0.38p ps=2.38u w=2u l=5u
X60 VDD.t68 GND.t4 cap_cmim l=5u w=5u
X61 VDD.t60 a_n7059_10169.t8 VBGR VDD.t0 sg13_lv_pmos ad=0.68p pd=4.68u as=0.38p ps=2.38u w=2u l=5u
X62 a_n6059_11418# a_n6059_10861# GND.t47 GND.t46 sg13_lv_nmos ad=0.33915p pd=2.165u as=0.6069p ps=4.25u w=1.785u l=5u
X63 GND.t57 a_5580_15247# a_n7059_10169.t7 GND.t56 sg13_lv_nmos ad=1.368p pd=7.58u as=1.368p ps=7.58u w=7.2u l=9.75u
X64 a_n6059_10861# a_n7059_10169.t15 VDD.t59 VDD.t0 sg13_lv_pmos ad=0.35625p pd=2.255u as=0.6375p ps=4.43u w=1.875u l=5u
X65 a_4707_16560# VDD.t29 VDD.t30 VDD.t17 sg13_lv_pmos ad=1.2376p pd=7.96u as=1.2376p ps=7.96u w=3.64u l=3.7u
X66 a_n6059_10861# a_n7059_10169.t13 VDD.t15 VDD.t0 sg13_lv_pmos ad=0.35625p pd=2.255u as=0.35625p ps=2.255u w=1.875u l=5u
X67 a_4707_16560# VDD.t21 VDD.t22 VDD.t17 sg13_lv_pmos ad=1.2376p pd=7.96u as=1.2376p ps=7.96u w=3.64u l=3.7u
X68 a_n7288_17115# a_528_17421# GND.t24 rppd l=38.65u w=0.71u
X69 VDD.t68 GND.t8 cap_cmim l=5u w=5u
X70 a_n7059_10169.t6 a_5580_15247# GND.t57 GND.t56 sg13_lv_nmos ad=1.368p pd=7.58u as=1.368p ps=7.58u w=7.2u l=9.75u
X71 VDD.t9 a_n7059_10169.t10 a_n6059_10861# VDD.t0 sg13_lv_pmos ad=0.35625p pd=2.255u as=0.35625p ps=2.255u w=1.875u l=5u
X72 a_n6059_11418# a_n7059_10169.t15 VDD.t58 VDD.t0 sg13_lv_pmos ad=0.35625p pd=2.255u as=0.6375p ps=4.43u w=1.875u l=5u
X73 VDD.t67 a_1804_15931# a_n6059_11418# VDD.t66 sg13_lv_pmos ad=0.104p pd=1.34u as=0.104p ps=1.34u w=0.2u l=4u
X74 a_n7289_14961# a_527_14697# GND.t41 rppd l=38.65u w=0.5u
X75 a_5580_15247# a_n7059_10169.t4 cap_cmim l=22.29u w=22.29u
X76 VDD.t34 a_981_18638# a_981_18638# VDD.t33 sg13_lv_pmos ad=0.17p pd=1.68u as=0.17p ps=1.68u w=0.5u l=1u
X77 VDD.t68 GND.t2 cap_cmim l=5u w=5u
X78 VDD.t68 GND.t0 cap_cmim l=5u w=5u
X79 a_3822_10479# GND.t53 GND.t52 rppd l=15u w=0.5u
X80 a_n6059_11418# a_n7059_10169.t13 VDD.t14 VDD.t0 sg13_lv_pmos ad=0.35625p pd=2.255u as=0.35625p ps=2.255u w=1.875u l=5u
X81 a_n7289_14433# a_527_14697# GND.t41 rppd l=38.65u w=0.5u
X82 a_5580_15247# a_n6059_10861# a_4707_16560# VDD.t17 sg13_lv_pmos ad=1.2376p pd=7.96u as=1.2376p ps=7.96u w=3.64u l=3.7u
X83 VDD.t36 a_981_18638# a_1804_15931# VDD.t33 sg13_lv_pmos ad=0.17p pd=1.68u as=0.17p ps=1.68u w=0.5u l=1u
X84 VDD.t68 GND.t19 cap_cmim l=5u w=5u
X85 GND.t31 a_n7289_16545# a_n7289_16545# GND.t30 sg13_lv_nmos ad=0.49875p pd=3.005u as=0.49875p ps=3.005u w=2.625u l=5u
X86 a_n7288_17727# a_528_17421# GND.t24 rppd l=38.65u w=0.71u
X87 a_n7289_16545# a_n7289_16545# GND.t37 GND.t38 sg13_lv_nmos ad=0.49875p pd=3.005u as=0.49875p ps=3.005u w=2.625u l=5u
X88 VDD.t8 a_n7059_10169.t10 a_n6059_11418# VDD.t0 sg13_lv_pmos ad=0.35625p pd=2.255u as=0.35625p ps=2.255u w=1.875u l=5u
X89 VBGR a_528_16809# GND.t24 rppd l=38.65u w=0.71u
X90 VDD.t3 a_n7059_10169.t12 a_n6059_10861# VDD.t0 sg13_lv_pmos ad=0.35625p pd=2.255u as=0.35625p ps=2.255u w=1.875u l=5u
X91 VDD.t27 VDD.t27 a_3630_15211# VDD.t17 sg13_lv_pmos ad=1.2376p pd=7.96u as=1.2376p ps=7.96u w=3.64u l=3.7u
X92 GND.t34 a_n7289_16545# a_n7289_16545# GND.t33 sg13_lv_nmos ad=0.49875p pd=3.005u as=0.49875p ps=3.005u w=2.625u l=5u
X93 a_3630_15211# a_n6059_11418# a_4707_16560# VDD.t17 sg13_lv_pmos ad=1.2376p pd=7.96u as=1.2376p ps=7.96u w=3.64u l=3.7u
X94 a_n7289_16545# a_527_16281# GND.t41 rppd l=38.65u w=0.5u
X95 VBGR a_n7059_10169.t15 VDD.t57 VDD.t0 sg13_lv_pmos ad=0.38p pd=2.38u as=0.68p ps=4.68u w=2u l=5u
X96 a_n7289_14433# a_527_13669# GND.t41 rppd l=38.65u w=0.5u
X97 VDD.t68 GND.t6 cap_cmim l=5u w=5u
X98 VDD.t15 a_n7059_10169.t14 a_n6059_10861# VDD.t0 sg13_lv_pmos ad=0.35625p pd=2.255u as=0.35625p ps=2.255u w=1.875u l=5u
X99 VDD.t20 VDD.t19 a_5580_15247# VDD.t17 sg13_lv_pmos ad=1.2376p pd=7.96u as=1.2376p ps=7.96u w=3.64u l=3.7u
X100 VBGR a_n7059_10169.t13 VDD.t13 VDD.t0 sg13_lv_pmos ad=0.38p pd=2.38u as=0.38p ps=2.38u w=2u l=5u
X101 a_n7059_10169.t7 a_5580_15247# GND.t59 GND.t56 sg13_lv_nmos ad=1.368p pd=7.58u as=2.448p ps=15.08u w=7.2u l=9.75u
X102 VDD.t2 a_n7059_10169.t12 a_n6059_11418# VDD.t0 sg13_lv_pmos ad=0.35625p pd=2.255u as=0.35625p ps=2.255u w=1.875u l=5u
X103 a_1804_15931# GND.t61 cap_cmim l=18.2u w=18.2u
X104 VDD.t32 VDD.t31 a_5580_15247# VDD.t17 sg13_lv_pmos ad=1.2376p pd=7.96u as=1.2376p ps=7.96u w=3.64u l=3.7u
X105 VDD.t68 GND.t15 cap_cmim l=5u w=5u
X106 VDD.t7 a_n7059_10169.t10 VBGR VDD.t0 sg13_lv_pmos ad=0.38p pd=2.38u as=0.38p ps=2.38u w=2u l=5u
X107 GND.t43 a_n6059_10861# a_n6059_11418# GND.t42 sg13_lv_nmos ad=0.6069p pd=4.25u as=0.33915p ps=2.165u w=1.785u l=5u
X108 a_3630_15211# a_3630_15211# GND.t49 GND.t48 sg13_lv_nmos ad=0.2448p pd=2.12u as=0.2448p ps=2.12u w=0.72u l=9.75u
X109 VDD.t14 a_n7059_10169.t14 a_n6059_11418# VDD.t0 sg13_lv_pmos ad=0.35625p pd=2.255u as=0.35625p ps=2.255u w=1.875u l=5u
X110 a_n7289_16017# a_527_15753# GND.t41 rppd l=38.65u w=0.5u
X111 a_n7288_18340# a_528_18033# GND.t24 rppd l=38.65u w=0.71u
C0 a_n7202_18646# VDD 0.19813f
C1 a_n7288_17727# a_n7202_17727# 0.02797f
C2 VBGR a_n7202_16809# 0.06913f
C3 a_n7202_16809# a_n7203_16545# 0.28312f
C4 a_n6059_10861# a_5580_15247# 1.39141f
C5 a_n7203_14961# a_n7203_15225# 0.28316f
C6 a_n6059_11418# a_n7202_16809# 0.03367f
C7 a_981_18638# a_n7202_18340# 0.0122f
C8 VDD a_n7203_13669# 0.04526f
C9 w_1389_15644# a_1804_15931# 0.04315f
C10 w_3320_16060# a_n6059_10861# 0.06145f
C11 a_n7203_14433# a_n7289_16545# 0.28328f
C12 a_n7203_16017# a_n7203_15753# 0.28316f
C13 a_528_17421# a_n7202_17421# 0.02797f
C14 VDD a_3630_15211# 5.53382f
C15 a_3822_10479# a_n6059_10861# 0.12554f
C16 a_n7289_16545# a_n7202_18033# 0.02918f
C17 VDD a_1804_15931# 3.87414f
C18 a_n7289_16017# a_n7203_16281# 0.01946f
C19 a_1804_15931# m3_1900_17599# 0.18012f
C20 a_n7202_18646# a_n7202_18340# 0.28316f
C21 a_n7288_18340# VDD 0.01496f
C22 VDD a_n7202_17727# 0.0906f
C23 a_5580_15247# a_3630_15211# 1.81989f
C24 a_n6059_11418# a_527_15753# 0.01738f
C25 w_1450_16710# a_981_18638# 0.01837f
C26 a_n7202_16809# a_n7289_16545# 0.31907f
C27 a_n6059_10861# a_4707_16560# 0.77777f
C28 a_1804_15931# a_5580_15247# 0.52839f
C29 a_n7203_14961# a_n7289_14961# 0.01946f
C30 a_n6059_11418# a_528_16809# 0.01526f
C31 w_3320_16060# a_3630_15211# 0.08623f
C32 a_3822_10479# a_3630_15211# 0.2287f
C33 w_1450_16710# a_n6059_10861# 0.01046f
C34 w_1389_15644# a_n6059_11418# 0.01462f
C35 VBGR a_n7289_14433# 0.02826f
C36 a_n7203_14697# a_n7289_16545# 0.27223f
C37 a_n7202_17727# a_n7202_17421# 0.28316f
C38 a_527_14697# a_n6059_10861# 0.01925f
C39 VDD VBGR 7.06928f
C40 a_n6059_10861# a_n7203_15489# 0.03922f
C41 a_n6059_10861# a_981_18638# 0.01705f
C42 VDD a_n6059_11418# 6.60712f
C43 a_n6059_11418# m3_1900_17599# 0.13887f
C44 a_n7202_18646# a_981_18638# 0.01155f
C45 a_n7288_18340# a_n7202_18340# 0.02797f
C46 w_n7489_9836# VDD 0.44118f
C47 a_n7289_16545# a_527_15753# 0.01192f
C48 a_527_16281# a_n7203_16281# 0.01946f
C49 a_n7203_14697# a_n7203_14433# 0.28316f
C50 a_4707_16560# a_3630_15211# 2.26037f
C51 a_n6059_11418# a_n7203_16017# 0.01623f
C52 a_n7203_14961# a_527_14697# 0.01946f
C53 a_n6059_11418# a_5580_15247# 0.6691f
C54 a_n7288_17727# a_n7202_18033# 0.02797f
C55 a_n7289_16545# a_n7202_17115# 0.14683f
C56 a_n7203_15753# a_n7203_15489# 0.28316f
C57 a_n6059_11418# a_n7202_17421# 0.01101f
C58 w_1450_16710# a_1804_15931# 0.02901f
C59 w_3320_16060# a_n6059_11418# 0.02743f
C60 a_n7289_14433# a_n7289_16545# 0.01035f
C61 VBGR a_n7289_14961# 0.02835f
C62 a_n7289_16545# a_n7203_15225# 0.26585f
C63 VDD a_n7289_16545# 0.44548f
C64 a_1804_15931# a_981_18638# 0.85191f
C65 w_3320_10081# VDD 0.29949f
C66 a_n7289_16545# a_n7203_16017# 0.34937f
C67 a_n7203_16545# a_n7203_16281# 0.28316f
C68 a_n7289_14433# a_n7203_14433# 0.01946f
C69 a_n6059_10861# a_3630_15211# 1.55585f
C70 a_528_16809# a_n7202_16809# 0.02797f
C71 a_n6059_11418# a_4707_16560# 1.14873f
C72 a_1804_15931# a_n6059_10861# 0.56499f
C73 a_528_18033# a_n7202_18033# 0.02797f
C74 VDD a_n7202_18033# 0.10885f
C75 VBGR a_n7288_17115# 0.02034f
C76 a_n7202_16809# a_n7202_17115# 0.28316f
C77 a_n7289_16545# a_n7202_17421# 0.07627f
C78 w_3320_10081# a_5580_15247# 0.01939f
C79 a_n7289_15489# a_n7203_15489# 0.01947f
C80 a_n7288_18340# a_n7202_18646# 0.02797f
C81 w_1450_16710# a_n6059_11418# 0.02162f
C82 a_n7202_17727# a_528_17421# 0.02797f
C83 a_n7289_16545# a_n7289_14961# 0.01076f
C84 a_527_13669# a_n7203_13669# 0.12082f
C85 VDD a_n7202_16809# 0.01247f
C86 a_n6059_11418# a_981_18638# 0.32331f
C87 w_3320_10081# a_3822_10479# 0.06148f
C88 VBGR a_n7289_16017# 0.02643f
C89 w_8745_13831# VDD 0.12231f
C90 a_n7289_16545# a_n7203_16281# 0.46335f
C91 a_n7289_14433# a_n7203_14697# 0.01946f
C92 VBGR a_n6059_10861# 0.77384f
C93 a_n6059_11418# a_n6059_10861# 5.19243f
C94 a_n7202_18340# a_n7202_18033# 0.2814f
C95 VDD a_n7288_17727# 0.01227f
C96 a_528_16809# a_n7202_17115# 0.02797f
C97 w_8745_13831# a_5580_15247# 0.01565f
C98 w_n7489_9836# a_n6059_10861# 0.01864f
C99 a_n7289_15489# a_n7203_15753# 0.01947f
C100 a_527_14697# a_n7289_16545# 0.01226f
C101 a_n7289_16545# a_n7203_15489# 0.27748f
C102 a_n7203_16017# a_527_15753# 0.01946f
C103 VBGR a_n7203_13669# 0.04028f
C104 w_8745_13831# a_3822_10479# 0.04046f
C105 VDD a_n7202_17115# 0.01249f
C106 a_n6059_11418# a_n7203_13669# 0.02588f
C107 a_n7289_16545# a_n7289_16017# 0.02695f
C108 w_1389_15644# VDD 0.08151f
C109 a_n6059_11418# a_3630_15211# 2.44101f
C110 a_n6059_11418# a_527_13669# 0.01087f
C111 a_n7203_16545# a_527_16281# 0.01946f
C112 VBGR a_1804_15931# 0.01015f
C113 a_n6059_10861# a_n7289_16545# 0.08942f
C114 a_n6059_11418# a_1804_15931# 0.8956f
C115 w_3320_10081# a_n6059_10861# 0.03529f
C116 w_n7489_9836# a_1804_15931# 0.01614f
C117 w_8745_13831# a_4707_16560# 0.01857f
C118 VDD m3_1900_17599# 0.11496f
C119 a_n7202_17421# a_n7202_17115# 0.28316f
C120 a_n7203_14961# a_n7289_16545# 0.25927f
C121 VBGR a_n7289_15489# 0.02616f
C122 VDD a_5580_15247# 9.63855f
C123 a_n7289_16545# a_n7203_15753# 0.3003f
C124 a_n7203_13669# a_n7289_16545# 2.06054f
C125 VDD a_n7202_17421# 0.01249f
C126 a_527_13669# a_n7289_16545# 0.03816f
C127 w_3320_16060# VDD 0.97624f
C128 a_527_14697# a_n7203_14697# 0.01946f
C129 a_n7289_16545# a_527_16281# 0.03573f
C130 a_1804_15931# a_n7289_16545# 0.06623f
C131 VDD a_3822_10479# 53.687f
C132 w_3320_10081# a_3630_15211# 0.01456f
C133 w_n7489_9836# VBGR 0.03187f
C134 a_n7202_18340# a_528_18033# 0.02797f
C135 a_n7203_14433# a_n7203_13669# 0.28316f
C136 a_n7289_14961# a_n7203_15225# 0.01946f
C137 VDD a_n7202_18340# 0.1303f
C138 a_n7289_16545# a_n7202_17727# 0.04493f
C139 w_n7489_9836# a_n6059_11418# 0.04437f
C140 a_n7203_14433# a_527_13669# 0.01946f
C141 VDD a_11712_10489# 0.04832f
C142 w_3320_16060# a_5580_15247# 0.12191f
C143 a_n7288_17115# a_n7202_17115# 0.02797f
C144 a_3822_10479# a_5580_15247# 0.99474f
C145 VDD a_4707_16560# 4.11718f
C146 a_n7203_16281# a_n7203_16017# 0.28316f
C147 a_n7289_16545# a_n7289_15489# 0.01143f
C148 a_5580_15247# a_11712_10489# 0.02077f
C149 a_n7202_18033# a_n7202_17727# 0.28316f
C150 a_n6059_10861# a_527_15753# 0.01872f
C151 a_n7203_14961# a_n7203_14697# 0.28316f
C152 w_1450_16710# VDD 0.14006f
C153 VBGR a_n7289_16545# 0.44625f
C154 a_n7289_16545# a_n7203_16545# 0.57323f
C155 a_4707_16560# a_5580_15247# 1.94868f
C156 a_n6059_11418# a_n7289_16545# 0.54762f
C157 a_n7203_15489# a_n7203_15225# 0.28316f
C158 a_3822_10479# a_11712_10489# 0.0484f
C159 VDD a_981_18638# 2.29154f
C160 w_n7489_9836# a_n7289_16545# 0.04233f
C161 m3_1900_17599# a_981_18638# 0.07046f
C162 w_1389_15644# a_n6059_10861# 0.0227f
C163 w_3320_16060# a_4707_16560# 0.05243f
C164 a_527_15753# a_n7203_15753# 0.01946f
C165 a_n7288_17115# a_n7202_17421# 0.02797f
C166 a_3822_10479# a_4707_16560# 1.38266f
C167 a_n6059_10861# a_n7203_15225# 0.03934f
C168 VDD a_n6059_10861# 7.7968f
C169 a_n7289_16017# a_n7203_16017# 0.01946f
R0 VDD.n182 VDD.n62 18.6717
R1 VDD.n80 VDD.n21 18.6678
R2 VDD.n210 VDD.n185 18.6678
R3 VDD.n120 VDD.n62 18.6678
R4 VDD.n62 VDD.n46 18.6737
R5 VDD.n75 VDD.n94 18.6733
R6 VDD.n226 VDD.n43 18.6678
R7 VDD.n224 VDD.t22 18.6678
R8 VDD.n121 VDD.n113 18.6678
R9 VDD.n221 VDD.n38 18.6678
R10 VDD.n91 VDD.n93 18.6678
R11 VDD.n219 VDD.n32 18.6678
R12 VDD.n217 VDD.n114 18.6678
R13 VDD.n124 VDD.n115 18.6678
R14 VDD.n215 VDD.n35 18.6678
R15 VDD.n213 VDD.n53 18.6678
R16 VDD.n76 VDD.n19 18.6678
R17 VDD.n22 VDD.n82 18.6678
R18 VDD.n62 VDD.n67 3.67485
R19 VDD.n62 VDD.n112 18.6678
R20 VDD.n69 VDD.n68 0.0216331
R21 VDD.t17 VDD.n69 1.24667
R22 VDD.t17 VDD.n13 2.10829
R23 VDD.n13 VDD.n44 0.0457309
R24 VDD.n40 VDD.n41 0.0797358
R25 VDD.n27 VDD.n31 0.529561
R26 VDD.t48 VDD.n27 1.68502
R27 VDD.t48 VDD.n40 3.38912
R28 VDD.t17 VDD.n56 5.66329
R29 VDD.t17 VDD.n50 5.66199
R30 VDD.t17 VDD.n88 3.35015
R31 VDD.t17 VDD.n134 17.0005
R32 VDD.n14 VDD.n15 0.0456612
R33 VDD.t17 VDD.n132 17.0005
R34 VDD.t17 VDD.n131 17.0005
R35 VDD.t17 VDD.n34 3.38705
R36 VDD.n34 VDD.n53 0.0303071
R37 VDD.t17 VDD.n76 8.49537
R38 VDD.t17 VDD.n81 3.3571
R39 VDD.n39 VDD.t20 0.0184187
R40 VDD.t17 VDD.n39 5.65314
R41 VDD.t17 VDD.n126 17.0005
R42 VDD.t17 VDD.n90 8.49822
R43 VDD.t17 VDD.n127 17.0005
R44 VDD.t17 VDD.n37 5.65602
R45 VDD.t17 VDD.n47 0.683243
R46 VDD.n42 VDD.n75 0.0152895
R47 VDD.t17 VDD.n42 2.8269
R48 VDD.t17 VDD.t22 5.66182
R49 VDD.n26 VDD.n25 0.123567
R50 VDD.n4 VDD.t46 1.52462
R51 VDD.n153 VDD.t46 17.0005
R52 VDD.n25 VDD.t46 2.09879
R53 VDD.n87 VDD.t46 2.44704
R54 VDD.t56 VDD.n71 0.937655
R55 VDD.t56 VDD.n77 1.90047
R56 VDD.n51 VDD.n52 0.0281288
R57 VDD.n55 VDD.n51 0.0334955
R58 VDD.n6 VDD.n7 0.0877804
R59 VDD.n7 VDD.t39 0.597887
R60 VDD.n66 VDD.t61 3.3967
R61 VDD.t62 VDD.n111 17.0005
R62 VDD.t62 VDD.n17 4.24137
R63 VDD.n108 VDD.t59 17.0005
R64 VDD.t59 VDD.n107 17.0005
R65 VDD.t59 VDD.n30 5.66005
R66 VDD.n24 VDD.n23 0.410909
R67 VDD.t58 VDD.n23 3.37979
R68 VDD.t23 VDD.n68 1.63837
R69 VDD.n119 VDD.t23 15.0005
R70 VDD.t31 VDD.n10 2.98028
R71 VDD.n10 VDD.n9 0.0314252
R72 VDD.t31 VDD.n45 2.99191
R73 VDD.n138 VDD.t25 15.0005
R74 VDD.t25 VDD.n135 15.0005
R75 VDD.t25 VDD.n15 3.74189
R76 VDD.t25 VDD.n137 15.0005
R77 VDD.t25 VDD.n136 15.0005
R78 VDD.n82 VDD.n76 0.0359039
R79 VDD.t16 VDD.n54 2.1212
R80 VDD.n36 VDD.n35 0.0229742
R81 VDD.t16 VDD.n36 4.99157
R82 VDD.n32 VDD.n33 0.0229742
R83 VDD.t19 VDD.n33 4.99157
R84 VDD.t19 VDD.n128 15.0005
R85 VDD.n92 VDD.n91 0.0114983
R86 VDD.t19 VDD.n92 7.49575
R87 VDD.t19 VDD.n129 15.0005
R88 VDD.t19 VDD.t20 4.9956
R89 VDD.t21 VDD.n48 2.98306
R90 VDD.n48 VDD.n75 0.0281568
R91 VDD.t21 VDD.n43 2.9933
R92 VDD.t29 VDD.n147 15.0005
R93 VDD.n50 VDD.n57 0.0261319
R94 VDD.n49 VDD.n50 0.00604981
R95 VDD.t29 VDD.n49 4.98821
R96 VDD.t29 VDD.n100 7.49531
R97 VDD.n100 VDD.n142 0.0242424
R98 VDD.t29 VDD.n89 7.49374
R99 VDD.t30 VDD.n89 0.0155261
R100 VDD.n188 VDD.n186 9.63299
R101 VDD.n208 VDD.n187 9.63299
R102 VDD.t36 VDD.n103 9.63227
R103 VDD.n72 VDD.n77 0.0608228
R104 VDD.t52 VDD.n72 1.47544
R105 VDD.n72 VDD.n71 0.147353
R106 VDD.t50 VDD.n79 1.78517
R107 VDD.n79 VDD.n86 0.142622
R108 VDD.n51 VDD.t50 9.0005
R109 VDD.t47 VDD.n178 8.5089
R110 VDD.t33 VDD.n205 8.5089
R111 VDD.t47 VDD.n28 1.40421
R112 VDD.t38 VDD.n55 1.40576
R113 VDD.n55 VDD.n79 0.0252213
R114 VDD.t38 VDD.n86 0.364325
R115 VDD.n87 VDD.n84 0.0558848
R116 VDD.n84 VDD.t38 1.40593
R117 VDD.n83 VDD.n5 0.0986464
R118 VDD.n4 VDD.n5 0.0339318
R119 VDD.n5 VDD.t38 1.40476
R120 VDD.n154 VDD.t38 8.50093
R121 VDD.n152 VDD.t38 8.50093
R122 VDD.n26 VDD.t38 0.669532
R123 VDD.n86 VDD.t49 0.981138
R124 VDD.t47 VDD.n31 0.0419554
R125 VDD.n28 VDD.n27 0.0782192
R126 VDD.t47 VDD.n168 8.50062
R127 VDD.t47 VDD.n41 1.02744
R128 VDD.n101 VDD.t38 2.09124
R129 VDD.t38 VDD.n78 0.564601
R130 VDD.n78 VDD.n77 0.108304
R131 VDD.t38 VDD.n71 0.361289
R132 VDD.t38 VDD.n7 0.354906
R133 VDD.n18 VDD.t38 0.524967
R134 VDD.t33 VDD.n192 8.5005
R135 VDD.t66 VDD.n198 8.5005
R136 VDD.n70 VDD.t0 0.324928
R137 VDD.n17 VDD.n16 0.0356349
R138 VDD.n16 VDD.t0 2.11131
R139 VDD.t0 VDD.n85 1.68592
R140 VDD.t0 VDD.n106 8.5005
R141 VDD.t0 VDD.n29 2.82381
R142 VDD.n29 VDD.n30 0.0296988
R143 VDD.t33 VDD.n3 2.80961
R144 VDD.n12 VDD.n11 0.0269877
R145 VDD.t33 VDD.n194 8.49985
R146 VDD.t17 VDD.n95 8.49537
R147 VDD.t17 VDD.n142 8.49531
R148 VDD.t17 VDD.n133 8.49531
R149 VDD.t17 VDD.n14 3.38285
R150 VDD.t17 VDD.n143 8.48461
R151 VDD.t17 VDD.n123 8.48078
R152 VDD.t17 VDD.n117 8.47321
R153 VDD.n54 VDD.n76 0.0436468
R154 VDD.n59 VDD.n2 9.32326
R155 VDD.t17 VDD.n141 5.61923
R156 VDD.t17 VDD.n118 5.61856
R157 VDD.n184 VDD.t17 5.61856
R158 VDD.n12 VDD.t33 2.8128
R159 VDD.n1 VDD.n2 0.0336967
R160 VDD.n61 VDD.n12 9.3954
R161 VDD.n66 VDD.t0 0.33844
R162 VDD.t0 VDD.n24 0.222537
R163 VDD.t66 VDD.n195 4.23715
R164 VDD.n98 VDD.t38 2.8095
R165 VDD.n150 VDD.n102 0.0995993
R166 VDD.n102 VDD.t38 2.09112
R167 VDD.t66 VDD.n204 4.23691
R168 VDD.t47 VDD.n176 4.23642
R169 VDD.t47 VDD.n170 4.23628
R170 VDD.t33 VDD.t34 4.23614
R171 VDD.n3 VDD.n188 0.0792215
R172 VDD.t33 VDD.n193 4.23582
R173 VDD.t17 VDD.n165 4.22512
R174 VDD.t17 VDD.n122 4.20261
R175 VDD.t17 VDD.n144 4.19628
R176 VDD.t17 VDD.t27 4.18309
R177 VDD.t32 VDD.t24 3.60559
R178 VDD.n52 VDD.t49 1.69866
R179 VDD.t17 VDD.n164 3.31386
R180 VDD.n62 VDD.n63 3.39239
R181 VDD.n111 VDD.n66 0.11947
R182 VDD.n151 VDD.n74 0.200655
R183 VDD.n156 VDD.t38 2.80949
R184 VDD.n179 VDD.t47 2.80871
R185 VDD.t47 VDD.n171 2.8082
R186 VDD.n41 VDD.n180 0.142733
R187 VDD.n160 VDD.t38 2.09118
R188 VDD.n158 VDD.t38 2.09105
R189 VDD.t15 VDD.t13 1.91575
R190 VDD.t7 VDD.t9 1.91575
R191 VDD.t3 VDD.t1 1.91575
R192 VDD.t14 VDD.t15 1.87739
R193 VDD.t9 VDD.t8 1.87739
R194 VDD.t2 VDD.t3 1.87739
R195 VDD.t26 VDD.t18 1.843
R196 VDD.n159 VDD.n145 1.80015
R197 VDD.n162 VDD.n161 1.80015
R198 VDD.n151 VDD.n146 1.77474
R199 VDD.n157 VDD.n57 1.77474
R200 VDD.n155 VDD.n99 1.77474
R201 VDD.n150 VDD.n149 1.7541
R202 VDD.n74 VDD.n140 1.7767
R203 VDD.n148 VDD.t30 1.7541
R204 VDD.n26 VDD.n161 0.205746
R205 VDD.t47 VDD.n169 1.65516
R206 VDD.t40 VDD.n6 1.43298
R207 VDD.n83 VDD.t44 1.43298
R208 VDD.t13 VDD.t0 1.6964
R209 VDD.n63 VDD.t1 1.42349
R210 VDD.n203 VDD.t35 1.40606
R211 VDD.n199 VDD.t37 1.40606
R212 VDD.t67 VDD.n192 1.38105
R213 VDD.n202 VDD.n201 1.36807
R214 VDD.n205 VDD.n196 1.36807
R215 VDD.t17 VDD.n163 1.36589
R216 VDD.t33 VDD.n189 1.36081
R217 VDD.n183 VDD.n181 1.26928
R218 VDD.t24 VDD.n68 1.23481
R219 VDD.n130 VDD.n116 1.22535
R220 VDD.n96 VDD.t32 1.22106
R221 VDD.n185 VDD.n116 1.19297
R222 VDD.n183 VDD.n182 1.1331
R223 VDD.n109 VDD.t14 1.10672
R224 VDD.t8 VDD.n65 1.37742
R225 VDD.n110 VDD.t2 1.10672
R226 VDD.n225 VDD.n62 1.1005
R227 VDD.n223 VDD.n62 1.1005
R228 VDD.n62 VDD.n222 1.1005
R229 VDD.n62 VDD.n60 0.34883
R230 VDD.n62 VDD.n220 1.1005
R231 VDD.n218 VDD.n62 1.1005
R232 VDD.n105 VDD.n62 0.147883
R233 VDD.n62 VDD.n216 1.1005
R234 VDD.n214 VDD.n62 1.1005
R235 VDD.n212 VDD.n62 1.1005
R236 VDD.n62 VDD.n20 0.34883
R237 VDD.n22 VDD.n20 0.0221367
R238 VDD.n62 VDD.n211 1.1005
R239 VDD.n58 VDD.n62 0.120633
R240 VDD.n62 VDD.n209 1.1005
R241 VDD.n104 VDD.n62 0.54009
R242 VDD.t17 VDD.n125 0.990109
R243 VDD.n139 VDD.n138 0.889051
R244 VDD.n140 VDD.n139 0.87634
R245 VDD.n47 VDD.n120 0.82993
R246 VDD.n47 VDD.n46 0.72349
R247 VDD.t66 VDD.n200 0.764382
R248 VDD.t33 VDD.n190 0.758863
R249 VDD.n125 VDD.n114 0.711302
R250 VDD.n125 VDD.n124 0.690413
R251 VDD.n174 VDD.n173 0.6605
R252 VDD.n97 VDD.n96 0.0044511
R253 VDD.n130 VDD.t26 0.650681
R254 VDD.n177 VDD.n31 0.663572
R255 VDD.t18 VDD.n82 0.641239
R256 VDD.n110 VDD.n65 0.659989
R257 VDD.n64 VDD.n109 0.5816
R258 VDD.t50 VDD.t52 0.578744
R259 VDD.n178 VDD.n44 0.576245
R260 VDD.n9 VDD.n8 0.576245
R261 VDD.n197 VDD.n196 0.57569
R262 VDD.n173 VDD.n97 0.306523
R263 VDD.t17 VDD.n139 0.571898
R264 VDD.n175 VDD.n9 0.570184
R265 VDD.n64 VDD.n110 0.569461
R266 VDD.n163 VDD.n162 0.567404
R267 VDD.n197 VDD.t67 0.562667
R268 VDD.n207 VDD.n206 0.537639
R269 VDD.n207 VDD.n11 0.534022
R270 VDD.n1 VDD.n0 0.532683
R271 VDD.n191 VDD.n0 0.531165
R272 VDD.n181 VDD.n180 0.505544
R273 VDD.n173 VDD.n172 0.501611
R274 VDD.n167 VDD.n166 0.50119
R275 VDD.n45 VDD.n163 0.513554
R276 VDD.n190 VDD.t35 0.311525
R277 VDD.n203 VDD.n200 0.296797
R278 VDD.t44 VDD.t40 0.294032
R279 VDD.n200 VDD.n199 0.273309
R280 VDD.n166 VDD.n164 0.264118
R281 VDD.t37 VDD.n190 0.263675
R282 VDD.n140 VDD.t27 0.261477
R283 VDD.n185 VDD.n184 0.223995
R284 VDD.n97 VDD.n164 0.223033
R285 VDD.t33 VDD.n0 0.200209
R286 VDD.t33 VDD.n207 0.200005
R287 VDD.n146 VDD.n141 0.19957
R288 VDD.n149 VDD.n141 0.19312
R289 VDD.t20 VDD.n38 0.189157
R290 VDD.n146 VDD.t27 0.186616
R291 VDD.n68 VDD.n67 0.0624441
R292 VDD.n149 VDD.n88 0.19467
R293 VDD.n145 VDD.n144 0.170595
R294 VDD.n182 VDD.n117 0.168109
R295 VDD.n81 VDD.n80 0.21279
R296 VDD.n184 VDD.n80 0.164073
R297 VDD.t17 VDD.n183 0.163425
R298 VDD.n169 VDD.n167 0.161135
R299 VDD.n189 VDD.n187 0.157712
R300 VDD.t36 VDD.n189 0.157563
R301 VDD.n118 VDD.n67 0.402381
R302 VDD.n62 VDD.n61 0.196282
R303 VDD.n172 VDD.n169 0.151694
R304 VDD.n118 VDD.n112 0.147267
R305 VDD.n122 VDD.n121 0.140822
R306 VDD.n24 VDD.n109 0.662623
R307 VDD.t0 VDD.n65 0.0637696
R308 VDD.n117 VDD.n112 0.13297
R309 VDD.t0 VDD.n64 0.126783
R310 VDD.n160 VDD.n159 0.121581
R311 VDD.n124 VDD.n123 0.120877
R312 VDD.t30 VDD.n88 0.0903097
R313 VDD.n82 VDD.n81 0.0677853
R314 VDD.n162 VDD.n144 0.112125
R315 VDD.t0 VDD.n63 0.264219
R316 VDD.t7 VDD.t0 1.80618
R317 VDD.n159 VDD.n158 0.107703
R318 VDD.n158 VDD.n157 0.105411
R319 VDD.n197 VDD.t66 0.100926
R320 VDD.t17 VDD.n116 0.0958832
R321 VDD.n156 VDD.n155 0.0954058
R322 VDD.n157 VDD.n156 0.0952249
R323 VDD.n161 VDD.n160 0.0907649
R324 VDD.n122 VDD.n38 0.088832
R325 VDD.n101 VDD.n148 0.0897974
R326 VDD.n175 VDD.n171 0.0835606
R327 VDD.n3 VDD.n1 0.0556616
R328 VDD.t34 VDD.n187 0.082802
R329 VDD.n8 VDD.n170 0.0827445
R330 VDD.n176 VDD.n174 0.0755502
R331 VDD.n179 VDD.n167 0.0738532
R332 VDD.n150 VDD.n98 0.100598
R333 VDD.n180 VDD.n179 0.071901
R334 VDD.n188 VDD.t34 0.0707091
R335 VDD.n121 VDD.t22 0.069971
R336 VDD.n147 VDD.n143 0.0695023
R337 VDD.n8 VDD.n171 0.066755
R338 VDD.n176 VDD.n175 0.065749
R339 VDD.n177 VDD.n170 0.0600797
R340 VDD.n202 VDD.n195 0.0578697
R341 VDD.n204 VDD.n202 0.0574341
R342 VDD.n37 VDD.n114 0.0881009
R343 VDD.n166 VDD.n165 0.055276
R344 VDD.n201 VDD.n193 0.0547924
R345 VDD.n181 VDD.n165 0.0535001
R346 VDD.n98 VDD.n148 0.11019
R347 VDD.n11 VDD.t36 0.0793938
R348 VDD.n36 VDD.n123 0.0728717
R349 VDD.t38 VDD.n74 0.486529
R350 VDD.n37 VDD.n32 0.0162806
R351 VDD.t60 VDD.n70 2.83307
R352 VDD.n59 VDD.n58 0.0794575
R353 VDD.n210 VDD.n58 0.117709
R354 VDD.n217 VDD.n105 0.130436
R355 VDD.n60 VDD.n93 0.0456604
R356 VDD.n73 VDD.t57 2.8326
R357 VDD.n220 VDD.n93 0.0434524
R358 VDD.n151 VDD.n102 0.0980716
R359 VDD.n30 VDD.n73 0.140544
R360 VDD.t67 VDD.n198 0.0394583
R361 VDD.n211 VDD.n210 0.0392619
R362 VDD.n226 VDD.n94 0.0464456
R363 VDD.n70 VDD.n17 0.148261
R364 VDD.n85 VDD.n108 0.0567344
R365 VDD.t35 VDD.n193 0.0383695
R366 VDD.n201 VDD.n194 0.0369025
R367 VDD.n219 VDD.n218 0.0361191
R368 VDD.n104 VDD.n103 0.0576536
R369 VDD.n209 VDD.n186 0.0345476
R370 VDD.n145 VDD.n143 0.0337839
R371 VDD.n204 VDD.n203 0.0337536
R372 VDD.n62 VDD.n94 0.368826
R373 VDD.n216 VDD.n115 0.0332381
R374 VDD.n222 VDD.n221 0.0327143
R375 VDD.n18 VDD.n52 0.16939
R376 VDD.n226 VDD.n225 0.0321905
R377 VDD.n212 VDD.n19 0.0314048
R378 VDD.n206 VDD.n194 0.0307914
R379 VDD.n196 VDD.n195 0.0297354
R380 VDD.n211 VDD.n21 0.0282619
R381 VDD.n208 VDD.n104 0.0503203
R382 VDD.n191 VDD.n192 0.028
R383 VDD.n199 VDD.n198 0.0272361
R384 VDD.n223 VDD.n113 0.0272143
R385 VDD.n215 VDD.n214 0.0266905
R386 VDD.n214 VDD.n213 0.0261667
R387 VDD.t37 VDD.n191 0.0257083
R388 VDD.n224 VDD.n223 0.025381
R389 VDD.n172 VDD.n168 0.0246805
R390 VDD.n10 VDD.n95 0.081005
R391 VDD.n100 VDD.n99 0.0123707
R392 VDD.n57 VDD.n56 0.00807094
R393 VDD.n225 VDD.n224 0.0201429
R394 VDD.n137 VDD.n132 0.0197816
R395 VDD.n178 VDD.n177 0.0195972
R396 VDD.n155 VDD.n101 0.104814
R397 VDD.n206 VDD.n205 0.0195972
R398 VDD.n213 VDD.n212 0.0193571
R399 VDD.n120 VDD.n119 0.0189363
R400 VDD.n216 VDD.n215 0.0188333
R401 VDD.n89 VDD.n142 0.0337197
R402 VDD.n222 VDD.n113 0.0183095
R403 VDD.n135 VDD.n134 0.0178851
R404 VDD.n135 VDD.n133 0.0177453
R405 VDD.n209 VDD.n208 0.0175238
R406 VDD.n73 VDD.t0 0.323111
R407 VDD.n62 VDD.t68 0.268362
R408 VDD.n69 VDD.n119 0.26388
R409 VDD.n18 VDD.n6 0.174401
R410 VDD.n22 VDD.n21 0.0395822
R411 VDD.n35 VDD.n34 0.0259185
R412 VDD.n218 VDD.n217 0.0159524
R413 VDD.n137 VDD.n14 0.0511349
R414 VDD.n107 VDD.n106 0.0158333
R415 VDD.n20 VDD.n19 0.057708
R416 VDD.n131 VDD.n130 0.014092
R417 VDD.n174 VDD.n168 0.0139861
R418 VDD.n136 VDD.n131 0.0134598
R419 VDD.n15 VDD.n133 0.0404509
R420 VDD.n78 VDD.n87 0.143502
R421 VDD.n128 VDD.n127 0.0128596
R422 VDD.n92 VDD.n126 0.0238578
R423 VDD.n221 VDD.n60 0.0567665
R424 VDD.n45 VDD.n44 0.0116042
R425 VDD.n54 VDD.n53 0.0441679
R426 VDD.n115 VDD.n105 0.11115
R427 VDD.n43 VDD.n42 0.0683757
R428 VDD.n48 VDD.n46 0.0673479
R429 VDD.n49 VDD.n99 0.0667428
R430 VDD.n152 VDD.n25 0.0853189
R431 VDD.t22 VDD.n43 0.0593089
R432 VDD.n13 VDD.n9 0.0311363
R433 VDD.n186 VDD.n59 0.0582358
R434 VDD.n39 VDD.n129 0.0494597
R435 VDD.n96 VDD.n95 0.0122706
R436 VDD.n138 VDD.n134 0.0121954
R437 VDD.n154 VDD.n153 0.0120821
R438 VDD.n84 VDD.n83 0.0172359
R439 VDD.n91 VDD.n90 0.00655998
R440 VDD.n108 VDD.n106 0.0111667
R441 VDD.n128 VDD.n90 0.0164476
R442 VDD.n136 VDD.n132 0.0102989
R443 VDD.n61 VDD.n103 0.0414859
R444 VDD.n28 VDD.n40 0.0698451
R445 VDD.n85 VDD.n23 0.0835265
R446 VDD.n16 VDD.n111 0.0469775
R447 VDD.n153 VDD.n152 0.00989303
R448 VDD.n220 VDD.n219 0.00940476
R449 VDD.n147 VDD.n56 0.0239931
R450 VDD.n107 VDD.n29 0.0339297
R451 VDD.n33 VDD.n127 0.0316301
R452 VDD.n129 VDD.n126 0.00915169
R453 VDD.n4 VDD.n154 0.0814296
R454 VDD.n2 VDD.t33 8.53376
R455 VDD VDD.n0 0.0005
R456 GND.n9 GND.n17 252.897
R457 GND.n10 GND.n1277 42224.4
R458 GND.n8 GND.t52 15.4351
R459 GND.n23 GND.n1277 9488.45
R460 GND.n23 GND.n14 4891.08
R461 GND.n1278 GND.n1277 2622.92
R462 GND.n1916 GND.n1278 1878.12
R463 GND.n9 GND.n8 6919.81
R464 GND.n17 GND.t46 34.392
R465 GND.n1916 GND.n5 88.3899
R466 GND.n2103 GND.n932 54.5772
R467 GND.n8 GND.t54 16.4394
R468 GND.n14 GND.n35 2.97087
R469 GND.t48 GND.n37 38.3274
R470 GND.t56 GND.n8 8.59692
R471 GND.n8 GND.n23 215.685
R472 GND.t50 GND.n35 24.9459
R473 GND.n1 GND.t35 5.72346
R474 GND.n30 GND.n10 16.3451
R475 GND.n1397 GND.t27 17.2205
R476 GND.t47 GND.n1304 17.0005
R477 GND.t47 GND.n1305 17.0005
R478 GND.t47 GND.n1306 17.0005
R479 GND.t47 GND.n1329 17.0005
R480 GND.n1330 GND.t47 17.0005
R481 GND.n8 GND.n1238 17.0005
R482 GND.n8 GND.n1239 17.0005
R483 GND.n8 GND.n1240 17.0005
R484 GND.n8 GND.n1241 17.0005
R485 GND.n8 GND.n1242 17.0005
R486 GND.n8 GND.n1243 17.0005
R487 GND.n8 GND.n1244 17.0005
R488 GND.n8 GND.n1245 17.0005
R489 GND.n8 GND.n1246 17.0005
R490 GND.n8 GND.n25 17.0005
R491 GND.n8 GND.n1247 17.0005
R492 GND.n8 GND.n1248 17.0005
R493 GND.n8 GND.n1249 17.0005
R494 GND.n8 GND.n1250 17.0005
R495 GND.n8 GND.n1251 17.0005
R496 GND.n8 GND.n1252 17.0005
R497 GND.n8 GND.n1253 17.0005
R498 GND.n8 GND.n1254 17.0005
R499 GND.n8 GND.n1255 17.0005
R500 GND.n8 GND.n1256 17.0005
R501 GND.n8 GND.n1257 17.0005
R502 GND.n8 GND.n44 17.0005
R503 GND.n14 GND.t49 8.50075
R504 GND.n8 GND.n1276 17.0005
R505 GND.n8 GND.n1275 17.0005
R506 GND.n8 GND.n1274 17.0005
R507 GND.n8 GND.n1273 17.0005
R508 GND.n8 GND.n1272 17.0005
R509 GND.n8 GND.n1271 17.0005
R510 GND.n8 GND.n1270 17.0005
R511 GND.n8 GND.n1269 17.0005
R512 GND.n8 GND.n1268 17.0005
R513 GND.n8 GND.n1267 17.0005
R514 GND.n8 GND.n1266 17.0005
R515 GND.n8 GND.n1265 17.0005
R516 GND.n8 GND.n1264 17.0005
R517 GND.n8 GND.n1263 17.0005
R518 GND.n8 GND.n1262 17.0005
R519 GND.n8 GND.n1261 17.0005
R520 GND.n8 GND.n1260 17.0005
R521 GND.n8 GND.n1259 17.0005
R522 GND.n8 GND.n1258 17.0005
R523 GND.t55 GND.n1917 17.0005
R524 GND.t55 GND.n1918 17.0005
R525 GND.t55 GND.n1919 17.0005
R526 GND.t55 GND.n1920 17.0005
R527 GND.t55 GND.n1921 17.0005
R528 GND.t55 GND.n1922 17.0005
R529 GND.t55 GND.n1923 17.0005
R530 GND.t55 GND.n1924 17.0005
R531 GND.t55 GND.n1925 17.0005
R532 GND.t55 GND.n1926 17.0005
R533 GND.t55 GND.n1928 17.0005
R534 GND.t55 GND.n1929 17.0005
R535 GND.t55 GND.n1930 17.0005
R536 GND.t55 GND.n1931 17.0005
R537 GND.t55 GND.n1932 17.0005
R538 GND.t55 GND.n1933 17.0005
R539 GND.t55 GND.n1934 17.0005
R540 GND.t55 GND.n1935 17.0005
R541 GND.n1936 GND.t55 17.0005
R542 GND.t59 GND.n1497 17.0005
R543 GND.t59 GND.n1498 17.0005
R544 GND.t59 GND.n1499 17.0005
R545 GND.t59 GND.n1500 17.0005
R546 GND.t59 GND.n1501 17.0005
R547 GND.t59 GND.n1502 17.0005
R548 GND.t59 GND.n1503 17.0005
R549 GND.t59 GND.n1504 17.0005
R550 GND.t59 GND.n40 8.49235
R551 GND.t59 GND.n24 17.0005
R552 GND.t59 GND.n1505 17.0005
R553 GND.t59 GND.n1506 17.0005
R554 GND.t59 GND.n1507 17.0005
R555 GND.t59 GND.n1508 17.0005
R556 GND.t59 GND.n1509 17.0005
R557 GND.t59 GND.n1510 17.0005
R558 GND.t59 GND.n1534 17.0005
R559 GND.t59 GND.n1535 17.0005
R560 GND.n1537 GND.t59 17.0005
R561 GND.t59 GND.n1536 17.0005
R562 GND.n1 GND.t40 2.67346
R563 GND.t29 GND.n1338 17.0005
R564 GND.t29 GND.n1342 17.0005
R565 GND.t29 GND.n1341 17.0005
R566 GND.t29 GND.n1343 17.0005
R567 GND.t29 GND.n1340 17.0005
R568 GND.t29 GND.n1344 17.0005
R569 GND.n1345 GND.t29 17.0005
R570 GND.n17 GND.t45 15.0055
R571 GND.n1 GND.t30 4.43032
R572 GND.n37 GND.t50 19.4344
R573 GND.n30 GND.n18 13.0963
R574 GND.n5 GND.n4 0.00568555
R575 GND.n28 GND.n22 12.5784
R576 GND.n1278 GND.n15 22.0642
R577 GND.n1783 GND.t25 9.3925
R578 GND.n1287 GND.n1280 9.0976
R579 GND.n300 GND.n301 2.23723
R580 GND.n298 GND.n303 2.23712
R581 GND.n302 GND.n305 2.23712
R582 GND.n304 GND.n307 2.23712
R583 GND.n306 GND.n309 2.23712
R584 GND.n308 GND.n311 2.23712
R585 GND.n310 GND.n313 2.23712
R586 GND.n312 GND.n315 2.23712
R587 GND.n314 GND.n317 2.23712
R588 GND.n316 GND.n319 2.23712
R589 GND.n318 GND.n321 2.23712
R590 GND.n320 GND.n322 2.23712
R591 GND.n204 GND.n205 1.47643
R592 GND.n324 GND.n323 2.23712
R593 GND.n326 GND.n325 2.23712
R594 GND.n328 GND.n327 2.23712
R595 GND.n330 GND.n329 2.23712
R596 GND.n332 GND.n331 2.23712
R597 GND.n334 GND.n333 2.23712
R598 GND.n336 GND.n335 2.23712
R599 GND.n338 GND.n337 2.23712
R600 GND.n340 GND.n339 2.23712
R601 GND.n342 GND.n341 2.23712
R602 GND.n344 GND.n343 2.23712
R603 GND.n346 GND.n345 2.23712
R604 GND.n348 GND.n347 2.23712
R605 GND.n350 GND.n349 2.23712
R606 GND.n352 GND.n351 2.23712
R607 GND.n354 GND.n353 2.23712
R608 GND.n356 GND.n355 2.23712
R609 GND.n358 GND.n357 2.23712
R610 GND.n360 GND.n359 2.23712
R611 GND.n362 GND.n361 2.23712
R612 GND.n364 GND.n363 2.23712
R613 GND.n367 GND.n366 0.300692
R614 GND.n441 GND.n367 0.161042
R615 GND.n568 GND.n566 4.50086
R616 GND.n209 GND.n210 2.23712
R617 GND.n208 GND.n212 2.23712
R618 GND.n211 GND.n214 2.23712
R619 GND.n213 GND.n216 2.23712
R620 GND.n215 GND.n218 2.23712
R621 GND.n217 GND.n220 2.23712
R622 GND.n219 GND.n222 2.23712
R623 GND.n221 GND.n224 2.23712
R624 GND.n223 GND.n226 2.23712
R625 GND.n225 GND.n228 2.23712
R626 GND.n227 GND.n230 2.23712
R627 GND.n229 GND.n232 2.23712
R628 GND.n231 GND.n234 2.23712
R629 GND.n233 GND.n236 2.23712
R630 GND.n235 GND.n238 2.23712
R631 GND.n237 GND.n240 2.23712
R632 GND.n239 GND.n242 2.23712
R633 GND.n241 GND.n244 2.23712
R634 GND.n243 GND.n246 2.23712
R635 GND.n245 GND.n248 2.23712
R636 GND.n247 GND.n250 2.23712
R637 GND.n249 GND.n252 2.23712
R638 GND.n251 GND.n254 2.23712
R639 GND.n253 GND.n256 2.23712
R640 GND.n255 GND.n258 2.23712
R641 GND.n257 GND.n260 2.23712
R642 GND.n259 GND.n262 2.23712
R643 GND.n261 GND.n264 2.23712
R644 GND.n263 GND.n266 2.23712
R645 GND.n265 GND.n268 2.23712
R646 GND.n267 GND.n270 2.23712
R647 GND.n269 GND.n272 2.23712
R648 GND.n271 GND.n274 2.23712
R649 GND.n273 GND.n276 2.23712
R650 GND.n275 GND.n278 2.23712
R651 GND.n277 GND.n280 2.23712
R652 GND.n279 GND.n282 2.23712
R653 GND.n281 GND.n284 2.23712
R654 GND.n283 GND.n286 2.23712
R655 GND.n285 GND.n288 2.23712
R656 GND.n287 GND.n290 2.23712
R657 GND.n289 GND.n292 2.23712
R658 GND.n291 GND.n294 2.23712
R659 GND.n293 GND.n296 2.23712
R660 GND.n295 GND.n297 2.23712
R661 GND.n206 GND.n207 1.10673
R662 GND.n47 GND.n46 4.50086
R663 GND.n50 GND.n48 4.50086
R664 GND.n51 GND.n49 4.50086
R665 GND.n54 GND.n52 4.50086
R666 GND.n55 GND.n53 4.50086
R667 GND.n58 GND.n56 4.50086
R668 GND.n59 GND.n57 4.50086
R669 GND.n62 GND.n60 4.50086
R670 GND.n63 GND.n61 4.50086
R671 GND.n66 GND.n64 4.50086
R672 GND.n67 GND.n65 4.50086
R673 GND.n70 GND.n68 4.50086
R674 GND.n71 GND.n69 4.50086
R675 GND.n74 GND.n72 4.50086
R676 GND.n75 GND.n73 4.50086
R677 GND.n78 GND.n76 4.50086
R678 GND.n79 GND.n77 4.50086
R679 GND.n82 GND.n80 4.50086
R680 GND.n83 GND.n81 4.50086
R681 GND.n86 GND.n84 4.50086
R682 GND.n87 GND.n85 4.50086
R683 GND.n90 GND.n88 4.50086
R684 GND.n91 GND.n89 4.50086
R685 GND.n94 GND.n92 4.50086
R686 GND.n95 GND.n93 4.50086
R687 GND.n98 GND.n96 4.50086
R688 GND.n99 GND.n97 4.50086
R689 GND.n102 GND.n100 4.50086
R690 GND.n103 GND.n101 4.50086
R691 GND.n106 GND.n104 4.50086
R692 GND.n107 GND.n105 4.50086
R693 GND.n110 GND.n108 4.50086
R694 GND.n111 GND.n109 4.50086
R695 GND.n114 GND.n112 4.50086
R696 GND.n115 GND.n113 4.50086
R697 GND.n118 GND.n116 4.50086
R698 GND.n119 GND.n117 4.50086
R699 GND.n122 GND.n120 4.50086
R700 GND.n123 GND.n121 4.50086
R701 GND.n126 GND.n124 4.50086
R702 GND.n127 GND.n125 4.50086
R703 GND.n130 GND.n128 4.50086
R704 GND.n131 GND.n129 4.50086
R705 GND.n134 GND.n132 4.50086
R706 GND.n135 GND.n133 4.50086
R707 GND.n138 GND.n136 4.50086
R708 GND.n139 GND.n137 4.50086
R709 GND.n142 GND.n140 4.50086
R710 GND.n143 GND.n141 4.50086
R711 GND.n146 GND.n144 4.50086
R712 GND.n147 GND.n145 4.50086
R713 GND.n150 GND.n148 4.50086
R714 GND.n151 GND.n149 4.50086
R715 GND.n154 GND.n152 4.50086
R716 GND.n155 GND.n153 4.50086
R717 GND.n158 GND.n156 4.50086
R718 GND.n159 GND.n157 4.50086
R719 GND.n162 GND.n160 4.50086
R720 GND.n163 GND.n161 4.50086
R721 GND.n166 GND.n164 4.50086
R722 GND.n167 GND.n165 4.50086
R723 GND.n170 GND.n168 4.50086
R724 GND.n171 GND.n169 4.50086
R725 GND.n174 GND.n172 4.50086
R726 GND.n175 GND.n173 4.50086
R727 GND.n178 GND.n176 4.50086
R728 GND.n179 GND.n177 4.50086
R729 GND.n182 GND.n180 4.50086
R730 GND.n183 GND.n181 4.50086
R731 GND.n186 GND.n184 4.50086
R732 GND.n187 GND.n185 4.50086
R733 GND.n190 GND.n188 4.50086
R734 GND.n191 GND.n189 4.50086
R735 GND.n194 GND.n192 4.50086
R736 GND.n195 GND.n193 4.50086
R737 GND.n198 GND.n196 4.50086
R738 GND.n199 GND.n197 4.50086
R739 GND.n202 GND.n200 4.50086
R740 GND.n1315 GND.n1145 9.0005
R741 GND.n1322 GND.n1315 9.0005
R742 GND.n1322 GND.n1314 9.0005
R743 GND.n1322 GND.n1321 9.0005
R744 GND.n1287 GND.n1286 9.0005
R745 GND.t2 GND.n2213 9.0005
R746 GND.n2214 GND.t2 9.0005
R747 GND.t2 GND.n893 9.0005
R748 GND.n443 GND.n895 2.23342
R749 GND.t2 GND.n892 2.23823
R750 GND.t4 GND.n2179 9.0005
R751 GND.n2180 GND.t4 9.0005
R752 GND.t4 GND.n905 9.0005
R753 GND.t4 GND.n903 9.0005
R754 GND.t6 GND.n2138 9.0005
R755 GND.n2139 GND.t6 9.0005
R756 GND.t6 GND.n920 9.0005
R757 GND.n446 GND.n922 0.0134064
R758 GND.t6 GND.n919 2.23823
R759 GND.n1281 GND.n45 0.0413882
R760 GND.n1286 GND.n14 8.51119
R761 GND.n17 GND.n42 0.00582818
R762 GND.n4 GND.n17 0.0294121
R763 GND.n1914 GND.n17 3.40102
R764 GND.n14 GND.t51 8.501
R765 GND.n15 GND.n14 0.00105891
R766 GND.n1317 GND.n17 8.5009
R767 GND.n1307 GND.n17 8.5009
R768 GND.n1 GND.n1293 8.50088
R769 GND.n1 GND.n1297 8.50088
R770 GND.n1 GND.n1294 8.50088
R771 GND.n1 GND.n1296 8.50088
R772 GND.n1 GND.n1292 8.50088
R773 GND.n31 GND.n1392 8.50081
R774 GND.n3 GND.n1 0.578584
R775 GND.n1328 GND.n17 8.5008
R776 GND.n1 GND.n1299 8.50062
R777 GND.n1 GND.n1289 8.50062
R778 GND.n1284 GND.n14 8.50062
R779 GND.n1283 GND.n14 8.50062
R780 GND.n1308 GND.n17 8.5005
R781 GND.n41 GND.n17 0.0824236
R782 GND.n43 GND.n17 4.2371
R783 GND.n1302 GND.n42 8.5005
R784 GND.n6 GND.n4 0.0977561
R785 GND.t43 GND.n17 3.39976
R786 GND.n31 GND.n39 8.5005
R787 GND.n1402 GND.n31 8.5005
R788 GND.n26 GND.n34 1.15325
R789 GND.n1 GND.n1910 8.5005
R790 GND.t24 GND.n1 22.492
R791 GND.n1 GND.t38 6.96926
R792 GND.n1911 GND.n1 8.5005
R793 GND.n1 GND.n21 3.5091
R794 GND.n1 GND.n19 3.44734
R795 GND.n1 GND.n1288 8.5005
R796 GND.n1 GND.n12 0.400249
R797 GND.n12 GND.t33 4.34059
R798 GND.n31 GND.n1401 8.50043
R799 GND.n31 GND.n1399 8.50024
R800 GND.n31 GND.n1391 8.49966
R801 GND.n31 GND.n1394 8.49966
R802 GND.t55 GND.n1927 8.49218
R803 GND.n1516 GND.n11 1.48119
R804 GND.n11 GND.n8 0.00116568
R805 GND.n8 GND.n1237 8.4689
R806 GND.n10 GND.n1 0.134898
R807 GND.n18 GND.n1 3.70839
R808 GND.n22 GND.n1 3.63949
R809 GND.n20 GND.n1 3.57311
R810 GND.n1398 GND.n21 23.0243
R811 GND.t39 GND.n19 15.6114
R812 GND.n7 GND.n1 0.799649
R813 GND.n7 GND.n26 3.52978
R814 GND.t39 GND.n1288 8.39875
R815 GND.n37 GND.n14 0.0250961
R816 GND.n1395 GND.n20 8.85388
R817 GND.n1916 GND.n35 158.416
R818 GND.n1913 GND.n1912 4.55958
R819 GND.n1610 GND.n201 4.55
R820 GND.n1912 GND.n1911 4.50967
R821 GND.n1910 GND.n1909 4.50967
R822 GND.n1785 GND.n1380 4.5005
R823 GND.n1787 GND.n1786 4.5005
R824 GND.n1788 GND.n1379 4.5005
R825 GND.n1790 GND.n1789 4.5005
R826 GND.n1791 GND.n1378 4.5005
R827 GND.n1793 GND.n1792 4.5005
R828 GND.n1794 GND.n1377 4.5005
R829 GND.n1796 GND.n1795 4.5005
R830 GND.n1797 GND.n1376 4.5005
R831 GND.n1799 GND.n1798 4.5005
R832 GND.n1800 GND.n1375 4.5005
R833 GND.n1802 GND.n1801 4.5005
R834 GND.n1803 GND.n1374 4.5005
R835 GND.n1805 GND.n1804 4.5005
R836 GND.n1806 GND.n1373 4.5005
R837 GND.n1808 GND.n1807 4.5005
R838 GND.n1809 GND.n1372 4.5005
R839 GND.n1811 GND.n1810 4.5005
R840 GND.n1812 GND.n1371 4.5005
R841 GND.n1814 GND.n1813 4.5005
R842 GND.n1815 GND.n1370 4.5005
R843 GND.n1817 GND.n1816 4.5005
R844 GND.n1818 GND.n1369 4.5005
R845 GND.n1820 GND.n1819 4.5005
R846 GND.n1821 GND.n1368 4.5005
R847 GND.n1823 GND.n1822 4.5005
R848 GND.n1824 GND.n1367 4.5005
R849 GND.n1826 GND.n1825 4.5005
R850 GND.n1827 GND.n1366 4.5005
R851 GND.n1829 GND.n1828 4.5005
R852 GND.n1830 GND.n1365 4.5005
R853 GND.n1832 GND.n1831 4.5005
R854 GND.n1833 GND.n1364 4.5005
R855 GND.n1835 GND.n1834 4.5005
R856 GND.n1836 GND.n1363 4.5005
R857 GND.n1838 GND.n1837 4.5005
R858 GND.n1839 GND.n1362 4.5005
R859 GND.n1841 GND.n1840 4.5005
R860 GND.n1842 GND.n1361 4.5005
R861 GND.n1844 GND.n1843 4.5005
R862 GND.n1845 GND.n1360 4.5005
R863 GND.n1847 GND.n1846 4.5005
R864 GND.n1848 GND.n1359 4.5005
R865 GND.n1850 GND.n1849 4.5005
R866 GND.n1851 GND.n1358 4.5005
R867 GND.n1853 GND.n1852 4.5005
R868 GND.n1854 GND.n1357 4.5005
R869 GND.n1856 GND.n1855 4.5005
R870 GND.n1857 GND.n1356 4.5005
R871 GND.n1859 GND.n1858 4.5005
R872 GND.n1860 GND.n1355 4.5005
R873 GND.n1862 GND.n1861 4.5005
R874 GND.n1863 GND.n1354 4.5005
R875 GND.n1865 GND.n1864 4.5005
R876 GND.n1866 GND.n1353 4.5005
R877 GND.n1868 GND.n1867 4.5005
R878 GND.n1869 GND.n1352 4.5005
R879 GND.n1871 GND.n1870 4.5005
R880 GND.n1872 GND.n1351 4.5005
R881 GND.n1874 GND.n1873 4.5005
R882 GND.n1875 GND.n1350 4.5005
R883 GND.n1877 GND.n1876 4.5005
R884 GND.n1878 GND.n1349 4.5005
R885 GND.n1880 GND.n1879 4.5005
R886 GND.n1881 GND.n1348 4.5005
R887 GND.n1883 GND.n1882 4.5005
R888 GND.n1884 GND.n1347 4.5005
R889 GND.n1886 GND.n1885 4.5005
R890 GND.n1888 GND.n1337 4.5005
R891 GND.n1890 GND.n1889 4.5005
R892 GND.n1892 GND.n1891 4.5005
R893 GND.n1893 GND.n1334 4.5005
R894 GND.n1896 GND.n1895 4.5005
R895 GND.n1897 GND.n1332 4.5005
R896 GND.n1907 GND.n1906 4.5005
R897 GND.n1905 GND.n1333 4.5005
R898 GND.n1904 GND.n1903 4.5005
R899 GND.n1902 GND.n1898 4.5005
R900 GND.n1901 GND.n1900 4.5005
R901 GND.n1899 GND.n299 4.5005
R902 GND.n1612 GND.n1611 4.5005
R903 GND.n1613 GND.n1453 4.5005
R904 GND.n1615 GND.n1614 4.5005
R905 GND.n1616 GND.n1452 4.5005
R906 GND.n1618 GND.n1617 4.5005
R907 GND.n1619 GND.n1451 4.5005
R908 GND.n1621 GND.n1620 4.5005
R909 GND.n1622 GND.n1450 4.5005
R910 GND.n1624 GND.n1623 4.5005
R911 GND.n1625 GND.n1449 4.5005
R912 GND.n1627 GND.n1626 4.5005
R913 GND.n1628 GND.n1448 4.5005
R914 GND.n1630 GND.n1629 4.5005
R915 GND.n1631 GND.n1447 4.5005
R916 GND.n1633 GND.n1632 4.5005
R917 GND.n1634 GND.n1446 4.5005
R918 GND.n1636 GND.n1635 4.5005
R919 GND.n1637 GND.n1445 4.5005
R920 GND.n1639 GND.n1638 4.5005
R921 GND.n1640 GND.n1444 4.5005
R922 GND.n1642 GND.n1641 4.5005
R923 GND.n1643 GND.n1443 4.5005
R924 GND.n1645 GND.n1644 4.5005
R925 GND.n1646 GND.n1442 4.5005
R926 GND.n1648 GND.n1647 4.5005
R927 GND.n1649 GND.n1441 4.5005
R928 GND.n1651 GND.n1650 4.5005
R929 GND.n1652 GND.n1440 4.5005
R930 GND.n1654 GND.n1653 4.5005
R931 GND.n1655 GND.n1439 4.5005
R932 GND.n1657 GND.n1656 4.5005
R933 GND.n1658 GND.n1438 4.5005
R934 GND.n1660 GND.n1659 4.5005
R935 GND.n1661 GND.n1437 4.5005
R936 GND.n1663 GND.n1662 4.5005
R937 GND.n1664 GND.n1436 4.5005
R938 GND.n1666 GND.n1665 4.5005
R939 GND.n1667 GND.n1435 4.5005
R940 GND.n1669 GND.n1668 4.5005
R941 GND.n1670 GND.n1434 4.5005
R942 GND.n1672 GND.n1671 4.5005
R943 GND.n1673 GND.n1433 4.5005
R944 GND.n1675 GND.n1674 4.5005
R945 GND.n1676 GND.n1432 4.5005
R946 GND.n1678 GND.n1677 4.5005
R947 GND.n1679 GND.n1431 4.5005
R948 GND.n1681 GND.n1680 4.5005
R949 GND.n1682 GND.n1430 4.5005
R950 GND.n1684 GND.n1683 4.5005
R951 GND.n1685 GND.n1429 4.5005
R952 GND.n1687 GND.n1686 4.5005
R953 GND.n1688 GND.n1428 4.5005
R954 GND.n1690 GND.n1689 4.5005
R955 GND.n1691 GND.n1427 4.5005
R956 GND.n1693 GND.n1692 4.5005
R957 GND.n1694 GND.n1426 4.5005
R958 GND.n1696 GND.n1695 4.5005
R959 GND.n1697 GND.n1425 4.5005
R960 GND.n1699 GND.n1698 4.5005
R961 GND.n1700 GND.n1424 4.5005
R962 GND.n1702 GND.n1701 4.5005
R963 GND.n1703 GND.n1423 4.5005
R964 GND.n1705 GND.n1704 4.5005
R965 GND.n1706 GND.n1422 4.5005
R966 GND.n1708 GND.n1707 4.5005
R967 GND.n1709 GND.n1421 4.5005
R968 GND.n1711 GND.n1710 4.5005
R969 GND.n1712 GND.n1420 4.5005
R970 GND.n1714 GND.n1713 4.5005
R971 GND.n1715 GND.n1419 4.5005
R972 GND.n1717 GND.n1716 4.5005
R973 GND.n1718 GND.n1418 4.5005
R974 GND.n1720 GND.n1719 4.5005
R975 GND.n1721 GND.n1417 4.5005
R976 GND.n1723 GND.n1722 4.5005
R977 GND.n1724 GND.n1416 4.5005
R978 GND.n1726 GND.n1725 4.5005
R979 GND.n1727 GND.n1415 4.5005
R980 GND.n1729 GND.n1728 4.5005
R981 GND.n1730 GND.n1414 4.5005
R982 GND.n1732 GND.n1731 4.5005
R983 GND.n1733 GND.n1413 4.5005
R984 GND.n1735 GND.n1734 4.5005
R985 GND.n1736 GND.n1412 4.5005
R986 GND.n1738 GND.n1737 4.5005
R987 GND.n1739 GND.n1411 4.5005
R988 GND.n1741 GND.n1740 4.5005
R989 GND.n1742 GND.n1410 4.5005
R990 GND.n1744 GND.n1743 4.5005
R991 GND.n1745 GND.n1409 4.5005
R992 GND.n1747 GND.n1746 4.5005
R993 GND.n1748 GND.n1408 4.5005
R994 GND.n1750 GND.n1749 4.5005
R995 GND.n1751 GND.n1407 4.5005
R996 GND.n1753 GND.n1752 4.5005
R997 GND.n1754 GND.n1406 4.5005
R998 GND.n1756 GND.n1755 4.5005
R999 GND.n1757 GND.n1405 4.5005
R1000 GND.n1759 GND.n1758 4.5005
R1001 GND.n1760 GND.n1404 4.5005
R1002 GND.n1762 GND.n1761 4.5005
R1003 GND.n1763 GND.n1403 4.5005
R1004 GND.n1765 GND.n1764 4.5005
R1005 GND.n1766 GND.n1389 4.5005
R1006 GND.n1769 GND.n1768 4.5005
R1007 GND.n1771 GND.n1770 4.5005
R1008 GND.n1774 GND.n1384 4.5005
R1009 GND.n1777 GND.n1776 4.5005
R1010 GND.n1779 GND.n1778 4.5005
R1011 GND.n1782 GND.n1381 4.5005
R1012 GND.n567 GND.n1784 4.5005
R1013 GND.n449 GND.t53 0.346571
R1014 GND.n1583 GND.n1462 4.5005
R1015 GND.n1585 GND.n1584 4.5005
R1016 GND.n1586 GND.n1461 4.5005
R1017 GND.n1588 GND.n1587 4.5005
R1018 GND.n1589 GND.n1460 4.5005
R1019 GND.n1591 GND.n1590 4.5005
R1020 GND.n1592 GND.n1459 4.5005
R1021 GND.n1594 GND.n1593 4.5005
R1022 GND.n1595 GND.n1458 4.5005
R1023 GND.n1597 GND.n1596 4.5005
R1024 GND.n1598 GND.n1457 4.5005
R1025 GND.n1600 GND.n1599 4.5005
R1026 GND.n1601 GND.n1456 4.5005
R1027 GND.n1603 GND.n1602 4.5005
R1028 GND.n1604 GND.n1455 4.5005
R1029 GND.n1606 GND.n1605 4.5005
R1030 GND.n1607 GND.n1454 4.5005
R1031 GND.n1609 GND.n1608 4.5005
R1032 GND.n1314 GND.n1312 4.5005
R1033 GND.n1315 GND.n1313 4.5005
R1034 GND.n1325 GND.n1324 4.5005
R1035 GND.n1321 GND.n1320 4.5005
R1036 GND.n1312 GND.n1310 4.5005
R1037 GND.n1313 GND.n1311 4.5005
R1038 GND.n1326 GND.n1325 4.5005
R1039 GND.n1320 GND.n1319 4.5005
R1040 GND.n1310 GND.n1309 4.5005
R1041 GND.n1327 GND.n1326 4.5005
R1042 GND.n1311 GND.n1300 4.5005
R1043 GND.n1319 GND.n1318 4.5005
R1044 GND.t2 GND.n894 4.49686
R1045 GND.t2 GND.n465 1.12175
R1046 GND.t2 GND.n896 4.49686
R1047 GND.t4 GND.n910 4.49686
R1048 GND.t4 GND.n906 4.49686
R1049 GND.t4 GND.n904 4.49686
R1050 GND.t4 GND.n911 4.49686
R1051 GND.t6 GND.n921 4.49686
R1052 GND.t6 GND.n918 4.49686
R1053 GND.n1324 GND.n1323 4.49509
R1054 GND.n1316 GND.n1145 4.48628
R1055 GND.n45 GND.n14 2.82456
R1056 GND.n1 GND.n1298 4.24249
R1057 GND.n16 GND.n1281 0.646733
R1058 GND.n38 GND.n17 0.0834367
R1059 GND.n1 GND.n1295 4.23682
R1060 GND.t26 GND.n21 5.64502
R1061 GND.n31 GND.n1396 4.11744
R1062 GND.n31 GND.n1395 3.93187
R1063 GND.n31 GND.n1398 3.93183
R1064 GND.n2 GND.t31 3.57568
R1065 GND.n2 GND.t34 3.45956
R1066 GND.n1 GND.t37 3.47635
R1067 GND.n1914 GND.n1287 3.16936
R1068 GND.n1396 GND.n20 20.1019
R1069 GND.n2077 GND.n2074 3.01808
R1070 GND.n2092 GND.n2091 3.0093
R1071 GND.n1053 GND.n1052 3.00929
R1072 GND.n1029 GND.n988 3.00929
R1073 GND.n1082 GND.n1081 3.00929
R1074 GND.n1055 GND.n974 3.00929
R1075 GND.n1108 GND.n1107 3.00929
R1076 GND.n1084 GND.n956 3.00929
R1077 GND.n1030 GND.n1029 3.0005
R1078 GND.n1031 GND.n990 3.0005
R1079 GND.n1033 GND.n1032 3.0005
R1080 GND.n986 GND.n985 3.0005
R1081 GND.n1040 GND.n1039 3.0005
R1082 GND.n1041 GND.n984 3.0005
R1083 GND.n983 GND.n982 3.0005
R1084 GND.n1046 GND.n1045 3.0005
R1085 GND.n1047 GND.n981 3.0005
R1086 GND.n1049 GND.n1048 3.0005
R1087 GND.n978 GND.n977 3.0005
R1088 GND.n1056 GND.n1055 3.0005
R1089 GND.n1057 GND.n976 3.0005
R1090 GND.n1059 GND.n1058 3.0005
R1091 GND.n972 GND.n971 3.0005
R1092 GND.n1066 GND.n1065 3.0005
R1093 GND.n1067 GND.n970 3.0005
R1094 GND.n966 GND.n965 3.0005
R1095 GND.n1075 GND.n1074 3.0005
R1096 GND.n1076 GND.n964 3.0005
R1097 GND.n1078 GND.n1077 3.0005
R1098 GND.n960 GND.n959 3.0005
R1099 GND.n1085 GND.n1084 3.0005
R1100 GND.n1086 GND.n958 3.0005
R1101 GND.n1088 GND.n1087 3.0005
R1102 GND.n954 GND.n953 3.0005
R1103 GND.n1095 GND.n1094 3.0005
R1104 GND.n1096 GND.n952 3.0005
R1105 GND.n951 GND.n950 3.0005
R1106 GND.n1101 GND.n1100 3.0005
R1107 GND.n1102 GND.n949 3.0005
R1108 GND.n1104 GND.n1103 3.0005
R1109 GND.n946 GND.n945 3.0005
R1110 GND.n2093 GND.n2092 3.0005
R1111 GND.n2094 GND.n944 3.0005
R1112 GND.n2096 GND.n2095 3.0005
R1113 GND.n2097 GND.n940 3.0005
R1114 GND.n2099 GND.n2098 3.0005
R1115 GND.n2100 GND.n938 3.0005
R1116 GND.n939 GND.n937 3.0005
R1117 GND.n2084 GND.n2083 3.0005
R1118 GND.n2082 GND.n2073 3.0005
R1119 GND.n2081 GND.n2080 3.0005
R1120 GND.n1054 GND.n1053 3.0005
R1121 GND.n1083 GND.n1082 3.0005
R1122 GND.n1109 GND.n1108 3.0005
R1123 GND.n1110 GND.n944 3.0005
R1124 GND.n2096 GND.n943 3.0005
R1125 GND.n2097 GND.n942 3.0005
R1126 GND.n2098 GND.n941 3.0005
R1127 GND.n938 GND.n936 3.0005
R1128 GND.n937 GND.n935 3.0005
R1129 GND.n2085 GND.n2084 3.0005
R1130 GND.n2073 GND.n2072 3.0005
R1131 GND.n2080 GND.n2079 3.0005
R1132 GND.n2076 GND.n2075 3.0005
R1133 GND.n2090 GND.n943 3.0005
R1134 GND.n2089 GND.n942 3.0005
R1135 GND.n2088 GND.n941 3.0005
R1136 GND.n2087 GND.n936 3.0005
R1137 GND.n2086 GND.n935 3.0005
R1138 GND.n933 GND.n2085 3.0005
R1139 GND.n2072 GND.n2071 3.0005
R1140 GND.n2079 GND.n2078 3.0005
R1141 GND.n2191 GND.n2189 3.0005
R1142 GND.n442 GND.n2197 3.0005
R1143 GND.t2 GND.n444 1.12175
R1144 GND.n465 GND.n2205 0.010059
R1145 GND.n2207 GND.n2206 3.0005
R1146 GND.n1035 GND.n1034 3.0005
R1147 GND.n1036 GND.n987 3.0005
R1148 GND.n1038 GND.n1037 3.0005
R1149 GND.t17 GND.n371 3.0005
R1150 GND.n370 GND.n471 0.0151318
R1151 GND.n1044 GND.n450 0.00925955
R1152 GND.n450 GND.t17 1.49687
R1153 GND.n1051 GND.n1050 3.0005
R1154 GND.n990 GND.n989 3.0005
R1155 GND.n1034 GND.n1033 3.0005
R1156 GND.n987 GND.n986 3.0005
R1157 GND.n1039 GND.n1038 3.0005
R1158 GND.n984 GND.n371 3.0005
R1159 GND.n471 GND.n983 3.0005
R1160 GND.n1045 GND.n1044 3.0005
R1161 GND.n981 GND.n980 3.0005
R1162 GND.n1050 GND.n1049 3.0005
R1163 GND.n979 GND.n978 3.0005
R1164 GND.n2155 GND.n2154 3.0005
R1165 GND.n2153 GND.n2149 3.0005
R1166 GND.n2152 GND.n2148 3.0005
R1167 GND.n2151 GND.n905 3.0005
R1168 GND.n2162 GND.n2144 3.0005
R1169 GND.n2170 GND.n2169 3.0005
R1170 GND.n2171 GND.n903 3.0005
R1171 GND.n2173 GND.n2172 3.0005
R1172 GND.n1061 GND.n1060 3.0005
R1173 GND.n1062 GND.n973 3.0005
R1174 GND.n1064 GND.n1063 3.0005
R1175 GND.n969 GND.n968 3.0005
R1176 GND.n1071 GND.n967 3.0005
R1177 GND.n1073 GND.n1072 3.0005
R1178 GND.n963 GND.n962 3.0005
R1179 GND.n1080 GND.n1079 3.0005
R1180 GND.n976 GND.n975 3.0005
R1181 GND.n1060 GND.n1059 3.0005
R1182 GND.n973 GND.n972 3.0005
R1183 GND.n1065 GND.n1064 3.0005
R1184 GND.n970 GND.n969 3.0005
R1185 GND.n967 GND.n966 3.0005
R1186 GND.n1074 GND.n1073 3.0005
R1187 GND.n964 GND.n963 3.0005
R1188 GND.n1079 GND.n1078 3.0005
R1189 GND.n961 GND.n960 3.0005
R1190 GND.n2115 GND.n2113 3.0005
R1191 GND.n2122 GND.n2121 3.0005
R1192 GND.n445 GND.n922 3.0005
R1193 GND.t6 GND.n446 2.2479
R1194 GND.n481 GND.t6 1.79831
R1195 GND.n2112 GND.n464 0.0104363
R1196 GND.t6 GND.n464 1.12175
R1197 GND.n2132 GND.n2131 3.0005
R1198 GND.n1090 GND.n1089 3.0005
R1199 GND.n1091 GND.n955 3.0005
R1200 GND.n1093 GND.n1092 3.0005
R1201 GND.t21 GND.n369 3.0005
R1202 GND.n368 GND.n472 0.0151318
R1203 GND.n1099 GND.n451 0.00925955
R1204 GND.n451 GND.t21 1.49687
R1205 GND.n1106 GND.n1105 3.0005
R1206 GND.n958 GND.n957 3.0005
R1207 GND.n1089 GND.n1088 3.0005
R1208 GND.n955 GND.n954 3.0005
R1209 GND.n1094 GND.n1093 3.0005
R1210 GND.n952 GND.n369 3.0005
R1211 GND.n472 GND.n951 3.0005
R1212 GND.n1100 GND.n1099 3.0005
R1213 GND.n949 GND.n948 3.0005
R1214 GND.n1105 GND.n1104 3.0005
R1215 GND.n947 GND.n946 3.0005
R1216 GND.n12 GND.t41 7.53751
R1217 GND.n0 GND.t60 2.88567
R1218 GND.n1781 GND.n39 2.87922
R1219 GND.n1773 GND.n1386 2.86394
R1220 GND.n441 GND.n1516 2.83988
R1221 GND.n1894 GND.n1335 2.83257
R1222 GND.n1339 GND.n1336 2.83157
R1223 GND.n1887 GND.n1346 2.83157
R1224 GND.n441 GND.n1522 2.81238
R1225 GND.n441 GND.n1515 2.81238
R1226 GND.n441 GND.n1513 2.81238
R1227 GND.n441 GND.n1528 2.81238
R1228 GND.n441 GND.n1512 2.81238
R1229 GND.n441 GND.n1530 2.81238
R1230 GND.n441 GND.n1531 2.81238
R1231 GND.n1533 GND.n441 2.81238
R1232 GND.n441 GND.n1538 2.81238
R1233 GND.n441 GND.n1496 2.81238
R1234 GND.n16 GND.n14 0.00410495
R1235 GND.n34 GND.n27 0.575642
R1236 GND.n36 GND.n1397 0.301148
R1237 GND.n1767 GND.n1402 2.79168
R1238 GND.n441 GND.n1938 2.78217
R1239 GND.n1780 GND.n1382 2.77717
R1240 GND.n1400 GND.n1383 2.77717
R1241 GND.n1775 GND.n1385 2.77717
R1242 GND.n1772 GND.n1387 2.77717
R1243 GND.n1393 GND.n1388 2.77717
R1244 GND.n1395 GND.n22 17.0961
R1245 GND.n441 GND.n1514 2.72717
R1246 GND.n441 GND.n25 2.72717
R1247 GND.n1 GND.t28 4.2306
R1248 GND.n28 GND.n18 13.022
R1249 GND.n1122 GND.n1121 2.26806
R1250 GND.n2104 GND.n2103 2.2505
R1251 GND.n929 GND.n928 2.2505
R1252 GND.n1135 GND.n1134 2.2505
R1253 GND.n1136 GND.n1131 2.2505
R1254 GND.n1138 GND.n1137 2.2505
R1255 GND.n1113 GND.n1111 2.2505
R1256 GND.n931 GND.n1144 2.2505
R1257 GND.n1112 GND.n930 2.2505
R1258 GND.n1125 GND.n1124 2.2505
R1259 GND.n1123 GND.n1118 2.2505
R1260 GND.n2105 GND.n2104 2.2505
R1261 GND.n928 GND.n927 2.2505
R1262 GND.n1134 GND.n1133 2.2505
R1263 GND.n1131 GND.n1130 2.2505
R1264 GND.n1139 GND.n1138 2.2505
R1265 GND.n1115 GND.n1113 2.2505
R1266 GND.n1144 GND.n1143 2.2505
R1267 GND.n1114 GND.n1112 2.2505
R1268 GND.n1126 GND.n1125 2.2505
R1269 GND.n1118 GND.n1117 2.2505
R1270 GND.n1120 GND.n1119 2.2505
R1271 GND.n1117 GND.n1116 2.2505
R1272 GND.n1127 GND.n1126 2.2505
R1273 GND.n1128 GND.n1114 2.2505
R1274 GND.n1143 GND.n1142 2.2505
R1275 GND.n1141 GND.n1115 2.2505
R1276 GND.n1140 GND.n1139 2.2505
R1277 GND.n1130 GND.n1129 2.2505
R1278 GND.n1133 GND.n1132 2.2505
R1279 GND.n927 GND.n926 2.2505
R1280 GND.n2106 GND.n2105 2.2505
R1281 GND.n2137 GND.n2136 2.2505
R1282 GND.n2135 GND.n925 2.2505
R1283 GND.n2134 GND.n2133 2.2505
R1284 GND.n2108 GND.n2107 2.2505
R1285 GND.n2129 GND.n2128 2.2505
R1286 GND.n2127 GND.n2109 2.2505
R1287 GND.n2126 GND.n2125 2.2505
R1288 GND.n2111 GND.n2110 2.2505
R1289 GND.n2117 GND.n2114 2.2505
R1290 GND.n2120 GND.n2119 2.2505
R1291 GND.n2118 GND.n2116 2.2505
R1292 GND.n916 GND.n915 2.2505
R1293 GND.n2178 GND.n2177 2.2505
R1294 GND.n2176 GND.n914 2.2505
R1295 GND.n2175 GND.n2174 2.2505
R1296 GND.n2143 GND.n2142 2.2505
R1297 GND.n2168 GND.n2167 2.2505
R1298 GND.n2166 GND.n2145 2.2505
R1299 GND.n2165 GND.n2164 2.2505
R1300 GND.n2161 GND.n2146 2.2505
R1301 GND.n2160 GND.n2159 2.2505
R1302 GND.n2158 GND.n2147 2.2505
R1303 GND.n2157 GND.n2156 2.2505
R1304 GND.n901 GND.n900 2.2505
R1305 GND.n2212 GND.n2211 2.2505
R1306 GND.n2210 GND.n899 2.2505
R1307 GND.n2209 GND.n2208 2.2505
R1308 GND.n2184 GND.n2183 2.2505
R1309 GND.n2204 GND.n2203 2.2505
R1310 GND.n2202 GND.n2185 2.2505
R1311 GND.n2201 GND.n2200 2.2505
R1312 GND.n2187 GND.n2186 2.2505
R1313 GND.n2193 GND.n2190 2.2505
R1314 GND.n2196 GND.n2195 2.2505
R1315 GND.n2194 GND.n2192 2.2505
R1316 GND.n890 GND.n889 2.2505
R1317 GND.n2141 GND.n2140 2.2505
R1318 GND.n2182 GND.n2181 2.2505
R1319 GND.n2216 GND.n2215 2.2505
R1320 GND.n2215 GND.n2214 2.2505
R1321 GND.n893 GND.n890 2.2505
R1322 GND.n2192 GND.n2191 2.2505
R1323 GND.n2197 GND.n2196 2.2505
R1324 GND.n2190 GND.n895 2.2505
R1325 GND.n2198 GND.n2187 2.2505
R1326 GND.n2200 GND.n2199 2.2505
R1327 GND.n2188 GND.n2185 2.2505
R1328 GND.n2205 GND.n2204 2.2505
R1329 GND.n2184 GND.n892 2.2505
R1330 GND.n2208 GND.n2207 2.2505
R1331 GND.n899 GND.n898 2.2505
R1332 GND.n2213 GND.n2212 2.2505
R1333 GND.n2181 GND.n2180 2.2505
R1334 GND.n909 GND.n901 2.2505
R1335 GND.n2156 GND.n2155 2.2505
R1336 GND.n2149 GND.n2147 2.2505
R1337 GND.n2160 GND.n2148 2.2505
R1338 GND.n2161 GND.n905 2.2505
R1339 GND.n2164 GND.n2163 2.2505
R1340 GND.n2162 GND.n2145 2.2505
R1341 GND.n2169 GND.n2168 2.2505
R1342 GND.n2143 GND.n903 2.2505
R1343 GND.n2174 GND.n2173 2.2505
R1344 GND.n914 GND.n913 2.2505
R1345 GND.n2179 GND.n2178 2.2505
R1346 GND.n2140 GND.n2139 2.2505
R1347 GND.n920 GND.n916 2.2505
R1348 GND.n2116 GND.n2115 2.2505
R1349 GND.n2121 GND.n2120 2.2505
R1350 GND.n2114 GND.n922 2.2505
R1351 GND.n2123 GND.n2111 2.2505
R1352 GND.n2125 GND.n2124 2.2505
R1353 GND.n2112 GND.n2109 2.2505
R1354 GND.n2130 GND.n2129 2.2505
R1355 GND.n2108 GND.n919 2.2505
R1356 GND.n2133 GND.n2132 2.2505
R1357 GND.n925 GND.n924 2.2505
R1358 GND.n2138 GND.n2137 2.2505
R1359 GND.n2163 GND.n907 2.25022
R1360 GND.t61 GND.n447 0.0348862
R1361 GND.n447 GND.n441 1.04486
R1362 GND.n1 GND.n9 41.3482
R1363 GND.n1 GND.t36 7.06451
R1364 GND.n4 GND.t42 15.6877
R1365 GND.n11 GND.n1917 1.43573
R1366 GND.n2091 GND.n2090 1.52923
R1367 GND.n2078 GND.n2077 1.52923
R1368 GND.n2189 GND.n891 1.52365
R1369 GND.n2206 GND.n897 1.52365
R1370 GND.n2154 GND.n902 1.52365
R1371 GND.n2172 GND.n912 1.52365
R1372 GND.n2113 GND.n917 1.52365
R1373 GND.n2131 GND.n923 1.52365
R1374 GND.n1035 GND.n988 1.52352
R1375 GND.n1052 GND.n1051 1.52352
R1376 GND.n1061 GND.n974 1.52352
R1377 GND.n1081 GND.n1080 1.52352
R1378 GND.n1090 GND.n956 1.52352
R1379 GND.n1107 GND.n1106 1.52352
R1380 GND.n2081 GND.n2074 1.51756
R1381 GND.n880 GND.n886 1.50925
R1382 GND.n1027 GND.n1026 1.50925
R1383 GND.n1009 GND.n365 1.5005
R1384 GND.n1011 GND.n1010 1.5005
R1385 GND.n1012 GND.n1006 1.5005
R1386 GND.n1014 GND.n1013 1.5005
R1387 GND.n1015 GND.n1005 1.5005
R1388 GND.n1017 GND.n1016 1.5005
R1389 GND.n1018 GND.n999 1.5005
R1390 GND.n1020 GND.n1019 1.5005
R1391 GND.n1021 GND.n997 1.5005
R1392 GND.n1023 GND.n1022 1.5005
R1393 GND.n998 GND.n996 1.5005
R1394 GND.n992 GND.n991 1.5005
R1395 GND.n1028 GND.n1027 1.5005
R1396 GND.n203 GND.n2245 1.5005
R1397 GND.n873 GND.n872 1.5005
R1398 GND.n2228 GND.n2227 1.5005
R1399 GND.n2230 GND.n2229 1.5005
R1400 GND.n2231 GND.n2222 1.5005
R1401 GND.n2233 GND.n2232 1.5005
R1402 GND.n2234 GND.n2221 1.5005
R1403 GND.n2236 GND.n2235 1.5005
R1404 GND.n2237 GND.n2218 1.5005
R1405 GND.n2239 GND.n2238 1.5005
R1406 GND.n2240 GND.n888 1.5005
R1407 GND.n2242 GND.n2241 1.5005
R1408 GND.n2217 GND.n886 1.5005
R1409 GND.n2245 GND.n2244 1.5005
R1410 GND.n874 GND.n873 1.5005
R1411 GND.n2227 GND.n2226 1.5005
R1412 GND.n2230 GND.n876 1.5005
R1413 GND.n2231 GND.n2225 1.5005
R1414 GND.n2232 GND.n2224 1.5005
R1415 GND.n2223 GND.n2221 1.5005
R1416 GND.n2236 GND.n2220 1.5005
R1417 GND.n2237 GND.n885 1.5005
R1418 GND.n2238 GND.n2219 1.5005
R1419 GND.n888 GND.n887 1.5005
R1420 GND.n2243 GND.n2242 1.5005
R1421 GND.n2244 GND.t0 1.5005
R1422 GND.t0 GND.n876 1.5005
R1423 GND.t0 GND.n885 1.5005
R1424 GND.t15 GND.n995 1.5005
R1425 GND.t15 GND.n994 1.5005
R1426 GND.t15 GND.n1025 1.5005
R1427 GND.n1009 GND.n995 1.5005
R1428 GND.n1011 GND.n1008 1.5005
R1429 GND.n1012 GND.n1007 1.5005
R1430 GND.n1013 GND.n994 1.5005
R1431 GND.n1005 GND.n1004 1.5005
R1432 GND.n1017 GND.n1003 1.5005
R1433 GND.n1018 GND.n1002 1.5005
R1434 GND.n1019 GND.n1001 1.5005
R1435 GND.n1000 GND.n997 1.5005
R1436 GND.n1024 GND.n1023 1.5005
R1437 GND.n1025 GND.n996 1.5005
R1438 GND.n993 GND.n992 1.5005
R1439 GND.n1 GND.t32 5.12442
R1440 GND.n13 GND.t57 1.45967
R1441 GND.n1937 GND.t57 1.4251
R1442 GND.n13 GND.n1936 1.40774
R1443 GND.n1938 GND.n1937 1.40575
R1444 GND.n1303 GND.t44 1.25956
R1445 GND.n1121 GND.n1116 1.14256
R1446 GND.n1398 GND.n19 2.70865
R1447 GND.n1123 GND.n1122 1.13618
R1448 GND.n31 GND.n32 0.390696
R1449 GND.n32 GND.n7 6.63917
R1450 GND.t44 GND.n1301 0.882463
R1451 GND.n1 GND.n0 0.796451
R1452 GND.n36 GND.n31 0.549981
R1453 GND.t0 GND.n877 0.746874
R1454 GND.t0 GND.n878 0.746874
R1455 GND.t0 GND.n879 0.746874
R1456 GND.t0 GND.n875 0.746874
R1457 GND.t0 GND.n880 0.746874
R1458 GND.t15 GND.n883 0.746874
R1459 GND.t15 GND.n882 0.746874
R1460 GND.t15 GND.n881 0.746874
R1461 GND.t15 GND.n884 0.746874
R1462 GND.n1026 GND.t15 0.746874
R1463 GND.n2102 GND.n2101 0.692808
R1464 GND.n934 GND.n2102 0.692808
R1465 GND.n932 GND.n934 0.692808
R1466 GND.n31 GND.n27 0.489513
R1467 GND.n16 GND.n1280 0.705941
R1468 GND.n29 GND.n1390 0.628788
R1469 GND.n1397 GND.n29 0.627992
R1470 GND.n1909 GND.n3 4.5603
R1471 GND.n1301 GND.n1279 0.616878
R1472 GND.n1915 GND.n1279 0.614902
R1473 GND.n1304 GND.n41 0.620059
R1474 GND.n1301 GND.n38 0.636126
R1475 GND.n2 GND.n1 0.118543
R1476 GND.t17 GND.n370 0.427486
R1477 GND.t21 GND.n368 0.427486
R1478 GND.n38 GND.n1330 0.568207
R1479 GND.n1912 GND.n1290 0.570962
R1480 GND.n1909 GND.n1908 0.567
R1481 GND.n1043 GND.n1042 0.5005
R1482 GND.n1069 GND.n1068 0.5005
R1483 GND.n1098 GND.n1097 0.5005
R1484 GND.n480 GND.n1043 0.5005
R1485 GND.n908 GND.n1069 0.5005
R1486 GND.n479 GND.n1098 0.5005
R1487 GND.t19 GND.n908 0.500439
R1488 GND.n31 GND.n30 0.486214
R1489 GND.n27 GND.n33 0.382753
R1490 GND.n31 GND.n28 0.382922
R1491 GND.t24 GND.t41 0.365641
R1492 GND.n34 GND.n36 0.546243
R1493 GND.n32 GND.n1288 2.61615
R1494 GND.t0 GND.t15 0.3151
R1495 GND.t4 GND.t19 0.288035
R1496 GND.t6 GND.t21 0.286862
R1497 GND.t2 GND.t17 0.286862
R1498 GND.t61 GND.n1145 0.209531
R1499 GND.n1580 GND.n1464 0.189571
R1500 GND.n2004 GND.n2003 0.189571
R1501 GND.n523 GND.n871 0.189571
R1502 GND.n766 GND.n493 0.189571
R1503 GND.n689 GND.n688 0.189571
R1504 GND.n1183 GND.n1181 0.189571
R1505 GND.n2002 GND.n2001 0.188
R1506 GND.n1187 GND.n1186 0.188
R1507 GND.n1995 GND.n1193 0.188
R1508 GND.n1997 GND.n1996 0.188
R1509 GND.n1994 GND.n1192 0.188
R1510 GND.n1993 GND.n1992 0.188
R1511 GND.n1195 GND.n1194 0.188
R1512 GND.n1986 GND.n1201 0.188
R1513 GND.n1988 GND.n1987 0.188
R1514 GND.n1985 GND.n1200 0.188
R1515 GND.n1984 GND.n1983 0.188
R1516 GND.n1203 GND.n1202 0.188
R1517 GND.n1977 GND.n1209 0.188
R1518 GND.n1979 GND.n1978 0.188
R1519 GND.n1976 GND.n1208 0.188
R1520 GND.n1975 GND.n1974 0.188
R1521 GND.n1211 GND.n1210 0.188
R1522 GND.n1968 GND.n1217 0.188
R1523 GND.n1970 GND.n1969 0.188
R1524 GND.n1967 GND.n1216 0.188
R1525 GND.n1966 GND.n1965 0.188
R1526 GND.n1219 GND.n1218 0.188
R1527 GND.n1959 GND.n1225 0.188
R1528 GND.n1961 GND.n1960 0.188
R1529 GND.n1958 GND.n1224 0.188
R1530 GND.n1957 GND.n1956 0.188
R1531 GND.n1227 GND.n1226 0.188
R1532 GND.n1950 GND.n1949 0.188
R1533 GND.n1952 GND.n1951 0.188
R1534 GND.n1948 GND.n594 0.188
R1535 GND.n1947 GND.n1946 0.188
R1536 GND.n1945 GND.n1232 0.188
R1537 GND.n1944 GND.n1943 0.188
R1538 GND.n1235 GND.n1234 0.188
R1539 GND.n1543 GND.n1542 0.188
R1540 GND.n1545 GND.n1544 0.188
R1541 GND.n1546 GND.n1492 0.188
R1542 GND.n1548 GND.n1547 0.188
R1543 GND.n1549 GND.n1491 0.188
R1544 GND.n1551 GND.n1550 0.188
R1545 GND.n1552 GND.n1487 0.188
R1546 GND.n1554 GND.n1553 0.188
R1547 GND.n1555 GND.n1486 0.188
R1548 GND.n1557 GND.n1556 0.188
R1549 GND.n1558 GND.n1482 0.188
R1550 GND.n1560 GND.n1559 0.188
R1551 GND.n1561 GND.n1481 0.188
R1552 GND.n1563 GND.n1562 0.188
R1553 GND.n1564 GND.n1477 0.188
R1554 GND.n1566 GND.n1565 0.188
R1555 GND.n1567 GND.n1476 0.188
R1556 GND.n1569 GND.n1568 0.188
R1557 GND.n1570 GND.n1472 0.188
R1558 GND.n1572 GND.n1571 0.188
R1559 GND.n1573 GND.n1471 0.188
R1560 GND.n1575 GND.n1574 0.188
R1561 GND.n1576 GND.n1467 0.188
R1562 GND.n1578 GND.n1577 0.188
R1563 GND.n1579 GND.n1466 0.188
R1564 GND.n1185 GND.n1184 0.188
R1565 GND.n2001 GND.n2000 0.188
R1566 GND.n1188 GND.n1187 0.188
R1567 GND.n1193 GND.n1191 0.188
R1568 GND.n1998 GND.n1997 0.188
R1569 GND.n1192 GND.n1190 0.188
R1570 GND.n1992 GND.n1991 0.188
R1571 GND.n1196 GND.n1195 0.188
R1572 GND.n1201 GND.n1199 0.188
R1573 GND.n1989 GND.n1988 0.188
R1574 GND.n1200 GND.n1198 0.188
R1575 GND.n1983 GND.n1982 0.188
R1576 GND.n1204 GND.n1203 0.188
R1577 GND.n1209 GND.n1207 0.188
R1578 GND.n1980 GND.n1979 0.188
R1579 GND.n1208 GND.n1206 0.188
R1580 GND.n1974 GND.n1973 0.188
R1581 GND.n1212 GND.n1211 0.188
R1582 GND.n1217 GND.n1215 0.188
R1583 GND.n1971 GND.n1970 0.188
R1584 GND.n1216 GND.n1214 0.188
R1585 GND.n1965 GND.n1964 0.188
R1586 GND.n1220 GND.n1219 0.188
R1587 GND.n1225 GND.n1223 0.188
R1588 GND.n1962 GND.n1961 0.188
R1589 GND.n1224 GND.n1222 0.188
R1590 GND.n1956 GND.n1955 0.188
R1591 GND.n1228 GND.n1227 0.188
R1592 GND.n1949 GND.n1231 0.188
R1593 GND.n1953 GND.n1952 0.188
R1594 GND.n1948 GND.n1230 0.188
R1595 GND.n1947 GND.n1233 0.188
R1596 GND.n1941 GND.n1232 0.188
R1597 GND.n1943 GND.n1942 0.188
R1598 GND.n1236 GND.n1235 0.188
R1599 GND.n1542 GND.n1541 0.188
R1600 GND.n1545 GND.n1495 0.188
R1601 GND.n1546 GND.n1494 0.188
R1602 GND.n1547 GND.n1493 0.188
R1603 GND.n1511 GND.n1491 0.188
R1604 GND.n1551 GND.n1490 0.188
R1605 GND.n1552 GND.n1489 0.188
R1606 GND.n1553 GND.n1488 0.188
R1607 GND.n1526 GND.n1486 0.188
R1608 GND.n1557 GND.n1485 0.188
R1609 GND.n1558 GND.n1484 0.188
R1610 GND.n1559 GND.n1483 0.188
R1611 GND.n1524 GND.n1481 0.188
R1612 GND.n1563 GND.n1480 0.188
R1613 GND.n1564 GND.n1479 0.188
R1614 GND.n1565 GND.n1478 0.188
R1615 GND.n1520 GND.n1476 0.188
R1616 GND.n1569 GND.n1475 0.188
R1617 GND.n1570 GND.n1474 0.188
R1618 GND.n1571 GND.n1473 0.188
R1619 GND.n1517 GND.n1471 0.188
R1620 GND.n1575 GND.n1470 0.188
R1621 GND.n1576 GND.n1469 0.188
R1622 GND.n1577 GND.n1468 0.188
R1623 GND.n1466 GND.n1465 0.188
R1624 GND.n1582 GND.n1581 0.188
R1625 GND.n1464 GND.n1463 0.188
R1626 GND.n392 GND.n2004 0.188
R1627 GND.n1184 GND.n554 0.188
R1628 GND.n2000 GND.n1999 0.188
R1629 GND.n553 GND.n1188 0.188
R1630 GND.n1191 GND.n1189 0.188
R1631 GND.n550 GND.n1998 0.188
R1632 GND.n1190 GND.n549 0.188
R1633 GND.n1991 GND.n1990 0.188
R1634 GND.n547 GND.n1196 0.188
R1635 GND.n1199 GND.n1197 0.188
R1636 GND.n396 GND.n1989 0.188
R1637 GND.n1198 GND.n541 0.188
R1638 GND.n1982 GND.n1981 0.188
R1639 GND.n539 GND.n1204 0.188
R1640 GND.n1207 GND.n1205 0.188
R1641 GND.n556 GND.n1980 0.188
R1642 GND.n1206 GND.n538 0.188
R1643 GND.n1973 GND.n1972 0.188
R1644 GND.n557 GND.n1212 0.188
R1645 GND.n1215 GND.n1213 0.188
R1646 GND.n559 GND.n1971 0.188
R1647 GND.n1214 GND.n532 0.188
R1648 GND.n1964 GND.n1963 0.188
R1649 GND.n530 GND.n1220 0.188
R1650 GND.n1223 GND.n1221 0.188
R1651 GND.n562 GND.n1962 0.188
R1652 GND.n1222 GND.n528 0.188
R1653 GND.n1955 GND.n1954 0.188
R1654 GND.n563 GND.n1228 0.188
R1655 GND.n1231 GND.n1229 0.188
R1656 GND.n564 GND.n1953 0.188
R1657 GND.n1230 GND.n524 0.188
R1658 GND.n1939 GND.n1233 0.188
R1659 GND.n1941 GND.n1940 0.188
R1660 GND.n1942 GND.n565 0.188
R1661 GND.n1539 GND.n1236 0.188
R1662 GND.n1541 GND.n1540 0.188
R1663 GND.n486 GND.n1495 0.188
R1664 GND.n551 GND.n1494 0.188
R1665 GND.n1532 GND.n1493 0.188
R1666 GND.n407 GND.n1511 0.188
R1667 GND.n569 GND.n1490 0.188
R1668 GND.n1529 GND.n1489 0.188
R1669 GND.n487 GND.n1488 0.188
R1670 GND.n1527 GND.n1526 0.188
R1671 GND.n412 GND.n1485 0.188
R1672 GND.n1525 GND.n1484 0.188
R1673 GND.n485 GND.n1483 0.188
R1674 GND.n552 GND.n1524 0.188
R1675 GND.n1523 GND.n1480 0.188
R1676 GND.n483 GND.n1479 0.188
R1677 GND.n592 GND.n1478 0.188
R1678 GND.n1521 GND.n1520 0.188
R1679 GND.n484 GND.n1475 0.188
R1680 GND.n593 GND.n1474 0.188
R1681 GND.n1519 GND.n1473 0.188
R1682 GND.n490 GND.n1517 0.188
R1683 GND.n591 GND.n1470 0.188
R1684 GND.n1518 GND.n1469 0.188
R1685 GND.n491 GND.n1468 0.188
R1686 GND.n1465 GND.n492 0.188
R1687 GND.n590 GND.n1582 0.188
R1688 GND.n1463 GND.n441 0.188
R1689 GND.n441 GND.n417 0.0942177
R1690 GND.n417 GND.n492 0.00206464
R1691 GND.n441 GND.n416 0.0942177
R1692 GND.n1518 GND.n416 0.00206464
R1693 GND.n441 GND.n415 0.0942177
R1694 GND.n415 GND.n490 0.00206464
R1695 GND.n489 GND.n441 0.0942177
R1696 GND.n489 GND.n593 0.00206464
R1697 GND.n441 GND.n414 0.0942177
R1698 GND.n1521 GND.n414 0.00206464
R1699 GND.n441 GND.n413 0.0942177
R1700 GND.n413 GND.n483 0.00206464
R1701 GND.n1523 GND.n411 0.00206464
R1702 GND.n441 GND.n411 0.0942177
R1703 GND.n441 GND.n410 0.0942177
R1704 GND.n1525 GND.n410 0.00206464
R1705 GND.n441 GND.n412 0.188
R1706 GND.n1527 GND.n409 0.00206464
R1707 GND.n441 GND.n409 0.0942177
R1708 GND.n1529 GND.n408 0.00206464
R1709 GND.n441 GND.n408 0.0942177
R1710 GND.n441 GND.n407 0.188
R1711 GND.n1532 GND.n406 0.00206464
R1712 GND.n441 GND.n406 0.0942177
R1713 GND.n441 GND.n405 0.0942177
R1714 GND.n1540 GND.n405 0.00206464
R1715 GND.n1539 GND.n441 0.188
R1716 GND.n488 GND.n565 0.00206464
R1717 GND.n488 GND.n441 0.0942177
R1718 GND.n1939 GND.n404 0.00206464
R1719 GND.n441 GND.n404 0.0942177
R1720 GND.n525 GND.n564 0.00206464
R1721 GND.n525 GND.n441 0.0942177
R1722 GND.n526 GND.n563 0.00206464
R1723 GND.n526 GND.n441 0.0942177
R1724 GND.n403 GND.n528 0.00206464
R1725 GND.n441 GND.n403 0.0942177
R1726 GND.n1221 GND.n402 0.00206464
R1727 GND.n441 GND.n402 0.0942177
R1728 GND.n1963 GND.n399 0.00206464
R1729 GND.n441 GND.n399 0.0942177
R1730 GND.n534 GND.n559 0.00206464
R1731 GND.n534 GND.n441 0.0942177
R1732 GND.n536 GND.n557 0.00206464
R1733 GND.n536 GND.n441 0.0942177
R1734 GND.n398 GND.n538 0.00206464
R1735 GND.n441 GND.n398 0.0942177
R1736 GND.n1205 GND.n397 0.00206464
R1737 GND.n441 GND.n397 0.0942177
R1738 GND.n1981 GND.n395 0.00206464
R1739 GND.n441 GND.n395 0.0942177
R1740 GND.n441 GND.n396 0.188
R1741 GND.n1197 GND.n393 0.00206464
R1742 GND.n441 GND.n393 0.0942177
R1743 GND.n1990 GND.n441 0.188
R1744 GND.n441 GND.n394 0.0942177
R1745 GND.n394 GND.n550 0.00206464
R1746 GND.n548 GND.n441 0.0942177
R1747 GND.n548 GND.n553 0.00206464
R1748 GND.n546 GND.n441 0.0942177
R1749 GND.n546 GND.n554 0.00206464
R1750 GND.n441 GND.n392 0.188
R1751 GND.n441 GND.n391 0.188
R1752 GND.n2005 GND.n390 0.00206464
R1753 GND.n441 GND.n390 0.0942177
R1754 GND.n529 GND.n561 0.00206464
R1755 GND.n529 GND.n441 0.0942177
R1756 GND.n531 GND.n560 0.00206464
R1757 GND.n531 GND.n441 0.0942177
R1758 GND.n389 GND.n533 0.00206464
R1759 GND.n441 GND.n389 0.0942177
R1760 GND.n2026 GND.n388 0.00206464
R1761 GND.n441 GND.n388 0.0942177
R1762 GND.n2027 GND.n386 0.00206464
R1763 GND.n441 GND.n386 0.0942177
R1764 GND.n441 GND.n387 0.0942177
R1765 GND.n2070 GND.n387 0.00206464
R1766 GND.n385 GND.n540 0.00206464
R1767 GND.n441 GND.n385 0.0942177
R1768 GND.n2069 GND.n441 0.188
R1769 GND.n441 GND.n384 0.0942177
R1770 GND.n384 GND.n545 0.00206464
R1771 GND.n477 GND.n441 0.0942177
R1772 GND.n477 GND.n1152 0.00206464
R1773 GND.n460 GND.n461 0.00206464
R1774 GND.n460 GND.n441 0.0942177
R1775 GND.n400 GND.n458 0.00206464
R1776 GND.n441 GND.n400 0.0942177
R1777 GND.n456 GND.n441 0.0942177
R1778 GND.n456 GND.n1157 0.00206464
R1779 GND.n441 GND.n401 0.0942177
R1780 GND.n2064 GND.n401 0.00206464
R1781 GND.n441 GND.n418 0.188
R1782 GND.n448 GND.n604 0.00206464
R1783 GND.n448 GND.n441 0.0942177
R1784 GND.n382 GND.n454 0.00206464
R1785 GND.n441 GND.n382 0.0942177
R1786 GND.n2279 GND.n381 0.00206464
R1787 GND.n441 GND.n381 0.0942177
R1788 GND.n459 GND.n2278 0.00206464
R1789 GND.n459 GND.n441 0.0942177
R1790 GND.n379 GND.n466 0.00206464
R1791 GND.n441 GND.n379 0.0942177
R1792 GND.n2276 GND.n378 0.00206464
R1793 GND.n441 GND.n378 0.0942177
R1794 GND.n441 GND.n377 0.0942177
R1795 GND.n2274 GND.n377 0.00206464
R1796 GND.n441 GND.n374 0.0942177
R1797 GND.n374 GND.n475 0.00206464
R1798 GND.n2273 GND.n373 0.00206464
R1799 GND.n441 GND.n373 0.0942177
R1800 GND.n478 GND.n2272 0.00206464
R1801 GND.n478 GND.n441 0.0942177
R1802 GND.n441 GND.n372 0.0942177
R1803 GND.n372 GND.n543 0.00206464
R1804 GND.n2270 GND.n375 0.00206464
R1805 GND.n441 GND.n375 0.0942177
R1806 GND.n441 GND.n376 0.0942177
R1807 GND.n2269 GND.n376 0.00206464
R1808 GND.n441 GND.n380 0.0942177
R1809 GND.n380 GND.n463 0.00206464
R1810 GND.n2268 GND.n383 0.00206464
R1811 GND.n441 GND.n383 0.0942177
R1812 GND.n469 GND.n2267 0.00206464
R1813 GND.n469 GND.n441 0.0942177
R1814 GND.n441 GND.n435 0.0942177
R1815 GND.n2266 GND.n435 0.00206464
R1816 GND.n441 GND.n436 0.188
R1817 GND.n494 GND.n589 0.00206464
R1818 GND.n494 GND.n441 0.0942177
R1819 GND.n437 GND.n495 0.00206464
R1820 GND.n441 GND.n437 0.0942177
R1821 GND.n2264 GND.n438 0.00206464
R1822 GND.n441 GND.n438 0.0942177
R1823 GND.n497 GND.n587 0.00206464
R1824 GND.n497 GND.n441 0.0942177
R1825 GND.n440 GND.n498 0.00206464
R1826 GND.n441 GND.n440 0.0942177
R1827 GND.n2262 GND.n439 0.00206464
R1828 GND.n441 GND.n439 0.0942177
R1829 GND.n500 GND.n585 0.00206464
R1830 GND.n500 GND.n441 0.0942177
R1831 GND.n433 GND.n501 0.00206464
R1832 GND.n441 GND.n433 0.0942177
R1833 GND.n2260 GND.n434 0.00206464
R1834 GND.n441 GND.n434 0.0942177
R1835 GND.n503 GND.n583 0.00206464
R1836 GND.n503 GND.n441 0.0942177
R1837 GND.n432 GND.n504 0.00206464
R1838 GND.n441 GND.n432 0.0942177
R1839 GND.n2258 GND.n429 0.00206464
R1840 GND.n441 GND.n429 0.0942177
R1841 GND.n506 GND.n581 0.00206464
R1842 GND.n506 GND.n441 0.0942177
R1843 GND.n430 GND.n507 0.00206464
R1844 GND.n441 GND.n430 0.0942177
R1845 GND.n2256 GND.n431 0.00206464
R1846 GND.n441 GND.n431 0.0942177
R1847 GND.n509 GND.n579 0.00206464
R1848 GND.n509 GND.n441 0.0942177
R1849 GND.n423 GND.n510 0.00206464
R1850 GND.n441 GND.n423 0.0942177
R1851 GND.n2254 GND.n422 0.00206464
R1852 GND.n441 GND.n422 0.0942177
R1853 GND.n512 GND.n577 0.00206464
R1854 GND.n512 GND.n441 0.0942177
R1855 GND.n420 GND.n513 0.00206464
R1856 GND.n441 GND.n420 0.0942177
R1857 GND.n2252 GND.n419 0.00206464
R1858 GND.n515 GND.n575 0.00206464
R1859 GND.n515 GND.n441 0.0942177
R1860 GND.n421 GND.n516 0.00206464
R1861 GND.n441 GND.n421 0.0942177
R1862 GND.n2250 GND.n424 0.00206464
R1863 GND.n441 GND.n424 0.0942177
R1864 GND.n518 GND.n573 0.00206464
R1865 GND.n518 GND.n441 0.0942177
R1866 GND.n425 GND.n519 0.00206464
R1867 GND.n441 GND.n425 0.0942177
R1868 GND.n2248 GND.n426 0.00206464
R1869 GND.n441 GND.n426 0.0942177
R1870 GND.n521 GND.n571 0.00206464
R1871 GND.n521 GND.n441 0.0942177
R1872 GND.n428 GND.n522 0.00206464
R1873 GND.n441 GND.n428 0.0942177
R1874 GND.n2246 GND.n427 0.00206464
R1875 GND.n441 GND.n427 0.0942177
R1876 GND.n435 GND.n493 0.189565
R1877 GND.n2246 GND.n730 0.188
R1878 GND.n570 GND.n729 0.188
R1879 GND.n867 GND.n522 0.188
R1880 GND.n2247 GND.n728 0.188
R1881 GND.n571 GND.n727 0.188
R1882 GND.n861 GND.n520 0.188
R1883 GND.n2248 GND.n726 0.188
R1884 GND.n572 GND.n725 0.188
R1885 GND.n735 GND.n519 0.188
R1886 GND.n2249 GND.n724 0.188
R1887 GND.n573 GND.n723 0.188
R1888 GND.n852 GND.n517 0.188
R1889 GND.n2250 GND.n722 0.188
R1890 GND.n574 GND.n721 0.188
R1891 GND.n846 GND.n516 0.188
R1892 GND.n2251 GND.n720 0.188
R1893 GND.n575 GND.n719 0.188
R1894 GND.n840 GND.n514 0.188
R1895 GND.n2252 GND.n718 0.188
R1896 GND.n576 GND.n717 0.188
R1897 GND.n742 GND.n513 0.188
R1898 GND.n2253 GND.n716 0.188
R1899 GND.n577 GND.n715 0.188
R1900 GND.n831 GND.n511 0.188
R1901 GND.n2254 GND.n714 0.188
R1902 GND.n578 GND.n713 0.188
R1903 GND.n825 GND.n510 0.188
R1904 GND.n2255 GND.n712 0.188
R1905 GND.n579 GND.n711 0.188
R1906 GND.n819 GND.n508 0.188
R1907 GND.n2256 GND.n710 0.188
R1908 GND.n580 GND.n709 0.188
R1909 GND.n748 GND.n507 0.188
R1910 GND.n2257 GND.n708 0.188
R1911 GND.n581 GND.n707 0.188
R1912 GND.n810 GND.n505 0.188
R1913 GND.n2258 GND.n706 0.188
R1914 GND.n582 GND.n705 0.188
R1915 GND.n804 GND.n504 0.188
R1916 GND.n2259 GND.n704 0.188
R1917 GND.n583 GND.n703 0.188
R1918 GND.n798 GND.n502 0.188
R1919 GND.n2260 GND.n702 0.188
R1920 GND.n584 GND.n701 0.188
R1921 GND.n755 GND.n501 0.188
R1922 GND.n2261 GND.n700 0.188
R1923 GND.n585 GND.n699 0.188
R1924 GND.n789 GND.n499 0.188
R1925 GND.n2262 GND.n698 0.188
R1926 GND.n586 GND.n697 0.188
R1927 GND.n783 GND.n498 0.188
R1928 GND.n2263 GND.n696 0.188
R1929 GND.n587 GND.n695 0.188
R1930 GND.n777 GND.n496 0.188
R1931 GND.n2264 GND.n694 0.188
R1932 GND.n588 GND.n693 0.188
R1933 GND.n762 GND.n495 0.188
R1934 GND.n2265 GND.n692 0.188
R1935 GND.n589 GND.n691 0.188
R1936 GND.n768 GND.n436 0.188
R1937 GND.n2266 GND.n690 0.188
R1938 GND.n731 GND.n730 0.188
R1939 GND.n869 GND.n729 0.188
R1940 GND.n868 GND.n867 0.188
R1941 GND.n866 GND.n728 0.188
R1942 GND.n733 GND.n727 0.188
R1943 GND.n862 GND.n861 0.188
R1944 GND.n860 GND.n726 0.188
R1945 GND.n859 GND.n725 0.188
R1946 GND.n736 GND.n735 0.188
R1947 GND.n855 GND.n724 0.188
R1948 GND.n854 GND.n723 0.188
R1949 GND.n853 GND.n852 0.188
R1950 GND.n738 GND.n722 0.188
R1951 GND.n848 GND.n721 0.188
R1952 GND.n847 GND.n846 0.188
R1953 GND.n845 GND.n720 0.188
R1954 GND.n740 GND.n719 0.188
R1955 GND.n841 GND.n840 0.188
R1956 GND.n839 GND.n718 0.188
R1957 GND.n838 GND.n717 0.188
R1958 GND.n743 GND.n742 0.188
R1959 GND.n834 GND.n716 0.188
R1960 GND.n833 GND.n715 0.188
R1961 GND.n832 GND.n831 0.188
R1962 GND.n745 GND.n714 0.188
R1963 GND.n827 GND.n713 0.188
R1964 GND.n826 GND.n825 0.188
R1965 GND.n824 GND.n712 0.188
R1966 GND.n747 GND.n711 0.188
R1967 GND.n820 GND.n819 0.188
R1968 GND.n818 GND.n710 0.188
R1969 GND.n817 GND.n709 0.188
R1970 GND.n749 GND.n748 0.188
R1971 GND.n813 GND.n708 0.188
R1972 GND.n812 GND.n707 0.188
R1973 GND.n811 GND.n810 0.188
R1974 GND.n751 GND.n706 0.188
R1975 GND.n806 GND.n705 0.188
R1976 GND.n805 GND.n804 0.188
R1977 GND.n803 GND.n704 0.188
R1978 GND.n753 GND.n703 0.188
R1979 GND.n799 GND.n798 0.188
R1980 GND.n797 GND.n702 0.188
R1981 GND.n796 GND.n701 0.188
R1982 GND.n756 GND.n755 0.188
R1983 GND.n792 GND.n700 0.188
R1984 GND.n791 GND.n699 0.188
R1985 GND.n790 GND.n789 0.188
R1986 GND.n758 GND.n698 0.188
R1987 GND.n785 GND.n697 0.188
R1988 GND.n784 GND.n783 0.188
R1989 GND.n782 GND.n696 0.188
R1990 GND.n760 GND.n695 0.188
R1991 GND.n778 GND.n777 0.188
R1992 GND.n776 GND.n694 0.188
R1993 GND.n775 GND.n693 0.188
R1994 GND.n763 GND.n762 0.188
R1995 GND.n771 GND.n692 0.188
R1996 GND.n770 GND.n691 0.188
R1997 GND.n769 GND.n768 0.188
R1998 GND.n765 GND.n690 0.188
R1999 GND.n870 GND.n869 0.188
R2000 GND.n868 GND.n732 0.188
R2001 GND.n866 GND.n865 0.188
R2002 GND.n864 GND.n733 0.188
R2003 GND.n863 GND.n862 0.188
R2004 GND.n860 GND.n734 0.188
R2005 GND.n859 GND.n858 0.188
R2006 GND.n857 GND.n736 0.188
R2007 GND.n856 GND.n855 0.188
R2008 GND.n854 GND.n737 0.188
R2009 GND.n853 GND.n851 0.188
R2010 GND.n850 GND.n738 0.188
R2011 GND.n849 GND.n848 0.188
R2012 GND.n847 GND.n739 0.188
R2013 GND.n845 GND.n844 0.188
R2014 GND.n843 GND.n740 0.188
R2015 GND.n842 GND.n841 0.188
R2016 GND.n839 GND.n741 0.188
R2017 GND.n838 GND.n837 0.188
R2018 GND.n836 GND.n743 0.188
R2019 GND.n835 GND.n834 0.188
R2020 GND.n833 GND.n744 0.188
R2021 GND.n832 GND.n830 0.188
R2022 GND.n829 GND.n745 0.188
R2023 GND.n828 GND.n827 0.188
R2024 GND.n826 GND.n746 0.188
R2025 GND.n824 GND.n823 0.188
R2026 GND.n822 GND.n747 0.188
R2027 GND.n821 GND.n820 0.188
R2028 GND.n818 GND.n595 0.188
R2029 GND.n817 GND.n816 0.188
R2030 GND.n815 GND.n749 0.188
R2031 GND.n814 GND.n813 0.188
R2032 GND.n812 GND.n750 0.188
R2033 GND.n811 GND.n809 0.188
R2034 GND.n808 GND.n751 0.188
R2035 GND.n807 GND.n806 0.188
R2036 GND.n805 GND.n752 0.188
R2037 GND.n803 GND.n802 0.188
R2038 GND.n801 GND.n753 0.188
R2039 GND.n800 GND.n799 0.188
R2040 GND.n797 GND.n754 0.188
R2041 GND.n796 GND.n795 0.188
R2042 GND.n794 GND.n756 0.188
R2043 GND.n793 GND.n792 0.188
R2044 GND.n791 GND.n757 0.188
R2045 GND.n790 GND.n788 0.188
R2046 GND.n787 GND.n758 0.188
R2047 GND.n786 GND.n785 0.188
R2048 GND.n784 GND.n759 0.188
R2049 GND.n782 GND.n781 0.188
R2050 GND.n780 GND.n760 0.188
R2051 GND.n779 GND.n778 0.188
R2052 GND.n776 GND.n761 0.188
R2053 GND.n775 GND.n774 0.188
R2054 GND.n773 GND.n763 0.188
R2055 GND.n772 GND.n771 0.188
R2056 GND.n770 GND.n764 0.188
R2057 GND.n769 GND.n767 0.188
R2058 GND.n391 GND.n1183 0.188
R2059 GND.n2267 GND.n623 0.188
R2060 GND.n685 GND.n452 0.188
R2061 GND.n2268 GND.n622 0.188
R2062 GND.n463 GND.n621 0.188
R2063 GND.n626 GND.n462 0.188
R2064 GND.n2269 GND.n620 0.188
R2065 GND.n470 GND.n619 0.188
R2066 GND.n676 GND.n473 0.188
R2067 GND.n2270 GND.n618 0.188
R2068 GND.n543 GND.n617 0.188
R2069 GND.n670 GND.n542 0.188
R2070 GND.n2271 GND.n616 0.188
R2071 GND.n2272 GND.n615 0.188
R2072 GND.n664 GND.n476 0.188
R2073 GND.n2273 GND.n614 0.188
R2074 GND.n475 GND.n613 0.188
R2075 GND.n633 GND.n474 0.188
R2076 GND.n2274 GND.n612 0.188
R2077 GND.n2275 GND.n611 0.188
R2078 GND.n655 GND.n468 0.188
R2079 GND.n2276 GND.n610 0.188
R2080 GND.n467 GND.n609 0.188
R2081 GND.n649 GND.n466 0.188
R2082 GND.n2277 GND.n608 0.188
R2083 GND.n2278 GND.n607 0.188
R2084 GND.n643 GND.n457 0.188
R2085 GND.n2279 GND.n606 0.188
R2086 GND.n455 GND.n605 0.188
R2087 GND.n454 GND.n603 0.188
R2088 GND.n2281 GND.n2280 0.188
R2089 GND.n604 GND.n602 0.188
R2090 GND.n418 GND.n2063 0.188
R2091 GND.n2064 GND.n1159 0.188
R2092 GND.n453 GND.n1158 0.188
R2093 GND.n2056 GND.n1157 0.188
R2094 GND.n2065 GND.n1156 0.188
R2095 GND.n2066 GND.n1155 0.188
R2096 GND.n1162 GND.n458 0.188
R2097 GND.n2067 GND.n1154 0.188
R2098 GND.n461 GND.n1153 0.188
R2099 GND.n2047 GND.n1152 0.188
R2100 GND.n2068 GND.n1151 0.188
R2101 GND.n545 GND.n1150 0.188
R2102 GND.n2041 GND.n544 0.188
R2103 GND.n2069 GND.n1149 0.188
R2104 GND.n555 GND.n1148 0.188
R2105 GND.n2035 GND.n540 0.188
R2106 GND.n2070 GND.n1147 0.188
R2107 GND.n482 GND.n1146 0.188
R2108 GND.n1173 GND.n537 0.188
R2109 GND.n2028 GND.n2027 0.188
R2110 GND.n535 GND.n1172 0.188
R2111 GND.n2026 GND.n2025 0.188
R2112 GND.n558 GND.n1174 0.188
R2113 GND.n2019 GND.n533 0.188
R2114 GND.n2018 GND.n2017 0.188
R2115 GND.n560 GND.n1178 0.188
R2116 GND.n2016 GND.n2015 0.188
R2117 GND.n561 GND.n1179 0.188
R2118 GND.n2007 GND.n527 0.188
R2119 GND.n2006 GND.n2005 0.188
R2120 GND.n624 GND.n623 0.188
R2121 GND.n686 GND.n685 0.188
R2122 GND.n684 GND.n622 0.188
R2123 GND.n683 GND.n621 0.188
R2124 GND.n627 GND.n626 0.188
R2125 GND.n679 GND.n620 0.188
R2126 GND.n678 GND.n619 0.188
R2127 GND.n677 GND.n676 0.188
R2128 GND.n629 GND.n618 0.188
R2129 GND.n672 GND.n617 0.188
R2130 GND.n671 GND.n670 0.188
R2131 GND.n669 GND.n616 0.188
R2132 GND.n631 GND.n615 0.188
R2133 GND.n665 GND.n664 0.188
R2134 GND.n663 GND.n614 0.188
R2135 GND.n662 GND.n613 0.188
R2136 GND.n634 GND.n633 0.188
R2137 GND.n658 GND.n612 0.188
R2138 GND.n657 GND.n611 0.188
R2139 GND.n656 GND.n655 0.188
R2140 GND.n636 GND.n610 0.188
R2141 GND.n651 GND.n609 0.188
R2142 GND.n650 GND.n649 0.188
R2143 GND.n648 GND.n608 0.188
R2144 GND.n638 GND.n607 0.188
R2145 GND.n644 GND.n643 0.188
R2146 GND.n642 GND.n606 0.188
R2147 GND.n641 GND.n605 0.188
R2148 GND.n603 GND.n601 0.188
R2149 GND.n2282 GND.n2281 0.188
R2150 GND.n602 GND.n599 0.188
R2151 GND.n2063 GND.n2062 0.188
R2152 GND.n2061 GND.n1159 0.188
R2153 GND.n1160 GND.n1158 0.188
R2154 GND.n2057 GND.n2056 0.188
R2155 GND.n2055 GND.n1156 0.188
R2156 GND.n2054 GND.n1155 0.188
R2157 GND.n1163 GND.n1162 0.188
R2158 GND.n2050 GND.n1154 0.188
R2159 GND.n2049 GND.n1153 0.188
R2160 GND.n2048 GND.n2047 0.188
R2161 GND.n1165 GND.n1151 0.188
R2162 GND.n2043 GND.n1150 0.188
R2163 GND.n2042 GND.n2041 0.188
R2164 GND.n2040 GND.n1149 0.188
R2165 GND.n1167 GND.n1148 0.188
R2166 GND.n2036 GND.n2035 0.188
R2167 GND.n2034 GND.n1147 0.188
R2168 GND.n2033 GND.n1146 0.188
R2169 GND.n1173 GND.n1169 0.188
R2170 GND.n2029 GND.n2028 0.188
R2171 GND.n1172 GND.n1171 0.188
R2172 GND.n2025 GND.n2024 0.188
R2173 GND.n1175 GND.n1174 0.188
R2174 GND.n2020 GND.n2019 0.188
R2175 GND.n2018 GND.n1177 0.188
R2176 GND.n2013 GND.n1178 0.188
R2177 GND.n2015 GND.n2014 0.188
R2178 GND.n1180 GND.n1179 0.188
R2179 GND.n2008 GND.n2007 0.188
R2180 GND.n2006 GND.n1182 0.188
R2181 GND.n687 GND.n686 0.188
R2182 GND.n684 GND.n625 0.188
R2183 GND.n683 GND.n682 0.188
R2184 GND.n681 GND.n627 0.188
R2185 GND.n680 GND.n679 0.188
R2186 GND.n678 GND.n628 0.188
R2187 GND.n677 GND.n675 0.188
R2188 GND.n674 GND.n629 0.188
R2189 GND.n673 GND.n672 0.188
R2190 GND.n671 GND.n630 0.188
R2191 GND.n669 GND.n668 0.188
R2192 GND.n667 GND.n631 0.188
R2193 GND.n666 GND.n665 0.188
R2194 GND.n663 GND.n632 0.188
R2195 GND.n662 GND.n661 0.188
R2196 GND.n660 GND.n634 0.188
R2197 GND.n659 GND.n658 0.188
R2198 GND.n657 GND.n635 0.188
R2199 GND.n656 GND.n654 0.188
R2200 GND.n653 GND.n636 0.188
R2201 GND.n652 GND.n651 0.188
R2202 GND.n650 GND.n637 0.188
R2203 GND.n648 GND.n647 0.188
R2204 GND.n646 GND.n638 0.188
R2205 GND.n645 GND.n644 0.188
R2206 GND.n642 GND.n639 0.188
R2207 GND.n641 GND.n640 0.188
R2208 GND.n601 GND.n600 0.188
R2209 GND.n2283 GND.n2282 0.188
R2210 GND.n596 GND.n599 0.188
R2211 GND.n2062 GND.n598 0.188
R2212 GND.n2061 GND.n2060 0.188
R2213 GND.n2059 GND.n1160 0.188
R2214 GND.n2058 GND.n2057 0.188
R2215 GND.n2055 GND.n1161 0.188
R2216 GND.n2054 GND.n2053 0.188
R2217 GND.n2052 GND.n1163 0.188
R2218 GND.n2051 GND.n2050 0.188
R2219 GND.n2049 GND.n1164 0.188
R2220 GND.n2048 GND.n2046 0.188
R2221 GND.n2045 GND.n1165 0.188
R2222 GND.n2044 GND.n2043 0.188
R2223 GND.n2042 GND.n1166 0.188
R2224 GND.n2040 GND.n2039 0.188
R2225 GND.n2038 GND.n1167 0.188
R2226 GND.n2037 GND.n2036 0.188
R2227 GND.n2034 GND.n1168 0.188
R2228 GND.n2033 GND.n2032 0.188
R2229 GND.n2031 GND.n1169 0.188
R2230 GND.n2030 GND.n2029 0.188
R2231 GND.n1171 GND.n1170 0.188
R2232 GND.n2024 GND.n2023 0.188
R2233 GND.n2022 GND.n1175 0.188
R2234 GND.n2021 GND.n2020 0.188
R2235 GND.n1177 GND.n1176 0.188
R2236 GND.n2013 GND.n2012 0.188
R2237 GND.n2014 GND.n2011 0.188
R2238 GND.n2010 GND.n1180 0.188
R2239 GND.n2009 GND.n2008 0.188
R2240 GND.t26 GND.n1396 0.178312
R2241 GND.n1522 GND.n1237 0.17521
R2242 GND.n366 GND.n365 0.146822
R2243 GND.n204 GND.n203 0.146822
R2244 GND.n2003 GND.n2002 0.0968914
R2245 GND.n1580 GND.n1579 0.0968914
R2246 GND.n871 GND.n870 0.0968914
R2247 GND.n767 GND.n766 0.0968914
R2248 GND.n688 GND.n687 0.0968914
R2249 GND.n2009 GND.n1181 0.0968914
R2250 GND.n1279 GND.n17 0.0902214
R2251 GND.n31 GND.n29 0.0873303
R2252 GND.n1496 GND.n44 0.083
R2253 GND.n1938 GND.n44 0.0726875
R2254 GND.n1345 GND.n1295 0.0695681
R2255 GND.t8 GND.n447 0.0530141
R2256 GND.n1516 GND.n1237 0.0652097
R2257 GND.n597 GND.n594 0.0619706
R2258 GND.n597 GND.n595 0.0619256
R2259 GND.n1295 GND.n1291 0.0610974
R2260 GND.n1324 GND.n1315 0.0595769
R2261 GND.n1324 GND.n1314 0.0595769
R2262 GND.n1325 GND.n1313 0.0595769
R2263 GND.n1325 GND.n1312 0.0595769
R2264 GND.n1320 GND.n1312 0.0595769
R2265 GND.n1326 GND.n1311 0.0595769
R2266 GND.n1326 GND.n1310 0.0595769
R2267 GND.n1319 GND.n1310 0.0595769
R2268 GND.n1536 GND.n1257 0.0570278
R2269 GND.n1303 GND.n43 0.0570547
R2270 GND.n43 GND.n1302 0.0845547
R2271 GND.n1302 GND.n6 0.63349
R2272 GND.n6 GND.n1915 0.589117
R2273 GND.n1761 GND.n1403 0.0560729
R2274 GND.n1761 GND.n1760 0.0560729
R2275 GND.n1760 GND.n1759 0.0560729
R2276 GND.n1759 GND.n1405 0.0560729
R2277 GND.n1755 GND.n1405 0.0560729
R2278 GND.n1755 GND.n1754 0.0560729
R2279 GND.n1754 GND.n1753 0.0560729
R2280 GND.n1753 GND.n1407 0.0560729
R2281 GND.n1749 GND.n1407 0.0560729
R2282 GND.n1749 GND.n1748 0.0560729
R2283 GND.n1748 GND.n1747 0.0560729
R2284 GND.n1747 GND.n1409 0.0560729
R2285 GND.n1743 GND.n1409 0.0560729
R2286 GND.n1743 GND.n1742 0.0560729
R2287 GND.n1742 GND.n1741 0.0560729
R2288 GND.n1741 GND.n1411 0.0560729
R2289 GND.n1737 GND.n1411 0.0560729
R2290 GND.n1737 GND.n1736 0.0560729
R2291 GND.n1736 GND.n1735 0.0560729
R2292 GND.n1735 GND.n1413 0.0560729
R2293 GND.n1731 GND.n1413 0.0560729
R2294 GND.n1731 GND.n1730 0.0560729
R2295 GND.n1730 GND.n1729 0.0560729
R2296 GND.n1729 GND.n1415 0.0560729
R2297 GND.n1725 GND.n1415 0.0560729
R2298 GND.n1725 GND.n1724 0.0560729
R2299 GND.n1724 GND.n1723 0.0560729
R2300 GND.n1723 GND.n1417 0.0560729
R2301 GND.n1719 GND.n1417 0.0560729
R2302 GND.n1719 GND.n1718 0.0560729
R2303 GND.n1718 GND.n1717 0.0560729
R2304 GND.n1717 GND.n1419 0.0560729
R2305 GND.n1713 GND.n1419 0.0560729
R2306 GND.n1713 GND.n1712 0.0560729
R2307 GND.n1712 GND.n1711 0.0560729
R2308 GND.n1711 GND.n1421 0.0560729
R2309 GND.n1707 GND.n1421 0.0560729
R2310 GND.n1707 GND.n1706 0.0560729
R2311 GND.n1706 GND.n1705 0.0560729
R2312 GND.n1705 GND.n1423 0.0560729
R2313 GND.n1701 GND.n1423 0.0560729
R2314 GND.n1701 GND.n1700 0.0560729
R2315 GND.n1700 GND.n1699 0.0560729
R2316 GND.n1699 GND.n1425 0.0560729
R2317 GND.n1695 GND.n1425 0.0560729
R2318 GND.n1695 GND.n1694 0.0560729
R2319 GND.n1694 GND.n1693 0.0560729
R2320 GND.n1693 GND.n1427 0.0560729
R2321 GND.n1689 GND.n1427 0.0560729
R2322 GND.n1689 GND.n1688 0.0560729
R2323 GND.n1688 GND.n1687 0.0560729
R2324 GND.n1687 GND.n1429 0.0560729
R2325 GND.n1683 GND.n1429 0.0560729
R2326 GND.n1683 GND.n1682 0.0560729
R2327 GND.n1682 GND.n1681 0.0560729
R2328 GND.n1681 GND.n1431 0.0560729
R2329 GND.n1677 GND.n1431 0.0560729
R2330 GND.n1677 GND.n1676 0.0560729
R2331 GND.n1676 GND.n1675 0.0560729
R2332 GND.n1675 GND.n1433 0.0560729
R2333 GND.n1671 GND.n1433 0.0560729
R2334 GND.n1671 GND.n1670 0.0560729
R2335 GND.n1670 GND.n1669 0.0560729
R2336 GND.n1669 GND.n1435 0.0560729
R2337 GND.n1665 GND.n1435 0.0560729
R2338 GND.n1665 GND.n1664 0.0560729
R2339 GND.n1664 GND.n1663 0.0560729
R2340 GND.n1663 GND.n1437 0.0560729
R2341 GND.n1659 GND.n1437 0.0560729
R2342 GND.n1659 GND.n1658 0.0560729
R2343 GND.n1658 GND.n1657 0.0560729
R2344 GND.n1657 GND.n1439 0.0560729
R2345 GND.n1653 GND.n1439 0.0560729
R2346 GND.n1653 GND.n1652 0.0560729
R2347 GND.n1652 GND.n1651 0.0560729
R2348 GND.n1651 GND.n1441 0.0560729
R2349 GND.n1647 GND.n1441 0.0560729
R2350 GND.n1647 GND.n1646 0.0560729
R2351 GND.n1646 GND.n1645 0.0560729
R2352 GND.n1645 GND.n1443 0.0560729
R2353 GND.n1641 GND.n1443 0.0560729
R2354 GND.n1641 GND.n1640 0.0560729
R2355 GND.n1640 GND.n1639 0.0560729
R2356 GND.n1639 GND.n1445 0.0560729
R2357 GND.n1635 GND.n1445 0.0560729
R2358 GND.n1635 GND.n1634 0.0560729
R2359 GND.n1634 GND.n1633 0.0560729
R2360 GND.n1633 GND.n1447 0.0560729
R2361 GND.n1629 GND.n1447 0.0560729
R2362 GND.n1629 GND.n1628 0.0560729
R2363 GND.n1628 GND.n1627 0.0560729
R2364 GND.n1627 GND.n1449 0.0560729
R2365 GND.n1623 GND.n1449 0.0560729
R2366 GND.n367 GND.n364 0.360665
R2367 GND.n364 GND.n362 0.114292
R2368 GND.n362 GND.n360 0.114292
R2369 GND.n360 GND.n358 0.114292
R2370 GND.n358 GND.n356 0.114292
R2371 GND.n356 GND.n354 0.114292
R2372 GND.n354 GND.n352 0.114292
R2373 GND.n352 GND.n350 0.114292
R2374 GND.n350 GND.n348 0.114292
R2375 GND.n348 GND.n346 0.114292
R2376 GND.n346 GND.n344 0.114292
R2377 GND.n344 GND.n342 0.114292
R2378 GND.n342 GND.n340 0.114292
R2379 GND.n340 GND.n338 0.114292
R2380 GND.n338 GND.n336 0.114292
R2381 GND.n336 GND.n334 0.114292
R2382 GND.n334 GND.n332 0.114292
R2383 GND.n332 GND.n330 0.114292
R2384 GND.n330 GND.n328 0.114292
R2385 GND.n328 GND.n326 0.114292
R2386 GND.n326 GND.n324 0.114292
R2387 GND.n322 GND.n205 0.142719
R2388 GND.n321 GND.n322 0.114292
R2389 GND.n319 GND.n321 0.114292
R2390 GND.n317 GND.n319 0.114292
R2391 GND.n315 GND.n317 0.114292
R2392 GND.n313 GND.n315 0.114292
R2393 GND.n311 GND.n313 0.114292
R2394 GND.n309 GND.n311 0.114292
R2395 GND.n307 GND.n309 0.114292
R2396 GND.n305 GND.n307 0.114292
R2397 GND.n303 GND.n305 0.114292
R2398 GND.n1899 GND.n301 0.0837203
R2399 GND.n1900 GND.n1899 0.0555
R2400 GND.n1900 GND.n1898 0.0555
R2401 GND.n1904 GND.n1898 0.0555
R2402 GND.n1905 GND.n1904 0.0555
R2403 GND.n1906 GND.n1905 0.0555
R2404 GND.n1906 GND.n1897 0.0555
R2405 GND.n1897 GND.n1896 0.0555
R2406 GND.n1896 GND.n1334 0.0555
R2407 GND.n1891 GND.n1334 0.0555
R2408 GND.n1891 GND.n1890 0.0555
R2409 GND.n1890 GND.n1337 0.0555
R2410 GND.n1885 GND.n1337 0.0555
R2411 GND.n1885 GND.n1884 0.0555
R2412 GND.n1884 GND.n1883 0.0555
R2413 GND.n1883 GND.n1348 0.0555
R2414 GND.n1879 GND.n1348 0.0555
R2415 GND.n1879 GND.n1878 0.0555
R2416 GND.n1878 GND.n1877 0.0555
R2417 GND.n1877 GND.n1350 0.0555
R2418 GND.n1873 GND.n1350 0.0555
R2419 GND.n1873 GND.n1872 0.0555
R2420 GND.n1872 GND.n1871 0.0555
R2421 GND.n1871 GND.n1352 0.0555
R2422 GND.n1867 GND.n1352 0.0555
R2423 GND.n1867 GND.n1866 0.0555
R2424 GND.n1866 GND.n1865 0.0555
R2425 GND.n1865 GND.n1354 0.0555
R2426 GND.n1861 GND.n1354 0.0555
R2427 GND.n1861 GND.n1860 0.0555
R2428 GND.n1860 GND.n1859 0.0555
R2429 GND.n1859 GND.n1356 0.0555
R2430 GND.n1855 GND.n1356 0.0555
R2431 GND.n1855 GND.n1854 0.0555
R2432 GND.n1854 GND.n1853 0.0555
R2433 GND.n1853 GND.n1358 0.0555
R2434 GND.n1849 GND.n1358 0.0555
R2435 GND.n1849 GND.n1848 0.0555
R2436 GND.n1848 GND.n1847 0.0555
R2437 GND.n1847 GND.n1360 0.0555
R2438 GND.n1843 GND.n1360 0.0555
R2439 GND.n1843 GND.n1842 0.0555
R2440 GND.n1842 GND.n1841 0.0555
R2441 GND.n1841 GND.n1362 0.0555
R2442 GND.n1837 GND.n1362 0.0555
R2443 GND.n1837 GND.n1836 0.0555
R2444 GND.n1836 GND.n1835 0.0555
R2445 GND.n1835 GND.n1364 0.0555
R2446 GND.n1831 GND.n1364 0.0555
R2447 GND.n1831 GND.n1830 0.0555
R2448 GND.n1830 GND.n1829 0.0555
R2449 GND.n1829 GND.n1366 0.0555
R2450 GND.n1825 GND.n1366 0.0555
R2451 GND.n1825 GND.n1824 0.0555
R2452 GND.n1824 GND.n1823 0.0555
R2453 GND.n1823 GND.n1368 0.0555
R2454 GND.n1819 GND.n1368 0.0555
R2455 GND.n1819 GND.n1818 0.0555
R2456 GND.n1818 GND.n1817 0.0555
R2457 GND.n1817 GND.n1370 0.0555
R2458 GND.n1813 GND.n1370 0.0555
R2459 GND.n1813 GND.n1812 0.0555
R2460 GND.n1812 GND.n1811 0.0555
R2461 GND.n1811 GND.n1372 0.0555
R2462 GND.n1807 GND.n1372 0.0555
R2463 GND.n1807 GND.n1806 0.0555
R2464 GND.n1806 GND.n1805 0.0555
R2465 GND.n1805 GND.n1374 0.0555
R2466 GND.n1801 GND.n1374 0.0555
R2467 GND.n1801 GND.n1800 0.0555
R2468 GND.n1800 GND.n1799 0.0555
R2469 GND.n1799 GND.n1376 0.0555
R2470 GND.n1795 GND.n1376 0.0555
R2471 GND.n1795 GND.n1794 0.0555
R2472 GND.n1794 GND.n1793 0.0555
R2473 GND.n1793 GND.n1378 0.0555
R2474 GND.n1789 GND.n1378 0.0555
R2475 GND.n1789 GND.n1788 0.0555
R2476 GND.n1788 GND.n1787 0.0555
R2477 GND.n1787 GND.n1380 0.0555
R2478 GND.n207 GND.n1380 0.105185
R2479 GND.n297 GND.n207 0.149805
R2480 GND.n296 GND.n297 0.114292
R2481 GND.n294 GND.n296 0.114292
R2482 GND.n292 GND.n294 0.114292
R2483 GND.n290 GND.n292 0.114292
R2484 GND.n288 GND.n290 0.114292
R2485 GND.n286 GND.n288 0.114292
R2486 GND.n284 GND.n286 0.114292
R2487 GND.n282 GND.n284 0.114292
R2488 GND.n280 GND.n282 0.114292
R2489 GND.n278 GND.n280 0.114292
R2490 GND.n276 GND.n278 0.114292
R2491 GND.n274 GND.n276 0.114292
R2492 GND.n272 GND.n274 0.114292
R2493 GND.n270 GND.n272 0.114292
R2494 GND.n268 GND.n270 0.114292
R2495 GND.n266 GND.n268 0.114292
R2496 GND.n264 GND.n266 0.114292
R2497 GND.n262 GND.n264 0.114292
R2498 GND.n260 GND.n262 0.114292
R2499 GND.n258 GND.n260 0.114292
R2500 GND.n256 GND.n258 0.114292
R2501 GND.n254 GND.n256 0.114292
R2502 GND.n252 GND.n254 0.114292
R2503 GND.n250 GND.n252 0.114292
R2504 GND.n248 GND.n250 0.114292
R2505 GND.n246 GND.n248 0.114292
R2506 GND.n244 GND.n246 0.114292
R2507 GND.n242 GND.n244 0.114292
R2508 GND.n240 GND.n242 0.114292
R2509 GND.n238 GND.n240 0.114292
R2510 GND.n236 GND.n238 0.114292
R2511 GND.n234 GND.n236 0.114292
R2512 GND.n232 GND.n234 0.114292
R2513 GND.n230 GND.n232 0.114292
R2514 GND.n228 GND.n230 0.114292
R2515 GND.n226 GND.n228 0.114292
R2516 GND.n224 GND.n226 0.114292
R2517 GND.n222 GND.n224 0.114292
R2518 GND.n220 GND.n222 0.114292
R2519 GND.n218 GND.n220 0.114292
R2520 GND.n216 GND.n218 0.114292
R2521 GND.n214 GND.n216 0.114292
R2522 GND.n212 GND.n214 0.114292
R2523 GND.n210 GND.n212 0.114292
R2524 GND.n210 GND.n566 0.0856827
R2525 GND.n1784 GND.n1782 0.0555
R2526 GND.n1766 GND.n1765 0.0555
R2527 GND.n1765 GND.n1403 0.0555
R2528 GND.n1623 GND.n1622 0.0555
R2529 GND.n1622 GND.n1621 0.0555
R2530 GND.n1621 GND.n1451 0.0555
R2531 GND.n1617 GND.n1451 0.0555
R2532 GND.n1617 GND.n1616 0.0555
R2533 GND.n1616 GND.n1615 0.0555
R2534 GND.n1615 GND.n1453 0.0555
R2535 GND.n1611 GND.n1453 0.0555
R2536 GND.n449 GND.n441 1.55728
R2537 GND.n1585 GND.n1462 0.0555
R2538 GND.n1586 GND.n1585 0.0555
R2539 GND.n1587 GND.n1586 0.0555
R2540 GND.n1587 GND.n1460 0.0555
R2541 GND.n1591 GND.n1460 0.0555
R2542 GND.n1592 GND.n1591 0.0555
R2543 GND.n1593 GND.n1592 0.0555
R2544 GND.n1593 GND.n1458 0.0555
R2545 GND.n1597 GND.n1458 0.0555
R2546 GND.n1598 GND.n1597 0.0555
R2547 GND.n1599 GND.n1598 0.0555
R2548 GND.n1599 GND.n1456 0.0555
R2549 GND.n1603 GND.n1456 0.0555
R2550 GND.n1604 GND.n1603 0.0555
R2551 GND.n1605 GND.n1604 0.0555
R2552 GND.n1605 GND.n1454 0.0555
R2553 GND.n1609 GND.n1454 0.0555
R2554 GND.t53 GND.n1462 0.0555
R2555 GND.n1030 GND.n1028 0.0539902
R2556 GND.n2217 GND.n2216 0.0539902
R2557 GND.n1497 GND.n1238 0.0535903
R2558 GND.n2093 GND.n1109 0.0529549
R2559 GND.n2136 GND.n2106 0.0529549
R2560 GND.n1342 GND.n1299 0.0476547
R2561 GND.n1496 GND.n1257 0.0451875
R2562 GND.n1763 GND.n1762 0.0449583
R2563 GND.n1762 GND.n1404 0.0449583
R2564 GND.n1758 GND.n1404 0.0449583
R2565 GND.n1758 GND.n1757 0.0449583
R2566 GND.n1757 GND.n1756 0.0449583
R2567 GND.n1756 GND.n1406 0.0449583
R2568 GND.n1752 GND.n1406 0.0449583
R2569 GND.n1752 GND.n1751 0.0449583
R2570 GND.n1751 GND.n1750 0.0449583
R2571 GND.n1750 GND.n1408 0.0449583
R2572 GND.n1746 GND.n1408 0.0449583
R2573 GND.n1746 GND.n1745 0.0449583
R2574 GND.n1745 GND.n1744 0.0449583
R2575 GND.n1744 GND.n1410 0.0449583
R2576 GND.n1740 GND.n1410 0.0449583
R2577 GND.n1740 GND.n1739 0.0449583
R2578 GND.n1739 GND.n1738 0.0449583
R2579 GND.n1738 GND.n1412 0.0449583
R2580 GND.n1734 GND.n1412 0.0449583
R2581 GND.n1734 GND.n1733 0.0449583
R2582 GND.n1733 GND.n1732 0.0449583
R2583 GND.n1732 GND.n1414 0.0449583
R2584 GND.n1728 GND.n1414 0.0449583
R2585 GND.n1728 GND.n1727 0.0449583
R2586 GND.n1727 GND.n1726 0.0449583
R2587 GND.n1726 GND.n1416 0.0449583
R2588 GND.n1722 GND.n1416 0.0449583
R2589 GND.n1722 GND.n1721 0.0449583
R2590 GND.n1721 GND.n1720 0.0449583
R2591 GND.n1720 GND.n1418 0.0449583
R2592 GND.n1716 GND.n1418 0.0449583
R2593 GND.n1716 GND.n1715 0.0449583
R2594 GND.n1715 GND.n1714 0.0449583
R2595 GND.n1714 GND.n1420 0.0449583
R2596 GND.n1710 GND.n1420 0.0449583
R2597 GND.n1710 GND.n1709 0.0449583
R2598 GND.n1709 GND.n1708 0.0449583
R2599 GND.n1708 GND.n1422 0.0449583
R2600 GND.n1704 GND.n1422 0.0449583
R2601 GND.n1704 GND.n1703 0.0449583
R2602 GND.n1703 GND.n1702 0.0449583
R2603 GND.n1702 GND.n1424 0.0449583
R2604 GND.n1698 GND.n1424 0.0449583
R2605 GND.n1698 GND.n1697 0.0449583
R2606 GND.n1697 GND.n1696 0.0449583
R2607 GND.n1696 GND.n1426 0.0449583
R2608 GND.n1692 GND.n1426 0.0449583
R2609 GND.n1692 GND.n1691 0.0449583
R2610 GND.n1691 GND.n1690 0.0449583
R2611 GND.n1690 GND.n1428 0.0449583
R2612 GND.n1686 GND.n1428 0.0449583
R2613 GND.n1686 GND.n1685 0.0449583
R2614 GND.n1685 GND.n1684 0.0449583
R2615 GND.n1684 GND.n1430 0.0449583
R2616 GND.n1680 GND.n1430 0.0449583
R2617 GND.n1680 GND.n1679 0.0449583
R2618 GND.n1679 GND.n1678 0.0449583
R2619 GND.n1678 GND.n1432 0.0449583
R2620 GND.n1674 GND.n1432 0.0449583
R2621 GND.n1674 GND.n1673 0.0449583
R2622 GND.n1673 GND.n1672 0.0449583
R2623 GND.n1672 GND.n1434 0.0449583
R2624 GND.n1668 GND.n1434 0.0449583
R2625 GND.n1668 GND.n1667 0.0449583
R2626 GND.n1667 GND.n1666 0.0449583
R2627 GND.n1666 GND.n1436 0.0449583
R2628 GND.n1662 GND.n1436 0.0449583
R2629 GND.n1662 GND.n1661 0.0449583
R2630 GND.n1661 GND.n1660 0.0449583
R2631 GND.n1660 GND.n1438 0.0449583
R2632 GND.n1656 GND.n1438 0.0449583
R2633 GND.n1656 GND.n1655 0.0449583
R2634 GND.n1655 GND.n1654 0.0449583
R2635 GND.n1654 GND.n1440 0.0449583
R2636 GND.n1650 GND.n1440 0.0449583
R2637 GND.n1650 GND.n1649 0.0449583
R2638 GND.n1649 GND.n1648 0.0449583
R2639 GND.n1648 GND.n1442 0.0449583
R2640 GND.n1644 GND.n1442 0.0449583
R2641 GND.n1644 GND.n1643 0.0449583
R2642 GND.n1643 GND.n1642 0.0449583
R2643 GND.n1642 GND.n1444 0.0449583
R2644 GND.n1638 GND.n1444 0.0449583
R2645 GND.n1638 GND.n1637 0.0449583
R2646 GND.n1637 GND.n1636 0.0449583
R2647 GND.n1636 GND.n1446 0.0449583
R2648 GND.n1632 GND.n1446 0.0449583
R2649 GND.n1632 GND.n1631 0.0449583
R2650 GND.n1631 GND.n1630 0.0449583
R2651 GND.n1630 GND.n1448 0.0449583
R2652 GND.n1626 GND.n1448 0.0449583
R2653 GND.n1626 GND.n1625 0.0449583
R2654 GND.n1625 GND.n1624 0.0449583
R2655 GND.n1583 GND.n449 0.32211
R2656 GND.n441 GND.n419 0.307421
R2657 GND.n1584 GND.n1583 0.0445
R2658 GND.n1584 GND.n1461 0.0445
R2659 GND.n1588 GND.n1461 0.0445
R2660 GND.n1589 GND.n1588 0.0445
R2661 GND.n1590 GND.n1589 0.0445
R2662 GND.n1590 GND.n1459 0.0445
R2663 GND.n1594 GND.n1459 0.0445
R2664 GND.n1595 GND.n1594 0.0445
R2665 GND.n1596 GND.n1595 0.0445
R2666 GND.n1596 GND.n1457 0.0445
R2667 GND.n1600 GND.n1457 0.0445
R2668 GND.n1601 GND.n1600 0.0445
R2669 GND.n1602 GND.n1601 0.0445
R2670 GND.n1602 GND.n1455 0.0445
R2671 GND.n1606 GND.n1455 0.0445
R2672 GND.n1607 GND.n1606 0.0445
R2673 GND.n1608 GND.n1607 0.0445
R2674 GND.n1608 GND.n46 0.0445
R2675 GND.n1901 GND.n299 0.0445
R2676 GND.n1902 GND.n1901 0.0445
R2677 GND.n1903 GND.n1902 0.0445
R2678 GND.n1903 GND.n1333 0.0445
R2679 GND.n1907 GND.n1333 0.0445
R2680 GND.n1895 GND.n1332 0.0445
R2681 GND.n1893 GND.n1892 0.0445
R2682 GND.n1889 GND.n1888 0.0445
R2683 GND.n1886 GND.n1347 0.0445
R2684 GND.n1882 GND.n1881 0.0445
R2685 GND.n1881 GND.n1880 0.0445
R2686 GND.n1880 GND.n1349 0.0445
R2687 GND.n1876 GND.n1349 0.0445
R2688 GND.n1876 GND.n1875 0.0445
R2689 GND.n1875 GND.n1874 0.0445
R2690 GND.n1874 GND.n1351 0.0445
R2691 GND.n1870 GND.n1351 0.0445
R2692 GND.n1870 GND.n1869 0.0445
R2693 GND.n1869 GND.n1868 0.0445
R2694 GND.n1868 GND.n1353 0.0445
R2695 GND.n1864 GND.n1353 0.0445
R2696 GND.n1864 GND.n1863 0.0445
R2697 GND.n1863 GND.n1862 0.0445
R2698 GND.n1862 GND.n1355 0.0445
R2699 GND.n1858 GND.n1355 0.0445
R2700 GND.n1858 GND.n1857 0.0445
R2701 GND.n1857 GND.n1856 0.0445
R2702 GND.n1856 GND.n1357 0.0445
R2703 GND.n1852 GND.n1357 0.0445
R2704 GND.n1852 GND.n1851 0.0445
R2705 GND.n1851 GND.n1850 0.0445
R2706 GND.n1850 GND.n1359 0.0445
R2707 GND.n1846 GND.n1359 0.0445
R2708 GND.n1846 GND.n1845 0.0445
R2709 GND.n1845 GND.n1844 0.0445
R2710 GND.n1844 GND.n1361 0.0445
R2711 GND.n1840 GND.n1361 0.0445
R2712 GND.n1840 GND.n1839 0.0445
R2713 GND.n1839 GND.n1838 0.0445
R2714 GND.n1838 GND.n1363 0.0445
R2715 GND.n1834 GND.n1363 0.0445
R2716 GND.n1834 GND.n1833 0.0445
R2717 GND.n1833 GND.n1832 0.0445
R2718 GND.n1832 GND.n1365 0.0445
R2719 GND.n1828 GND.n1365 0.0445
R2720 GND.n1828 GND.n1827 0.0445
R2721 GND.n1827 GND.n1826 0.0445
R2722 GND.n1826 GND.n1367 0.0445
R2723 GND.n1822 GND.n1367 0.0445
R2724 GND.n1822 GND.n1821 0.0445
R2725 GND.n1821 GND.n1820 0.0445
R2726 GND.n1820 GND.n1369 0.0445
R2727 GND.n1816 GND.n1369 0.0445
R2728 GND.n1816 GND.n1815 0.0445
R2729 GND.n1815 GND.n1814 0.0445
R2730 GND.n1814 GND.n1371 0.0445
R2731 GND.n1810 GND.n1371 0.0445
R2732 GND.n1810 GND.n1809 0.0445
R2733 GND.n1809 GND.n1808 0.0445
R2734 GND.n1808 GND.n1373 0.0445
R2735 GND.n1804 GND.n1373 0.0445
R2736 GND.n1804 GND.n1803 0.0445
R2737 GND.n1803 GND.n1802 0.0445
R2738 GND.n1802 GND.n1375 0.0445
R2739 GND.n1798 GND.n1375 0.0445
R2740 GND.n1798 GND.n1797 0.0445
R2741 GND.n1797 GND.n1796 0.0445
R2742 GND.n1796 GND.n1377 0.0445
R2743 GND.n1792 GND.n1377 0.0445
R2744 GND.n1792 GND.n1791 0.0445
R2745 GND.n1791 GND.n1790 0.0445
R2746 GND.n1790 GND.n1379 0.0445
R2747 GND.n1786 GND.n1379 0.0445
R2748 GND.n1786 GND.n1785 0.0445
R2749 GND.n568 GND.n567 0.0445
R2750 GND.n567 GND.n1381 0.0445
R2751 GND.n1778 GND.n1381 0.0445
R2752 GND.n1778 GND.n1777 0.0445
R2753 GND.n1777 GND.n1384 0.0445
R2754 GND.n1770 GND.n1384 0.0445
R2755 GND.n1770 GND.n1769 0.0445
R2756 GND.n1769 GND.n1389 0.0445
R2757 GND.n1764 GND.n1389 0.0445
R2758 GND.n1764 GND.n1763 0.0445
R2759 GND.n1624 GND.n1450 0.0445
R2760 GND.n1620 GND.n1450 0.0445
R2761 GND.n1620 GND.n1619 0.0445
R2762 GND.n1619 GND.n1618 0.0445
R2763 GND.n1618 GND.n1452 0.0445
R2764 GND.n1614 GND.n1452 0.0445
R2765 GND.n1614 GND.n1613 0.0445
R2766 GND.n1613 GND.n1612 0.0445
R2767 GND.n1775 GND.n1774 0.0440417
R2768 GND.n1908 GND.n1332 0.0426667
R2769 GND.n1784 GND.n1783 0.0411771
R2770 GND.n1781 GND.n1780 0.0400312
R2771 GND.n1773 GND.n1772 0.0400312
R2772 GND.n1894 GND.n1893 0.0394583
R2773 GND.n1889 GND.n1336 0.0380833
R2774 GND.n1887 GND.n1886 0.0380833
R2775 GND.n1392 GND.n1385 0.0380486
R2776 GND.n1882 GND.n1290 0.0367083
R2777 GND.n1056 GND.n1054 0.0365627
R2778 GND.n2211 GND.n2182 0.0365627
R2779 GND.n1392 GND.n1386 0.0365208
R2780 GND.n1771 GND.n1388 0.0360208
R2781 GND.n1394 GND.n1387 0.0357565
R2782 GND.n1283 GND.n1282 0.035375
R2783 GND.n1928 GND.n1266 0.0352907
R2784 GND.n1085 GND.n1083 0.0351824
R2785 GND.n2177 GND.n2141 0.0351824
R2786 GND.n1767 GND.n1766 0.034875
R2787 GND.n1343 GND.n1293 0.0348284
R2788 GND.n1400 GND.n1391 0.0342287
R2789 GND.n1926 GND.n1267 0.0337558
R2790 GND.n1505 GND.n1247 0.0336019
R2791 GND.n1335 GND.n1292 0.0329874
R2792 GND.n1929 GND.n1265 0.0327326
R2793 GND.n1344 GND.n1294 0.0325272
R2794 GND.n1331 GND.n1299 0.0323194
R2795 GND.n1338 GND.n1296 0.0316067
R2796 GND.n1925 GND.n1268 0.0311977
R2797 GND.n1285 GND.n1283 0.0307916
R2798 GND.n1321 GND.n1316 0.0304418
R2799 GND.n1316 GND.n1314 0.0304418
R2800 GND.n1930 GND.n1264 0.0301744
R2801 GND.n1503 GND.n1245 0.030037
R2802 GND.n1401 GND.n1400 0.0296458
R2803 GND.n1285 GND.n1284 0.0292639
R2804 GND.n1284 GND.n1280 0.0292639
R2805 GND.n1291 GND.n1289 0.0292639
R2806 GND.n1776 GND.n1383 0.0291458
R2807 GND.n1512 GND.n1506 0.0290185
R2808 GND.n3 GND.n1331 0.0380263
R2809 GND.n1924 GND.n1269 0.0286395
R2810 GND.n1610 GND.n200 0.0293594
R2811 GND.n1507 GND.n1249 0.0285093
R2812 GND.n25 GND.n24 0.0285093
R2813 GND.n1611 GND.n1610 0.028
R2814 GND.n1282 GND.t51 0.028
R2815 GND.n1281 GND.t49 0.028
R2816 GND.n1911 GND.n1291 0.028
R2817 GND.n0 GND.n1913 0.028
R2818 GND.n1910 GND.n1331 0.028
R2819 GND.n33 GND.n39 0.028
R2820 GND.n1402 GND.n1390 0.028
R2821 GND.n1399 GND.n1387 0.027736
R2822 GND.n1931 GND.n1263 0.0276163
R2823 GND.n1317 GND.n1305 0.0272778
R2824 GND.n41 GND.n1303 0.65333
R2825 GND.n31 GND.n26 0.506326
R2826 GND.n1399 GND.n1386 0.0269721
R2827 GND.n1779 GND.n1383 0.0268542
R2828 GND.n2090 GND.n2089 0.0264141
R2829 GND.n2089 GND.n2088 0.0264141
R2830 GND.n2088 GND.n2087 0.0264141
R2831 GND.n2087 GND.n2086 0.0264141
R2832 GND.n933 GND.n2071 0.0264141
R2833 GND.n2078 GND.n2071 0.0264141
R2834 GND.n1923 GND.n1270 0.0260814
R2835 GND.n1508 GND.n1250 0.025963
R2836 GND.n1401 GND.n1385 0.0258263
R2837 GND.n1918 GND.n1276 0.0255698
R2838 GND.n1528 GND.n1246 0.0254537
R2839 GND.n1932 GND.n1262 0.0245465
R2840 GND.n1501 GND.n1243 0.0244352
R2841 GND.n1935 GND.n1258 0.0240349
R2842 GND.n1498 GND.n1239 0.0239259
R2843 GND.n1922 GND.n1271 0.0235233
R2844 GND.t8 GND.n933 0.0234448
R2845 GND.n1509 GND.n1251 0.0234167
R2846 GND.n1919 GND.n1275 0.0230116
R2847 GND.n1535 GND.n1255 0.0229074
R2848 GND.n1612 GND.n201 0.0225
R2849 GND.n1937 GND.n8 0.0221903
R2850 GND.n442 GND.n2189 0.0219416
R2851 GND.n443 GND.n442 0.0458754
R2852 GND.n2206 GND.t2 0.0394715
R2853 GND.n2154 GND.n2153 0.0219416
R2854 GND.n2153 GND.n2152 0.0219416
R2855 GND.n2152 GND.n2151 0.0219416
R2856 GND.n2151 GND.n2150 0.0219416
R2857 GND.n2150 GND.n2144 0.0219416
R2858 GND.n2170 GND.n2144 0.0219416
R2859 GND.n2171 GND.n2170 0.0219416
R2860 GND.n2172 GND.n2171 0.0219416
R2861 GND.n2122 GND.n2113 0.0219416
R2862 GND.n445 GND.n2122 0.0219416
R2863 GND.n2131 GND.t6 0.0394715
R2864 GND.n1036 GND.n1035 0.0218333
R2865 GND.n1037 GND.n1036 0.0218333
R2866 GND.n1051 GND.t17 0.0218333
R2867 GND.n1062 GND.n1061 0.0218333
R2868 GND.n1063 GND.n1062 0.0218333
R2869 GND.n1063 GND.n968 0.0218333
R2870 GND.n1070 GND.n968 0.0218333
R2871 GND.n1071 GND.n1070 0.0218333
R2872 GND.n1072 GND.n1071 0.0218333
R2873 GND.n1072 GND.n962 0.0218333
R2874 GND.n1080 GND.n962 0.0218333
R2875 GND.n1091 GND.n1090 0.0218333
R2876 GND.n1092 GND.n1091 0.0218333
R2877 GND.n1106 GND.t21 0.0218333
R2878 GND.n1933 GND.n1261 0.0214767
R2879 GND.n1328 GND.n1300 0.0213704
R2880 GND.n1391 GND.n1382 0.0212426
R2881 GND.n1768 GND.n1767 0.021125
R2882 GND.n1934 GND.n1259 0.0209651
R2883 GND.n1921 GND.n1272 0.0209651
R2884 GND.n1510 GND.n1252 0.0208704
R2885 GND.n1499 GND.n1240 0.0208704
R2886 GND.n1927 GND.n1267 0.0206794
R2887 GND.n1920 GND.n1274 0.0204535
R2888 GND.n1513 GND.n1244 0.0203611
R2889 GND.n1309 GND.n1306 0.0200556
R2890 GND.n1768 GND.n1388 0.0199792
R2891 GND.n1538 GND.n1256 0.0198519
R2892 GND.n1394 GND.n1393 0.0197149
R2893 GND.n1341 GND.n1298 0.0194244
R2894 GND.n1522 GND.n1238 0.0194063
R2895 GND.n1343 GND.n1298 0.0194032
R2896 GND.n1927 GND.n1266 0.0191445
R2897 GND.n1934 GND.n1260 0.018407
R2898 GND.n1920 GND.n1273 0.018407
R2899 GND.n1534 GND.n1253 0.0183241
R2900 GND.n1499 GND.n1241 0.0183241
R2901 GND.n8 GND.n13 0.01814
R2902 GND.n1933 GND.n1260 0.0178953
R2903 GND.n1921 GND.n1273 0.0178953
R2904 GND.n1510 GND.n1253 0.0178148
R2905 GND.n1500 GND.n1241 0.0178148
R2906 GND.n1339 GND.n1297 0.0173389
R2907 GND.n1286 GND.n1285 0.0173056
R2908 GND.n2245 GND.n873 0.0170973
R2909 GND.n2227 GND.n873 0.0170973
R2910 GND.n2230 GND.n2227 0.0170973
R2911 GND.n2231 GND.n2230 0.0170973
R2912 GND.n2232 GND.n2231 0.0170973
R2913 GND.n2232 GND.n2221 0.0170973
R2914 GND.n2236 GND.n2221 0.0170973
R2915 GND.n2237 GND.n2236 0.0170973
R2916 GND.n2238 GND.n2237 0.0170973
R2917 GND.n2238 GND.n888 0.0170973
R2918 GND.n2242 GND.n888 0.0170973
R2919 GND.n2242 GND.n886 0.0170973
R2920 GND.n2244 GND.n874 0.0170973
R2921 GND.n2226 GND.n876 0.0170973
R2922 GND.n2225 GND.n876 0.0170973
R2923 GND.n2224 GND.n2223 0.0170973
R2924 GND.n2220 GND.n885 0.0170973
R2925 GND.n2219 GND.n885 0.0170973
R2926 GND.n2243 GND.n887 0.0170973
R2927 GND.n1008 GND.n995 0.0170973
R2928 GND.n1007 GND.n994 0.0170973
R2929 GND.n1004 GND.n994 0.0170973
R2930 GND.n1003 GND.n1002 0.0170973
R2931 GND.n1001 GND.n1000 0.0170973
R2932 GND.n1025 GND.n1024 0.0170973
R2933 GND.n1025 GND.n993 0.0170973
R2934 GND.n1011 GND.n1009 0.0170973
R2935 GND.n1012 GND.n1011 0.0170973
R2936 GND.n1013 GND.n1012 0.0170973
R2937 GND.n1013 GND.n1005 0.0170973
R2938 GND.n1017 GND.n1005 0.0170973
R2939 GND.n1018 GND.n1017 0.0170973
R2940 GND.n1019 GND.n1018 0.0170973
R2941 GND.n1019 GND.n997 0.0170973
R2942 GND.n1023 GND.n997 0.0170973
R2943 GND.n1023 GND.n996 0.0170973
R2944 GND.n996 GND.n992 0.0170973
R2945 GND.n1027 GND.n992 0.0170973
R2946 GND.n1340 GND.n1339 0.017069
R2947 GND.n1010 GND.n365 0.0170647
R2948 GND.n1010 GND.n1006 0.0170647
R2949 GND.n1014 GND.n1006 0.0170647
R2950 GND.n1015 GND.n1014 0.0170647
R2951 GND.n1016 GND.n1015 0.0170647
R2952 GND.n1016 GND.n999 0.0170647
R2953 GND.n1020 GND.n999 0.0170647
R2954 GND.n1021 GND.n1020 0.0170647
R2955 GND.n1022 GND.n1021 0.0170647
R2956 GND.n1022 GND.n998 0.0170647
R2957 GND.n998 GND.n991 0.0170647
R2958 GND.n1028 GND.n991 0.0170647
R2959 GND.n1031 GND.n1030 0.0170647
R2960 GND.n1032 GND.n1031 0.0170647
R2961 GND.n1032 GND.n985 0.0170647
R2962 GND.n1040 GND.n985 0.0170647
R2963 GND.n1041 GND.n1040 0.0170647
R2964 GND.n1042 GND.n1041 0.0170647
R2965 GND.n1042 GND.n982 0.0170647
R2966 GND.n1046 GND.n982 0.0170647
R2967 GND.n1047 GND.n1046 0.0170647
R2968 GND.n1048 GND.n1047 0.0170647
R2969 GND.n1048 GND.n977 0.0170647
R2970 GND.n1054 GND.n977 0.0170647
R2971 GND.n1057 GND.n1056 0.0170647
R2972 GND.n1058 GND.n1057 0.0170647
R2973 GND.n1058 GND.n971 0.0170647
R2974 GND.n1066 GND.n971 0.0170647
R2975 GND.n1067 GND.n1066 0.0170647
R2976 GND.n1068 GND.n1067 0.0170647
R2977 GND.n1068 GND.n965 0.0170647
R2978 GND.n1075 GND.n965 0.0170647
R2979 GND.n1076 GND.n1075 0.0170647
R2980 GND.n1077 GND.n1076 0.0170647
R2981 GND.n1077 GND.n959 0.0170647
R2982 GND.n1083 GND.n959 0.0170647
R2983 GND.n1086 GND.n1085 0.0170647
R2984 GND.n1087 GND.n1086 0.0170647
R2985 GND.n1087 GND.n953 0.0170647
R2986 GND.n1095 GND.n953 0.0170647
R2987 GND.n1096 GND.n1095 0.0170647
R2988 GND.n1097 GND.n1096 0.0170647
R2989 GND.n1097 GND.n950 0.0170647
R2990 GND.n1101 GND.n950 0.0170647
R2991 GND.n1102 GND.n1101 0.0170647
R2992 GND.n1103 GND.n1102 0.0170647
R2993 GND.n1103 GND.n945 0.0170647
R2994 GND.n1109 GND.n945 0.0170647
R2995 GND.n2094 GND.n2093 0.0170647
R2996 GND.n2095 GND.n2094 0.0170647
R2997 GND.n2095 GND.n940 0.0170647
R2998 GND.n2099 GND.n940 0.0170647
R2999 GND.n2100 GND.n2099 0.0170647
R3000 GND.n2083 GND.n939 0.0170647
R3001 GND.n2083 GND.n2082 0.0170647
R3002 GND.n2082 GND.n2081 0.0170647
R3003 GND.n2092 GND.n944 0.0170647
R3004 GND.n2096 GND.n944 0.0170647
R3005 GND.n2097 GND.n2096 0.0170647
R3006 GND.n2098 GND.n2097 0.0170647
R3007 GND.n2098 GND.n938 0.0170647
R3008 GND.n2084 GND.n937 0.0170647
R3009 GND.n2084 GND.n2073 0.0170647
R3010 GND.n2080 GND.n2073 0.0170647
R3011 GND.n2080 GND.n2075 0.0170647
R3012 GND.n1110 GND.n943 0.0170647
R3013 GND.n943 GND.n942 0.0170647
R3014 GND.n942 GND.n941 0.0170647
R3015 GND.n941 GND.n936 0.0170647
R3016 GND.n2085 GND.n935 0.0170647
R3017 GND.n2085 GND.n2072 0.0170647
R3018 GND.n2079 GND.n2072 0.0170647
R3019 GND.n2079 GND.n2076 0.0170647
R3020 GND.n2104 GND.n928 0.0170647
R3021 GND.n1134 GND.n928 0.0170647
R3022 GND.n1134 GND.n1131 0.0170647
R3023 GND.n1138 GND.n1131 0.0170647
R3024 GND.n1138 GND.n1113 0.0170647
R3025 GND.n1144 GND.n1113 0.0170647
R3026 GND.n1144 GND.n1112 0.0170647
R3027 GND.n1125 GND.n1112 0.0170647
R3028 GND.n1125 GND.n1118 0.0170647
R3029 GND.n1119 GND.n1118 0.0170647
R3030 GND.n2105 GND.n927 0.0170647
R3031 GND.n1133 GND.n927 0.0170647
R3032 GND.n1133 GND.n1130 0.0170647
R3033 GND.n1139 GND.n1130 0.0170647
R3034 GND.n1139 GND.n1115 0.0170647
R3035 GND.n1143 GND.n1115 0.0170647
R3036 GND.n1143 GND.n1114 0.0170647
R3037 GND.n1126 GND.n1114 0.0170647
R3038 GND.n1126 GND.n1117 0.0170647
R3039 GND.n1120 GND.n1117 0.0170647
R3040 GND.n203 GND.n872 0.0170647
R3041 GND.n2228 GND.n872 0.0170647
R3042 GND.n2229 GND.n2228 0.0170647
R3043 GND.n2229 GND.n2222 0.0170647
R3044 GND.n2233 GND.n2222 0.0170647
R3045 GND.n2234 GND.n2233 0.0170647
R3046 GND.n2235 GND.n2234 0.0170647
R3047 GND.n2235 GND.n2218 0.0170647
R3048 GND.n2239 GND.n2218 0.0170647
R3049 GND.n2240 GND.n2239 0.0170647
R3050 GND.n2241 GND.n2240 0.0170647
R3051 GND.n2241 GND.n2217 0.0170647
R3052 GND.n2216 GND.n889 0.0170647
R3053 GND.n2194 GND.n889 0.0170647
R3054 GND.n2195 GND.n2194 0.0170647
R3055 GND.n2195 GND.n2193 0.0170647
R3056 GND.n2193 GND.n2186 0.0170647
R3057 GND.n2201 GND.n2186 0.0170647
R3058 GND.n2202 GND.n2201 0.0170647
R3059 GND.n2203 GND.n2202 0.0170647
R3060 GND.n2203 GND.n2183 0.0170647
R3061 GND.n2209 GND.n2183 0.0170647
R3062 GND.n2210 GND.n2209 0.0170647
R3063 GND.n2211 GND.n2210 0.0170647
R3064 GND.n2182 GND.n900 0.0170647
R3065 GND.n2157 GND.n900 0.0170647
R3066 GND.n2158 GND.n2157 0.0170647
R3067 GND.n2159 GND.n2158 0.0170647
R3068 GND.n2159 GND.n2146 0.0170647
R3069 GND.n2165 GND.n2146 0.0170647
R3070 GND.n2166 GND.n2165 0.0170647
R3071 GND.n2167 GND.n2166 0.0170647
R3072 GND.n2167 GND.n2142 0.0170647
R3073 GND.n2175 GND.n2142 0.0170647
R3074 GND.n2176 GND.n2175 0.0170647
R3075 GND.n2177 GND.n2176 0.0170647
R3076 GND.n2141 GND.n915 0.0170647
R3077 GND.n2118 GND.n915 0.0170647
R3078 GND.n2119 GND.n2118 0.0170647
R3079 GND.n2119 GND.n2117 0.0170647
R3080 GND.n2117 GND.n2110 0.0170647
R3081 GND.n2126 GND.n2110 0.0170647
R3082 GND.n2127 GND.n2126 0.0170647
R3083 GND.n2128 GND.n2127 0.0170647
R3084 GND.n2128 GND.n2107 0.0170647
R3085 GND.n2134 GND.n2107 0.0170647
R3086 GND.n2135 GND.n2134 0.0170647
R3087 GND.n2136 GND.n2135 0.0170647
R3088 GND.n2106 GND.n926 0.0170647
R3089 GND.n1132 GND.n926 0.0170647
R3090 GND.n1132 GND.n1129 0.0170647
R3091 GND.n1140 GND.n1129 0.0170647
R3092 GND.n1141 GND.n1140 0.0170647
R3093 GND.n1142 GND.n1141 0.0170647
R3094 GND.n1142 GND.n1128 0.0170647
R3095 GND.n1128 GND.n1127 0.0170647
R3096 GND.n1127 GND.n1116 0.0170647
R3097 GND.n2215 GND.n890 0.0170647
R3098 GND.n2192 GND.n890 0.0170647
R3099 GND.n2196 GND.n2192 0.0170647
R3100 GND.n2196 GND.n2190 0.0170647
R3101 GND.n2190 GND.n2187 0.0170647
R3102 GND.n2200 GND.n2187 0.0170647
R3103 GND.n2200 GND.n2185 0.0170647
R3104 GND.n2204 GND.n2185 0.0170647
R3105 GND.n2204 GND.n2184 0.0170647
R3106 GND.n2208 GND.n2184 0.0170647
R3107 GND.n2208 GND.n899 0.0170647
R3108 GND.n2212 GND.n899 0.0170647
R3109 GND.n2191 GND.n893 0.0170647
R3110 GND.n2197 GND.n895 0.0170647
R3111 GND.n2198 GND.n895 0.0170647
R3112 GND.n2199 GND.n2188 0.0170647
R3113 GND.n2205 GND.n892 0.0170647
R3114 GND.n2207 GND.n892 0.0170647
R3115 GND.n1034 GND.n989 0.0170647
R3116 GND.n1034 GND.n987 0.0170647
R3117 GND.n1038 GND.n987 0.0170647
R3118 GND.n1038 GND.n371 0.0170647
R3119 GND.n480 GND.n371 0.0170647
R3120 GND.n480 GND.n370 0.00335487
R3121 GND.n1044 GND.n471 0.0170647
R3122 GND.n450 GND.n980 0.00925955
R3123 GND.n1050 GND.n980 0.0170647
R3124 GND.n1050 GND.n979 0.0170647
R3125 GND.n1029 GND.n990 0.0170647
R3126 GND.n1033 GND.n990 0.0170647
R3127 GND.n1033 GND.n986 0.0170647
R3128 GND.n1039 GND.n986 0.0170647
R3129 GND.n1039 GND.n984 0.0170647
R3130 GND.n1043 GND.n984 0.0170647
R3131 GND.n1043 GND.n983 0.0170647
R3132 GND.n1045 GND.n983 0.0170647
R3133 GND.n1045 GND.n981 0.0170647
R3134 GND.n1049 GND.n981 0.0170647
R3135 GND.n1049 GND.n978 0.0170647
R3136 GND.n1053 GND.n978 0.0170647
R3137 GND.n2181 GND.n901 0.0170647
R3138 GND.n2156 GND.n901 0.0170647
R3139 GND.n2156 GND.n2147 0.0170647
R3140 GND.n2160 GND.n2147 0.0170647
R3141 GND.n2161 GND.n2160 0.0170647
R3142 GND.n2164 GND.n2161 0.0170647
R3143 GND.n2164 GND.n2145 0.0170647
R3144 GND.n2168 GND.n2145 0.0170647
R3145 GND.n2168 GND.n2143 0.0170647
R3146 GND.n2174 GND.n2143 0.0170647
R3147 GND.n2174 GND.n914 0.0170647
R3148 GND.n2178 GND.n914 0.0170647
R3149 GND.n2155 GND.n2149 0.0170647
R3150 GND.n2148 GND.n905 0.0170647
R3151 GND.n2163 GND.n905 0.0170647
R3152 GND.n2163 GND.n2162 0.0170647
R3153 GND.n2169 GND.n903 0.0170647
R3154 GND.n2173 GND.n903 0.0170647
R3155 GND.n1060 GND.n975 0.0170647
R3156 GND.n1060 GND.n973 0.0170647
R3157 GND.n1064 GND.n973 0.0170647
R3158 GND.n1064 GND.n969 0.0170647
R3159 GND.n908 GND.n969 0.0170647
R3160 GND.n908 GND.n967 0.0170647
R3161 GND.n1073 GND.n967 0.0170647
R3162 GND.n1073 GND.n963 0.0170647
R3163 GND.n1079 GND.n963 0.0170647
R3164 GND.n1079 GND.n961 0.0170647
R3165 GND.n1055 GND.n976 0.0170647
R3166 GND.n1059 GND.n976 0.0170647
R3167 GND.n1059 GND.n972 0.0170647
R3168 GND.n1065 GND.n972 0.0170647
R3169 GND.n1065 GND.n970 0.0170647
R3170 GND.n1069 GND.n970 0.0170647
R3171 GND.n1069 GND.n966 0.0170647
R3172 GND.n1074 GND.n966 0.0170647
R3173 GND.n1074 GND.n964 0.0170647
R3174 GND.n1078 GND.n964 0.0170647
R3175 GND.n1078 GND.n960 0.0170647
R3176 GND.n1082 GND.n960 0.0170647
R3177 GND.n2140 GND.n916 0.0170647
R3178 GND.n2116 GND.n916 0.0170647
R3179 GND.n2120 GND.n2116 0.0170647
R3180 GND.n2120 GND.n2114 0.0170647
R3181 GND.n2114 GND.n2111 0.0170647
R3182 GND.n2125 GND.n2111 0.0170647
R3183 GND.n2125 GND.n2109 0.0170647
R3184 GND.n2129 GND.n2109 0.0170647
R3185 GND.n2129 GND.n2108 0.0170647
R3186 GND.n2133 GND.n2108 0.0170647
R3187 GND.n2133 GND.n925 0.0170647
R3188 GND.n2137 GND.n925 0.0170647
R3189 GND.n2115 GND.n920 0.0170647
R3190 GND.n2121 GND.n922 0.0170647
R3191 GND.n2123 GND.n446 0.00513547
R3192 GND.n2124 GND.n2112 0.0170647
R3193 GND.n2130 GND.n919 0.0170647
R3194 GND.n2132 GND.n919 0.0170647
R3195 GND.n1089 GND.n957 0.0170647
R3196 GND.n1089 GND.n955 0.0170647
R3197 GND.n1093 GND.n955 0.0170647
R3198 GND.n1093 GND.n369 0.0170647
R3199 GND.n479 GND.n369 0.0170647
R3200 GND.n479 GND.n368 0.00335487
R3201 GND.n1099 GND.n472 0.0170647
R3202 GND.n451 GND.n948 0.00925955
R3203 GND.n1105 GND.n948 0.0170647
R3204 GND.n1105 GND.n947 0.0170647
R3205 GND.n1084 GND.n958 0.0170647
R3206 GND.n1088 GND.n958 0.0170647
R3207 GND.n1088 GND.n954 0.0170647
R3208 GND.n1094 GND.n954 0.0170647
R3209 GND.n1094 GND.n952 0.0170647
R3210 GND.n1098 GND.n952 0.0170647
R3211 GND.n1098 GND.n951 0.0170647
R3212 GND.n1100 GND.n951 0.0170647
R3213 GND.n1100 GND.n949 0.0170647
R3214 GND.n1104 GND.n949 0.0170647
R3215 GND.n1104 GND.n946 0.0170647
R3216 GND.n1108 GND.n946 0.0170647
R3217 GND.n1919 GND.n1274 0.0158488
R3218 GND.n1535 GND.n1254 0.0157778
R3219 GND.n1935 GND.n1259 0.0153372
R3220 GND.n1922 GND.n1272 0.0153372
R3221 GND.n1932 GND.n1261 0.0148256
R3222 GND.n1783 GND.n566 0.0156094
R3223 GND.n1501 GND.n1242 0.0147593
R3224 GND.n1780 GND.n1779 0.01425
R3225 GND.n1533 GND.n1254 0.01425
R3226 GND.n1327 GND.n1307 0.0138333
R3227 GND.n1514 GND.n1242 0.0137407
R3228 GND.n1918 GND.n1275 0.0132907
R3229 GND.n1537 GND.n1255 0.0132315
R3230 GND.n1282 GND.n45 0.0338582
R3231 GND.n1323 GND.n1322 0.0128164
R3232 GND.n1323 GND.n1145 0.0128164
R3233 GND.n1923 GND.n1271 0.0127791
R3234 GND.n1508 GND.n1251 0.0127222
R3235 GND.n1936 GND.n1258 0.0122674
R3236 GND.n1497 GND.n1239 0.012213
R3237 GND.n1776 GND.n1775 0.0119583
R3238 GND.n1393 GND.n1390 0.0119583
R3239 GND.n2103 GND.n929 0.0119472
R3240 GND.n1135 GND.n929 0.0119472
R3241 GND.n1136 GND.n1135 0.0119472
R3242 GND.n1137 GND.n1136 0.0119472
R3243 GND.n1137 GND.n1111 0.0119472
R3244 GND.n931 GND.n1111 0.0119472
R3245 GND.n1124 GND.n930 0.0119472
R3246 GND.n1124 GND.n1123 0.0119472
R3247 GND.n1931 GND.n1262 0.0117558
R3248 GND.n1502 GND.n1243 0.0117037
R3249 GND.n1915 GND.t43 0.0114091
R3250 GND.n1915 GND.n1914 0.0114091
R3251 GND.n1774 GND.n1773 0.0113854
R3252 GND.n1329 GND.n1327 0.0110926
R3253 GND.n1917 GND.n1276 0.0107326
R3254 GND.n1536 GND.n1256 0.0106852
R3255 GND.t8 GND.n930 0.0106355
R3256 GND.n33 GND.n1382 0.0104306
R3257 GND.n1924 GND.n1270 0.0102209
R3258 GND.n1913 GND.n1289 0.00940274
R3259 GND.n2214 GND.n891 0.00928904
R3260 GND.n2213 GND.n897 0.00928904
R3261 GND.n2180 GND.n902 0.00928904
R3262 GND.n2179 GND.n912 0.00928904
R3263 GND.n2139 GND.n917 0.00928904
R3264 GND.n2138 GND.n923 0.00928904
R3265 GND.n2197 GND.n894 0.00927474
R3266 GND.n2199 GND.n444 0.0104363
R3267 GND.n898 GND.n896 0.00927474
R3268 GND.n2191 GND.n894 0.00927474
R3269 GND.n2198 GND.n444 0.010059
R3270 GND.n2188 GND.n465 0.0104363
R3271 GND.n2207 GND.n896 0.00927474
R3272 GND.n910 GND.n909 0.00927474
R3273 GND.n2148 GND.n906 0.00927474
R3274 GND.n2169 GND.n904 0.00927474
R3275 GND.n913 GND.n911 0.00927474
R3276 GND.n2155 GND.n910 0.00927474
R3277 GND.n2149 GND.n906 0.00927474
R3278 GND.n2162 GND.n904 0.00927474
R3279 GND.n2173 GND.n911 0.00927474
R3280 GND.n2121 GND.n921 0.00927474
R3281 GND.n2123 GND.n481 0.0150317
R3282 GND.n2132 GND.n918 0.00927474
R3283 GND.n2115 GND.n921 0.00927474
R3284 GND.n2124 GND.n481 0.00450749
R3285 GND.n464 GND.n2130 0.010059
R3286 GND.n924 GND.n918 0.00927474
R3287 GND.n2226 GND.n877 0.00925297
R3288 GND.n2224 GND.n878 0.00925297
R3289 GND.n2220 GND.n879 0.00925297
R3290 GND.n887 GND.n875 0.00925297
R3291 GND.n880 GND.n2243 0.00925297
R3292 GND.n877 GND.n874 0.00925297
R3293 GND.n2225 GND.n878 0.00925297
R3294 GND.n2223 GND.n879 0.00925297
R3295 GND.n2219 GND.n875 0.00925297
R3296 GND.n1007 GND.n883 0.00925297
R3297 GND.n1004 GND.n882 0.00925297
R3298 GND.n1002 GND.n881 0.00925297
R3299 GND.n1024 GND.n884 0.00925297
R3300 GND.n1026 GND.n993 0.00925297
R3301 GND.n1008 GND.n883 0.00925297
R3302 GND.n1003 GND.n882 0.00925297
R3303 GND.n1001 GND.n881 0.00925297
R3304 GND.n1000 GND.n884 0.00925297
R3305 GND.n2075 GND.n2074 0.00923687
R3306 GND.n1122 GND.n1119 0.00923112
R3307 GND.n989 GND.n988 0.00923037
R3308 GND.n1052 GND.n979 0.00923037
R3309 GND.n975 GND.n974 0.00923037
R3310 GND.n1081 GND.n961 0.00923037
R3311 GND.n957 GND.n956 0.00923037
R3312 GND.n1107 GND.n947 0.00923037
R3313 GND.n893 GND.n891 0.00923022
R3314 GND.n898 GND.n897 0.00923022
R3315 GND.n909 GND.n902 0.00923022
R3316 GND.n913 GND.n912 0.00923022
R3317 GND.n920 GND.n917 0.00923022
R3318 GND.n924 GND.n923 0.00923022
R3319 GND.n2091 GND.n1110 0.00922413
R3320 GND.n2077 GND.n2076 0.00922413
R3321 GND.n1121 GND.n1120 0.00922182
R3322 GND.n1531 GND.n1252 0.00915741
R3323 GND.n1329 GND.n1328 0.00914814
R3324 GND.n2101 GND.n2100 0.00878235
R3325 GND.n2101 GND.n939 0.00878235
R3326 GND.n2102 GND.n938 0.00878235
R3327 GND.n2102 GND.n937 0.00878235
R3328 GND.n934 GND.n936 0.00878235
R3329 GND.n934 GND.n935 0.00878235
R3330 GND.n1930 GND.n1263 0.00868605
R3331 GND.n1503 GND.n1244 0.00864815
R3332 GND.n1347 GND.n1290 0.00829167
R3333 GND.n1514 GND.n1500 0.00813889
R3334 GND.n1515 GND.n1498 0.00813889
R3335 GND.n1307 GND.n1306 0.00772222
R3336 GND.n1925 GND.n1269 0.00766279
R3337 GND.n1506 GND.n1249 0.00762963
R3338 GND.n1528 GND.n1504 0.00762963
R3339 GND.n1513 GND.n1502 0.00762963
R3340 GND.n1515 GND.n1240 0.00762963
R3341 GND.n1530 GND.n1507 0.00712037
R3342 GND.n1892 GND.n1336 0.00691667
R3343 GND.n1888 GND.n1887 0.00691667
R3344 GND.n1534 GND.n1533 0.00661111
R3345 GND.n1531 GND.n1509 0.00661111
R3346 GND.n1929 GND.n1264 0.00612791
R3347 GND.n1538 GND.n1537 0.00610185
R3348 GND.n1504 GND.n1245 0.00610185
R3349 GND.n1309 GND.n1308 0.0057963
R3350 GND.n1308 GND.n1305 0.0057963
R3351 GND.n1895 GND.n1894 0.00554167
R3352 GND.n1926 GND.n1268 0.00510465
R3353 GND.n1772 GND.n1771 0.00508333
R3354 GND.n1505 GND.n1248 0.00508333
R3355 GND.n1338 GND.n1294 0.00491213
R3356 GND.n1070 GND.t19 0.00436447
R3357 GND.t4 GND.n907 0.0041367
R3358 GND.n1344 GND.n1297 0.00399163
R3359 GND.n1346 GND.n1296 0.00399163
R3360 GND.n1928 GND.n1265 0.00356977
R3361 GND.n1530 GND.n1250 0.00355556
R3362 GND.n40 GND.n1246 0.0213528
R3363 GND.n2086 GND.t8 0.00346933
R3364 GND.n597 GND.n596 0.00335714
R3365 GND.n1318 GND.n1317 0.00324074
R3366 GND.n1341 GND.n1335 0.00280126
R3367 GND.n1346 GND.n1345 0.00280126
R3368 GND.n2002 GND.n1186 0.00264144
R3369 GND.n1995 GND.n1186 0.00264144
R3370 GND.n1996 GND.n1995 0.00264144
R3371 GND.n1996 GND.n1994 0.00264144
R3372 GND.n1994 GND.n1993 0.00264144
R3373 GND.n1993 GND.n1194 0.00264144
R3374 GND.n1986 GND.n1194 0.00264144
R3375 GND.n1987 GND.n1986 0.00264144
R3376 GND.n1987 GND.n1985 0.00264144
R3377 GND.n1985 GND.n1984 0.00264144
R3378 GND.n1984 GND.n1202 0.00264144
R3379 GND.n1977 GND.n1202 0.00264144
R3380 GND.n1978 GND.n1977 0.00264144
R3381 GND.n1978 GND.n1976 0.00264144
R3382 GND.n1976 GND.n1975 0.00264144
R3383 GND.n1975 GND.n1210 0.00264144
R3384 GND.n1968 GND.n1210 0.00264144
R3385 GND.n1969 GND.n1968 0.00264144
R3386 GND.n1969 GND.n1967 0.00264144
R3387 GND.n1967 GND.n1966 0.00264144
R3388 GND.n1966 GND.n1218 0.00264144
R3389 GND.n1959 GND.n1218 0.00264144
R3390 GND.n1960 GND.n1959 0.00264144
R3391 GND.n1960 GND.n1958 0.00264144
R3392 GND.n1958 GND.n1957 0.00264144
R3393 GND.n1957 GND.n1226 0.00264144
R3394 GND.n1950 GND.n1226 0.00264144
R3395 GND.n1951 GND.n1950 0.00264144
R3396 GND.n1951 GND.n594 0.00264144
R3397 GND.n1946 GND.n594 0.00264144
R3398 GND.n1946 GND.n1945 0.00264144
R3399 GND.n1945 GND.n1944 0.00264144
R3400 GND.n1944 GND.n1234 0.00264144
R3401 GND.n1543 GND.n1234 0.00264144
R3402 GND.n1544 GND.n1543 0.00264144
R3403 GND.n1544 GND.n1492 0.00264144
R3404 GND.n1548 GND.n1492 0.00264144
R3405 GND.n1549 GND.n1548 0.00264144
R3406 GND.n1550 GND.n1549 0.00264144
R3407 GND.n1550 GND.n1487 0.00264144
R3408 GND.n1554 GND.n1487 0.00264144
R3409 GND.n1555 GND.n1554 0.00264144
R3410 GND.n1556 GND.n1555 0.00264144
R3411 GND.n1556 GND.n1482 0.00264144
R3412 GND.n1560 GND.n1482 0.00264144
R3413 GND.n1561 GND.n1560 0.00264144
R3414 GND.n1562 GND.n1561 0.00264144
R3415 GND.n1562 GND.n1477 0.00264144
R3416 GND.n1566 GND.n1477 0.00264144
R3417 GND.n1567 GND.n1566 0.00264144
R3418 GND.n1568 GND.n1567 0.00264144
R3419 GND.n1568 GND.n1472 0.00264144
R3420 GND.n1572 GND.n1472 0.00264144
R3421 GND.n1573 GND.n1572 0.00264144
R3422 GND.n1574 GND.n1573 0.00264144
R3423 GND.n1574 GND.n1467 0.00264144
R3424 GND.n1578 GND.n1467 0.00264144
R3425 GND.n1579 GND.n1578 0.00264144
R3426 GND.n2001 GND.n1185 0.00264144
R3427 GND.n2001 GND.n1187 0.00264144
R3428 GND.n1193 GND.n1187 0.00264144
R3429 GND.n1997 GND.n1193 0.00264144
R3430 GND.n1997 GND.n1192 0.00264144
R3431 GND.n1992 GND.n1192 0.00264144
R3432 GND.n1992 GND.n1195 0.00264144
R3433 GND.n1201 GND.n1195 0.00264144
R3434 GND.n1988 GND.n1201 0.00264144
R3435 GND.n1988 GND.n1200 0.00264144
R3436 GND.n1983 GND.n1200 0.00264144
R3437 GND.n1983 GND.n1203 0.00264144
R3438 GND.n1209 GND.n1203 0.00264144
R3439 GND.n1979 GND.n1209 0.00264144
R3440 GND.n1979 GND.n1208 0.00264144
R3441 GND.n1974 GND.n1208 0.00264144
R3442 GND.n1974 GND.n1211 0.00264144
R3443 GND.n1217 GND.n1211 0.00264144
R3444 GND.n1970 GND.n1217 0.00264144
R3445 GND.n1970 GND.n1216 0.00264144
R3446 GND.n1965 GND.n1216 0.00264144
R3447 GND.n1965 GND.n1219 0.00264144
R3448 GND.n1225 GND.n1219 0.00264144
R3449 GND.n1961 GND.n1225 0.00264144
R3450 GND.n1961 GND.n1224 0.00264144
R3451 GND.n1956 GND.n1224 0.00264144
R3452 GND.n1956 GND.n1227 0.00264144
R3453 GND.n1949 GND.n1227 0.00264144
R3454 GND.n1952 GND.n1949 0.00264144
R3455 GND.n1952 GND.n1948 0.00264144
R3456 GND.n1948 GND.n1947 0.00264144
R3457 GND.n1947 GND.n1232 0.00264144
R3458 GND.n1943 GND.n1232 0.00264144
R3459 GND.n1943 GND.n1235 0.00264144
R3460 GND.n1542 GND.n1235 0.00264144
R3461 GND.n1545 GND.n1542 0.00264144
R3462 GND.n1546 GND.n1545 0.00264144
R3463 GND.n1547 GND.n1546 0.00264144
R3464 GND.n1547 GND.n1491 0.00264144
R3465 GND.n1551 GND.n1491 0.00264144
R3466 GND.n1552 GND.n1551 0.00264144
R3467 GND.n1553 GND.n1552 0.00264144
R3468 GND.n1553 GND.n1486 0.00264144
R3469 GND.n1557 GND.n1486 0.00264144
R3470 GND.n1558 GND.n1557 0.00264144
R3471 GND.n1559 GND.n1558 0.00264144
R3472 GND.n1559 GND.n1481 0.00264144
R3473 GND.n1563 GND.n1481 0.00264144
R3474 GND.n1564 GND.n1563 0.00264144
R3475 GND.n1565 GND.n1564 0.00264144
R3476 GND.n1565 GND.n1476 0.00264144
R3477 GND.n1569 GND.n1476 0.00264144
R3478 GND.n1570 GND.n1569 0.00264144
R3479 GND.n1571 GND.n1570 0.00264144
R3480 GND.n1571 GND.n1471 0.00264144
R3481 GND.n1575 GND.n1471 0.00264144
R3482 GND.n1576 GND.n1575 0.00264144
R3483 GND.n1577 GND.n1576 0.00264144
R3484 GND.n1577 GND.n1466 0.00264144
R3485 GND.n1581 GND.n1466 0.00264144
R3486 GND.n2004 GND.n1184 0.00264144
R3487 GND.n2000 GND.n1184 0.00264144
R3488 GND.n2000 GND.n1188 0.00264144
R3489 GND.n1191 GND.n1188 0.00264144
R3490 GND.n1998 GND.n1191 0.00264144
R3491 GND.n1998 GND.n1190 0.00264144
R3492 GND.n1991 GND.n1190 0.00264144
R3493 GND.n1991 GND.n1196 0.00264144
R3494 GND.n1199 GND.n1196 0.00264144
R3495 GND.n1989 GND.n1199 0.00264144
R3496 GND.n1989 GND.n1198 0.00264144
R3497 GND.n1982 GND.n1198 0.00264144
R3498 GND.n1982 GND.n1204 0.00264144
R3499 GND.n1207 GND.n1204 0.00264144
R3500 GND.n1980 GND.n1207 0.00264144
R3501 GND.n1980 GND.n1206 0.00264144
R3502 GND.n1973 GND.n1206 0.00264144
R3503 GND.n1973 GND.n1212 0.00264144
R3504 GND.n1215 GND.n1212 0.00264144
R3505 GND.n1971 GND.n1215 0.00264144
R3506 GND.n1971 GND.n1214 0.00264144
R3507 GND.n1964 GND.n1214 0.00264144
R3508 GND.n1964 GND.n1220 0.00264144
R3509 GND.n1223 GND.n1220 0.00264144
R3510 GND.n1962 GND.n1223 0.00264144
R3511 GND.n1962 GND.n1222 0.00264144
R3512 GND.n1955 GND.n1222 0.00264144
R3513 GND.n1955 GND.n1228 0.00264144
R3514 GND.n1231 GND.n1228 0.00264144
R3515 GND.n1953 GND.n1231 0.00264144
R3516 GND.n1953 GND.n1230 0.00264144
R3517 GND.n1233 GND.n1230 0.00264144
R3518 GND.n1941 GND.n1233 0.00264144
R3519 GND.n1942 GND.n1941 0.00264144
R3520 GND.n1942 GND.n1236 0.00264144
R3521 GND.n1541 GND.n1236 0.00264144
R3522 GND.n1541 GND.n1495 0.00264144
R3523 GND.n1495 GND.n1494 0.00264144
R3524 GND.n1494 GND.n1493 0.00264144
R3525 GND.n1511 GND.n1493 0.00264144
R3526 GND.n1511 GND.n1490 0.00264144
R3527 GND.n1490 GND.n1489 0.00264144
R3528 GND.n1489 GND.n1488 0.00264144
R3529 GND.n1526 GND.n1488 0.00264144
R3530 GND.n1526 GND.n1485 0.00264144
R3531 GND.n1485 GND.n1484 0.00264144
R3532 GND.n1484 GND.n1483 0.00264144
R3533 GND.n1524 GND.n1483 0.00264144
R3534 GND.n1524 GND.n1480 0.00264144
R3535 GND.n1480 GND.n1479 0.00264144
R3536 GND.n1479 GND.n1478 0.00264144
R3537 GND.n1520 GND.n1478 0.00264144
R3538 GND.n1520 GND.n1475 0.00264144
R3539 GND.n1475 GND.n1474 0.00264144
R3540 GND.n1474 GND.n1473 0.00264144
R3541 GND.n1517 GND.n1473 0.00264144
R3542 GND.n1517 GND.n1470 0.00264144
R3543 GND.n1470 GND.n1469 0.00264144
R3544 GND.n1469 GND.n1468 0.00264144
R3545 GND.n1468 GND.n1465 0.00264144
R3546 GND.n1582 GND.n1465 0.00264144
R3547 GND.n1582 GND.n1464 0.00264144
R3548 GND.n392 GND.n554 0.00264144
R3549 GND.n1999 GND.n546 0.00206464
R3550 GND.n1999 GND.n553 0.00264144
R3551 GND.n1189 GND.n548 0.00206464
R3552 GND.n550 GND.n1189 0.00264144
R3553 GND.n394 GND.n549 0.00206464
R3554 GND.n1990 GND.n549 0.00264144
R3555 GND.n1990 GND.n547 0.00264144
R3556 GND.n393 GND.n547 0.00206464
R3557 GND.n396 GND.n1197 0.00264144
R3558 GND.n396 GND.n541 0.00264144
R3559 GND.n395 GND.n541 0.00206464
R3560 GND.n1981 GND.n539 0.00264144
R3561 GND.n397 GND.n539 0.00206464
R3562 GND.n556 GND.n1205 0.00264144
R3563 GND.n556 GND.n398 0.00206464
R3564 GND.n1972 GND.n538 0.00264144
R3565 GND.n1972 GND.n536 0.00206464
R3566 GND.n1213 GND.n557 0.00264144
R3567 GND.n534 GND.n1213 0.00206464
R3568 GND.n559 GND.n532 0.00264144
R3569 GND.n399 GND.n532 0.00206464
R3570 GND.n1963 GND.n530 0.00264144
R3571 GND.n402 GND.n530 0.00206464
R3572 GND.n562 GND.n1221 0.00264144
R3573 GND.n562 GND.n403 0.00206464
R3574 GND.n1954 GND.n528 0.00264144
R3575 GND.n1954 GND.n526 0.00206464
R3576 GND.n1229 GND.n563 0.00264144
R3577 GND.n525 GND.n1229 0.00206464
R3578 GND.n564 GND.n524 0.00264144
R3579 GND.n404 GND.n524 0.00206464
R3580 GND.n1940 GND.n1939 0.00264144
R3581 GND.n1940 GND.n488 0.00206464
R3582 GND.n1539 GND.n565 0.00264144
R3583 GND.n1540 GND.n1539 0.00264144
R3584 GND.n405 GND.n486 0.00206464
R3585 GND.n551 GND.n486 0.00264144
R3586 GND.n551 GND.n406 0.00206464
R3587 GND.n1532 GND.n407 0.00264144
R3588 GND.n569 GND.n407 0.00264144
R3589 GND.n569 GND.n408 0.00206464
R3590 GND.n1529 GND.n487 0.00264144
R3591 GND.n409 GND.n487 0.00206464
R3592 GND.n412 GND.n1527 0.00264144
R3593 GND.n412 GND.n1525 0.00264144
R3594 GND.n410 GND.n485 0.00206464
R3595 GND.n552 GND.n485 0.00264144
R3596 GND.n552 GND.n411 0.00206464
R3597 GND.n1523 GND.n483 0.00264144
R3598 GND.n592 GND.n413 0.00206464
R3599 GND.n592 GND.n1521 0.00264144
R3600 GND.n414 GND.n484 0.00206464
R3601 GND.n593 GND.n484 0.00264144
R3602 GND.n489 GND.n1519 0.00206464
R3603 GND.n1519 GND.n490 0.00264144
R3604 GND.n591 GND.n415 0.00206464
R3605 GND.n591 GND.n1518 0.00264144
R3606 GND.n416 GND.n491 0.00206464
R3607 GND.n491 GND.n492 0.00264144
R3608 GND.n590 GND.n417 0.00206464
R3609 GND.n590 GND.n1463 0.00264144
R3610 GND.n427 GND.n523 0.189565
R3611 GND.n570 GND.n2246 0.00264144
R3612 GND.n570 GND.n428 0.00206464
R3613 GND.n2247 GND.n522 0.00264144
R3614 GND.n521 GND.n2247 0.00206464
R3615 GND.n571 GND.n520 0.00264144
R3616 GND.n426 GND.n520 0.00206464
R3617 GND.n572 GND.n2248 0.00264144
R3618 GND.n572 GND.n425 0.00206464
R3619 GND.n2249 GND.n519 0.00264144
R3620 GND.n518 GND.n2249 0.00206464
R3621 GND.n573 GND.n517 0.00264144
R3622 GND.n424 GND.n517 0.00206464
R3623 GND.n574 GND.n2250 0.00264144
R3624 GND.n574 GND.n421 0.00206464
R3625 GND.n2251 GND.n516 0.00264144
R3626 GND.n515 GND.n2251 0.00206464
R3627 GND.n575 GND.n514 0.00264144
R3628 GND.n419 GND.n514 0.00206464
R3629 GND.n576 GND.n2252 0.00264144
R3630 GND.n576 GND.n420 0.00206464
R3631 GND.n2253 GND.n513 0.00264144
R3632 GND.n512 GND.n2253 0.00206464
R3633 GND.n577 GND.n511 0.00264144
R3634 GND.n422 GND.n511 0.00206464
R3635 GND.n578 GND.n2254 0.00264144
R3636 GND.n578 GND.n423 0.00206464
R3637 GND.n2255 GND.n510 0.00264144
R3638 GND.n509 GND.n2255 0.00206464
R3639 GND.n579 GND.n508 0.00264144
R3640 GND.n431 GND.n508 0.00206464
R3641 GND.n580 GND.n2256 0.00264144
R3642 GND.n580 GND.n430 0.00206464
R3643 GND.n2257 GND.n507 0.00264144
R3644 GND.n506 GND.n2257 0.00206464
R3645 GND.n581 GND.n505 0.00264144
R3646 GND.n429 GND.n505 0.00206464
R3647 GND.n582 GND.n2258 0.00264144
R3648 GND.n582 GND.n432 0.00206464
R3649 GND.n2259 GND.n504 0.00264144
R3650 GND.n503 GND.n2259 0.00206464
R3651 GND.n583 GND.n502 0.00264144
R3652 GND.n434 GND.n502 0.00206464
R3653 GND.n584 GND.n2260 0.00264144
R3654 GND.n584 GND.n433 0.00206464
R3655 GND.n2261 GND.n501 0.00264144
R3656 GND.n500 GND.n2261 0.00206464
R3657 GND.n585 GND.n499 0.00264144
R3658 GND.n439 GND.n499 0.00206464
R3659 GND.n586 GND.n2262 0.00264144
R3660 GND.n586 GND.n440 0.00206464
R3661 GND.n2263 GND.n498 0.00264144
R3662 GND.n497 GND.n2263 0.00206464
R3663 GND.n587 GND.n496 0.00264144
R3664 GND.n438 GND.n496 0.00206464
R3665 GND.n588 GND.n2264 0.00264144
R3666 GND.n588 GND.n437 0.00206464
R3667 GND.n2265 GND.n495 0.00264144
R3668 GND.n494 GND.n2265 0.00206464
R3669 GND.n589 GND.n436 0.00264144
R3670 GND.n2266 GND.n436 0.00264144
R3671 GND.n523 GND.n730 0.00264144
R3672 GND.n730 GND.n729 0.00264144
R3673 GND.n867 GND.n729 0.00264144
R3674 GND.n867 GND.n728 0.00264144
R3675 GND.n728 GND.n727 0.00264144
R3676 GND.n861 GND.n727 0.00264144
R3677 GND.n861 GND.n726 0.00264144
R3678 GND.n726 GND.n725 0.00264144
R3679 GND.n735 GND.n725 0.00264144
R3680 GND.n735 GND.n724 0.00264144
R3681 GND.n724 GND.n723 0.00264144
R3682 GND.n852 GND.n723 0.00264144
R3683 GND.n852 GND.n722 0.00264144
R3684 GND.n722 GND.n721 0.00264144
R3685 GND.n846 GND.n721 0.00264144
R3686 GND.n846 GND.n720 0.00264144
R3687 GND.n720 GND.n719 0.00264144
R3688 GND.n840 GND.n719 0.00264144
R3689 GND.n840 GND.n718 0.00264144
R3690 GND.n718 GND.n717 0.00264144
R3691 GND.n742 GND.n717 0.00264144
R3692 GND.n742 GND.n716 0.00264144
R3693 GND.n716 GND.n715 0.00264144
R3694 GND.n831 GND.n715 0.00264144
R3695 GND.n831 GND.n714 0.00264144
R3696 GND.n714 GND.n713 0.00264144
R3697 GND.n825 GND.n713 0.00264144
R3698 GND.n825 GND.n712 0.00264144
R3699 GND.n712 GND.n711 0.00264144
R3700 GND.n819 GND.n711 0.00264144
R3701 GND.n819 GND.n710 0.00264144
R3702 GND.n710 GND.n709 0.00264144
R3703 GND.n748 GND.n709 0.00264144
R3704 GND.n748 GND.n708 0.00264144
R3705 GND.n708 GND.n707 0.00264144
R3706 GND.n810 GND.n707 0.00264144
R3707 GND.n810 GND.n706 0.00264144
R3708 GND.n706 GND.n705 0.00264144
R3709 GND.n804 GND.n705 0.00264144
R3710 GND.n804 GND.n704 0.00264144
R3711 GND.n704 GND.n703 0.00264144
R3712 GND.n798 GND.n703 0.00264144
R3713 GND.n798 GND.n702 0.00264144
R3714 GND.n702 GND.n701 0.00264144
R3715 GND.n755 GND.n701 0.00264144
R3716 GND.n755 GND.n700 0.00264144
R3717 GND.n700 GND.n699 0.00264144
R3718 GND.n789 GND.n699 0.00264144
R3719 GND.n789 GND.n698 0.00264144
R3720 GND.n698 GND.n697 0.00264144
R3721 GND.n783 GND.n697 0.00264144
R3722 GND.n783 GND.n696 0.00264144
R3723 GND.n696 GND.n695 0.00264144
R3724 GND.n777 GND.n695 0.00264144
R3725 GND.n777 GND.n694 0.00264144
R3726 GND.n694 GND.n693 0.00264144
R3727 GND.n762 GND.n693 0.00264144
R3728 GND.n762 GND.n692 0.00264144
R3729 GND.n692 GND.n691 0.00264144
R3730 GND.n768 GND.n691 0.00264144
R3731 GND.n768 GND.n690 0.00264144
R3732 GND.n690 GND.n493 0.00264144
R3733 GND.n869 GND.n731 0.00264144
R3734 GND.n869 GND.n868 0.00264144
R3735 GND.n868 GND.n866 0.00264144
R3736 GND.n866 GND.n733 0.00264144
R3737 GND.n862 GND.n733 0.00264144
R3738 GND.n862 GND.n860 0.00264144
R3739 GND.n860 GND.n859 0.00264144
R3740 GND.n859 GND.n736 0.00264144
R3741 GND.n855 GND.n736 0.00264144
R3742 GND.n855 GND.n854 0.00264144
R3743 GND.n854 GND.n853 0.00264144
R3744 GND.n853 GND.n738 0.00264144
R3745 GND.n848 GND.n738 0.00264144
R3746 GND.n848 GND.n847 0.00264144
R3747 GND.n847 GND.n845 0.00264144
R3748 GND.n845 GND.n740 0.00264144
R3749 GND.n841 GND.n740 0.00264144
R3750 GND.n841 GND.n839 0.00264144
R3751 GND.n839 GND.n838 0.00264144
R3752 GND.n838 GND.n743 0.00264144
R3753 GND.n834 GND.n743 0.00264144
R3754 GND.n834 GND.n833 0.00264144
R3755 GND.n833 GND.n832 0.00264144
R3756 GND.n832 GND.n745 0.00264144
R3757 GND.n827 GND.n745 0.00264144
R3758 GND.n827 GND.n826 0.00264144
R3759 GND.n826 GND.n824 0.00264144
R3760 GND.n824 GND.n747 0.00264144
R3761 GND.n820 GND.n747 0.00264144
R3762 GND.n820 GND.n818 0.00264144
R3763 GND.n818 GND.n817 0.00264144
R3764 GND.n817 GND.n749 0.00264144
R3765 GND.n813 GND.n749 0.00264144
R3766 GND.n813 GND.n812 0.00264144
R3767 GND.n812 GND.n811 0.00264144
R3768 GND.n811 GND.n751 0.00264144
R3769 GND.n806 GND.n751 0.00264144
R3770 GND.n806 GND.n805 0.00264144
R3771 GND.n805 GND.n803 0.00264144
R3772 GND.n803 GND.n753 0.00264144
R3773 GND.n799 GND.n753 0.00264144
R3774 GND.n799 GND.n797 0.00264144
R3775 GND.n797 GND.n796 0.00264144
R3776 GND.n796 GND.n756 0.00264144
R3777 GND.n792 GND.n756 0.00264144
R3778 GND.n792 GND.n791 0.00264144
R3779 GND.n791 GND.n790 0.00264144
R3780 GND.n790 GND.n758 0.00264144
R3781 GND.n785 GND.n758 0.00264144
R3782 GND.n785 GND.n784 0.00264144
R3783 GND.n784 GND.n782 0.00264144
R3784 GND.n782 GND.n760 0.00264144
R3785 GND.n778 GND.n760 0.00264144
R3786 GND.n778 GND.n776 0.00264144
R3787 GND.n776 GND.n775 0.00264144
R3788 GND.n775 GND.n763 0.00264144
R3789 GND.n771 GND.n763 0.00264144
R3790 GND.n771 GND.n770 0.00264144
R3791 GND.n770 GND.n769 0.00264144
R3792 GND.n769 GND.n765 0.00264144
R3793 GND.n870 GND.n732 0.00264144
R3794 GND.n865 GND.n732 0.00264144
R3795 GND.n865 GND.n864 0.00264144
R3796 GND.n864 GND.n863 0.00264144
R3797 GND.n863 GND.n734 0.00264144
R3798 GND.n858 GND.n734 0.00264144
R3799 GND.n858 GND.n857 0.00264144
R3800 GND.n857 GND.n856 0.00264144
R3801 GND.n856 GND.n737 0.00264144
R3802 GND.n851 GND.n737 0.00264144
R3803 GND.n851 GND.n850 0.00264144
R3804 GND.n850 GND.n849 0.00264144
R3805 GND.n849 GND.n739 0.00264144
R3806 GND.n844 GND.n739 0.00264144
R3807 GND.n844 GND.n843 0.00264144
R3808 GND.n843 GND.n842 0.00264144
R3809 GND.n842 GND.n741 0.00264144
R3810 GND.n837 GND.n741 0.00264144
R3811 GND.n837 GND.n836 0.00264144
R3812 GND.n836 GND.n835 0.00264144
R3813 GND.n835 GND.n744 0.00264144
R3814 GND.n830 GND.n744 0.00264144
R3815 GND.n830 GND.n829 0.00264144
R3816 GND.n829 GND.n828 0.00264144
R3817 GND.n828 GND.n746 0.00264144
R3818 GND.n823 GND.n746 0.00264144
R3819 GND.n823 GND.n822 0.00264144
R3820 GND.n822 GND.n821 0.00264144
R3821 GND.n821 GND.n595 0.00264144
R3822 GND.n816 GND.n595 0.00264144
R3823 GND.n816 GND.n815 0.00264144
R3824 GND.n815 GND.n814 0.00264144
R3825 GND.n814 GND.n750 0.00264144
R3826 GND.n809 GND.n750 0.00264144
R3827 GND.n809 GND.n808 0.00264144
R3828 GND.n808 GND.n807 0.00264144
R3829 GND.n807 GND.n752 0.00264144
R3830 GND.n802 GND.n752 0.00264144
R3831 GND.n802 GND.n801 0.00264144
R3832 GND.n801 GND.n800 0.00264144
R3833 GND.n800 GND.n754 0.00264144
R3834 GND.n795 GND.n754 0.00264144
R3835 GND.n795 GND.n794 0.00264144
R3836 GND.n794 GND.n793 0.00264144
R3837 GND.n793 GND.n757 0.00264144
R3838 GND.n788 GND.n757 0.00264144
R3839 GND.n788 GND.n787 0.00264144
R3840 GND.n787 GND.n786 0.00264144
R3841 GND.n786 GND.n759 0.00264144
R3842 GND.n781 GND.n759 0.00264144
R3843 GND.n781 GND.n780 0.00264144
R3844 GND.n780 GND.n779 0.00264144
R3845 GND.n779 GND.n761 0.00264144
R3846 GND.n774 GND.n761 0.00264144
R3847 GND.n774 GND.n773 0.00264144
R3848 GND.n773 GND.n772 0.00264144
R3849 GND.n772 GND.n764 0.00264144
R3850 GND.n767 GND.n764 0.00264144
R3851 GND.n469 GND.n689 0.189565
R3852 GND.n323 GND.n204 0.133875
R3853 GND.n1037 GND.t17 0.112204
R3854 GND.n1092 GND.t21 0.112204
R3855 GND.t6 GND.n445 0.094973
R3856 GND.n366 GND.n363 0.0894167
R3857 GND.n363 GND.n361 0.0894167
R3858 GND.n361 GND.n359 0.0894167
R3859 GND.n359 GND.n357 0.0894167
R3860 GND.n357 GND.n355 0.0894167
R3861 GND.n355 GND.n353 0.0894167
R3862 GND.n353 GND.n351 0.0894167
R3863 GND.n351 GND.n349 0.0894167
R3864 GND.n349 GND.n347 0.0894167
R3865 GND.n347 GND.n345 0.0894167
R3866 GND.n345 GND.n343 0.0894167
R3867 GND.n343 GND.n341 0.0894167
R3868 GND.n341 GND.n339 0.0894167
R3869 GND.n339 GND.n337 0.0894167
R3870 GND.n337 GND.n335 0.0894167
R3871 GND.n335 GND.n333 0.0894167
R3872 GND.n333 GND.n331 0.0894167
R3873 GND.n331 GND.n329 0.0894167
R3874 GND.n329 GND.n327 0.0894167
R3875 GND.n327 GND.n325 0.0894167
R3876 GND.n325 GND.n323 0.0894167
R3877 GND.n320 GND.n204 0.0894167
R3878 GND.n318 GND.n320 0.0894167
R3879 GND.n316 GND.n318 0.0894167
R3880 GND.n314 GND.n316 0.0894167
R3881 GND.n312 GND.n314 0.0894167
R3882 GND.n310 GND.n312 0.0894167
R3883 GND.n308 GND.n310 0.0894167
R3884 GND.n306 GND.n308 0.0894167
R3885 GND.n304 GND.n306 0.0894167
R3886 GND.n302 GND.n304 0.0894167
R3887 GND.n298 GND.n302 0.0894167
R3888 GND.n300 GND.n298 0.0889583
R3889 GND.n300 GND.n299 0.0889583
R3890 GND.t2 GND.n443 0.0713013
R3891 GND.n2267 GND.n452 0.00264144
R3892 GND.n383 GND.n452 0.00206464
R3893 GND.n463 GND.n2268 0.00264144
R3894 GND.n380 GND.n462 0.00206464
R3895 GND.n2269 GND.n462 0.00264144
R3896 GND.n470 GND.n376 0.00206464
R3897 GND.n470 GND.n473 0.00264144
R3898 GND.n375 GND.n473 0.00206464
R3899 GND.n543 GND.n2270 0.00264144
R3900 GND.n372 GND.n542 0.00206464
R3901 GND.n2271 GND.n542 0.00264144
R3902 GND.n478 GND.n2271 0.00206464
R3903 GND.n2272 GND.n476 0.00264144
R3904 GND.n373 GND.n476 0.00206464
R3905 GND.n475 GND.n2273 0.00264144
R3906 GND.n374 GND.n474 0.00206464
R3907 GND.n2274 GND.n474 0.00264144
R3908 GND.n2275 GND.n377 0.00206464
R3909 GND.n2275 GND.n468 0.00264144
R3910 GND.n378 GND.n468 0.00206464
R3911 GND.n467 GND.n2276 0.00264144
R3912 GND.n467 GND.n379 0.00206464
R3913 GND.n2277 GND.n466 0.00264144
R3914 GND.n459 GND.n2277 0.00206464
R3915 GND.n2278 GND.n457 0.00264144
R3916 GND.n381 GND.n457 0.00206464
R3917 GND.n455 GND.n2279 0.00264144
R3918 GND.n455 GND.n382 0.00206464
R3919 GND.n2280 GND.n454 0.00264144
R3920 GND.n2280 GND.n448 0.00206464
R3921 GND.n418 GND.n604 0.00264144
R3922 GND.n2064 GND.n418 0.00264144
R3923 GND.n453 GND.n401 0.00206464
R3924 GND.n453 GND.n1157 0.00264144
R3925 GND.n2065 GND.n456 0.00206464
R3926 GND.n2066 GND.n2065 0.00264144
R3927 GND.n2066 GND.n400 0.00206464
R3928 GND.n2067 GND.n458 0.00264144
R3929 GND.n460 GND.n2067 0.00206464
R3930 GND.n461 GND.n1152 0.00264144
R3931 GND.n2068 GND.n477 0.00206464
R3932 GND.n545 GND.n2068 0.00264144
R3933 GND.n384 GND.n544 0.00206464
R3934 GND.n2069 GND.n544 0.00264144
R3935 GND.n555 GND.n2069 0.00264144
R3936 GND.n555 GND.n385 0.00206464
R3937 GND.n2070 GND.n540 0.00264144
R3938 GND.n482 GND.n387 0.00206464
R3939 GND.n482 GND.n537 0.00264144
R3940 GND.n386 GND.n537 0.00206464
R3941 GND.n2027 GND.n535 0.00264144
R3942 GND.n388 GND.n535 0.00206464
R3943 GND.n558 GND.n2026 0.00264144
R3944 GND.n558 GND.n389 0.00206464
R3945 GND.n2017 GND.n533 0.00264144
R3946 GND.n2017 GND.n531 0.00206464
R3947 GND.n2016 GND.n560 0.00264144
R3948 GND.n529 GND.n2016 0.00206464
R3949 GND.n561 GND.n527 0.00264144
R3950 GND.n390 GND.n527 0.00206464
R3951 GND.n2005 GND.n391 0.00264144
R3952 GND.n689 GND.n623 0.00264144
R3953 GND.n685 GND.n623 0.00264144
R3954 GND.n685 GND.n622 0.00264144
R3955 GND.n622 GND.n621 0.00264144
R3956 GND.n626 GND.n621 0.00264144
R3957 GND.n626 GND.n620 0.00264144
R3958 GND.n620 GND.n619 0.00264144
R3959 GND.n676 GND.n619 0.00264144
R3960 GND.n676 GND.n618 0.00264144
R3961 GND.n618 GND.n617 0.00264144
R3962 GND.n670 GND.n617 0.00264144
R3963 GND.n670 GND.n616 0.00264144
R3964 GND.n616 GND.n615 0.00264144
R3965 GND.n664 GND.n615 0.00264144
R3966 GND.n664 GND.n614 0.00264144
R3967 GND.n614 GND.n613 0.00264144
R3968 GND.n633 GND.n613 0.00264144
R3969 GND.n633 GND.n612 0.00264144
R3970 GND.n612 GND.n611 0.00264144
R3971 GND.n655 GND.n611 0.00264144
R3972 GND.n655 GND.n610 0.00264144
R3973 GND.n610 GND.n609 0.00264144
R3974 GND.n649 GND.n609 0.00264144
R3975 GND.n649 GND.n608 0.00264144
R3976 GND.n608 GND.n607 0.00264144
R3977 GND.n643 GND.n607 0.00264144
R3978 GND.n643 GND.n606 0.00264144
R3979 GND.n606 GND.n605 0.00264144
R3980 GND.n605 GND.n603 0.00264144
R3981 GND.n2281 GND.n603 0.00264144
R3982 GND.n2281 GND.n602 0.00264144
R3983 GND.n2063 GND.n602 0.00264144
R3984 GND.n2063 GND.n1159 0.00264144
R3985 GND.n1159 GND.n1158 0.00264144
R3986 GND.n2056 GND.n1158 0.00264144
R3987 GND.n2056 GND.n1156 0.00264144
R3988 GND.n1156 GND.n1155 0.00264144
R3989 GND.n1162 GND.n1155 0.00264144
R3990 GND.n1162 GND.n1154 0.00264144
R3991 GND.n1154 GND.n1153 0.00264144
R3992 GND.n2047 GND.n1153 0.00264144
R3993 GND.n2047 GND.n1151 0.00264144
R3994 GND.n1151 GND.n1150 0.00264144
R3995 GND.n2041 GND.n1150 0.00264144
R3996 GND.n2041 GND.n1149 0.00264144
R3997 GND.n1149 GND.n1148 0.00264144
R3998 GND.n2035 GND.n1148 0.00264144
R3999 GND.n2035 GND.n1147 0.00264144
R4000 GND.n1147 GND.n1146 0.00264144
R4001 GND.n1173 GND.n1146 0.00264144
R4002 GND.n2028 GND.n1173 0.00264144
R4003 GND.n2028 GND.n1172 0.00264144
R4004 GND.n2025 GND.n1172 0.00264144
R4005 GND.n2025 GND.n1174 0.00264144
R4006 GND.n2019 GND.n1174 0.00264144
R4007 GND.n2019 GND.n2018 0.00264144
R4008 GND.n2018 GND.n1178 0.00264144
R4009 GND.n2015 GND.n1178 0.00264144
R4010 GND.n2015 GND.n1179 0.00264144
R4011 GND.n2007 GND.n1179 0.00264144
R4012 GND.n2007 GND.n2006 0.00264144
R4013 GND.n2006 GND.n1183 0.00264144
R4014 GND.n686 GND.n624 0.00264144
R4015 GND.n686 GND.n684 0.00264144
R4016 GND.n684 GND.n683 0.00264144
R4017 GND.n683 GND.n627 0.00264144
R4018 GND.n679 GND.n627 0.00264144
R4019 GND.n679 GND.n678 0.00264144
R4020 GND.n678 GND.n677 0.00264144
R4021 GND.n677 GND.n629 0.00264144
R4022 GND.n672 GND.n629 0.00264144
R4023 GND.n672 GND.n671 0.00264144
R4024 GND.n671 GND.n669 0.00264144
R4025 GND.n669 GND.n631 0.00264144
R4026 GND.n665 GND.n631 0.00264144
R4027 GND.n665 GND.n663 0.00264144
R4028 GND.n663 GND.n662 0.00264144
R4029 GND.n662 GND.n634 0.00264144
R4030 GND.n658 GND.n634 0.00264144
R4031 GND.n658 GND.n657 0.00264144
R4032 GND.n657 GND.n656 0.00264144
R4033 GND.n656 GND.n636 0.00264144
R4034 GND.n651 GND.n636 0.00264144
R4035 GND.n651 GND.n650 0.00264144
R4036 GND.n650 GND.n648 0.00264144
R4037 GND.n648 GND.n638 0.00264144
R4038 GND.n644 GND.n638 0.00264144
R4039 GND.n644 GND.n642 0.00264144
R4040 GND.n642 GND.n641 0.00264144
R4041 GND.n641 GND.n601 0.00264144
R4042 GND.n2282 GND.n601 0.00264144
R4043 GND.n2282 GND.n599 0.00264144
R4044 GND.n2062 GND.n599 0.00264144
R4045 GND.n2062 GND.n2061 0.00264144
R4046 GND.n2061 GND.n1160 0.00264144
R4047 GND.n2057 GND.n1160 0.00264144
R4048 GND.n2057 GND.n2055 0.00264144
R4049 GND.n2055 GND.n2054 0.00264144
R4050 GND.n2054 GND.n1163 0.00264144
R4051 GND.n2050 GND.n1163 0.00264144
R4052 GND.n2050 GND.n2049 0.00264144
R4053 GND.n2049 GND.n2048 0.00264144
R4054 GND.n2048 GND.n1165 0.00264144
R4055 GND.n2043 GND.n1165 0.00264144
R4056 GND.n2043 GND.n2042 0.00264144
R4057 GND.n2042 GND.n2040 0.00264144
R4058 GND.n2040 GND.n1167 0.00264144
R4059 GND.n2036 GND.n1167 0.00264144
R4060 GND.n2036 GND.n2034 0.00264144
R4061 GND.n2034 GND.n2033 0.00264144
R4062 GND.n2033 GND.n1169 0.00264144
R4063 GND.n2029 GND.n1169 0.00264144
R4064 GND.n2029 GND.n1171 0.00264144
R4065 GND.n2024 GND.n1171 0.00264144
R4066 GND.n2024 GND.n1175 0.00264144
R4067 GND.n2020 GND.n1175 0.00264144
R4068 GND.n2020 GND.n1177 0.00264144
R4069 GND.n2013 GND.n1177 0.00264144
R4070 GND.n2014 GND.n2013 0.00264144
R4071 GND.n2014 GND.n1180 0.00264144
R4072 GND.n2008 GND.n1180 0.00264144
R4073 GND.n2008 GND.n1182 0.00264144
R4074 GND.n687 GND.n625 0.00264144
R4075 GND.n682 GND.n625 0.00264144
R4076 GND.n682 GND.n681 0.00264144
R4077 GND.n681 GND.n680 0.00264144
R4078 GND.n680 GND.n628 0.00264144
R4079 GND.n675 GND.n628 0.00264144
R4080 GND.n675 GND.n674 0.00264144
R4081 GND.n674 GND.n673 0.00264144
R4082 GND.n673 GND.n630 0.00264144
R4083 GND.n668 GND.n630 0.00264144
R4084 GND.n668 GND.n667 0.00264144
R4085 GND.n667 GND.n666 0.00264144
R4086 GND.n666 GND.n632 0.00264144
R4087 GND.n661 GND.n632 0.00264144
R4088 GND.n661 GND.n660 0.00264144
R4089 GND.n660 GND.n659 0.00264144
R4090 GND.n659 GND.n635 0.00264144
R4091 GND.n654 GND.n635 0.00264144
R4092 GND.n654 GND.n653 0.00264144
R4093 GND.n653 GND.n652 0.00264144
R4094 GND.n652 GND.n637 0.00264144
R4095 GND.n647 GND.n637 0.00264144
R4096 GND.n647 GND.n646 0.00264144
R4097 GND.n646 GND.n645 0.00264144
R4098 GND.n645 GND.n639 0.00264144
R4099 GND.n640 GND.n639 0.00264144
R4100 GND.n640 GND.n600 0.00264144
R4101 GND.n2283 GND.n600 0.00264144
R4102 GND.n596 GND.n2283 0.00264144
R4103 GND.n596 GND.n598 0.00264144
R4104 GND.n2060 GND.n598 0.00264144
R4105 GND.n2060 GND.n2059 0.00264144
R4106 GND.n2059 GND.n2058 0.00264144
R4107 GND.n2058 GND.n1161 0.00264144
R4108 GND.n2053 GND.n1161 0.00264144
R4109 GND.n2053 GND.n2052 0.00264144
R4110 GND.n2052 GND.n2051 0.00264144
R4111 GND.n2051 GND.n1164 0.00264144
R4112 GND.n2046 GND.n1164 0.00264144
R4113 GND.n2046 GND.n2045 0.00264144
R4114 GND.n2045 GND.n2044 0.00264144
R4115 GND.n2044 GND.n1166 0.00264144
R4116 GND.n2039 GND.n1166 0.00264144
R4117 GND.n2039 GND.n2038 0.00264144
R4118 GND.n2038 GND.n2037 0.00264144
R4119 GND.n2037 GND.n1168 0.00264144
R4120 GND.n2032 GND.n1168 0.00264144
R4121 GND.n2032 GND.n2031 0.00264144
R4122 GND.n2031 GND.n2030 0.00264144
R4123 GND.n2030 GND.n1170 0.00264144
R4124 GND.n2023 GND.n1170 0.00264144
R4125 GND.n2023 GND.n2022 0.00264144
R4126 GND.n2022 GND.n2021 0.00264144
R4127 GND.n2021 GND.n1176 0.00264144
R4128 GND.n2012 GND.n1176 0.00264144
R4129 GND.n2012 GND.n2011 0.00264144
R4130 GND.n2011 GND.n2010 0.00264144
R4131 GND.n2010 GND.n2009 0.00264144
R4132 GND.n1340 GND.n1293 0.00261088
R4133 GND.n1330 GND.n1300 0.00253704
R4134 GND.n1512 GND.n1248 0.00253704
R4135 GND.n24 GND.n1247 0.00253704
R4136 GND.n1908 GND.n1907 0.00233333
R4137 GND.n1782 GND.n1781 0.00221875
R4138 GND.n1342 GND.n1292 0.00215062
R4139 GND.n1318 GND.n1304 0.00212963
R4140 GND.n2003 GND.n1185 0.00205863
R4141 GND.n1581 GND.n1580 0.00205863
R4142 GND.n871 GND.n731 0.00205863
R4143 GND.n766 GND.n765 0.00205863
R4144 GND.n688 GND.n624 0.00205863
R4145 GND.n1182 GND.n1181 0.00205863
R4146 GND.n2150 GND.n907 0.00204557
R4147 GND.t8 GND.n932 0.00183814
R4148 GND.t8 GND.n931 0.00181165
R4149 GND.n42 GND.n5 0.0328461
R4150 GND.n324 GND.n205 0.142375
R4151 GND.n303 GND.n301 0.113905
R4152 GND.n295 GND.n206 0.0894167
R4153 GND.n293 GND.n295 0.0894167
R4154 GND.n291 GND.n293 0.0894167
R4155 GND.n289 GND.n291 0.0894167
R4156 GND.n287 GND.n289 0.0894167
R4157 GND.n285 GND.n287 0.0894167
R4158 GND.n283 GND.n285 0.0894167
R4159 GND.n281 GND.n283 0.0894167
R4160 GND.n279 GND.n281 0.0894167
R4161 GND.n277 GND.n279 0.0894167
R4162 GND.n275 GND.n277 0.0894167
R4163 GND.n273 GND.n275 0.0894167
R4164 GND.n271 GND.n273 0.0894167
R4165 GND.n269 GND.n271 0.0894167
R4166 GND.n267 GND.n269 0.0894167
R4167 GND.n265 GND.n267 0.0894167
R4168 GND.n263 GND.n265 0.0894167
R4169 GND.n261 GND.n263 0.0894167
R4170 GND.n259 GND.n261 0.0894167
R4171 GND.n257 GND.n259 0.0894167
R4172 GND.n255 GND.n257 0.0894167
R4173 GND.n253 GND.n255 0.0894167
R4174 GND.n251 GND.n253 0.0894167
R4175 GND.n249 GND.n251 0.0894167
R4176 GND.n247 GND.n249 0.0894167
R4177 GND.n245 GND.n247 0.0894167
R4178 GND.n243 GND.n245 0.0894167
R4179 GND.n241 GND.n243 0.0894167
R4180 GND.n239 GND.n241 0.0894167
R4181 GND.n237 GND.n239 0.0894167
R4182 GND.n235 GND.n237 0.0894167
R4183 GND.n233 GND.n235 0.0894167
R4184 GND.n231 GND.n233 0.0894167
R4185 GND.n229 GND.n231 0.0894167
R4186 GND.n227 GND.n229 0.0894167
R4187 GND.n225 GND.n227 0.0894167
R4188 GND.n223 GND.n225 0.0894167
R4189 GND.n221 GND.n223 0.0894167
R4190 GND.n219 GND.n221 0.0894167
R4191 GND.n217 GND.n219 0.0894167
R4192 GND.n215 GND.n217 0.0894167
R4193 GND.n213 GND.n215 0.0894167
R4194 GND.n211 GND.n213 0.0894167
R4195 GND.n208 GND.n211 0.0894167
R4196 GND.n209 GND.n208 0.0894167
R4197 GND.n568 GND.n209 0.0894167
R4198 GND.n1785 GND.n206 0.0889583
R4199 GND.n202 GND.n201 0.0234167
R4200 GND.n47 GND.n1609 0.0562864
R4201 GND.n48 GND.n47 0.0570729
R4202 GND.n51 GND.n48 0.0570729
R4203 GND.n52 GND.n51 0.0570729
R4204 GND.n55 GND.n52 0.0570729
R4205 GND.n56 GND.n55 0.0570729
R4206 GND.n59 GND.n56 0.0570729
R4207 GND.n60 GND.n59 0.0570729
R4208 GND.n63 GND.n60 0.0570729
R4209 GND.n64 GND.n63 0.0570729
R4210 GND.n67 GND.n64 0.0570729
R4211 GND.n68 GND.n67 0.0570729
R4212 GND.n71 GND.n68 0.0570729
R4213 GND.n72 GND.n71 0.0570729
R4214 GND.n75 GND.n72 0.0570729
R4215 GND.n76 GND.n75 0.0570729
R4216 GND.n79 GND.n76 0.0570729
R4217 GND.n80 GND.n79 0.0570729
R4218 GND.n83 GND.n80 0.0570729
R4219 GND.n84 GND.n83 0.0570729
R4220 GND.n87 GND.n84 0.0570729
R4221 GND.n88 GND.n87 0.0570729
R4222 GND.n91 GND.n88 0.0570729
R4223 GND.n92 GND.n91 0.0570729
R4224 GND.n95 GND.n92 0.0570729
R4225 GND.n96 GND.n95 0.0570729
R4226 GND.n99 GND.n96 0.0570729
R4227 GND.n100 GND.n99 0.0570729
R4228 GND.n103 GND.n100 0.0570729
R4229 GND.n104 GND.n103 0.0570729
R4230 GND.n107 GND.n104 0.0570729
R4231 GND.n108 GND.n107 0.0570729
R4232 GND.n111 GND.n108 0.0570729
R4233 GND.n112 GND.n111 0.0570729
R4234 GND.n115 GND.n112 0.0570729
R4235 GND.n116 GND.n115 0.0570729
R4236 GND.n119 GND.n116 0.0570729
R4237 GND.n120 GND.n119 0.0570729
R4238 GND.n123 GND.n120 0.0570729
R4239 GND.n124 GND.n123 0.0570729
R4240 GND.n127 GND.n124 0.0570729
R4241 GND.n128 GND.n127 0.0570729
R4242 GND.n131 GND.n128 0.0570729
R4243 GND.n132 GND.n131 0.0570729
R4244 GND.n135 GND.n132 0.0570729
R4245 GND.n136 GND.n135 0.0570729
R4246 GND.n139 GND.n136 0.0570729
R4247 GND.n140 GND.n139 0.0570729
R4248 GND.n143 GND.n140 0.0570729
R4249 GND.n144 GND.n143 0.0570729
R4250 GND.n147 GND.n144 0.0570729
R4251 GND.n148 GND.n147 0.0570729
R4252 GND.n151 GND.n148 0.0570729
R4253 GND.n152 GND.n151 0.0570729
R4254 GND.n155 GND.n152 0.0570729
R4255 GND.n156 GND.n155 0.0570729
R4256 GND.n159 GND.n156 0.0570729
R4257 GND.n160 GND.n159 0.0570729
R4258 GND.n163 GND.n160 0.0570729
R4259 GND.n164 GND.n163 0.0570729
R4260 GND.n167 GND.n164 0.0570729
R4261 GND.n168 GND.n167 0.0570729
R4262 GND.n171 GND.n168 0.0570729
R4263 GND.n172 GND.n171 0.0570729
R4264 GND.n175 GND.n172 0.0570729
R4265 GND.n176 GND.n175 0.0570729
R4266 GND.n179 GND.n176 0.0570729
R4267 GND.n180 GND.n179 0.0570729
R4268 GND.n183 GND.n180 0.0570729
R4269 GND.n184 GND.n183 0.0570729
R4270 GND.n187 GND.n184 0.0570729
R4271 GND.n188 GND.n187 0.0570729
R4272 GND.n191 GND.n188 0.0570729
R4273 GND.n192 GND.n191 0.0570729
R4274 GND.n195 GND.n192 0.0570729
R4275 GND.n196 GND.n195 0.0570729
R4276 GND.n199 GND.n196 0.0570729
R4277 GND.n200 GND.n199 0.0570729
R4278 GND.n202 GND.n197 0.0449583
R4279 GND.n198 GND.n197 0.0449583
R4280 GND.n198 GND.n193 0.0449583
R4281 GND.n194 GND.n193 0.0449583
R4282 GND.n194 GND.n189 0.0449583
R4283 GND.n190 GND.n189 0.0449583
R4284 GND.n190 GND.n185 0.0449583
R4285 GND.n186 GND.n185 0.0449583
R4286 GND.n186 GND.n181 0.0449583
R4287 GND.n182 GND.n181 0.0449583
R4288 GND.n182 GND.n177 0.0449583
R4289 GND.n178 GND.n177 0.0449583
R4290 GND.n178 GND.n173 0.0449583
R4291 GND.n174 GND.n173 0.0449583
R4292 GND.n174 GND.n169 0.0449583
R4293 GND.n170 GND.n169 0.0449583
R4294 GND.n170 GND.n165 0.0449583
R4295 GND.n166 GND.n165 0.0449583
R4296 GND.n166 GND.n161 0.0449583
R4297 GND.n162 GND.n161 0.0449583
R4298 GND.n162 GND.n157 0.0449583
R4299 GND.n158 GND.n157 0.0449583
R4300 GND.n158 GND.n153 0.0449583
R4301 GND.n154 GND.n153 0.0449583
R4302 GND.n154 GND.n149 0.0449583
R4303 GND.n150 GND.n149 0.0449583
R4304 GND.n150 GND.n145 0.0449583
R4305 GND.n146 GND.n145 0.0449583
R4306 GND.n146 GND.n141 0.0449583
R4307 GND.n142 GND.n141 0.0449583
R4308 GND.n142 GND.n137 0.0449583
R4309 GND.n138 GND.n137 0.0449583
R4310 GND.n138 GND.n133 0.0449583
R4311 GND.n134 GND.n133 0.0449583
R4312 GND.n134 GND.n129 0.0449583
R4313 GND.n130 GND.n129 0.0449583
R4314 GND.n130 GND.n125 0.0449583
R4315 GND.n126 GND.n125 0.0449583
R4316 GND.n126 GND.n121 0.0449583
R4317 GND.n122 GND.n121 0.0449583
R4318 GND.n122 GND.n117 0.0449583
R4319 GND.n118 GND.n117 0.0449583
R4320 GND.n118 GND.n113 0.0449583
R4321 GND.n114 GND.n113 0.0449583
R4322 GND.n114 GND.n109 0.0449583
R4323 GND.n110 GND.n109 0.0449583
R4324 GND.n110 GND.n105 0.0449583
R4325 GND.n106 GND.n105 0.0449583
R4326 GND.n106 GND.n101 0.0449583
R4327 GND.n102 GND.n101 0.0449583
R4328 GND.n102 GND.n97 0.0449583
R4329 GND.n98 GND.n97 0.0449583
R4330 GND.n98 GND.n93 0.0449583
R4331 GND.n94 GND.n93 0.0449583
R4332 GND.n94 GND.n89 0.0449583
R4333 GND.n90 GND.n89 0.0449583
R4334 GND.n90 GND.n85 0.0449583
R4335 GND.n86 GND.n85 0.0449583
R4336 GND.n86 GND.n81 0.0449583
R4337 GND.n82 GND.n81 0.0449583
R4338 GND.n82 GND.n77 0.0449583
R4339 GND.n78 GND.n77 0.0449583
R4340 GND.n78 GND.n73 0.0449583
R4341 GND.n74 GND.n73 0.0449583
R4342 GND.n74 GND.n69 0.0449583
R4343 GND.n70 GND.n69 0.0449583
R4344 GND.n70 GND.n65 0.0449583
R4345 GND.n66 GND.n65 0.0449583
R4346 GND.n66 GND.n61 0.0449583
R4347 GND.n62 GND.n61 0.0449583
R4348 GND.n62 GND.n57 0.0449583
R4349 GND.n58 GND.n57 0.0449583
R4350 GND.n58 GND.n53 0.0449583
R4351 GND.n54 GND.n53 0.0449583
R4352 GND.n54 GND.n49 0.0449583
R4353 GND.n50 GND.n49 0.0449583
R4354 GND.n50 GND.n46 0.0449583
R4355 GND.n40 GND.n25 0.0259361
R4356 GND.t48 GND.n15 8.97567
R4357 GND GND.n0 0.0005
R4358 a_n7059_10169.t3 a_n7059_10169.n4 17.0005
R4359 a_n7059_10169.t3 a_n7059_10169.n78 17.0005
R4360 a_n7059_10169.t3 a_n7059_10169.n5 17.0005
R4361 a_n7059_10169.t2 a_n7059_10169.n14 17.0005
R4362 a_n7059_10169.t2 a_n7059_10169.n19 17.0005
R4363 a_n7059_10169.t1 a_n7059_10169.n49 17.0005
R4364 a_n7059_10169.t1 a_n7059_10169.n54 17.0005
R4365 a_n7059_10169.t0 a_n7059_10169.n31 17.0005
R4366 a_n7059_10169.t0 a_n7059_10169.n36 17.0005
R4367 a_n7059_10169.n9 a_n7059_10169.n6 9.0869
R4368 a_n7059_10169.n23 a_n7059_10169.n10 9.02566
R4369 a_n7059_10169.n58 a_n7059_10169.n45 9.02566
R4370 a_n7059_10169.n40 a_n7059_10169.n27 9.02566
R4371 a_n7059_10169.n22 a_n7059_10169.n11 9.01416
R4372 a_n7059_10169.n57 a_n7059_10169.n46 9.01416
R4373 a_n7059_10169.n39 a_n7059_10169.n28 9.01416
R4374 a_n7059_10169.n72 a_n7059_10169.n8 9.0005
R4375 a_n7059_10169.n75 a_n7059_10169.n3 9.0005
R4376 a_n7059_10169.n77 a_n7059_10169.n76 9.0005
R4377 a_n7059_10169.n71 a_n7059_10169.n70 9.0005
R4378 a_n7059_10169.n74 a_n7059_10169.n73 9.0005
R4379 a_n7059_10169.n75 a_n7059_10169.t4 9.0005
R4380 a_n7059_10169.t4 a_n7059_10169.n74 9.0005
R4381 a_n7059_10169.n44 a_n7059_10169.n27 9.0005
R4382 a_n7059_10169.n44 a_n7059_10169.n28 9.0005
R4383 a_n7059_10169.n62 a_n7059_10169.n45 9.0005
R4384 a_n7059_10169.n62 a_n7059_10169.n46 9.0005
R4385 a_n7059_10169.t4 a_n7059_10169.n10 9.0005
R4386 a_n7059_10169.t4 a_n7059_10169.n11 9.0005
R4387 a_n7059_10169.n15 a_n7059_10169.n13 9.0005
R4388 a_n7059_10169.n25 a_n7059_10169.n24 9.0005
R4389 a_n7059_10169.n21 a_n7059_10169.n20 9.0005
R4390 a_n7059_10169.n18 a_n7059_10169.n17 9.0005
R4391 a_n7059_10169.n50 a_n7059_10169.n48 9.0005
R4392 a_n7059_10169.n60 a_n7059_10169.n59 9.0005
R4393 a_n7059_10169.n56 a_n7059_10169.n55 9.0005
R4394 a_n7059_10169.n53 a_n7059_10169.n52 9.0005
R4395 a_n7059_10169.n32 a_n7059_10169.n30 9.0005
R4396 a_n7059_10169.n42 a_n7059_10169.n41 9.0005
R4397 a_n7059_10169.n38 a_n7059_10169.n37 9.0005
R4398 a_n7059_10169.n35 a_n7059_10169.n34 9.0005
R4399 a_n7059_10169.t3 a_n7059_10169.n7 8.46794
R4400 a_n7059_10169.t2 a_n7059_10169.n16 8.46794
R4401 a_n7059_10169.t1 a_n7059_10169.n51 8.46794
R4402 a_n7059_10169.t0 a_n7059_10169.n33 8.46794
R4403 a_n7059_10169.t4 a_n7059_10169.n2 4.46488
R4404 a_n7059_10169.t4 a_n7059_10169.n9 4.46488
R4405 a_n7059_10169.n44 a_n7059_10169.n43 4.46488
R4406 a_n7059_10169.n44 a_n7059_10169.n29 4.46488
R4407 a_n7059_10169.n62 a_n7059_10169.n61 4.46488
R4408 a_n7059_10169.n62 a_n7059_10169.n47 4.46488
R4409 a_n7059_10169.t4 a_n7059_10169.n26 4.46488
R4410 a_n7059_10169.t4 a_n7059_10169.n12 4.46488
R4411 a_n7059_10169.t3 a_n7059_10169.n3 4.45404
R4412 a_n7059_10169.n23 a_n7059_10169.t2 3.51012
R4413 a_n7059_10169.n58 a_n7059_10169.t1 3.51012
R4414 a_n7059_10169.n40 a_n7059_10169.t0 3.51011
R4415 a_n7059_10169.n63 a_n7059_10169.t15 2.95915
R4416 a_n7059_10169.t4 a_n7059_10169.t6 2.11958
R4417 a_n7059_10169.n69 a_n7059_10169.t8 1.92113
R4418 a_n7059_10169.n68 a_n7059_10169.t9 1.92113
R4419 a_n7059_10169.n67 a_n7059_10169.t10 1.92113
R4420 a_n7059_10169.n66 a_n7059_10169.t11 1.92113
R4421 a_n7059_10169.n65 a_n7059_10169.t12 1.92113
R4422 a_n7059_10169.n64 a_n7059_10169.t13 1.92113
R4423 a_n7059_10169.n63 a_n7059_10169.t14 1.92113
R4424 a_n7059_10169.t2 a_n7059_10169.n22 1.73598
R4425 a_n7059_10169.t1 a_n7059_10169.n57 1.73598
R4426 a_n7059_10169.t0 a_n7059_10169.n39 1.73598
R4427 a_n7059_10169.t3 a_n7059_10169.n6 1.73518
R4428 a_n7059_10169.n64 a_n7059_10169.n63 1.04103
R4429 a_n7059_10169.n65 a_n7059_10169.n64 1.04103
R4430 a_n7059_10169.n66 a_n7059_10169.n65 1.04103
R4431 a_n7059_10169.n67 a_n7059_10169.n66 1.04103
R4432 a_n7059_10169.n68 a_n7059_10169.n67 1.04103
R4433 a_n7059_10169.n69 a_n7059_10169.n68 1.04103
R4434 a_n7059_10169.n70 a_n7059_10169.n6 0.169041
R4435 a_n7059_10169.n22 a_n7059_10169.n21 0.169035
R4436 a_n7059_10169.n57 a_n7059_10169.n56 0.169035
R4437 a_n7059_10169.n39 a_n7059_10169.n38 0.169035
R4438 a_n7059_10169.n41 a_n7059_10169.n40 0.157744
R4439 a_n7059_10169.n24 a_n7059_10169.n23 0.157744
R4440 a_n7059_10169.n59 a_n7059_10169.n58 0.157744
R4441 a_n7059_10169.t4 a_n7059_10169.n0 0.148824
R4442 a_n7059_10169.n76 a_n7059_10169.n75 0.146155
R4443 a_n7059_10169.n74 a_n7059_10169.n72 0.146155
R4444 a_n7059_10169.n74 a_n7059_10169.n71 0.146155
R4445 a_n7059_10169.n25 a_n7059_10169.n10 0.146155
R4446 a_n7059_10169.n17 a_n7059_10169.n13 0.146155
R4447 a_n7059_10169.n20 a_n7059_10169.n11 0.146155
R4448 a_n7059_10169.n60 a_n7059_10169.n45 0.146155
R4449 a_n7059_10169.n52 a_n7059_10169.n48 0.146155
R4450 a_n7059_10169.n55 a_n7059_10169.n46 0.146155
R4451 a_n7059_10169.n42 a_n7059_10169.n27 0.146155
R4452 a_n7059_10169.n34 a_n7059_10169.n30 0.146155
R4453 a_n7059_10169.n37 a_n7059_10169.n28 0.146155
R4454 a_n7059_10169.n4 a_n7059_10169.n3 0.119983
R4455 a_n7059_10169.n78 a_n7059_10169.n8 0.112397
R4456 a_n7059_10169.n15 a_n7059_10169.n14 0.112397
R4457 a_n7059_10169.n50 a_n7059_10169.n49 0.112397
R4458 a_n7059_10169.n32 a_n7059_10169.n31 0.112397
R4459 a_n7059_10169.n73 a_n7059_10169.n5 0.102914
R4460 a_n7059_10169.n19 a_n7059_10169.n18 0.102914
R4461 a_n7059_10169.n54 a_n7059_10169.n53 0.102914
R4462 a_n7059_10169.n36 a_n7059_10169.n35 0.102914
R4463 a_n7059_10169.n73 a_n7059_10169.n7 0.097466
R4464 a_n7059_10169.n18 a_n7059_10169.n16 0.097466
R4465 a_n7059_10169.n53 a_n7059_10169.n51 0.097466
R4466 a_n7059_10169.n35 a_n7059_10169.n33 0.097466
R4467 a_n7059_10169.n8 a_n7059_10169.n7 0.0860866
R4468 a_n7059_10169.n16 a_n7059_10169.n15 0.0860866
R4469 a_n7059_10169.n51 a_n7059_10169.n50 0.0860866
R4470 a_n7059_10169.n33 a_n7059_10169.n32 0.0860866
R4471 a_n7059_10169.n70 a_n7059_10169.n5 0.0801552
R4472 a_n7059_10169.n21 a_n7059_10169.n19 0.0801552
R4473 a_n7059_10169.n56 a_n7059_10169.n54 0.0801552
R4474 a_n7059_10169.n38 a_n7059_10169.n36 0.0801552
R4475 a_n7059_10169.n76 a_n7059_10169.n2 0.073243
R4476 a_n7059_10169.n71 a_n7059_10169.n9 0.073243
R4477 a_n7059_10169.n72 a_n7059_10169.n2 0.073243
R4478 a_n7059_10169.n43 a_n7059_10169.n30 0.073243
R4479 a_n7059_10169.n37 a_n7059_10169.n29 0.073243
R4480 a_n7059_10169.n61 a_n7059_10169.n48 0.073243
R4481 a_n7059_10169.n55 a_n7059_10169.n47 0.073243
R4482 a_n7059_10169.n26 a_n7059_10169.n13 0.073243
R4483 a_n7059_10169.n20 a_n7059_10169.n12 0.073243
R4484 a_n7059_10169.n26 a_n7059_10169.n25 0.073243
R4485 a_n7059_10169.n17 a_n7059_10169.n12 0.073243
R4486 a_n7059_10169.n61 a_n7059_10169.n60 0.073243
R4487 a_n7059_10169.n52 a_n7059_10169.n47 0.073243
R4488 a_n7059_10169.n43 a_n7059_10169.n42 0.073243
R4489 a_n7059_10169.n34 a_n7059_10169.n29 0.073243
R4490 a_n7059_10169.n78 a_n7059_10169.n77 0.0706724
R4491 a_n7059_10169.n24 a_n7059_10169.n14 0.0706724
R4492 a_n7059_10169.n59 a_n7059_10169.n49 0.0706724
R4493 a_n7059_10169.n41 a_n7059_10169.n31 0.0706724
R4494 a_n7059_10169.n77 a_n7059_10169.n4 0.0630862
R4495 a_n7059_10169.n62 a_n7059_10169.n0 0.0409565
R4496 a_n7059_10169.n0 a_n7059_10169.n44 0.0399588
R4497 a_n7059_10169.n62 a_n7059_10169.n1 0.0388207
R4498 a_n7059_10169.n69 a_n7059_10169.n1 12.1361
R4499 a_n7059_10169.t4 a_n7059_10169.t7 2.1641
R4500 a_n7059_10169.n1 a_n7059_10169.t4 1.00288
C170 VBGR GND 7.59725f
C171 VDD GND 77.4924f
C172 m3_1900_17599# GND 0.05927f
C173 a_527_13669# GND 9.10734f ; **FLOATING
C174 a_n7289_14433# GND 4.06519f ; **FLOATING
C175 a_3822_10479# GND 4.87096f ; **FLOATING
C176 a_527_14697# GND 4.05678f ; **FLOATING
C177 a_n7289_14961# GND 4.04704f ; **FLOATING
C178 a_n7289_15489# GND 4.04559f ; **FLOATING
C179 a_527_15753# GND 4.03175f ; **FLOATING
C180 a_n7289_16017# GND 4.045f ; **FLOATING
C181 a_3630_15211# GND 5.28279f ; **FLOATING
C182 a_5580_15247# GND 45.2633f ; **FLOATING
C183 a_4707_16560# GND 1.15657f ; **FLOATING
C184 a_n6059_10861# GND 16.72888f ; **FLOATING
C185 a_1804_15931# GND 5.92808f ; **FLOATING
C186 a_n6059_11418# GND 7.04318f ; **FLOATING
C187 a_527_16281# GND 4.04577f ; **FLOATING
C188 a_n7289_16545# GND 33.27664f ; **FLOATING
C189 a_528_16809# GND 4.79875f ; **FLOATING
C190 a_n7288_17115# GND 4.80647f ; **FLOATING
C191 a_528_17421# GND 4.79941f ; **FLOATING
C192 a_n7288_17727# GND 4.81151f ; **FLOATING
C193 a_528_18033# GND 4.83401f ; **FLOATING
C194 a_981_18638# GND 0.8024f ; **FLOATING
C195 a_n7288_18340# GND 5.2285f ; **FLOATING
C196 w_n7489_9836# GND 0.21456f
C197 w_3320_10081# GND 0.1031f
C198 w_8745_13831# GND 0.02418f
C199 w_3320_16060# GND 0.123f
C200 w_1450_16710# GND 0.03111f
C201 a_n7059_10169.n0 GND 0.72648f ; **FLOATING
C202 a_n7059_10169.t4 GND 53.15f ; **FLOATING
C203 a_n7059_10169.n1 GND 1.01131f ; **FLOATING
C204 a_n7059_10169.t7 GND 0.3122f ; **FLOATING
C205 a_n7059_10169.n3 GND 0.01375f ; **FLOATING
C206 a_n7059_10169.n6 GND 0.02999f ; **FLOATING
C207 a_n7059_10169.t6 GND 0.25219f ; **FLOATING
C208 a_n7059_10169.n22 GND 0.02993f ; **FLOATING
C209 a_n7059_10169.t2 GND 0.21965f ; **FLOATING
C210 a_n7059_10169.n23 GND 0.01522f ; **FLOATING
C211 a_n7059_10169.n39 GND 0.02993f ; **FLOATING
C212 a_n7059_10169.t0 GND 0.21965f ; **FLOATING
C213 a_n7059_10169.n40 GND 0.01522f ; **FLOATING
C214 a_n7059_10169.n44 GND 1.57171f ; **FLOATING
C215 a_n7059_10169.n57 GND 0.02993f ; **FLOATING
C216 a_n7059_10169.t1 GND 0.21965f ; **FLOATING
C217 a_n7059_10169.n58 GND 0.01522f ; **FLOATING
C218 a_n7059_10169.n62 GND 0.96266f ; **FLOATING
C219 a_n7059_10169.t8 GND 2.31422f ; **FLOATING
C220 a_n7059_10169.t15 GND 2.38205f ; **FLOATING
C221 a_n7059_10169.t14 GND 2.31422f ; **FLOATING
C222 a_n7059_10169.n63 GND 0.32534f ; **FLOATING
C223 a_n7059_10169.t13 GND 2.31422f ; **FLOATING
C224 a_n7059_10169.n64 GND 0.20035f ; **FLOATING
C225 a_n7059_10169.t12 GND 2.31422f ; **FLOATING
C226 a_n7059_10169.n65 GND 0.20035f ; **FLOATING
C227 a_n7059_10169.t11 GND 2.31422f ; **FLOATING
C228 a_n7059_10169.n66 GND 0.20035f ; **FLOATING
C229 a_n7059_10169.t10 GND 2.31422f ; **FLOATING
C230 a_n7059_10169.n67 GND 0.20035f ; **FLOATING
C231 a_n7059_10169.t9 GND 2.31422f ; **FLOATING
C232 a_n7059_10169.n68 GND 0.20035f ; **FLOATING
C233 a_n7059_10169.n69 GND 0.38195f ; **FLOATING
C234 a_n7059_10169.t3 GND 0.21965f ; **FLOATING
C235 GND.t60 GND 6.63315f ; **FLOATING
C236 GND.t53 GND 1.07696f ; **FLOATING
C237 GND.t25 GND 2.63987f ; **FLOATING
C238 VDD.n0 GND 0.07402f ; **FLOATING
C239 VDD.n1 GND 0.06635f ; **FLOATING
C240 VDD.n2 GND 0.02931f ; **FLOATING
C241 VDD.n4 GND 0.05415f ; **FLOATING
C242 VDD.n5 GND 0.05767f ; **FLOATING
C243 VDD.n6 GND 0.27275f ; **FLOATING
C244 VDD.n7 GND 0.2298f ; **FLOATING
C245 VDD.n8 GND 0.02926f ; **FLOATING
C246 VDD.n9 GND 0.11202f ; **FLOATING
C247 VDD.t36 GND 0.05046f ; **FLOATING
C248 VDD.n11 GND 0.06781f ; **FLOATING
C249 VDD.n12 GND 0.02959f ; **FLOATING
C250 VDD.n14 GND 0.02298f ; **FLOATING
C251 VDD.n15 GND 0.04628f ; **FLOATING
C252 VDD.n16 GND 0.02304f ; **FLOATING
C253 VDD.n17 GND 0.0767f ; **FLOATING
C254 VDD.n18 GND 0.05939f ; **FLOATING
C255 VDD.n19 GND 0.07853f ; **FLOATING
C256 VDD.n21 GND 0.07666f ; **FLOATING
C257 VDD.n22 GND 0.09607f ; **FLOATING
C258 VDD.n23 GND 0.15957f ; **FLOATING
C259 VDD.n24 GND 0.12102f ; **FLOATING
C260 VDD.n25 GND 0.07997f ; **FLOATING
C261 VDD.n26 GND 0.07361f ; **FLOATING
C262 VDD.n27 GND 0.22849f ; **FLOATING
C263 VDD.n28 GND 0.08371f ; **FLOATING
C264 VDD.n29 GND 0.0173f ; **FLOATING
C265 VDD.n30 GND 0.06831f ; **FLOATING
C266 VDD.n31 GND 0.16941f ; **FLOATING
C267 VDD.n32 GND 0.04785f ; **FLOATING
C268 VDD.n35 GND 0.0534f ; **FLOATING
C269 VDD.n36 GND 0.01229f ; **FLOATING
C270 VDD.n38 GND 0.02414f ; **FLOATING
C271 VDD.t20 GND 0.10357f ; **FLOATING
C272 VDD.n40 GND 0.1203f ; **FLOATING
C273 VDD.n41 GND 0.03082f ; **FLOATING
C274 VDD.t39 GND 0.10096f ; **FLOATING
C275 VDD.n43 GND 0.06127f ; **FLOATING
C276 VDD.t22 GND 0.11225f ; **FLOATING
C277 VDD.n44 GND 0.06796f ; **FLOATING
C278 VDD.n45 GND 0.03616f ; **FLOATING
C279 VDD.n46 GND 0.06437f ; **FLOATING
C280 VDD.n47 GND 0.02101f ; **FLOATING
C281 VDD.t46 GND 0.0909f ; **FLOATING
C282 VDD.t38 GND 18.7265f ; **FLOATING
C283 VDD.n49 GND 0.02026f ; **FLOATING
C284 VDD.n50 GND 0.01188f ; **FLOATING
C285 VDD.n51 GND 0.042f ; **FLOATING
C286 VDD.n52 GND 0.07941f ; **FLOATING
C287 VDD.n53 GND 0.05471f ; **FLOATING
C288 VDD.t49 GND 0.09815f ; **FLOATING
C289 VDD.n55 GND 0.051f ; **FLOATING
C290 VDD.n57 GND 0.07892f ; **FLOATING
C291 VDD.n58 GND 0.05612f ; **FLOATING
C292 VDD.n59 GND 0.18492f ; **FLOATING
C293 VDD.n60 GND 0.03524f ; **FLOATING
C294 VDD.n61 GND 0.58512f ; **FLOATING
C295 VDD.n62 GND 34.5378f ; **FLOATING
C296 VDD.n63 GND 3.63412f ; **FLOATING
C297 VDD.n64 GND 0.09508f ; **FLOATING
C298 VDD.n65 GND 0.19524f ; **FLOATING
C299 VDD.t0 GND 18.0301f ; **FLOATING
C300 VDD.n66 GND 0.18135f ; **FLOATING
C301 VDD.n68 GND 0.20294f ; **FLOATING
C302 VDD.n70 GND 0.20613f ; **FLOATING
C303 VDD.n71 GND 0.30342f ; **FLOATING
C304 VDD.n72 GND 0.10238f ; **FLOATING
C305 VDD.n73 GND 0.20199f ; **FLOATING
C306 VDD.n74 GND 0.12998f ; **FLOATING
C307 VDD.n75 GND 0.05909f ; **FLOATING
C308 VDD.n76 GND 0.05025f ; **FLOATING
C309 VDD.n77 GND 0.13524f ; **FLOATING
C310 VDD.n78 GND 0.04188f ; **FLOATING
C311 VDD.n79 GND 0.10756f ; **FLOATING
C312 VDD.n80 GND 0.01801f ; **FLOATING
C313 VDD.n82 GND 0.0652f ; **FLOATING
C314 VDD.n83 GND 0.11281f ; **FLOATING
C315 VDD.n84 GND 0.01875f ; **FLOATING
C316 VDD.n85 GND 0.0438f ; **FLOATING
C317 VDD.n86 GND 0.27062f ; **FLOATING
C318 VDD.n87 GND 0.11689f ; **FLOATING
C319 VDD.n88 GND 0.01293f ; **FLOATING
C320 VDD.t30 GND 0.12431f ; **FLOATING
C321 VDD.n91 GND 0.0279f ; **FLOATING
C322 VDD.n93 GND 0.10239f ; **FLOATING
C323 VDD.n94 GND 0.08785f ; **FLOATING
C324 VDD.n95 GND 0.01828f ; **FLOATING
C325 VDD.n96 GND 0.02159f ; **FLOATING
C326 VDD.n97 GND 0.01412f ; **FLOATING
C327 VDD.n98 GND 0.01116f ; **FLOATING
C328 VDD.n99 GND 0.06164f ; **FLOATING
C329 VDD.n103 GND 0.1036f ; **FLOATING
C330 VDD.t68 GND 37.4042f ; **FLOATING
C331 VDD.n104 GND 0.04014f ; **FLOATING
C332 VDD.n105 GND 0.08619f ; **FLOATING
C333 VDD.t1 GND 0.03255f ; **FLOATING
C334 VDD.t57 GND 0.02057f ; **FLOATING
C335 VDD.n107 GND 0.01529f ; **FLOATING
C336 VDD.t59 GND 0.01811f ; **FLOATING
C337 VDD.n108 GND 0.02755f ; **FLOATING
C338 VDD.t58 GND 0.01811f ; **FLOATING
C339 VDD.t13 GND 0.05459f ; **FLOATING
C340 VDD.t15 GND 0.03304f ; **FLOATING
C341 VDD.t14 GND 0.02991f ; **FLOATING
C342 VDD.n109 GND 0.14086f ; **FLOATING
C343 VDD.t3 GND 0.03304f ; **FLOATING
C344 VDD.t2 GND 0.02991f ; **FLOATING
C345 VDD.n110 GND 0.13723f ; **FLOATING
C346 VDD.t8 GND 0.05625f ; **FLOATING
C347 VDD.t9 GND 0.03304f ; **FLOATING
C348 VDD.t7 GND 0.06671f ; **FLOATING
C349 VDD.t61 GND 0.01891f ; **FLOATING
C350 VDD.n111 GND 0.05874f ; **FLOATING
C351 VDD.t62 GND 0.01811f ; **FLOATING
C352 VDD.t60 GND 0.02059f ; **FLOATING
C353 VDD.n112 GND 0.01622f ; **FLOATING
C354 VDD.n113 GND 0.06071f ; **FLOATING
C355 VDD.n114 GND 0.02871f ; **FLOATING
C356 VDD.n115 GND 0.13006f ; **FLOATING
C357 VDD.n116 GND 0.07518f ; **FLOATING
C358 VDD.n118 GND 0.01595f ; **FLOATING
C359 VDD.t23 GND 0.4519f ; **FLOATING
C360 VDD.n119 GND 0.03044f ; **FLOATING
C361 VDD.n120 GND 0.03283f ; **FLOATING
C362 VDD.t21 GND 0.4519f ; **FLOATING
C363 VDD.n121 GND 0.01903f ; **FLOATING
C364 VDD.n124 GND 0.029f ; **FLOATING
C365 VDD.n125 GND 0.01829f ; **FLOATING
C366 VDD.n126 GND 0.01288f ; **FLOATING
C367 VDD.n127 GND 0.01407f ; **FLOATING
C368 VDD.n128 GND 0.01237f ; **FLOATING
C369 VDD.n129 GND 0.01914f ; **FLOATING
C370 VDD.t19 GND 0.4519f ; **FLOATING
C371 VDD.t16 GND 0.4519f ; **FLOATING
C372 VDD.t18 GND 0.06795f ; **FLOATING
C373 VDD.t26 GND 0.06811f ; **FLOATING
C374 VDD.n130 GND 0.06291f ; **FLOATING
C375 VDD.n131 GND 0.01038f ; **FLOATING
C376 VDD.n132 GND 0.01137f ; **FLOATING
C377 VDD.n133 GND 0.02248f ; **FLOATING
C378 VDD.n134 GND 0.01137f ; **FLOATING
C379 VDD.n135 GND 0.01647f ; **FLOATING
C380 VDD.n137 GND 0.01979f ; **FLOATING
C381 VDD.t25 GND 0.4519f ; **FLOATING
C382 VDD.n138 GND 0.03301f ; **FLOATING
C383 VDD.n139 GND 0.02658f ; **FLOATING
C384 VDD.t27 GND 0.35448f ; **FLOATING
C385 VDD.n140 GND 0.26751f ; **FLOATING
C386 VDD.n142 GND 0.02022f ; **FLOATING
C387 VDD.n145 GND 0.0501f ; **FLOATING
C388 VDD.t40 GND 1.03287f ; **FLOATING
C389 VDD.t44 GND 1.03287f ; **FLOATING
C390 VDD.t56 GND 0.10162f ; **FLOATING
C391 VDD.t52 GND 1.07943f ; **FLOATING
C392 VDD.t50 GND 1.07943f ; **FLOATING
C393 VDD.n146 GND 0.15984f ; **FLOATING
C394 VDD.n147 GND 0.01774f ; **FLOATING
C395 VDD.t29 GND 0.4519f ; **FLOATING
C396 VDD.n148 GND 0.05947f ; **FLOATING
C397 VDD.n149 GND 0.05286f ; **FLOATING
C398 VDD.n150 GND 0.05927f ; **FLOATING
C399 VDD.n151 GND 0.06488f ; **FLOATING
C400 VDD.n152 GND 0.02866f ; **FLOATING
C401 VDD.n153 GND 0.01092f ; **FLOATING
C402 VDD.n154 GND 0.01925f ; **FLOATING
C403 VDD.n155 GND 0.05875f ; **FLOATING
C404 VDD.n157 GND 0.05851f ; **FLOATING
C405 VDD.n159 GND 0.06261f ; **FLOATING
C406 VDD.n161 GND 0.07217f ; **FLOATING
C407 VDD.n162 GND 0.0615f ; **FLOATING
C408 VDD.n163 GND 0.01398f ; **FLOATING
C409 VDD.n166 GND 0.03242f ; **FLOATING
C410 VDD.n167 GND 0.04199f ; **FLOATING
C411 VDD.n169 GND 0.01484f ; **FLOATING
C412 VDD.t48 GND 0.05118f ; **FLOATING
C413 VDD.t24 GND 0.05146f ; **FLOATING
C414 VDD.t32 GND 0.0514f ; **FLOATING
C415 VDD.n172 GND 0.01931f ; **FLOATING
C416 VDD.n173 GND 0.01728f ; **FLOATING
C417 VDD.n174 GND 0.01025f ; **FLOATING
C418 VDD.t31 GND 0.4519f ; **FLOATING
C419 VDD.n175 GND 0.02914f ; **FLOATING
C420 VDD.n177 GND 0.08543f ; **FLOATING
C421 VDD.n178 GND 0.0225f ; **FLOATING
C422 VDD.t47 GND 2.50224f ; **FLOATING
C423 VDD.n180 GND 0.04847f ; **FLOATING
C424 VDD.n181 GND 0.05972f ; **FLOATING
C425 VDD.n182 GND 0.05051f ; **FLOATING
C426 VDD.n183 GND 0.05967f ; **FLOATING
C427 VDD.t17 GND 14.1065f ; **FLOATING
C428 VDD.n185 GND 0.05531f ; **FLOATING
C429 VDD.n186 GND 0.0898f ; **FLOATING
C430 VDD.n187 GND 0.06026f ; **FLOATING
C431 VDD.t34 GND 0.02158f ; **FLOATING
C432 VDD.n188 GND 0.03378f ; **FLOATING
C433 VDD.n189 GND 0.02341f ; **FLOATING
C434 VDD.n190 GND 0.04909f ; **FLOATING
C435 VDD.n191 GND 0.05656f ; **FLOATING
C436 VDD.t37 GND 0.04067f ; **FLOATING
C437 VDD.n192 GND 0.01148f ; **FLOATING
C438 VDD.t35 GND 0.05779f ; **FLOATING
C439 VDD.t66 GND 1.14916f ; **FLOATING
C440 VDD.n196 GND 0.08513f ; **FLOATING
C441 VDD.n197 GND 0.11271f ; **FLOATING
C442 VDD.t67 GND 0.08509f ; **FLOATING
C443 VDD.n199 GND 0.03238f ; **FLOATING
C444 VDD.n200 GND 0.02854f ; **FLOATING
C445 VDD.n201 GND 0.01317f ; **FLOATING
C446 VDD.n202 GND 0.01555f ; **FLOATING
C447 VDD.n203 GND 0.0354f ; **FLOATING
C448 VDD.n205 GND 0.01212f ; **FLOATING
C449 VDD.n206 GND 0.05645f ; **FLOATING
C450 VDD.n207 GND 0.0742f ; **FLOATING
C451 VDD.t33 GND 2.4988f ; **FLOATING
C452 VDD.n208 GND 0.08745f ; **FLOATING
C453 VDD.n209 GND 0.02326f ; **FLOATING
C454 VDD.n210 GND 0.13627f ; **FLOATING
C455 VDD.n211 GND 0.0303f ; **FLOATING
C456 VDD.n212 GND 0.02267f ; **FLOATING
C457 VDD.n213 GND 0.06071f ; **FLOATING
C458 VDD.n214 GND 0.02362f ; **FLOATING
C459 VDD.n215 GND 0.06071f ; **FLOATING
C460 VDD.n216 GND 0.02326f ; **FLOATING
C461 VDD.n217 GND 0.12659f ; **FLOATING
C462 VDD.n218 GND 0.02326f ; **FLOATING
C463 VDD.n219 GND 0.06071f ; **FLOATING
C464 VDD.n220 GND 0.02362f ; **FLOATING
C465 VDD.n221 GND 0.10095f ; **FLOATING
C466 VDD.n222 GND 0.02279f ; **FLOATING
C467 VDD.n223 GND 0.0235f ; **FLOATING
C468 VDD.n224 GND 0.06071f ; **FLOATING
C469 VDD.n225 GND 0.02338f ; **FLOATING
C470 VDD.n226 GND 0.07765f ; **FLOATING
.ends

